{
  "type": "FeatureCollection",
  "features": [
    {
      "type": "Feature",
      "geometry": {
        "type": "MultiLineString",
        "coordinates": [
          [
            [
              -74.060499202,
              4.66702987
            ],
            [
              -74.060540109,
              4.66698925
            ],
            [
              -74.060629505,
              4.666896661
            ],
            [
              -74.060743337,
              4.66677876
            ],
            [
              -74.060865551,
              4.666724929
            ],
            [
              -74.061020555,
              4.666662126
            ],
            [
              -74.061172577,
              4.666656147
            ],
            [
              -74.06134248,
              4.666775784
            ],
            [
              -74.061452769,
              4.666829623
            ],
            [
              -74.061563058,
              4.666883459
            ],
            [
              -74.061665231,
              4.666885737
            ]
          ],
          [
            [
              -74.04338494,
              4.769999382
            ],
            [
              -74.043430145,
              4.769714902
            ],
            [
              -74.043572548,
              4.768818764
            ],
            [
              -74.044443703,
              4.763336548
            ],
            [
              -74.04461951,
              4.762230182
            ],
            [
              -74.045190487,
              4.759559105
            ],
            [
              -74.04519568,
              4.759534812
            ],
            [
              -74.045743592,
              4.756368271
            ],
            [
              -74.04581095,
              4.755978991
            ],
            [
              -74.046044649,
              4.75462286
            ],
            [
              -74.046334596,
              4.752940324
            ],
            [
              -74.046377806,
              4.75268958
            ],
            [
              -74.046445748,
              4.752295318
            ],
            [
              -74.046609421,
              4.75157618
            ],
            [
              -74.046660919,
              4.751349912
            ],
            [
              -74.046802158,
              4.750607551
            ],
            [
              -74.046859531,
              4.749511207
            ],
            [
              -74.046902831,
              4.748471066
            ],
            [
              -74.046997847,
              4.747797026
            ],
            [
              -74.047050677,
              4.747474688
            ],
            [
              -74.04710387,
              4.747246341
            ],
            [
              -74.047121931,
              4.747152528
            ],
            [
              -74.047187603,
              4.746757316
            ],
            [
              -74.047200333,
              4.746489673
            ],
            [
              -74.047254848,
              4.746184979
            ],
            [
              -74.047645837,
              4.743999662
            ],
            [
              -74.047714546,
              4.743487941
            ],
            [
              -74.047883641,
              4.74247982
            ],
            [
              -74.047941078,
              4.742263786
            ],
            [
              -74.04800035,
              4.741915299
            ],
            [
              -74.048000747,
              4.74191296
            ],
            [
              -74.048693204,
              4.737715068
            ],
            [
              -74.048696661,
              4.73769411
            ],
            [
              -74.048861019,
              4.73665132
            ],
            [
              -74.048865252,
              4.7365925
            ],
            [
              -74.04909923,
              4.735201674
            ],
            [
              -74.049135891,
              4.735143398
            ],
            [
              -74.049226236,
              4.734588554
            ],
            [
              -74.04953473,
              4.732693985
            ],
            [
              -74.049574646,
              4.732448844
            ],
            [
              -74.049650079,
              4.731985576
            ],
            [
              -74.049695639,
              4.73160078
            ],
            [
              -74.049804755,
              4.730925789
            ],
            [
              -74.049811229,
              4.730891064
            ],
            [
              -74.049897036,
              4.73043078
            ],
            [
              -74.049944746,
              4.730083242
            ],
            [
              -74.050021949,
              4.729722637
            ],
            [
              -74.05021061,
              4.728615894
            ],
            [
              -74.050241417,
              4.728322994
            ],
            [
              -74.050405248,
              4.727385874
            ],
            [
              -74.050503332,
              4.72685009
            ],
            [
              -74.050520521,
              4.726756194
            ],
            [
              -74.05059128,
              4.726453666
            ],
            [
              -74.050691975,
              4.725830225
            ],
            [
              -74.050753262,
              4.725484732
            ],
            [
              -74.050776879,
              4.725339122
            ],
            [
              -74.050809657,
              4.725150404
            ],
            [
              -74.051101328,
              4.723280999
            ],
            [
              -74.051124046,
              4.723146227
            ],
            [
              -74.051459163,
              4.721158198
            ],
            [
              -74.051824943,
              4.718988247
            ],
            [
              -74.052558292,
              4.714558426
            ],
            [
              -74.053849485,
              4.706758784
            ],
            [
              -74.053849487,
              4.706758744
            ],
            [
              -74.054136763,
              4.705178731
            ],
            [
              -74.054196206,
              4.704854919
            ],
            [
              -74.054225164,
              4.704639636
            ],
            [
              -74.054234694,
              4.704568781
            ],
            [
              -74.054339873,
              4.703966106
            ],
            [
              -74.054373532,
              4.703767188
            ],
            [
              -74.055083126,
              4.699455908
            ],
            [
              -74.0553088,
              4.69812689
            ],
            [
              -74.056152179,
              4.693160087
            ],
            [
              -74.056182433,
              4.6929826
            ],
            [
              -74.056269439,
              4.692472188
            ],
            [
              -74.056293979,
              4.69241986
            ],
            [
              -74.056375652,
              4.691968166
            ],
            [
              -74.056427236,
              4.69165446
            ],
            [
              -74.05647452,
              4.691417294
            ],
            [
              -74.056509985,
              4.691141318
            ],
            [
              -74.056515794,
              4.691026964
            ],
            [
              -74.057215541,
              4.68692192
            ],
            [
              -74.057215707,
              4.686920942
            ],
            [
              -74.057712297,
              4.683949438
            ],
            [
              -74.05775576,
              4.683689364
            ],
            [
              -74.057838251,
              4.683049628
            ],
            [
              -74.057918848,
              4.682544032
            ],
            [
              -74.058008698,
              4.682175819
            ],
            [
              -74.058327914,
              4.680265664
            ],
            [
              -74.058528541,
              4.679065123
            ],
            [
              -74.058792789,
              4.677465008
            ],
            [
              -74.058803129,
              4.677230826
            ],
            [
              -74.05887533,
              4.676809721
            ],
            [
              -74.059019517,
              4.675997371
            ],
            [
              -74.059147138,
              4.675225286
            ],
            [
              -74.059268828,
              4.67458239
            ],
            [
              -74.059345696,
              4.674116926
            ],
            [
              -74.059350325,
              4.674008276
            ],
            [
              -74.059438465,
              4.673511602
            ],
            [
              -74.059466287,
              4.673386684
            ],
            [
              -74.059515721,
              4.673257881
            ],
            [
              -74.059543661,
              4.673073538
            ],
            [
              -74.059590944,
              4.672769533
            ],
            [
              -74.059618551,
              4.672464658
            ],
            [
              -74.059643631,
              4.672312787
            ],
            [
              -74.059660685,
              4.672209514
            ],
            [
              -74.05990646,
              4.670765574
            ],
            [
              -74.060137881,
              4.66914177
            ],
            [
              -74.060146421,
              4.669091856
            ],
            [
              -74.060309951,
              4.66813603
            ],
            [
              -74.060499202,
              4.66702987
            ],
            [
              -74.060618601,
              4.66633199
            ],
            [
              -74.060712178,
              4.665844889
            ]
          ]
        ]
      },
      "properties": {
        "id_trazado": "TZ002",
        "le_troncal": "B",
        "nom_tronc": "Autopista Norte",
        "tipo_tra": 1,
        "color": "#80BA27"
      }
    },
    {
      "type": "Feature",
      "geometry": {
        "type": "LineString",
        "coordinates": [
          [
            -74.097802676,
            4.606793413
          ],
          [
            -74.097854195,
            4.606822612
          ],
          [
            -74.09789317,
            4.606830433
          ],
          [
            -74.097937712,
            4.606827638
          ],
          [
            -74.097993389,
            4.606819815
          ],
          [
            -74.098061583,
            4.606788906
          ],
          [
            -74.098099451,
            4.606762598
          ],
          [
            -74.098112538,
            4.606753505
          ],
          [
            -74.09814532,
            4.606720251
          ],
          [
            -74.098160718,
            4.606686946
          ],
          [
            -74.098170778,
            4.60664537
          ],
          [
            -74.098174935,
            4.606599931
          ],
          [
            -74.098170508,
            4.606525542
          ],
          [
            -74.098154468,
            4.606473004
          ],
          [
            -74.098122705,
            4.606420327
          ],
          [
            -74.098071972,
            4.606375416
          ],
          [
            -74.098064206,
            4.606368542
          ],
          [
            -74.097989628,
            4.606350625
          ],
          [
            -74.097919411,
            4.606347715
          ],
          [
            -74.097862068,
            4.606366724
          ],
          [
            -74.097821258,
            4.606389867
          ],
          [
            -74.097770594,
            4.606429748
          ],
          [
            -74.097734404,
            4.606481402
          ],
          [
            -74.09771431,
            4.606523059
          ],
          [
            -74.097706642,
            4.606616027
          ],
          [
            -74.097721679,
            4.606682384
          ],
          [
            -74.097746178,
            4.606725403
          ],
          [
            -74.097774018,
            4.606762833
          ],
          [
            -74.097802676,
            4.606793413
          ],
          [
            -74.097779365,
            4.606823955
          ],
          [
            -74.097736161,
            4.606881837
          ],
          [
            -74.097697621,
            4.606936896
          ],
          [
            -74.097663782,
            4.606986874
          ],
          [
            -74.097516063,
            4.607193191
          ],
          [
            -74.097215974,
            4.607572616
          ],
          [
            -74.096813711,
            4.608083351
          ],
          [
            -74.096300486,
            4.608730204
          ],
          [
            -74.096065847,
            4.609013166
          ],
          [
            -74.095557825,
            4.609637025
          ],
          [
            -74.094169788,
            4.611312055
          ],
          [
            -74.093865949,
            4.611683784
          ],
          [
            -74.093465753,
            4.612173399
          ],
          [
            -74.093109877,
            4.612609819
          ],
          [
            -74.092689531,
            4.613138667
          ],
          [
            -74.092127927,
            4.613797144
          ],
          [
            -74.091832311,
            4.614157578
          ],
          [
            -74.091820891,
            4.614171474
          ],
          [
            -74.090508865,
            4.615767993
          ],
          [
            -74.090231953,
            4.616096972
          ],
          [
            -74.089653204,
            4.616807236
          ],
          [
            -74.089553445,
            4.616921877
          ],
          [
            -74.088918904,
            4.617651074
          ],
          [
            -74.088388507,
            4.618323922
          ],
          [
            -74.087373359,
            4.619572714
          ],
          [
            -74.086846829,
            4.620188823
          ],
          [
            -74.086567692,
            4.620541513
          ],
          [
            -74.086438425,
            4.620692735
          ],
          [
            -74.085928608,
            4.62129019
          ],
          [
            -74.085684783,
            4.621581961
          ],
          [
            -74.085157585,
            4.622220706
          ],
          [
            -74.084623171,
            4.622871855
          ],
          [
            -74.08428951,
            4.623290182
          ],
          [
            -74.084181205,
            4.623415731
          ],
          [
            -74.084149544,
            4.623452432
          ],
          [
            -74.083827812,
            4.623864396
          ],
          [
            -74.083169982,
            4.624601443
          ],
          [
            -74.083132208,
            4.624643766
          ],
          [
            -74.082894052,
            4.624919219
          ],
          [
            -74.082308334,
            4.625596659
          ],
          [
            -74.081833936,
            4.62607911
          ],
          [
            -74.081589462,
            4.626374636
          ],
          [
            -74.081311879,
            4.626736167
          ],
          [
            -74.081168363,
            4.62696249
          ],
          [
            -74.081090089,
            4.627105124
          ],
          [
            -74.080967236,
            4.627328991
          ],
          [
            -74.080674628,
            4.627882057
          ],
          [
            -74.080513445,
            4.628182679
          ],
          [
            -74.080335665,
            4.628545708
          ],
          [
            -74.080218995,
            4.628874113
          ],
          [
            -74.080148762,
            4.629096287
          ],
          [
            -74.080083423,
            4.629382761
          ],
          [
            -74.080002615,
            4.629863734
          ],
          [
            -74.079933974,
            4.630262855
          ],
          [
            -74.079878568,
            4.630668413
          ],
          [
            -74.079861137,
            4.630796002
          ],
          [
            -74.079810152,
            4.631204603
          ],
          [
            -74.079770665,
            4.631711949
          ],
          [
            -74.079761428,
            4.631826994
          ],
          [
            -74.079666661,
            4.633007213
          ],
          [
            -74.07964125,
            4.633215036
          ],
          [
            -74.079540246,
            4.634044374
          ],
          [
            -74.079511419,
            4.634303825
          ],
          [
            -74.079469824,
            4.634783219
          ],
          [
            -74.079429945,
            4.635544637
          ],
          [
            -74.07941315,
            4.635911804
          ],
          [
            -74.079361568,
            4.636581178
          ],
          [
            -74.07932618,
            4.637121048
          ],
          [
            -74.079318272,
            4.637241694
          ],
          [
            -74.079309011,
            4.637489833
          ],
          [
            -74.07927872,
            4.637866292
          ],
          [
            -74.079235382,
            4.638568977
          ],
          [
            -74.079179603,
            4.639336981
          ],
          [
            -74.079077422,
            4.641088699
          ],
          [
            -74.078962344,
            4.64273234
          ],
          [
            -74.078909168,
            4.643270686
          ],
          [
            -74.07888057,
            4.64352572
          ],
          [
            -74.078850956,
            4.643912714
          ],
          [
            -74.078849636,
            4.643929964
          ],
          [
            -74.078826401,
            4.644163836
          ],
          [
            -74.078797068,
            4.644461205
          ],
          [
            -74.078759928,
            4.644711728
          ],
          [
            -74.078722497,
            4.645216507
          ],
          [
            -74.078710091,
            4.645397564
          ],
          [
            -74.078676128,
            4.645893256
          ],
          [
            -74.078648565,
            4.646643655
          ],
          [
            -74.078580416,
            4.647510121
          ],
          [
            -74.078499037,
            4.648617983
          ],
          [
            -74.078431864,
            4.649289332
          ],
          [
            -74.078382547,
            4.649758817
          ],
          [
            -74.078362459,
            4.650039845
          ],
          [
            -74.078330802,
            4.650482722
          ],
          [
            -74.078295339,
            4.651052044
          ],
          [
            -74.078248097,
            4.651573114
          ],
          [
            -74.078209367,
            4.652004234
          ],
          [
            -74.078200466,
            4.65210332
          ],
          [
            -74.078175898,
            4.652469183
          ],
          [
            -74.078097552,
            4.653486969
          ],
          [
            -74.077985811,
            4.654835852
          ],
          [
            -74.077905686,
            4.655640442
          ],
          [
            -74.077854214,
            4.656034466
          ],
          [
            -74.077777999,
            4.656611921
          ],
          [
            -74.077733819,
            4.657060574
          ],
          [
            -74.077694428,
            4.65725417
          ],
          [
            -74.077686459,
            4.65729528
          ],
          [
            -74.077579223,
            4.657848513
          ],
          [
            -74.077493359,
            4.658195183
          ],
          [
            -74.077396939,
            4.65854914
          ],
          [
            -74.077342172,
            4.658750191
          ],
          [
            -74.077146948,
            4.659651354
          ],
          [
            -74.076966604,
            4.660272875
          ],
          [
            -74.076716277,
            4.661210834
          ],
          [
            -74.076486818,
            4.662156473
          ],
          [
            -74.076208906,
            4.663162238
          ],
          [
            -74.07606975,
            4.663669837
          ],
          [
            -74.075975893,
            4.664045229
          ],
          [
            -74.075801365,
            4.664589949
          ],
          [
            -74.075574276,
            4.665060913
          ],
          [
            -74.075412158,
            4.665351672
          ],
          [
            -74.075259423,
            4.665557101
          ],
          [
            -74.074574553,
            4.666352641
          ],
          [
            -74.0733902,
            4.667728369
          ],
          [
            -74.072227625,
            4.669094776
          ],
          [
            -74.071304915,
            4.670151012
          ],
          [
            -74.071256443,
            4.670206498
          ],
          [
            -74.070421263,
            4.671195037
          ],
          [
            -74.070399369,
            4.671219937
          ],
          [
            -74.06992435,
            4.671760165
          ],
          [
            -74.069330163,
            4.672394533
          ],
          [
            -74.068824862,
            4.672849566
          ],
          [
            -74.068760378,
            4.672899405
          ],
          [
            -74.068278537,
            4.67327182
          ],
          [
            -74.067495835,
            4.673791651
          ],
          [
            -74.067416209,
            4.673844535
          ],
          [
            -74.066339204,
            4.674502399
          ],
          [
            -74.065141847,
            4.675180273
          ],
          [
            -74.064443169,
            4.675611155
          ],
          [
            -74.063986195,
            4.675892975
          ],
          [
            -74.062997658,
            4.676456458
          ],
          [
            -74.062390841,
            4.676783161
          ],
          [
            -74.060803372,
            4.677703355
          ],
          [
            -74.059664557,
            4.678378923
          ],
          [
            -74.059062503,
            4.678732575
          ],
          [
            -74.058988484,
            4.678805716
          ],
          [
            -74.058940491,
            4.678875271
          ],
          [
            -74.058927071,
            4.678929306
          ],
          [
            -74.058901084,
            4.679033937
          ],
          [
            -74.058879667,
            4.679182086
          ],
          [
            -74.058854691,
            4.679360506
          ],
          [
            -74.058814902,
            4.67959876
          ],
          [
            -74.058797326,
            4.67967359
          ],
          [
            -74.058769475,
            4.679755289
          ],
          [
            -74.058737494,
            4.679831129
          ],
          [
            -74.058694513,
            4.679910731
          ],
          [
            -74.05865572,
            4.679954766
          ],
          [
            -74.058592811,
            4.680006074
          ],
          [
            -74.058514228,
            4.680077569
          ],
          [
            -74.058424663,
            4.680163964
          ],
          [
            -74.058327914,
            4.680265664
          ]
        ]
      },
      "properties": {
        "id_trazado": "TZ008",
        "le_troncal": "E",
        "nom_tronc": "NQS Central",
        "tipo_tra": 1,
        "color": "#AE6B00"
      }
    },
    {
      "type": "Feature",
      "geometry": {
        "type": "MultiLineString",
        "coordinates": [
          [
            [
              -74.146894809,
              4.63139352
            ],
            [
              -74.1466966,
              4.631377162
            ],
            [
              -74.1463345,
              4.631347281
            ],
            [
              -74.145769963,
              4.631294537
            ],
            [
              -74.144996729,
              4.631222294
            ],
            [
              -74.144782861,
              4.631200609
            ],
            [
              -74.143282701,
              4.631061902
            ],
            [
              -74.141957122,
              4.630924199
            ],
            [
              -74.141298172,
              4.630863657
            ],
            [
              -74.141170839,
              4.630851959
            ],
            [
              -74.139754691,
              4.63068957
            ],
            [
              -74.139164119,
              4.63061722
            ],
            [
              -74.137845058,
              4.630485989
            ],
            [
              -74.13647456,
              4.630371607
            ],
            [
              -74.134224571,
              4.630117798
            ],
            [
              -74.134120527,
              4.630106062
            ],
            [
              -74.132246973,
              4.62989674
            ],
            [
              -74.13162165,
              4.629826875
            ],
            [
              -74.130681771,
              4.629733985
            ],
            [
              -74.130163846,
              4.629677231
            ],
            [
              -74.12867815,
              4.629514424
            ],
            [
              -74.12750985,
              4.629425029
            ],
            [
              -74.126703169,
              4.629333397
            ],
            [
              -74.126221093,
              4.629280966
            ],
            [
              -74.125671162,
              4.62924994
            ],
            [
              -74.124763901,
              4.629204218
            ],
            [
              -74.122659907,
              4.629063168
            ],
            [
              -74.122450853,
              4.629044135
            ],
            [
              -74.122247214,
              4.629025594
            ],
            [
              -74.119714114,
              4.628671729
            ],
            [
              -74.119168854,
              4.628583961
            ],
            [
              -74.118678968,
              4.628506753
            ],
            [
              -74.118677133,
              4.628506464
            ],
            [
              -74.117940218,
              4.628390322
            ],
            [
              -74.117430652,
              4.628345378
            ],
            [
              -74.114511963,
              4.628120623
            ],
            [
              -74.113659353,
              4.628033463
            ],
            [
              -74.113520213,
              4.628021165
            ],
            [
              -74.111584107,
              4.627850045
            ],
            [
              -74.111569583,
              4.627848762
            ],
            [
              -74.109555721,
              4.627706425
            ],
            [
              -74.108102845,
              4.627534109
            ],
            [
              -74.108018026,
              4.627532599
            ],
            [
              -74.107873577,
              4.627530028
            ],
            [
              -74.107798384,
              4.627529863
            ],
            [
              -74.107511716,
              4.627522391
            ],
            [
              -74.107423898,
              4.627515841
            ],
            [
              -74.107240731,
              4.62750218
            ],
            [
              -74.106990102,
              4.62745284
            ],
            [
              -74.106678235,
              4.627395784
            ],
            [
              -74.106415717,
              4.627316947
            ],
            [
              -74.106205609,
              4.627234111
            ],
            [
              -74.106060626,
              4.627151752
            ],
            [
              -74.105868952,
              4.626955021
            ],
            [
              -74.105660208,
              4.626718676
            ],
            [
              -74.105246449,
              4.626253707
            ],
            [
              -74.105091773,
              4.626084433
            ],
            [
              -74.104929167,
              4.625931918
            ],
            [
              -74.104685486,
              4.625711099
            ],
            [
              -74.104639433,
              4.625669742
            ],
            [
              -74.104431615,
              4.625483118
            ],
            [
              -74.10392934,
              4.625040624
            ],
            [
              -74.10337551,
              4.624526897
            ],
            [
              -74.102965562,
              4.624142933
            ],
            [
              -74.102356466,
              4.623616928
            ],
            [
              -74.10194313,
              4.623237485
            ],
            [
              -74.101437878,
              4.622781537
            ],
            [
              -74.101435492,
              4.622779385
            ],
            [
              -74.100907136,
              4.62230741
            ],
            [
              -74.100508011,
              4.621948443
            ],
            [
              -74.100311615,
              4.621782241
            ],
            [
              -74.099482072,
              4.621024145
            ],
            [
              -74.098686108,
              4.620325258
            ],
            [
              -74.096797796,
              4.618667239
            ],
            [
              -74.096484878,
              4.61837985
            ],
            [
              -74.095970187,
              4.617891611
            ],
            [
              -74.09437656,
              4.616512598
            ],
            [
              -74.094016846,
              4.616197771
            ],
            [
              -74.09394954,
              4.616136162
            ],
            [
              -74.093567858,
              4.615786783
            ],
            [
              -74.09342837,
              4.61563394
            ],
            [
              -74.092761832,
              4.615043435
            ],
            [
              -74.092500244,
              4.614808019
            ],
            [
              -74.091820891,
              4.614171474
            ],
            [
              -74.091818539,
              4.614169271
            ],
            [
              -74.091116818,
              4.613592204
            ],
            [
              -74.090779424,
              4.613283962
            ],
            [
              -74.090476498,
              4.613017977
            ],
            [
              -74.09033876,
              4.612897037
            ],
            [
              -74.089991656,
              4.612592482
            ],
            [
              -74.089839263,
              4.612440966
            ],
            [
              -74.089504741,
              4.612139907
            ],
            [
              -74.089226398,
              4.611860421
            ],
            [
              -74.08869855,
              4.611402073
            ],
            [
              -74.08823337,
              4.610991815
            ],
            [
              -74.087868926,
              4.610654226
            ],
            [
              -74.087472743,
              4.610297701
            ],
            [
              -74.087169283,
              4.610029033
            ],
            [
              -74.086794781,
              4.609735206
            ],
            [
              -74.086675578,
              4.60964168
            ],
            [
              -74.086159646,
              4.60920961
            ],
            [
              -74.085903101,
              4.60898532
            ],
            [
              -74.085481149,
              4.608579936
            ],
            [
              -74.085228753,
              4.608351345
            ],
            [
              -74.084833304,
              4.608008965
            ],
            [
              -74.084601524,
              4.607800297
            ],
            [
              -74.084393464,
              4.607613779
            ],
            [
              -74.084185681,
              4.607427198
            ],
            [
              -74.083890149,
              4.60716495
            ],
            [
              -74.08347779,
              4.606787052
            ],
            [
              -74.08337357,
              4.606702125
            ],
            [
              -74.083126346,
              4.606486453
            ],
            [
              -74.082546733,
              4.605965719
            ],
            [
              -74.082252923,
              4.605739287
            ],
            [
              -74.081916009,
              4.605439998
            ],
            [
              -74.081894271,
              4.6054211
            ],
            [
              -74.081537952,
              4.605111351
            ],
            [
              -74.080820856,
              4.60445871
            ],
            [
              -74.079863928,
              4.603655204
            ]
          ],
          [
            [
              -74.150032223,
              4.63243554
            ],
            [
              -74.150049309,
              4.632359307
            ],
            [
              -74.149960759,
              4.632214958
            ],
            [
              -74.149872209,
              4.632070607
            ],
            [
              -74.149774309,
              4.631895508
            ],
            [
              -74.149676409,
              4.631720408
            ],
            [
              -74.149562509,
              4.631539907
            ],
            [
              -74.149447562,
              4.631405443
            ],
            [
              -74.149362592,
              4.6313175
            ],
            [
              -74.14926105,
              4.631224214
            ],
            [
              -74.149130869,
              4.631104619
            ],
            [
              -74.148963009,
              4.630950408
            ],
            [
              -74.148793309,
              4.630831758
            ],
            [
              -74.148712166,
              4.630793575
            ],
            [
              -74.148625009,
              4.630760608
            ],
            [
              -74.148485509,
              4.630747208
            ],
            [
              -74.148374509,
              4.630746608
            ],
            [
              -74.148286017,
              4.630763189
            ],
            [
              -74.148206309,
              4.630786708
            ],
            [
              -74.148157809,
              4.630806008
            ],
            [
              -74.148095309,
              4.630840907
            ],
            [
              -74.148047355,
              4.630890517
            ],
            [
              -74.147659409,
              4.631180307
            ],
            [
              -74.147446308,
              4.631312556
            ],
            [
              -74.147250078,
              4.63134827
            ],
            [
              -74.146894809,
              4.63139352
            ]
          ],
          [
            [
              -74.150032223,
              4.63243554
            ],
            [
              -74.149923109,
              4.632472009
            ],
            [
              -74.149825909,
              4.632388507
            ],
            [
              -74.149655609,
              4.632250808
            ],
            [
              -74.149438659,
              4.632126457
            ],
            [
              -74.149212309,
              4.632043607
            ],
            [
              -74.148971353,
              4.632006483
            ],
            [
              -74.148700709,
              4.631968708
            ],
            [
              -74.148436884,
              4.631931883
            ],
            [
              -74.148259816,
              4.63189698
            ],
            [
              -74.148086702,
              4.631856111
            ],
            [
              -74.147793304,
              4.631777081
            ],
            [
              -74.147594602,
              4.631717978
            ],
            [
              -74.147267559,
              4.631620908
            ],
            [
              -74.147134981,
              4.63155633
            ],
            [
              -74.147022405,
              4.631510627
            ],
            [
              -74.146894809,
              4.63139352
            ]
          ],
          [
            [
              -74.173550294,
              4.627220973
            ],
            [
              -74.173359441,
              4.627298201
            ],
            [
              -74.173297088,
              4.627320595
            ],
            [
              -74.172696247,
              4.627536396
            ],
            [
              -74.172646803,
              4.627554154
            ],
            [
              -74.17235001,
              4.627675529
            ],
            [
              -74.172226549,
              4.627726018
            ],
            [
              -74.172172586,
              4.627747414
            ],
            [
              -74.172062379,
              4.627791111
            ],
            [
              -74.171933582,
              4.627842178
            ],
            [
              -74.17169707,
              4.627947569
            ],
            [
              -74.171373507,
              4.62809175
            ],
            [
              -74.171333897,
              4.628109728
            ],
            [
              -74.171333872,
              4.62810974
            ],
            [
              -74.171090406,
              4.628220241
            ],
            [
              -74.1709033,
              4.628314384
            ],
            [
              -74.170780677,
              4.628376081
            ],
            [
              -74.170662654,
              4.628447013
            ],
            [
              -74.170525014,
              4.628529733
            ],
            [
              -74.170250489,
              4.628701041
            ],
            [
              -74.170004936,
              4.628853354
            ],
            [
              -74.169930055,
              4.628899802
            ],
            [
              -74.16984654,
              4.628950695
            ],
            [
              -74.169818623,
              4.628967707
            ],
            [
              -74.169702919,
              4.629038955
            ],
            [
              -74.169702815,
              4.62903902
            ],
            [
              -74.169674609,
              4.629056389
            ],
            [
              -74.169469669,
              4.629187789
            ],
            [
              -74.169369978,
              4.629251707
            ],
            [
              -74.16924338,
              4.629341267
            ],
            [
              -74.16902519,
              4.629495623
            ],
            [
              -74.168810051,
              4.629656651
            ],
            [
              -74.168789882,
              4.629671921
            ],
            [
              -74.168602603,
              4.629813704
            ],
            [
              -74.168273244,
              4.630063052
            ],
            [
              -74.16796872,
              4.630288882
            ],
            [
              -74.167924996,
              4.630321308
            ],
            [
              -74.167422867,
              4.630758786
            ],
            [
              -74.167422815,
              4.630758832
            ],
            [
              -74.166805735,
              4.63129646
            ],
            [
              -74.166607442,
              4.631469222
            ],
            [
              -74.166347387,
              4.631679118
            ],
            [
              -74.166025075,
              4.631939265
            ],
            [
              -74.165962673,
              4.631989631
            ],
            [
              -74.165877296,
              4.6320663
            ],
            [
              -74.165866264,
              4.632076207
            ],
            [
              -74.165561518,
              4.632337751
            ],
            [
              -74.165561497,
              4.632337769
            ],
            [
              -74.165327319,
              4.632538748
            ],
            [
              -74.165236075,
              4.632616741
            ],
            [
              -74.164820137,
              4.63297227
            ],
            [
              -74.164692389,
              4.633104336
            ],
            [
              -74.164614267,
              4.633180283
            ],
            [
              -74.164512746,
              4.633278976
            ],
            [
              -74.164511119,
              4.633280558
            ],
            [
              -74.164411453,
              4.633367317
            ],
            [
              -74.164411286,
              4.633367463
            ],
            [
              -74.164225142,
              4.6335295
            ],
            [
              -74.164182649,
              4.633565524
            ],
            [
              -74.163997202,
              4.633722736
            ],
            [
              -74.163936148,
              4.633774495
            ],
            [
              -74.163856838,
              4.633839997
            ],
            [
              -74.163511562,
              4.634125157
            ],
            [
              -74.162952607,
              4.634595278
            ],
            [
              -74.162943625,
              4.634603236
            ],
            [
              -74.162703495,
              4.634815978
            ],
            [
              -74.162457888,
              4.63503357
            ],
            [
              -74.162455772,
              4.635035604
            ],
            [
              -74.162169787,
              4.635310536
            ],
            [
              -74.162136528,
              4.635342509
            ],
            [
              -74.161802472,
              4.63565884
            ],
            [
              -74.161751894,
              4.635706734
            ],
            [
              -74.161521021,
              4.635929005
            ],
            [
              -74.161371103,
              4.636073337
            ],
            [
              -74.161335221,
              4.636107882
            ],
            [
              -74.160936467,
              4.636486911
            ],
            [
              -74.160866244,
              4.636548788
            ],
            [
              -74.160436276,
              4.636927659
            ],
            [
              -74.160299275,
              4.63704946
            ],
            [
              -74.160241026,
              4.637101246
            ],
            [
              -74.160149235,
              4.637182854
            ],
            [
              -74.160059442,
              4.637262684
            ],
            [
              -74.159971936,
              4.637340482
            ],
            [
              -74.159810539,
              4.637483972
            ],
            [
              -74.159728518,
              4.637554174
            ],
            [
              -74.159622979,
              4.637644505
            ],
            [
              -74.159456276,
              4.637807053
            ],
            [
              -74.159430396,
              4.637832287
            ],
            [
              -74.15940257,
              4.637859419
            ],
            [
              -74.159384624,
              4.637876917
            ],
            [
              -74.159374142,
              4.637887139
            ],
            [
              -74.15936133,
              4.637899631
            ],
            [
              -74.159356113,
              4.637904718
            ],
            [
              -74.159340575,
              4.637918762
            ],
            [
              -74.159325636,
              4.637932264
            ],
            [
              -74.15931252,
              4.63794412
            ],
            [
              -74.159299498,
              4.63795589
            ],
            [
              -74.159284574,
              4.63796938
            ],
            [
              -74.159268289,
              4.637984099
            ],
            [
              -74.159247426,
              4.638002957
            ],
            [
              -74.159222324,
              4.638025645
            ],
            [
              -74.159202236,
              4.638043802
            ],
            [
              -74.159183043,
              4.638061151
            ],
            [
              -74.159181894,
              4.638062184
            ],
            [
              -74.159167165,
              4.63807536
            ],
            [
              -74.159150015,
              4.638090698
            ],
            [
              -74.159133405,
              4.63810555
            ],
            [
              -74.159119872,
              4.638117652
            ],
            [
              -74.159094486,
              4.638140354
            ],
            [
              -74.159079497,
              4.638153759
            ],
            [
              -74.159057198,
              4.638173699
            ],
            [
              -74.159029252,
              4.63819869
            ],
            [
              -74.159010787,
              4.638215202
            ],
            [
              -74.158992096,
              4.638231917
            ],
            [
              -74.158956454,
              4.638263789
            ],
            [
              -74.158917365,
              4.638298745
            ],
            [
              -74.158867241,
              4.638343569
            ],
            [
              -74.158808179,
              4.638396386
            ],
            [
              -74.158679381,
              4.638511561
            ],
            [
              -74.15867628,
              4.638514333
            ],
            [
              -74.158600004,
              4.638582408
            ],
            [
              -74.158552574,
              4.638624739
            ],
            [
              -74.158489847,
              4.638680723
            ],
            [
              -74.158437913,
              4.638727073
            ],
            [
              -74.158389784,
              4.638770029
            ],
            [
              -74.158321325,
              4.638831128
            ],
            [
              -74.158300944,
              4.638848102
            ],
            [
              -74.158184898,
              4.63894475
            ],
            [
              -74.158020976,
              4.639081269
            ],
            [
              -74.157968077,
              4.639125325
            ],
            [
              -74.15791497,
              4.639169555
            ],
            [
              -74.157882317,
              4.639196749
            ],
            [
              -74.157821897,
              4.639247069
            ],
            [
              -74.157745815,
              4.639310433
            ],
            [
              -74.157734136,
              4.639319936
            ],
            [
              -74.157648216,
              4.639389846
            ],
            [
              -74.15749436,
              4.639515036
            ],
            [
              -74.157405435,
              4.639587392
            ],
            [
              -74.157307968,
              4.639666698
            ],
            [
              -74.157277159,
              4.639691766
            ],
            [
              -74.157068518,
              4.639861884
            ],
            [
              -74.156864648,
              4.640028112
            ],
            [
              -74.15681346,
              4.640071328
            ],
            [
              -74.156617828,
              4.64023649
            ],
            [
              -74.15652445,
              4.640293269
            ]
          ],
          [
            [
              -74.15609547,
              4.640352198
            ],
            [
              -74.15607274,
              4.640284717
            ],
            [
              -74.155357908,
              4.638765014
            ],
            [
              -74.155002208,
              4.638028827
            ],
            [
              -74.154353197,
              4.636773811
            ],
            [
              -74.154076731,
              4.636328405
            ],
            [
              -74.153874747,
              4.636016167
            ],
            [
              -74.153527181,
              4.635646794
            ],
            [
              -74.15340316,
              4.635523386
            ],
            [
              -74.152067836,
              4.634194654
            ],
            [
              -74.151296128,
              4.633426752
            ],
            [
              -74.150684616,
              4.632931172
            ],
            [
              -74.150284814,
              4.6326765
            ],
            [
              -74.150032223,
              4.63243554
            ]
          ],
          [
            [
              -74.15652445,
              4.640293269
            ],
            [
              -74.156600373,
              4.640375507
            ],
            [
              -74.156591563,
              4.640476204
            ],
            [
              -74.156582987,
              4.640581986
            ],
            [
              -74.156569269,
              4.640628613
            ],
            [
              -74.156552417,
              4.640668387
            ],
            [
              -74.156532213,
              4.640700737
            ],
            [
              -74.156495083,
              4.640736756
            ],
            [
              -74.156425465,
              4.640776151
            ],
            [
              -74.156382213,
              4.64078689
            ],
            [
              -74.156335708,
              4.640793252
            ],
            [
              -74.156315541,
              4.64079424
            ],
            [
              -74.156269953,
              4.640785635
            ],
            [
              -74.156242968,
              4.64077492
            ],
            [
              -74.156220208,
              4.640763807
            ],
            [
              -74.156165381,
              4.640732313
            ],
            [
              -74.156137194,
              4.640694826
            ],
            [
              -74.156106014,
              4.640630004
            ],
            [
              -74.156097897,
              4.640593352
            ],
            [
              -74.156098022,
              4.640487696
            ],
            [
              -74.156098095,
              4.640426885
            ],
            [
              -74.15609547,
              4.640352198
            ],
            [
              -74.156235823,
              4.640263009
            ],
            [
              -74.15628418,
              4.640296791
            ],
            [
              -74.156333033,
              4.640312456
            ],
            [
              -74.156400243,
              4.640319281
            ],
            [
              -74.156458731,
              4.64031328
            ],
            [
              -74.15652445,
              4.640293269
            ]
          ]
        ]
      },
      "properties": {
        "id_trazado": "TZ009",
        "le_troncal": "F",
        "nom_tronc": "Americas",
        "tipo_tra": 1,
        "color": "#DC0814"
      }
    },
    {
      "type": "Feature",
      "geometry": {
        "type": "MultiLineString",
        "coordinates": [
          [
            [
              -74.068975726,
              4.601051688
            ],
            [
              -74.068582549,
              4.601207721
            ],
            [
              -74.068614374,
              4.601202455
            ],
            [
              -74.068701625,
              4.601203933
            ],
            [
              -74.068782299,
              4.601261927
            ],
            [
              -74.068862409,
              4.601319515
            ]
          ],
          [
            [
              -74.068975726,
              4.601051688
            ],
            [
              -74.068862409,
              4.601319515
            ]
          ],
          [
            [
              -74.068582934,
              4.601207726
            ],
            [
              -74.068502025,
              4.601241537
            ],
            [
              -74.068176679,
              4.601541422
            ],
            [
              -74.067757013,
              4.602019948
            ],
            [
              -74.067547176,
              4.602441053
            ],
            [
              -74.067509024,
              4.602536759
            ],
            [
              -74.067800841,
              4.602741741
            ],
            [
              -74.06789053,
              4.602804742
            ],
            [
              -74.068056976,
              4.603105443
            ],
            [
              -74.068133282,
              4.602988992
            ],
            [
              -74.068401438,
              4.602579757
            ],
            [
              -74.06869723,
              4.602010499
            ],
            [
              -74.068843719,
              4.601363689
            ],
            [
              -74.068862409,
              4.601319515
            ]
          ],
          [
            [
              -74.079863928,
              4.603655204
            ],
            [
              -74.079853691,
              4.603647475
            ],
            [
              -74.079545325,
              4.603414675
            ],
            [
              -74.079092783,
              4.603053251
            ],
            [
              -74.079004728,
              4.602982924
            ],
            [
              -74.078852901,
              4.602859594
            ],
            [
              -74.078355867,
              4.602469935
            ],
            [
              -74.078211679,
              4.602332678
            ],
            [
              -74.078145478,
              4.602299608
            ],
            [
              -74.078070016,
              4.602261912
            ],
            [
              -74.07790323,
              4.602198402
            ],
            [
              -74.07768408,
              4.602155492
            ],
            [
              -74.077545776,
              4.602141482
            ],
            [
              -74.077040292,
              4.602126064
            ],
            [
              -74.076666808,
              4.602166321
            ],
            [
              -74.076665403,
              4.602166443
            ],
            [
              -74.076190007,
              4.602207697
            ],
            [
              -74.075911277,
              4.602241713
            ],
            [
              -74.075512016,
              4.602287067
            ],
            [
              -74.07520457,
              4.60230686
            ],
            [
              -74.075002626,
              4.602291552
            ],
            [
              -74.074892012,
              4.602279707
            ],
            [
              -74.074768785,
              4.60224115
            ],
            [
              -74.07460524,
              4.602170674
            ],
            [
              -74.074255027,
              4.601970382
            ],
            [
              -74.073737539,
              4.601626088
            ],
            [
              -74.073180156,
              4.601320311
            ],
            [
              -74.072908434,
              4.601152979
            ],
            [
              -74.072643234,
              4.600989664
            ],
            [
              -74.072349114,
              4.600876364
            ],
            [
              -74.07205649,
              4.60080204
            ],
            [
              -74.071193868,
              4.600620482
            ],
            [
              -74.071001083,
              4.600609176
            ],
            [
              -74.070802305,
              4.600664495
            ],
            [
              -74.07064094,
              4.600745693
            ],
            [
              -74.070543432,
              4.600778366
            ],
            [
              -74.07043858,
              4.600800391
            ],
            [
              -74.070327747,
              4.600803403
            ],
            [
              -74.070143325,
              4.600806959
            ],
            [
              -74.06967343,
              4.600820115
            ],
            [
              -74.069426036,
              4.600846416
            ],
            [
              -74.069246249,
              4.600885341
            ],
            [
              -74.069130844,
              4.600930961
            ],
            [
              -74.069060785,
              4.600978649
            ],
            [
              -74.068975726,
              4.601051688
            ]
          ]
        ]
      },
      "properties": {
        "id_trazado": "TZ015",
        "le_troncal": "J",
        "nom_tronc": "Eje Ambiental",
        "tipo_tra": 1,
        "color": "#E1A2AC"
      }
    },
    {
      "type": "Feature",
      "geometry": {
        "type": "MultiLineString",
        "coordinates": [
          [
            [
              -74.081392302,
              4.594657307
            ],
            [
              -74.08144897,
              4.594545931
            ],
            [
              -74.081835424,
              4.594020772
            ],
            [
              -74.082050471,
              4.59372854
            ],
            [
              -74.082380141,
              4.593242962
            ],
            [
              -74.082693993,
              4.592804481
            ],
            [
              -74.082886148,
              4.592485451
            ],
            [
              -74.082922995,
              4.592424275
            ],
            [
              -74.083229502,
              4.591920223
            ],
            [
              -74.083381067,
              4.591679427
            ],
            [
              -74.083599578,
              4.59133227
            ],
            [
              -74.084052817,
              4.590610074
            ],
            [
              -74.084327322,
              4.590195557
            ],
            [
              -74.084368475,
              4.590133414
            ],
            [
              -74.084682272,
              4.589664151
            ],
            [
              -74.084915679,
              4.589304465
            ],
            [
              -74.085585629,
              4.588263092
            ],
            [
              -74.086190673,
              4.587348688
            ],
            [
              -74.086657254,
              4.586673892
            ],
            [
              -74.08694282,
              4.586226955
            ],
            [
              -74.087016539,
              4.586115816
            ],
            [
              -74.08728704,
              4.585708005
            ],
            [
              -74.087650661,
              4.585208663
            ],
            [
              -74.087970689,
              4.584802371
            ],
            [
              -74.089189149,
              4.58310842
            ],
            [
              -74.08984381,
              4.582194025
            ],
            [
              -74.090102468,
              4.581873933
            ],
            [
              -74.090351598,
              4.581542541
            ],
            [
              -74.090380109,
              4.581504616
            ],
            [
              -74.090503173,
              4.581333391
            ],
            [
              -74.090734441,
              4.581015214
            ],
            [
              -74.091010481,
              4.580651208
            ],
            [
              -74.091364004,
              4.580180739
            ],
            [
              -74.091623531,
              4.579824899
            ],
            [
              -74.092371565,
              4.578802385
            ],
            [
              -74.092780785,
              4.578188449
            ],
            [
              -74.09310842,
              4.577745985
            ],
            [
              -74.093405198,
              4.577339741
            ],
            [
              -74.093709405,
              4.576939314
            ],
            [
              -74.093816857,
              4.576797875
            ],
            [
              -74.094043576,
              4.576485739
            ],
            [
              -74.09437636,
              4.576036744
            ],
            [
              -74.094656775,
              4.575662961
            ],
            [
              -74.094966945,
              4.575301935
            ],
            [
              -74.095303205,
              4.574958722
            ],
            [
              -74.095639544,
              4.574594187
            ],
            [
              -74.09589358,
              4.574338157
            ],
            [
              -74.09629199,
              4.57391203
            ],
            [
              -74.09688633,
              4.573266015
            ],
            [
              -74.097205082,
              4.572940418
            ],
            [
              -74.097445574,
              4.572697166
            ],
            [
              -74.097913916,
              4.572210693
            ],
            [
              -74.098146633,
              4.571955344
            ],
            [
              -74.098262659,
              4.571831444
            ],
            [
              -74.098567682,
              4.571491718
            ],
            [
              -74.098634125,
              4.571416734
            ],
            [
              -74.098704927,
              4.57133683
            ],
            [
              -74.099018827,
              4.570994703
            ],
            [
              -74.099066288,
              4.570933227
            ],
            [
              -74.099298217,
              4.570664075
            ],
            [
              -74.099525016,
              4.570410416
            ],
            [
              -74.099727591,
              4.570161698
            ],
            [
              -74.099962831,
              4.569895358
            ],
            [
              -74.100256835,
              4.569528624
            ],
            [
              -74.100608523,
              4.569114566
            ],
            [
              -74.100720414,
              4.56898831
            ],
            [
              -74.100757266,
              4.568927669
            ],
            [
              -74.100775234,
              4.56888792
            ],
            [
              -74.100785336,
              4.568843945
            ],
            [
              -74.100778441,
              4.568797825
            ],
            [
              -74.100761518,
              4.568729751
            ],
            [
              -74.10071401,
              4.568645729
            ],
            [
              -74.100538554,
              4.568456613
            ],
            [
              -74.100290796,
              4.568184695
            ],
            [
              -74.100180756,
              4.56805197
            ],
            [
              -74.100078151,
              4.567871753
            ],
            [
              -74.100003897,
              4.567711539
            ],
            [
              -74.099884231,
              4.567472328
            ],
            [
              -74.099776586,
              4.567265552
            ],
            [
              -74.099685867,
              4.567140754
            ],
            [
              -74.099565358,
              4.566983542
            ],
            [
              -74.098903765,
              4.566228229
            ],
            [
              -74.098126125,
              4.56533248
            ]
          ],
          [
            [
              -74.081087635,
              4.595154223
            ],
            [
              -74.081015681,
              4.595044726
            ],
            [
              -74.080996625,
              4.594925139
            ],
            [
              -74.081018789,
              4.59478807
            ],
            [
              -74.081115818,
              4.594695548
            ],
            [
              -74.081234996,
              4.594642942
            ],
            [
              -74.081392302,
              4.594657307
            ]
          ],
          [
            [
              -74.081087635,
              4.595154223
            ],
            [
              -74.08117774,
              4.595216942
            ],
            [
              -74.081268311,
              4.595236085
            ],
            [
              -74.081382719,
              4.595212178
            ],
            [
              -74.081449459,
              4.595173917
            ],
            [
              -74.081483971,
              4.595132801
            ],
            [
              -74.081525738,
              4.59508304
            ],
            [
              -74.081563883,
              4.594982592
            ],
            [
              -74.081568658,
              4.594891708
            ],
            [
              -74.08153393,
              4.59479252
            ],
            [
              -74.081487635,
              4.594729067
            ],
            [
              -74.081431592,
              4.594686881
            ],
            [
              -74.081392302,
              4.594657307
            ]
          ],
          [
            [
              -74.070744033,
              4.612154641
            ],
            [
              -74.070768972,
              4.612117928
            ],
            [
              -74.070890532,
              4.611938974
            ],
            [
              -74.071040046,
              4.611718869
            ],
            [
              -74.071228789,
              4.611407221
            ],
            [
              -74.071400816,
              4.611091532
            ],
            [
              -74.071500074,
              4.610899086
            ],
            [
              -74.071518285,
              4.610863778
            ],
            [
              -74.071749564,
              4.610446311
            ],
            [
              -74.071961559,
              4.610051291
            ],
            [
              -74.072051566,
              4.609904766
            ],
            [
              -74.072265355,
              4.609565186
            ],
            [
              -74.072536055,
              4.609136482
            ],
            [
              -74.072797143,
              4.608769517
            ],
            [
              -74.072969617,
              4.608510444
            ],
            [
              -74.073162749,
              4.608161109
            ],
            [
              -74.073357975,
              4.607775571
            ],
            [
              -74.073567299,
              4.607386996
            ],
            [
              -74.073805935,
              4.606944415
            ],
            [
              -74.074036124,
              4.60654486
            ],
            [
              -74.074323317,
              4.606071351
            ],
            [
              -74.074326749,
              4.606065335
            ],
            [
              -74.074436455,
              4.605873027
            ],
            [
              -74.074706694,
              4.605430536
            ],
            [
              -74.075534492,
              4.604076516
            ],
            [
              -74.075928306,
              4.603396896
            ],
            [
              -74.076118432,
              4.603081933
            ],
            [
              -74.076665403,
              4.602166443
            ],
            [
              -74.076715313,
              4.602082906
            ],
            [
              -74.076973523,
              4.6016921
            ],
            [
              -74.077354149,
              4.601130216
            ],
            [
              -74.077422424,
              4.601029434
            ],
            [
              -74.077466855,
              4.600963848
            ],
            [
              -74.077673283,
              4.600645097
            ],
            [
              -74.078016529,
              4.600097309
            ],
            [
              -74.078631549,
              4.599148157
            ],
            [
              -74.079534117,
              4.597676466
            ],
            [
              -74.08044492,
              4.596195284
            ],
            [
              -74.081087635,
              4.595154223
            ]
          ]
        ]
      },
      "properties": {
        "id_trazado": "TZ018",
        "le_troncal": "L",
        "nom_tronc": "Carrera 10",
        "tipo_tra": 1,
        "color": "#009A9D"
      }
    },
    {
      "type": "Feature",
      "geometry": {
        "type": "LineString",
        "coordinates": [
          [
            -74.093579215,
            4.744560756
          ],
          [
            -74.094298766,
            4.745069803
          ],
          [
            -74.096283623,
            4.746571218
          ],
          [
            -74.096881094,
            4.747023163
          ],
          [
            -74.097318438,
            4.747343864
          ],
          [
            -74.097816611,
            4.7476793
          ],
          [
            -74.098365792,
            4.747958588
          ],
          [
            -74.100637987,
            4.749048106
          ],
          [
            -74.104535419,
            4.750999977
          ]
        ]
      },
      "properties": {
        "id_trazado": "TZ004",
        "le_troncal": "C",
        "nom_tronc": "Suba",
        "tipo_tra": 2,
        "color": "#FCBD1B"
      }
    },
    {
      "type": "Feature",
      "geometry": {
        "type": "LineString",
        "coordinates": [
          [
            -74.097770594,
            4.606429748
          ],
          [
            -74.097683915,
            4.606355833
          ],
          [
            -74.097623468,
            4.606307258
          ],
          [
            -74.097550687,
            4.606256269
          ],
          [
            -74.097235514,
            4.606006749
          ],
          [
            -74.096554924,
            4.605457777
          ],
          [
            -74.096090574,
            4.605063477
          ],
          [
            -74.095555227,
            4.604628582
          ],
          [
            -74.095346426,
            4.604478865
          ],
          [
            -74.094933131,
            4.604171009
          ],
          [
            -74.09474959,
            4.604034291
          ],
          [
            -74.094271444,
            4.60366517
          ],
          [
            -74.093649038,
            4.603228101
          ],
          [
            -74.093045456,
            4.602828945
          ],
          [
            -74.092595699,
            4.602525544
          ],
          [
            -74.091360416,
            4.601625935
          ],
          [
            -74.090432914,
            4.60097041
          ],
          [
            -74.089502989,
            4.600316946
          ],
          [
            -74.089386823,
            4.600233241
          ],
          [
            -74.089143289,
            4.600048464
          ],
          [
            -74.088761391,
            4.599787202
          ],
          [
            -74.088697393,
            4.59974342
          ],
          [
            -74.088030747,
            4.599264184
          ],
          [
            -74.087753424,
            4.599069903
          ],
          [
            -74.087453781,
            4.598859986
          ],
          [
            -74.08683903,
            4.598433937
          ],
          [
            -74.086194133,
            4.597963581
          ],
          [
            -74.085995816,
            4.597825223
          ],
          [
            -74.085652211,
            4.597601985
          ],
          [
            -74.085594105,
            4.597564234
          ],
          [
            -74.085265333,
            4.597366093
          ],
          [
            -74.085015542,
            4.597232866
          ],
          [
            -74.084732289,
            4.59708425
          ],
          [
            -74.084711707,
            4.597075196
          ],
          [
            -74.084575635,
            4.597015337
          ],
          [
            -74.084408817,
            4.596919098
          ],
          [
            -74.08416679,
            4.596752418
          ],
          [
            -74.08381097,
            4.596474776
          ],
          [
            -74.083606023,
            4.59629443
          ],
          [
            -74.083355154,
            4.596063579
          ],
          [
            -74.083235768,
            4.595975392
          ],
          [
            -74.082945564,
            4.595827527
          ],
          [
            -74.082660464,
            4.595728115
          ],
          [
            -74.082365932,
            4.595639468
          ],
          [
            -74.082051014,
            4.595516217
          ],
          [
            -74.081770469,
            4.595346626
          ],
          [
            -74.081499433,
            4.595146436
          ],
          [
            -74.081483971,
            4.595132801
          ]
        ]
      },
      "properties": {
        "id_trazado": "TZ007",
        "le_troncal": "E",
        "nom_tronc": "NQS Central",
        "tipo_tra": 1,
        "color": "#AE6B00"
      }
    },
    {
      "type": "Feature",
      "geometry": {
        "type": "MultiLineString",
        "coordinates": [
          [
            [
              -74.060766609,
              4.665510602
            ],
            [
              -74.060834612,
              4.665188475
            ],
            [
              -74.060980641,
              4.664502041
            ],
            [
              -74.061037071,
              4.664244789
            ],
            [
              -74.061117867,
              4.663829486
            ],
            [
              -74.061221513,
              4.663257245
            ],
            [
              -74.061261262,
              4.66302945
            ],
            [
              -74.061302379,
              4.662793817
            ],
            [
              -74.061346518,
              4.66253682
            ],
            [
              -74.061449479,
              4.661943277
            ],
            [
              -74.061679544,
              4.660712666
            ],
            [
              -74.061742043,
              4.660363052
            ],
            [
              -74.061776531,
              4.66011745
            ],
            [
              -74.061860485,
              4.659486274
            ],
            [
              -74.061876721,
              4.659389493
            ],
            [
              -74.061936964,
              4.659030413
            ],
            [
              -74.062031141,
              4.658445231
            ],
            [
              -74.062067861,
              4.658237546
            ],
            [
              -74.0621079,
              4.658011088
            ],
            [
              -74.062235077,
              4.657305463
            ],
            [
              -74.062389202,
              4.656515645
            ],
            [
              -74.062497201,
              4.655905757
            ],
            [
              -74.062525966,
              4.655800771
            ],
            [
              -74.062562173,
              4.655712409
            ],
            [
              -74.062789755,
              4.655299094
            ],
            [
              -74.063009132,
              4.654902993
            ],
            [
              -74.063062252,
              4.654807082
            ],
            [
              -74.063331641,
              4.654335523
            ],
            [
              -74.06352603,
              4.653961341
            ],
            [
              -74.06361029,
              4.65379666
            ],
            [
              -74.063715511,
              4.653565487
            ],
            [
              -74.063820525,
              4.653347466
            ],
            [
              -74.06392289,
              4.653083505
            ],
            [
              -74.064197151,
              4.651869753
            ],
            [
              -74.064298516,
              4.651346582
            ],
            [
              -74.064486336,
              4.6504165
            ],
            [
              -74.06464146,
              4.649631867
            ],
            [
              -74.064644945,
              4.649614243
            ],
            [
              -74.064647379,
              4.649600031
            ],
            [
              -74.064832199,
              4.648629128
            ],
            [
              -74.064870535,
              4.64840397
            ],
            [
              -74.065456115,
              4.644964598
            ],
            [
              -74.065677574,
              4.643856141
            ],
            [
              -74.065780507,
              4.643254941
            ],
            [
              -74.065828258,
              4.642981623
            ],
            [
              -74.065980453,
              4.64211048
            ],
            [
              -74.066287247,
              4.640363451
            ],
            [
              -74.066593544,
              4.638603545
            ],
            [
              -74.066725301,
              4.637911276
            ],
            [
              -74.066787952,
              4.637559046
            ],
            [
              -74.066841973,
              4.637255335
            ],
            [
              -74.066981097,
              4.636537038
            ],
            [
              -74.067301208,
              4.634513818
            ],
            [
              -74.067621299,
              4.632834335
            ],
            [
              -74.067693915,
              4.63244445
            ],
            [
              -74.067791625,
              4.631927495
            ],
            [
              -74.067878723,
              4.631452413
            ],
            [
              -74.067916856,
              4.631244417
            ],
            [
              -74.068044409,
              4.630551094
            ],
            [
              -74.068128036,
              4.630106849
            ],
            [
              -74.068269893,
              4.629198245
            ],
            [
              -74.068497498,
              4.627986047
            ],
            [
              -74.068560004,
              4.627655246
            ],
            [
              -74.068657447,
              4.62710611
            ],
            [
              -74.068696791,
              4.626897176
            ],
            [
              -74.068757822,
              4.626573062
            ],
            [
              -74.068865629,
              4.625912802
            ],
            [
              -74.068966646,
              4.625369288
            ],
            [
              -74.069063708,
              4.624766605
            ],
            [
              -74.069182053,
              4.624075296
            ],
            [
              -74.069308554,
              4.623516191
            ],
            [
              -74.069441251,
              4.622786969
            ],
            [
              -74.069582923,
              4.622083441
            ],
            [
              -74.06969229,
              4.621658551
            ],
            [
              -74.069719179,
              4.62157551
            ],
            [
              -74.069828972,
              4.621236441
            ],
            [
              -74.069922966,
              4.621008825
            ],
            [
              -74.070136749,
              4.620521367
            ],
            [
              -74.070285916,
              4.620213991
            ],
            [
              -74.07053571,
              4.61973985
            ],
            [
              -74.071056711,
              4.618796778
            ],
            [
              -74.071388636,
              4.618170094
            ],
            [
              -74.071610976,
              4.617717435
            ],
            [
              -74.071947382,
              4.617064474
            ],
            [
              -74.072158458,
              4.616651548
            ],
            [
              -74.07258248,
              4.615822041
            ],
            [
              -74.072681419,
              4.615620577
            ],
            [
              -74.072778093,
              4.615400765
            ],
            [
              -74.072782487,
              4.615392298
            ],
            [
              -74.07320192,
              4.614584047
            ],
            [
              -74.07330883,
              4.614375581
            ],
            [
              -74.073369894,
              4.614256511
            ],
            [
              -74.073673085,
              4.613665312
            ],
            [
              -74.07397747,
              4.613091602
            ],
            [
              -74.074218417,
              4.612607055
            ],
            [
              -74.074447236,
              4.612186795
            ],
            [
              -74.074668777,
              4.611749289
            ],
            [
              -74.074805975,
              4.61147744
            ],
            [
              -74.075103647,
              4.610903446
            ],
            [
              -74.075192869,
              4.610692489
            ],
            [
              -74.075541391,
              4.610019876
            ],
            [
              -74.076027693,
              4.609081362
            ],
            [
              -74.076141433,
              4.608888312
            ],
            [
              -74.076332037,
              4.608594398
            ],
            [
              -74.076635886,
              4.608198258
            ],
            [
              -74.076869678,
              4.607864622
            ],
            [
              -74.07706137,
              4.607591066
            ],
            [
              -74.077272552,
              4.607308345
            ],
            [
              -74.077417612,
              4.60710068
            ],
            [
              -74.077555728,
              4.606878655
            ],
            [
              -74.077718552,
              4.6066376
            ],
            [
              -74.078268153,
              4.605839092
            ],
            [
              -74.078742387,
              4.60517462
            ],
            [
              -74.079850726,
              4.603651672
            ],
            [
              -74.079853691,
              4.603647475
            ],
            [
              -74.080137866,
              4.603245105
            ],
            [
              -74.080409954,
              4.602866881
            ],
            [
              -74.080618017,
              4.602577657
            ],
            [
              -74.080946099,
              4.602133553
            ],
            [
              -74.081044866,
              4.601987738
            ],
            [
              -74.08170295,
              4.601066332
            ],
            [
              -74.082117185,
              4.600456837
            ],
            [
              -74.082967023,
              4.599278728
            ],
            [
              -74.083346833,
              4.598763682
            ],
            [
              -74.083704452,
              4.598302898
            ],
            [
              -74.083836251,
              4.598135008
            ],
            [
              -74.084064558,
              4.597844181
            ],
            [
              -74.084401426,
              4.597407325
            ],
            [
              -74.08469896,
              4.597071151
            ]
          ],
          [
            [
              -74.060980641,
              4.664502041
            ],
            [
              -74.060980945,
              4.664510929
            ],
            [
              -74.061017155,
              4.665571849
            ]
          ]
        ]
      },
      "properties": {
        "id_trazado": "TZ001",
        "le_troncal": "A",
        "nom_tronc": "Caracas",
        "tipo_tra": 1,
        "color": "#26358C"
      }
    },
    {
      "type": "Feature",
      "geometry": {
        "type": "MultiLineString",
        "coordinates": [
          [
            [
              -74.18391465,
              4.596389032
            ],
            [
              -74.183752518,
              4.596452648
            ],
            [
              -74.183574492,
              4.596523058
            ],
            [
              -74.183241313,
              4.596636507
            ],
            [
              -74.183055085,
              4.596687645
            ],
            [
              -74.182747244,
              4.596766494
            ],
            [
              -74.182145595,
              4.596848018
            ],
            [
              -74.181689509,
              4.596879964
            ],
            [
              -74.181442467,
              4.596880203
            ],
            [
              -74.181224999,
              4.596887947
            ],
            [
              -74.180901383,
              4.596899469
            ],
            [
              -74.179643063,
              4.596940197
            ],
            [
              -74.178497295,
              4.596919809
            ],
            [
              -74.177430202,
              4.596941004
            ],
            [
              -74.176996761,
              4.596926771
            ],
            [
              -74.176662029,
              4.59688666
            ],
            [
              -74.176186704,
              4.596835881
            ],
            [
              -74.175802892,
              4.596795177
            ],
            [
              -74.175359307,
              4.596712049
            ],
            [
              -74.174819354,
              4.596633369
            ],
            [
              -74.174187606,
              4.596554845
            ],
            [
              -74.173720023,
              4.596500654
            ],
            [
              -74.173311101,
              4.596451349
            ],
            [
              -74.17252054,
              4.596395523
            ],
            [
              -74.171309655,
              4.596135534
            ],
            [
              -74.170201914,
              4.595943307
            ],
            [
              -74.169459855,
              4.595877156
            ],
            [
              -74.16860326,
              4.595760683
            ],
            [
              -74.168068745,
              4.595748017
            ],
            [
              -74.167439991,
              4.59576179
            ],
            [
              -74.16711365,
              4.595794592
            ],
            [
              -74.166753094,
              4.595802296
            ],
            [
              -74.166481552,
              4.595800849
            ],
            [
              -74.166160248,
              4.595778902
            ],
            [
              -74.165779015,
              4.595766263
            ],
            [
              -74.165587702,
              4.595783359
            ],
            [
              -74.165058936,
              4.595788477
            ],
            [
              -74.16496973,
              4.595787785
            ],
            [
              -74.164486324,
              4.595784033
            ],
            [
              -74.163650608,
              4.595787621
            ],
            [
              -74.16255144,
              4.595800135
            ],
            [
              -74.162113247,
              4.595817516
            ],
            [
              -74.161954723,
              4.595829457
            ],
            [
              -74.160529497,
              4.595936816
            ],
            [
              -74.159604928,
              4.596022512
            ],
            [
              -74.159300693,
              4.596056748
            ],
            [
              -74.158702742,
              4.59610119
            ],
            [
              -74.158336218,
              4.596133084
            ],
            [
              -74.157958518,
              4.596164302
            ],
            [
              -74.157495762,
              4.596206071
            ],
            [
              -74.157366856,
              4.596234408
            ],
            [
              -74.157034895,
              4.59626463
            ],
            [
              -74.156881055,
              4.59628094
            ],
            [
              -74.156627731,
              4.596307797
            ],
            [
              -74.156483774,
              4.596314281
            ],
            [
              -74.155884169,
              4.596359538
            ],
            [
              -74.155514449,
              4.596387768
            ],
            [
              -74.154883116,
              4.596438477
            ],
            [
              -74.154490159,
              4.596444189
            ],
            [
              -74.154267124,
              4.59642068
            ],
            [
              -74.154072134,
              4.596391981
            ],
            [
              -74.153938172,
              4.596362771
            ],
            [
              -74.153687147,
              4.596297916
            ],
            [
              -74.153046257,
              4.596039617
            ],
            [
              -74.152852571,
              4.595945875
            ],
            [
              -74.152406164,
              4.595749696
            ],
            [
              -74.152096841,
              4.595637556
            ],
            [
              -74.151799069,
              4.595581671
            ],
            [
              -74.151467586,
              4.595539713
            ],
            [
              -74.151136914,
              4.59550926
            ],
            [
              -74.149953804,
              4.59537687
            ],
            [
              -74.149698182,
              4.595350297
            ],
            [
              -74.148561404,
              4.595219877
            ],
            [
              -74.148411801,
              4.59520209
            ],
            [
              -74.147782467,
              4.595148622
            ],
            [
              -74.147410288,
              4.595107263
            ],
            [
              -74.14708583,
              4.595071206
            ],
            [
              -74.146609284,
              4.59500792
            ],
            [
              -74.146382857,
              4.595018231
            ],
            [
              -74.146209251,
              4.595038751
            ],
            [
              -74.145969393,
              4.595079441
            ],
            [
              -74.145444505,
              4.595182011
            ],
            [
              -74.144570569,
              4.595323385
            ],
            [
              -74.144265374,
              4.595376306
            ],
            [
              -74.144004807,
              4.595417149
            ],
            [
              -74.143804567,
              4.595443886
            ],
            [
              -74.143597058,
              4.59547167
            ],
            [
              -74.143295898,
              4.595498797
            ],
            [
              -74.142738721,
              4.59555322
            ],
            [
              -74.142649214,
              4.595562829
            ],
            [
              -74.142330459,
              4.595597048
            ],
            [
              -74.142114627,
              4.595613001
            ],
            [
              -74.141904967,
              4.59561735
            ],
            [
              -74.141801234,
              4.595615654
            ],
            [
              -74.141562921,
              4.595609763
            ],
            [
              -74.141356016,
              4.595593561
            ],
            [
              -74.141218946,
              4.595577095
            ],
            [
              -74.141084478,
              4.595559783
            ],
            [
              -74.140332552,
              4.595454017
            ],
            [
              -74.139459673,
              4.595334872
            ],
            [
              -74.138784497,
              4.59524357
            ],
            [
              -74.138468581,
              4.595182263
            ],
            [
              -74.138129356,
              4.595118768
            ],
            [
              -74.137877334,
              4.595078614
            ],
            [
              -74.137739709,
              4.595056687
            ],
            [
              -74.137152822,
              4.59490011
            ],
            [
              -74.136716993,
              4.594798125
            ],
            [
              -74.136053173,
              4.594635405
            ],
            [
              -74.135410956,
              4.594501228
            ],
            [
              -74.135125586,
              4.594447349
            ],
            [
              -74.134655563,
              4.594346321
            ],
            [
              -74.134269927,
              4.594269935
            ],
            [
              -74.133856526,
              4.594188048
            ],
            [
              -74.133552692,
              4.594129116
            ],
            [
              -74.133247156,
              4.594055993
            ],
            [
              -74.132790946,
              4.593985815
            ],
            [
              -74.131849802,
              4.593803165
            ],
            [
              -74.131595555,
              4.593749176
            ],
            [
              -74.131370285,
              4.593703175
            ],
            [
              -74.13120903,
              4.593672138
            ],
            [
              -74.130823106,
              4.593611852
            ],
            [
              -74.13050344,
              4.59357644
            ],
            [
              -74.130403773,
              4.593571813
            ],
            [
              -74.13018056,
              4.593561451
            ],
            [
              -74.129675692,
              4.593552222
            ],
            [
              -74.129552748,
              4.593551206
            ],
            [
              -74.129544956,
              4.593551141
            ],
            [
              -74.129239919,
              4.593548619
            ],
            [
              -74.129033514,
              4.593545781
            ],
            [
              -74.128709091,
              4.5935323
            ],
            [
              -74.128413168,
              4.593554894
            ],
            [
              -74.127408448,
              4.593564393
            ],
            [
              -74.126625377,
              4.593591252
            ],
            [
              -74.125926617,
              4.593626088
            ],
            [
              -74.12564074,
              4.59363433
            ],
            [
              -74.12511857,
              4.593661871
            ],
            [
              -74.124529843,
              4.593725553
            ],
            [
              -74.124261495,
              4.593762175
            ],
            [
              -74.123755077,
              4.593809439
            ],
            [
              -74.12334833,
              4.5938474
            ],
            [
              -74.123159858,
              4.593845471
            ],
            [
              -74.122468841,
              4.593920408
            ],
            [
              -74.121793592,
              4.5940082
            ],
            [
              -74.120868248,
              4.594172867
            ],
            [
              -74.120468218,
              4.594241905
            ],
            [
              -74.119914689,
              4.594353441
            ],
            [
              -74.119353817,
              4.594471045
            ],
            [
              -74.11879742,
              4.594595072
            ],
            [
              -74.117880746,
              4.594798466
            ],
            [
              -74.117556991,
              4.594870302
            ],
            [
              -74.116804366,
              4.595070314
            ],
            [
              -74.116270904,
              4.595220844
            ],
            [
              -74.1156949,
              4.595385201
            ],
            [
              -74.115151372,
              4.595559487
            ],
            [
              -74.114609672,
              4.595727665
            ],
            [
              -74.113935302,
              4.595955747
            ],
            [
              -74.113426663,
              4.596140971
            ],
            [
              -74.113084717,
              4.596281236
            ],
            [
              -74.11231016,
              4.59659436
            ],
            [
              -74.111675916,
              4.596873288
            ],
            [
              -74.111224758,
              4.597092653
            ],
            [
              -74.110679495,
              4.597353031
            ],
            [
              -74.110642548,
              4.597370511
            ],
            [
              -74.110316971,
              4.597524541
            ],
            [
              -74.110122675,
              4.597632046
            ],
            [
              -74.109696886,
              4.597837536
            ],
            [
              -74.109138365,
              4.598103816
            ],
            [
              -74.108916284,
              4.598207768
            ],
            [
              -74.108825324,
              4.598232713
            ],
            [
              -74.108747502,
              4.598250885
            ],
            [
              -74.108645691,
              4.598265516
            ],
            [
              -74.108529176,
              4.598263348
            ],
            [
              -74.108438651,
              4.598255621
            ],
            [
              -74.108338865,
              4.598236834
            ],
            [
              -74.108248048,
              4.598201076
            ],
            [
              -74.108104074,
              4.598146758
            ],
            [
              -74.10789401,
              4.598070407
            ]
          ],
          [
            [
              -74.10789401,
              4.598070407
            ],
            [
              -74.107687684,
              4.598014013
            ],
            [
              -74.107662093,
              4.598019995
            ],
            [
              -74.107548436,
              4.598046561
            ],
            [
              -74.107367224,
              4.598144188
            ],
            [
              -74.107062028,
              4.598379639
            ],
            [
              -74.106892603,
              4.598511609
            ]
          ],
          [
            [
              -74.106892603,
              4.598511609
            ],
            [
              -74.107100863,
              4.598443949
            ],
            [
              -74.107277954,
              4.598371803
            ],
            [
              -74.107435459,
              4.598329958
            ],
            [
              -74.107564209,
              4.598299207
            ],
            [
              -74.107693009,
              4.598276508
            ],
            [
              -74.107760009,
              4.598257108
            ],
            [
              -74.10785661,
              4.598192608
            ],
            [
              -74.107888059,
              4.598137609
            ],
            [
              -74.107895013,
              4.598103804
            ],
            [
              -74.10789401,
              4.598070407
            ]
          ],
          [
            [
              -74.106892603,
              4.598511609
            ],
            [
              -74.106326403,
              4.598939014
            ],
            [
              -74.106088413,
              4.599113835
            ],
            [
              -74.105378675,
              4.599623675
            ],
            [
              -74.104971905,
              4.599925057
            ],
            [
              -74.10455966,
              4.60022261
            ],
            [
              -74.104176526,
              4.600497796
            ],
            [
              -74.103733979,
              4.600809128
            ],
            [
              -74.103181562,
              4.601225263
            ],
            [
              -74.10292329,
              4.601424021
            ],
            [
              -74.102758242,
              4.601559152
            ],
            [
              -74.102617549,
              4.601675026
            ],
            [
              -74.102472056,
              4.601794852
            ],
            [
              -74.101706333,
              4.602454605
            ],
            [
              -74.100706487,
              4.603370475
            ],
            [
              -74.100488319,
              4.603569301
            ],
            [
              -74.100340325,
              4.603731063
            ],
            [
              -74.099980215,
              4.604119302
            ],
            [
              -74.099861374,
              4.604249976
            ],
            [
              -74.099639549,
              4.604493886
            ],
            [
              -74.099490511,
              4.60466149
            ],
            [
              -74.099063526,
              4.605138721
            ],
            [
              -74.098859569,
              4.605364176
            ],
            [
              -74.098663618,
              4.605588077
            ],
            [
              -74.098231225,
              4.606130106
            ],
            [
              -74.098084115,
              4.606356711
            ],
            [
              -74.098071972,
              4.606375416
            ]
          ]
        ]
      },
      "properties": {
        "id_trazado": "TZ010",
        "le_troncal": "G",
        "nom_tronc": "NQS Sur",
        "tipo_tra": 1,
        "color": "#009CDE"
      }
    },
    {
      "type": "Feature",
      "geometry": {
        "type": "LineString",
        "coordinates": [
          [
            -74.140298697,
            4.567082055
          ],
          [
            -74.139889132,
            4.567155697
          ],
          [
            -74.139557946,
            4.56721046
          ],
          [
            -74.139355447,
            4.56723946
          ],
          [
            -74.139180951,
            4.567255603
          ],
          [
            -74.138196932,
            4.567316164
          ],
          [
            -74.137894162,
            4.567328094
          ],
          [
            -74.137693557,
            4.567355616
          ],
          [
            -74.137467833,
            4.567395728
          ],
          [
            -74.137327902,
            4.567440106
          ],
          [
            -74.137079573,
            4.567547727
          ],
          [
            -74.13657932,
            4.567796816
          ],
          [
            -74.135800531,
            4.568159753
          ],
          [
            -74.135414513,
            4.568326564
          ],
          [
            -74.135147053,
            4.568442141
          ],
          [
            -74.134487097,
            4.568700766
          ],
          [
            -74.134407627,
            4.568732341
          ],
          [
            -74.133333056,
            4.56915929
          ],
          [
            -74.132393469,
            4.569512088
          ],
          [
            -74.13195392,
            4.569700479
          ],
          [
            -74.131439037,
            4.569894482
          ],
          [
            -74.130487647,
            4.570265278
          ],
          [
            -74.130388679,
            4.570303519
          ],
          [
            -74.130177162,
            4.570385248
          ],
          [
            -74.129955036,
            4.570479845
          ],
          [
            -74.129699495,
            4.570572609
          ],
          [
            -74.129469838,
            4.570628653
          ],
          [
            -74.129327552,
            4.570657289
          ],
          [
            -74.12914432,
            4.570660613
          ],
          [
            -74.128947986,
            4.570651996
          ],
          [
            -74.12875943,
            4.570636914
          ],
          [
            -74.128647573,
            4.57061744
          ],
          [
            -74.128481306,
            4.570570132
          ],
          [
            -74.128206206,
            4.570468018
          ],
          [
            -74.127933803,
            4.570340182
          ],
          [
            -74.127151661,
            4.569927272
          ],
          [
            -74.126499214,
            4.569567836
          ],
          [
            -74.126069537,
            4.569351772
          ],
          [
            -74.125856474,
            4.569252165
          ],
          [
            -74.125503921,
            4.569096671
          ]
        ]
      },
      "properties": {
        "id_trazado": "TZ014",
        "le_troncal": "H",
        "nom_tronc": "Caracas Sur",
        "tipo_tra": 1,
        "color": "#F18500"
      }
    },
    {
      "type": "Feature",
      "geometry": {
        "type": "LineString",
        "coordinates": [
          [
            -74.068597721,
            4.617481512
          ],
          [
            -74.068859617,
            4.61644156
          ],
          [
            -74.068904654,
            4.616262723
          ],
          [
            -74.068988796,
            4.615918112
          ],
          [
            -74.069079685,
            4.615640439
          ],
          [
            -74.069210373,
            4.615273452
          ],
          [
            -74.069219693,
            4.615244902
          ],
          [
            -74.069534135,
            4.614281685
          ],
          [
            -74.069593278,
            4.614100517
          ],
          [
            -74.069667469,
            4.613889632
          ],
          [
            -74.069724902,
            4.613775634
          ],
          [
            -74.069859503,
            4.613544075
          ],
          [
            -74.070018275,
            4.61328371
          ],
          [
            -74.070157388,
            4.613063817
          ],
          [
            -74.070390434,
            4.612687221
          ],
          [
            -74.070595782,
            4.612363978
          ],
          [
            -74.070744093,
            4.612154299
          ]
        ]
      },
      "properties": {
        "id_trazado": "TZ019",
        "le_troncal": "M",
        "nom_tronc": "Carrera 7",
        "tipo_tra": 1,
        "color": "#009A9D"
      }
    },
    {
      "type": "Feature",
      "geometry": {
        "type": "LineString",
        "coordinates": [
          [
            -74.084712162,
            4.597074683
          ],
          [
            -74.085203951,
            4.596394063
          ],
          [
            -74.085470534,
            4.596027751
          ],
          [
            -74.085856225,
            4.595515846
          ],
          [
            -74.086027132,
            4.595298574
          ],
          [
            -74.086226289,
            4.595050515
          ],
          [
            -74.086417615,
            4.594812211
          ],
          [
            -74.086538489,
            4.594654269
          ],
          [
            -74.087950305,
            4.592962129
          ],
          [
            -74.088234349,
            4.592624333
          ],
          [
            -74.088593368,
            4.592203863
          ],
          [
            -74.088924402,
            4.591937935
          ],
          [
            -74.089133294,
            4.591840369
          ],
          [
            -74.089305727,
            4.591762715
          ],
          [
            -74.089457774,
            4.591689537
          ],
          [
            -74.089583531,
            4.59161004
          ],
          [
            -74.089674969,
            4.591537529
          ],
          [
            -74.089763627,
            4.591437778
          ],
          [
            -74.090245998,
            4.590847253
          ],
          [
            -74.090365184,
            4.590701344
          ],
          [
            -74.090676047,
            4.590306196
          ],
          [
            -74.091174774,
            4.589687301
          ],
          [
            -74.092204415,
            4.588462977
          ],
          [
            -74.092887106,
            4.587586109
          ],
          [
            -74.093270505,
            4.58710987
          ],
          [
            -74.093589538,
            4.586691797
          ],
          [
            -74.093879452,
            4.586332667
          ],
          [
            -74.093925416,
            4.586284708
          ],
          [
            -74.094182262,
            4.586016703
          ],
          [
            -74.094327066,
            4.585864639
          ],
          [
            -74.094616823,
            4.585585225
          ],
          [
            -74.094830203,
            4.585448801
          ],
          [
            -74.095092031,
            4.585312414
          ],
          [
            -74.095505094,
            4.585104419
          ],
          [
            -74.095905222,
            4.584913072
          ],
          [
            -74.096578251,
            4.584611341
          ],
          [
            -74.097159227,
            4.584319121
          ],
          [
            -74.097632978,
            4.584068214
          ],
          [
            -74.097961511,
            4.583877865
          ],
          [
            -74.098318652,
            4.583652057
          ],
          [
            -74.098718188,
            4.58339657
          ],
          [
            -74.099166705,
            4.583103635
          ],
          [
            -74.099401754,
            4.582972576
          ],
          [
            -74.099563985,
            4.58288212
          ],
          [
            -74.099821956,
            4.582734062
          ],
          [
            -74.101027328,
            4.582068136
          ],
          [
            -74.101419045,
            4.581854599
          ],
          [
            -74.101428782,
            4.581849057
          ],
          [
            -74.101945738,
            4.58155481
          ],
          [
            -74.102258787,
            4.58139092
          ],
          [
            -74.102404907,
            4.581303661
          ],
          [
            -74.102617687,
            4.581198515
          ],
          [
            -74.102963019,
            4.581031906
          ],
          [
            -74.104036421,
            4.580515969
          ],
          [
            -74.104571612,
            4.580253499
          ],
          [
            -74.106290092,
            4.579408149
          ],
          [
            -74.106912488,
            4.579110852
          ],
          [
            -74.107363824,
            4.578915189
          ],
          [
            -74.107495259,
            4.578858209
          ],
          [
            -74.107847794,
            4.578720281
          ],
          [
            -74.10800788,
            4.578662816
          ],
          [
            -74.108296687,
            4.578560239
          ],
          [
            -74.108759856,
            4.578414608
          ],
          [
            -74.109609886,
            4.578176823
          ],
          [
            -74.109695464,
            4.578151881
          ],
          [
            -74.109711769,
            4.578147183
          ],
          [
            -74.110817841,
            4.577836862
          ],
          [
            -74.111708586,
            4.577581737
          ],
          [
            -74.112986402,
            4.577183923
          ],
          [
            -74.113657004,
            4.576987782
          ],
          [
            -74.114380506,
            4.576809725
          ],
          [
            -74.114807456,
            4.57670465
          ],
          [
            -74.114945376,
            4.576685701
          ],
          [
            -74.116038054,
            4.576483811
          ],
          [
            -74.117370044,
            4.576295669
          ],
          [
            -74.117842114,
            4.576213671
          ],
          [
            -74.118668881,
            4.57607962
          ],
          [
            -74.119320922,
            4.575978549
          ],
          [
            -74.12007924,
            4.575794152
          ],
          [
            -74.120109605,
            4.575786768
          ],
          [
            -74.120761693,
            4.57560995
          ],
          [
            -74.121426837,
            4.575462544
          ],
          [
            -74.12197943,
            4.575317385
          ],
          [
            -74.122432957,
            4.57516783
          ],
          [
            -74.122776037,
            4.575006102
          ],
          [
            -74.12297653,
            4.574886113
          ],
          [
            -74.123189446,
            4.57471023
          ],
          [
            -74.123373558,
            4.574491548
          ],
          [
            -74.123497004,
            4.574326029
          ],
          [
            -74.123550233,
            4.57425466
          ],
          [
            -74.123703304,
            4.573906801
          ],
          [
            -74.124021505,
            4.572979172
          ],
          [
            -74.124399763,
            4.571856548
          ],
          [
            -74.124534944,
            4.571496116
          ],
          [
            -74.12470198,
            4.570987851
          ],
          [
            -74.124708719,
            4.570968484
          ],
          [
            -74.124766718,
            4.570801802
          ],
          [
            -74.125001644,
            4.570192591
          ],
          [
            -74.125264386,
            4.569594083
          ],
          [
            -74.12548159,
            4.569140531
          ],
          [
            -74.125503921,
            4.569096671
          ],
          [
            -74.125731396,
            4.568649884
          ],
          [
            -74.126008051,
            4.568152947
          ],
          [
            -74.126415686,
            4.567488381
          ],
          [
            -74.12646866,
            4.567394204
          ],
          [
            -74.126517232,
            4.567284723
          ],
          [
            -74.126550591,
            4.567193039
          ],
          [
            -74.126574776,
            4.5670972
          ],
          [
            -74.126585721,
            4.566972558
          ],
          [
            -74.126581728,
            4.566832107
          ],
          [
            -74.126569772,
            4.566665728
          ],
          [
            -74.1265575,
            4.566547807
          ],
          [
            -74.126545619,
            4.56643731
          ],
          [
            -74.126527957,
            4.566291912
          ],
          [
            -74.126481761,
            4.566141455
          ],
          [
            -74.126231596,
            4.565678471
          ],
          [
            -74.126086618,
            4.565438
          ],
          [
            -74.125972858,
            4.56524115
          ],
          [
            -74.125796192,
            4.565003423
          ],
          [
            -74.125641888,
            4.564752618
          ],
          [
            -74.125583935,
            4.564653276
          ],
          [
            -74.125356323,
            4.564263101
          ],
          [
            -74.125118125,
            4.563819313
          ],
          [
            -74.125069743,
            4.563706717
          ],
          [
            -74.125026004,
            4.563600362
          ],
          [
            -74.12499471,
            4.563497474
          ],
          [
            -74.124979441,
            4.563423431
          ],
          [
            -74.124956121,
            4.56332858
          ],
          [
            -74.124908944,
            4.562433264
          ],
          [
            -74.124878886,
            4.562278559
          ],
          [
            -74.12483229,
            4.562144059
          ],
          [
            -74.124771662,
            4.561994366
          ],
          [
            -74.124697187,
            4.56184955
          ],
          [
            -74.124630896,
            4.561714257
          ],
          [
            -74.124566892,
            4.56158962
          ],
          [
            -74.124234697,
            4.560911878
          ],
          [
            -74.12401627,
            4.560513951
          ],
          [
            -74.123874334,
            4.560227304
          ],
          [
            -74.123845628,
            4.560169332
          ],
          [
            -74.123632368,
            4.559705202
          ],
          [
            -74.123531253,
            4.559455192
          ],
          [
            -74.123388424,
            4.559204201
          ],
          [
            -74.123261421,
            4.559036504
          ],
          [
            -74.123122806,
            4.558865642
          ],
          [
            -74.122838151,
            4.558524994
          ],
          [
            -74.122675169,
            4.558330054
          ],
          [
            -74.122227397,
            4.557806879
          ],
          [
            -74.122203899,
            4.557770347
          ],
          [
            -74.122084466,
            4.557611837
          ],
          [
            -74.121845274,
            4.557099621
          ],
          [
            -74.121827789,
            4.557064564
          ],
          [
            -74.121694901,
            4.556798136
          ],
          [
            -74.121593323,
            4.556516828
          ],
          [
            -74.121559417,
            4.556414704
          ],
          [
            -74.121541903,
            4.556341459
          ],
          [
            -74.121521932,
            4.556218949
          ],
          [
            -74.121486367,
            4.556023872
          ]
        ]
      },
      "properties": {
        "id_trazado": "TZ012",
        "le_troncal": "H",
        "nom_tronc": "Caracas Sur",
        "tipo_tra": 1,
        "color": "#F18500"
      }
    },
    {
      "type": "Feature",
      "geometry": {
        "type": "LineString",
        "coordinates": [
          [
            -74.207079954,
            4.585156002
          ],
          [
            -74.207066348,
            4.585162909
          ],
          [
            -74.206403963,
            4.585499188
          ],
          [
            -74.20583274,
            4.585777603
          ],
          [
            -74.20545608,
            4.585957613
          ],
          [
            -74.205449736,
            4.585960644
          ],
          [
            -74.205302504,
            4.586031008
          ],
          [
            -74.20504133,
            4.586160692
          ],
          [
            -74.20469553,
            4.586327899
          ],
          [
            -74.204077772,
            4.586644293
          ],
          [
            -74.20324171,
            4.587062914
          ],
          [
            -74.202669824,
            4.587343202
          ],
          [
            -74.202044329,
            4.587656414
          ],
          [
            -74.201248844,
            4.58807317
          ],
          [
            -74.200982686,
            4.588223651
          ],
          [
            -74.200929744,
            4.588248771
          ],
          [
            -74.200793732,
            4.588313302
          ],
          [
            -74.200634583,
            4.588378809
          ],
          [
            -74.199895401,
            4.58876165
          ],
          [
            -74.199522612,
            4.588962704
          ],
          [
            -74.199362353,
            4.589049136
          ],
          [
            -74.198504268,
            4.589488622
          ],
          [
            -74.197992836,
            4.589747663
          ],
          [
            -74.196911315,
            4.590287568
          ],
          [
            -74.194903795,
            4.591282312
          ],
          [
            -74.194472925,
            4.591501643
          ],
          [
            -74.19406108,
            4.591715064
          ],
          [
            -74.193593455,
            4.591944393
          ],
          [
            -74.193135313,
            4.592172811
          ],
          [
            -74.193058031,
            4.592211342
          ],
          [
            -74.192533355,
            4.592469809
          ],
          [
            -74.192153018,
            4.592642592
          ],
          [
            -74.191202308,
            4.593080362
          ],
          [
            -74.19046014,
            4.59344939
          ],
          [
            -74.189130072,
            4.594084031
          ],
          [
            -74.188966637,
            4.594159769
          ],
          [
            -74.188578417,
            4.594354246
          ],
          [
            -74.188320918,
            4.59448814
          ],
          [
            -74.188112182,
            4.594593819
          ],
          [
            -74.187756132,
            4.594774078
          ],
          [
            -74.187381441,
            4.594958634
          ],
          [
            -74.187098934,
            4.595088612
          ],
          [
            -74.186659734,
            4.595286576
          ],
          [
            -74.186053312,
            4.595545876
          ],
          [
            -74.185675359,
            4.595690423
          ],
          [
            -74.185148299,
            4.595894096
          ],
          [
            -74.184605923,
            4.596112615
          ],
          [
            -74.184219229,
            4.596265873
          ],
          [
            -74.184000073,
            4.596353196
          ],
          [
            -74.18391465,
            4.596389032
          ]
        ]
      },
      "properties": {
        "id_trazado": "TZ011",
        "le_troncal": "G",
        "nom_tronc": "NQS Sur",
        "tipo_tra": 1,
        "color": "#009CDE"
      }
    },
    {
      "type": "Feature",
      "geometry": {
        "type": "LineString",
        "coordinates": [
          [
            -74.068597721,
            4.617481512
          ],
          [
            -74.068501029,
            4.617779982
          ],
          [
            -74.068417209,
            4.618123008
          ],
          [
            -74.06827066,
            4.618600258
          ],
          [
            -74.068041958,
            4.619221808
          ],
          [
            -74.067805659,
            4.619719559
          ],
          [
            -74.06754721,
            4.620266407
          ],
          [
            -74.067248472,
            4.620970934
          ],
          [
            -74.067000308,
            4.621581968
          ],
          [
            -74.066657572,
            4.622473605
          ],
          [
            -74.066484697,
            4.623068519
          ],
          [
            -74.066103164,
            4.624536377
          ],
          [
            -74.066095225,
            4.624568801
          ],
          [
            -74.065855756,
            4.625546839
          ],
          [
            -74.065572577,
            4.626700798
          ],
          [
            -74.065378823,
            4.627484054
          ],
          [
            -74.065199975,
            4.628183604
          ],
          [
            -74.065074782,
            4.628682856
          ],
          [
            -74.064877455,
            4.629442792
          ],
          [
            -74.064667627,
            4.630078959
          ],
          [
            -74.064666603,
            4.630081786
          ],
          [
            -74.064414888,
            4.630777303
          ],
          [
            -74.064224136,
            4.631346504
          ],
          [
            -74.0640269,
            4.631864287
          ],
          [
            -74.063993199,
            4.631971159
          ],
          [
            -74.063823397,
            4.632857217
          ],
          [
            -74.063824423,
            4.634464946
          ],
          [
            -74.063810072,
            4.634899035
          ],
          [
            -74.063752794,
            4.635526849
          ],
          [
            -74.063702683,
            4.635989636
          ],
          [
            -74.063575973,
            4.636695769
          ],
          [
            -74.063369978,
            4.637639864
          ],
          [
            -74.063163645,
            4.638443092
          ],
          [
            -74.063098125,
            4.638698156
          ],
          [
            -74.062894234,
            4.639483802
          ],
          [
            -74.06255799,
            4.640807564
          ],
          [
            -74.062189563,
            4.642131323
          ],
          [
            -74.06187121,
            4.643315172
          ],
          [
            -74.061632149,
            4.644176273
          ],
          [
            -74.061398448,
            4.64506117
          ],
          [
            -74.061132013,
            4.645609313
          ],
          [
            -74.060780367,
            4.646114517
          ],
          [
            -74.060462662,
            4.646575071
          ],
          [
            -74.060291636,
            4.646822996
          ],
          [
            -74.060139652,
            4.647056167
          ],
          [
            -74.059862477,
            4.647680962
          ],
          [
            -74.05965502,
            4.648113578
          ],
          [
            -74.059635975,
            4.648153294
          ],
          [
            -74.059075085,
            4.649285211
          ],
          [
            -74.058685272,
            4.649997289
          ],
          [
            -74.058399177,
            4.650466025
          ],
          [
            -74.05804158,
            4.650872567
          ],
          [
            -74.0577126,
            4.651164313
          ],
          [
            -74.057316864,
            4.651570851
          ],
          [
            -74.057073694,
            4.651872173
          ],
          [
            -74.05649057,
            4.652839736
          ],
          [
            -74.056109108,
            4.653458538
          ],
          [
            -74.055779487,
            4.654086912
          ],
          [
            -74.055450448,
            4.654818728
          ],
          [
            -74.05542767,
            4.654869141
          ],
          [
            -74.055412132,
            4.65490353
          ],
          [
            -74.055121411,
            4.655546957
          ],
          [
            -74.054981439,
            4.655811553
          ],
          [
            -74.054935439,
            4.65589851
          ],
          [
            -74.054584977,
            4.656393545
          ],
          [
            -74.054166567,
            4.656985433
          ],
          [
            -74.053362385,
            4.658022051
          ],
          [
            -74.052801808,
            4.658765717
          ],
          [
            -74.052192781,
            4.659387716
          ],
          [
            -74.050781722,
            4.660708714
          ],
          [
            -74.050172904,
            4.661380688
          ],
          [
            -74.049586325,
            4.662036601
          ],
          [
            -74.049416239,
            4.662226791
          ],
          [
            -74.048964121,
            4.662700439
          ],
          [
            -74.048419863,
            4.663268329
          ],
          [
            -74.047596341,
            4.664086868
          ],
          [
            -74.047110831,
            4.664578914
          ],
          [
            -74.046793176,
            4.665123422
          ],
          [
            -74.046521038,
            4.665679507
          ],
          [
            -74.046314652,
            4.666101233
          ],
          [
            -74.045984343,
            4.666835849
          ],
          [
            -74.045634305,
            4.667596361
          ],
          [
            -74.04510934,
            4.668731379
          ],
          [
            -74.044605035,
            4.669786042
          ],
          [
            -74.044440101,
            4.670116895
          ],
          [
            -74.043811029,
            4.671378793
          ],
          [
            -74.043353753,
            4.672275136
          ],
          [
            -74.043111545,
            4.672820432
          ],
          [
            -74.042895287,
            4.673255101
          ],
          [
            -74.042397897,
            4.673842487
          ],
          [
            -74.04188534,
            4.674225081
          ],
          [
            -74.041348937,
            4.674661486
          ],
          [
            -74.040895963,
            4.67510388
          ],
          [
            -74.04062773,
            4.675534345
          ],
          [
            -74.040341573,
            4.676263767
          ],
          [
            -74.04022825,
            4.676897549
          ],
          [
            -74.04012776,
            4.677397696
          ],
          [
            -74.039894087,
            4.677842517
          ],
          [
            -74.039350494,
            4.678507323
          ],
          [
            -74.038773523,
            4.679205609
          ],
          [
            -74.038215624,
            4.679875197
          ],
          [
            -74.038213768,
            4.679877968
          ],
          [
            -74.03779599,
            4.680501756
          ],
          [
            -74.037462154,
            4.681219211
          ],
          [
            -74.03723396,
            4.681667618
          ],
          [
            -74.03716335,
            4.681827996
          ],
          [
            -74.037031271,
            4.682127988
          ],
          [
            -74.03653886,
            4.683185039
          ],
          [
            -74.036089364,
            4.684196653
          ],
          [
            -74.035558892,
            4.685375429
          ],
          [
            -74.035177151,
            4.686437608
          ],
          [
            -74.034955129,
            4.687438695
          ],
          [
            -74.034947273,
            4.687474115
          ],
          [
            -74.034725659,
            4.688659986
          ],
          [
            -74.034402809,
            4.689787159
          ],
          [
            -74.034395042,
            4.689810817
          ],
          [
            -74.034025144,
            4.690937432
          ],
          [
            -74.033601694,
            4.692186655
          ],
          [
            -74.033576013,
            4.692268829
          ],
          [
            -74.033316793,
            4.693098287
          ],
          [
            -74.032992449,
            4.694116525
          ],
          [
            -74.032711066,
            4.694740928
          ],
          [
            -74.03231525,
            4.695400972
          ],
          [
            -74.031986206,
            4.695888822
          ],
          [
            -74.031452094,
            4.696749745
          ],
          [
            -74.031075357,
            4.697338038
          ],
          [
            -74.03064636,
            4.697760699
          ],
          [
            -74.030425168,
            4.697968762
          ],
          [
            -74.03004379,
            4.698277186
          ],
          [
            -74.029886438,
            4.698401527
          ],
          [
            -74.029422997,
            4.698722469
          ],
          [
            -74.029175965,
            4.698994548
          ],
          [
            -74.029013813,
            4.699310224
          ],
          [
            -74.028913652,
            4.699558944
          ],
          [
            -74.028739525,
            4.700396807
          ],
          [
            -74.028722793,
            4.700477322
          ],
          [
            -74.02858917,
            4.701247425
          ],
          [
            -74.028596688,
            4.701847472
          ],
          [
            -74.028598579,
            4.701998418
          ],
          [
            -74.028650899,
            4.702739852
          ],
          [
            -74.028688884,
            4.703663051
          ],
          [
            -74.028621967,
            4.704672334
          ],
          [
            -74.028507301,
            4.706116898
          ],
          [
            -74.02849761,
            4.70704009
          ],
          [
            -74.028540413,
            4.707661938
          ],
          [
            -74.028597523,
            4.708269438
          ],
          [
            -74.028698554,
            4.709734057
          ],
          [
            -74.028723035,
            4.709976936
          ],
          [
            -74.028843011,
            4.710498807
          ],
          [
            -74.028877658,
            4.710649516
          ],
          [
            -74.029113695,
            4.711542308
          ],
          [
            -74.02912863,
            4.711609452
          ]
        ]
      },
      "properties": {
        "id_trazado": "TZ020",
        "le_troncal": "M",
        "nom_tronc": "Carrera 7",
        "tipo_tra": 2,
        "color": "#009A9D"
      }
    },
    {
      "type": "Feature",
      "geometry": {
        "type": "LineString",
        "coordinates": [
          [
            -74.124691618,
            4.684826827
          ],
          [
            -74.125225886,
            4.685230235
          ],
          [
            -74.126929722,
            4.686515674
          ],
          [
            -74.128052489,
            4.687354603
          ],
          [
            -74.129545695,
            4.6884916
          ],
          [
            -74.130881924,
            4.689463048
          ],
          [
            -74.132133394,
            4.690441955
          ],
          [
            -74.132858831,
            4.691009394
          ],
          [
            -74.133983004,
            4.6918181
          ],
          [
            -74.135402041,
            4.692880123
          ],
          [
            -74.13588509,
            4.693238726
          ],
          [
            -74.136648072,
            4.693805143
          ],
          [
            -74.138524022,
            4.695116918
          ],
          [
            -74.139898161,
            4.696151983
          ],
          [
            -74.140728887,
            4.696827669
          ],
          [
            -74.140731143,
            4.696829504
          ]
        ]
      },
      "properties": {
        "id_trazado": "TZ017",
        "le_troncal": "K",
        "nom_tronc": "Calle 26",
        "tipo_tra": 2,
        "color": "#D5B079"
      }
    },
    {
      "type": "Feature",
      "geometry": {
        "type": "LineString",
        "coordinates": [
          [
            -74.110531475,
            4.708344037
          ],
          [
            -74.111865525,
            4.709690096
          ],
          [
            -74.112561936,
            4.710375714
          ],
          [
            -74.113263799,
            4.711066697
          ],
          [
            -74.113958192,
            4.711750324
          ],
          [
            -74.114169356,
            4.711958214
          ],
          [
            -74.11429717,
            4.712136028
          ],
          [
            -74.114673304,
            4.712659306
          ],
          [
            -74.115693059,
            4.714077986
          ],
          [
            -74.117694591,
            4.716862488
          ],
          [
            -74.118719934,
            4.718288919
          ],
          [
            -74.11948542,
            4.719360758
          ],
          [
            -74.120766291,
            4.721154235
          ],
          [
            -74.121567662,
            4.722202166
          ],
          [
            -74.122981429,
            4.723942495
          ],
          [
            -74.12491269,
            4.726319833
          ],
          [
            -74.125757051,
            4.727359215
          ]
        ]
      },
      "properties": {
        "id_trazado": "TZ006",
        "le_troncal": "D",
        "nom_tronc": "Calle 80",
        "tipo_tra": 2,
        "color": "#8064A9"
      }
    },
    {
      "type": "Feature",
      "geometry": {
        "type": "LineString",
        "coordinates": [
          [
            -74.119830327,
            4.526963152
          ],
          [
            -74.119847083,
            4.527047193
          ],
          [
            -74.119868091,
            4.527152565
          ],
          [
            -74.119842529,
            4.527269659
          ],
          [
            -74.119787853,
            4.527353715
          ],
          [
            -74.119657857,
            4.527498791
          ],
          [
            -74.119493723,
            4.527681963
          ],
          [
            -74.119280314,
            4.527988133
          ],
          [
            -74.11918075,
            4.528154539
          ],
          [
            -74.119109461,
            4.52829712
          ],
          [
            -74.119086302,
            4.529070417
          ],
          [
            -74.119061005,
            4.530104084
          ],
          [
            -74.119041482,
            4.531233574
          ],
          [
            -74.119060268,
            4.532169347
          ],
          [
            -74.119068994,
            4.532381063
          ],
          [
            -74.119202991,
            4.532734061
          ],
          [
            -74.11939199,
            4.533025058
          ],
          [
            -74.119565989,
            4.533198057
          ],
          [
            -74.120006361,
            4.533530086
          ],
          [
            -74.120142257,
            4.533600378
          ],
          [
            -74.120326576,
            4.533818345
          ],
          [
            -74.120479639,
            4.533999352
          ],
          [
            -74.120675718,
            4.534271508
          ],
          [
            -74.120733348,
            4.534464997
          ],
          [
            -74.120745359,
            4.534619278
          ],
          [
            -74.120728916,
            4.534780738
          ],
          [
            -74.120644105,
            4.535113555
          ],
          [
            -74.120460267,
            4.535503825
          ],
          [
            -74.120340782,
            4.535742019
          ],
          [
            -74.120275415,
            4.535911408
          ],
          [
            -74.120229829,
            4.536078458
          ],
          [
            -74.120198192,
            4.536216604
          ],
          [
            -74.120185844,
            4.536333591
          ],
          [
            -74.120180244,
            4.536472333
          ],
          [
            -74.120198701,
            4.536608258
          ],
          [
            -74.120422943,
            4.537354209
          ],
          [
            -74.120450621,
            4.537454064
          ],
          [
            -74.120468049,
            4.537562412
          ],
          [
            -74.120470056,
            4.537689441
          ],
          [
            -74.12057264,
            4.539592139
          ],
          [
            -74.120611737,
            4.540418209
          ],
          [
            -74.120687445,
            4.541493072
          ],
          [
            -74.120721378,
            4.542072838
          ],
          [
            -74.120795882,
            4.543024546
          ],
          [
            -74.12085091,
            4.543644929
          ],
          [
            -74.120851589,
            4.543654329
          ],
          [
            -74.120890603,
            4.544195119
          ],
          [
            -74.120945337,
            4.544858662
          ],
          [
            -74.121045649,
            4.54602478
          ],
          [
            -74.121073286,
            4.546597595
          ],
          [
            -74.121095172,
            4.547353706
          ],
          [
            -74.121115064,
            4.547943334
          ],
          [
            -74.121129845,
            4.548407818
          ],
          [
            -74.121142933,
            4.548976968
          ],
          [
            -74.121176903,
            4.549568378
          ],
          [
            -74.121217506,
            4.55021353
          ],
          [
            -74.121387937,
            4.553324212
          ],
          [
            -74.12141348,
            4.554639158
          ],
          [
            -74.121402782,
            4.554761841
          ],
          [
            -74.121384653,
            4.554865013
          ],
          [
            -74.121360092,
            4.555011568
          ],
          [
            -74.121344116,
            4.555114431
          ],
          [
            -74.121348371,
            4.555263153
          ],
          [
            -74.121366896,
            4.555401921
          ],
          [
            -74.121486367,
            4.556023872
          ]
        ]
      },
      "properties": {
        "id_trazado": "TZ013",
        "le_troncal": "H",
        "nom_tronc": "Caracas Sur",
        "tipo_tra": 1,
        "color": "#F18500"
      }
    },
    {
      "type": "Feature",
      "geometry": {
        "type": "LineString",
        "coordinates": [
          [
            -74.110531475,
            4.708344037
          ],
          [
            -74.110070126,
            4.70791272
          ],
          [
            -74.110052427,
            4.707896174
          ],
          [
            -74.109100784,
            4.70700104
          ],
          [
            -74.108980192,
            4.706911382
          ],
          [
            -74.10882568,
            4.70679227
          ],
          [
            -74.108739323,
            4.706725245
          ],
          [
            -74.108667259,
            4.706669313
          ],
          [
            -74.108476182,
            4.706552695
          ],
          [
            -74.108115398,
            4.706325668
          ],
          [
            -74.107636711,
            4.706062022
          ],
          [
            -74.107119136,
            4.705805371
          ],
          [
            -74.106626551,
            4.70558186
          ],
          [
            -74.105998833,
            4.705297728
          ],
          [
            -74.104970229,
            4.704836093
          ],
          [
            -74.104807309,
            4.704777415
          ],
          [
            -74.104570266,
            4.704666461
          ],
          [
            -74.104328478,
            4.704553286
          ],
          [
            -74.104151236,
            4.704473144
          ],
          [
            -74.103961122,
            4.704390032
          ],
          [
            -74.102528539,
            4.70375909
          ],
          [
            -74.1022404,
            4.703619403
          ],
          [
            -74.101499928,
            4.703260426
          ],
          [
            -74.101078418,
            4.703034525
          ],
          [
            -74.100706206,
            4.702794628
          ],
          [
            -74.100421245,
            4.70258152
          ],
          [
            -74.100289645,
            4.702482851
          ],
          [
            -74.100198088,
            4.702414203
          ],
          [
            -74.09988497,
            4.702176705
          ],
          [
            -74.099307368,
            4.701719775
          ],
          [
            -74.098870389,
            4.701387421
          ],
          [
            -74.097747761,
            4.700412314
          ],
          [
            -74.097225312,
            4.700004005
          ],
          [
            -74.096874386,
            4.699749256
          ],
          [
            -74.096144747,
            4.699232842
          ],
          [
            -74.096017733,
            4.699150963
          ],
          [
            -74.095697007,
            4.69894421
          ],
          [
            -74.095378957,
            4.698748015
          ],
          [
            -74.094914949,
            4.698492289
          ],
          [
            -74.093916945,
            4.697921669
          ],
          [
            -74.093446175,
            4.697693465
          ],
          [
            -74.09279453,
            4.697338596
          ],
          [
            -74.092326768,
            4.697087109
          ],
          [
            -74.091932849,
            4.696881602
          ],
          [
            -74.091812388,
            4.696818757
          ],
          [
            -74.091367506,
            4.696565422
          ],
          [
            -74.091224193,
            4.696483404
          ],
          [
            -74.091006184,
            4.696376337
          ],
          [
            -74.09078368,
            4.696281209
          ],
          [
            -74.090393604,
            4.696150566
          ],
          [
            -74.089865942,
            4.695905884
          ],
          [
            -74.089162954,
            4.695479671
          ],
          [
            -74.088120773,
            4.694828589
          ],
          [
            -74.087971208,
            4.694728797
          ],
          [
            -74.087840881,
            4.694613153
          ],
          [
            -74.087713471,
            4.694489414
          ],
          [
            -74.087199826,
            4.694000201
          ],
          [
            -74.087131937,
            4.69393268
          ],
          [
            -74.0869972,
            4.693798671
          ],
          [
            -74.086805185,
            4.693607296
          ],
          [
            -74.086630041,
            4.69342569
          ],
          [
            -74.08617715,
            4.692881714
          ],
          [
            -74.085831644,
            4.692450396
          ],
          [
            -74.085531717,
            4.692051628
          ],
          [
            -74.085061417,
            4.691461406
          ],
          [
            -74.084817591,
            4.691151783
          ],
          [
            -74.08460127,
            4.690885927
          ],
          [
            -74.084557108,
            4.690831651
          ],
          [
            -74.084213021,
            4.690393475
          ],
          [
            -74.083817274,
            4.689971653
          ],
          [
            -74.083341188,
            4.689317783
          ],
          [
            -74.08271466,
            4.688487808
          ],
          [
            -74.082012908,
            4.687632786
          ],
          [
            -74.081263401,
            4.686678626
          ],
          [
            -74.081005984,
            4.686410423
          ],
          [
            -74.08076896,
            4.686100883
          ],
          [
            -74.080258805,
            4.685434648
          ],
          [
            -74.080034087,
            4.685104298
          ],
          [
            -74.079525841,
            4.684479244
          ],
          [
            -74.079141608,
            4.68397582
          ],
          [
            -74.079097469,
            4.683920249
          ],
          [
            -74.078452391,
            4.683108116
          ],
          [
            -74.078061775,
            4.682599268
          ],
          [
            -74.07755952,
            4.681977472
          ],
          [
            -74.077421421,
            4.681804754
          ],
          [
            -74.077227686,
            4.681562449
          ],
          [
            -74.076563686,
            4.680755177
          ],
          [
            -74.075821274,
            4.679795969
          ],
          [
            -74.07567838,
            4.67959871
          ],
          [
            -74.07552228,
            4.679420811
          ],
          [
            -74.07528605,
            4.679184524
          ],
          [
            -74.075096189,
            4.679003864
          ],
          [
            -74.074959276,
            4.678894617
          ],
          [
            -74.074826207,
            4.678795823
          ],
          [
            -74.074508257,
            4.678577601
          ],
          [
            -74.074060673,
            4.678252308
          ],
          [
            -74.073778859,
            4.678090934
          ],
          [
            -74.073502648,
            4.677912819
          ],
          [
            -74.073254761,
            4.677755746
          ],
          [
            -74.073161055,
            4.67769637
          ],
          [
            -74.072719418,
            4.677405771
          ],
          [
            -74.07258668,
            4.67732769
          ],
          [
            -74.071811512,
            4.676806854
          ],
          [
            -74.071111387,
            4.676331064
          ],
          [
            -74.070932024,
            4.676212063
          ],
          [
            -74.070543912,
            4.675954562
          ],
          [
            -74.070459816,
            4.675913287
          ],
          [
            -74.070163816,
            4.675768005
          ],
          [
            -74.069881873,
            4.675585548
          ],
          [
            -74.069802151,
            4.675535012
          ],
          [
            -74.069340574,
            4.675242415
          ],
          [
            -74.068993813,
            4.675035463
          ],
          [
            -74.068408337,
            4.674620828
          ],
          [
            -74.068403571,
            4.674617806
          ],
          [
            -74.068219856,
            4.674501318
          ],
          [
            -74.068055589,
            4.674372725
          ],
          [
            -74.06790826,
            4.674219791
          ],
          [
            -74.067525629,
            4.673824818
          ],
          [
            -74.067495835,
            4.673791651
          ],
          [
            -74.067209077,
            4.673472429
          ],
          [
            -74.067052258,
            4.673308787
          ],
          [
            -74.066829324,
            4.673031241
          ],
          [
            -74.066606648,
            4.672791108
          ],
          [
            -74.066470673,
            4.672637712
          ],
          [
            -74.066120275,
            4.672291083
          ],
          [
            -74.065630884,
            4.671749908
          ],
          [
            -74.06461171,
            4.670505704
          ],
          [
            -74.064338661,
            4.67016265
          ],
          [
            -74.063459376,
            4.669057934
          ],
          [
            -74.06337552,
            4.668903889
          ],
          [
            -74.063364081,
            4.668882826
          ],
          [
            -74.063336339,
            4.668851947
          ],
          [
            -74.063232821,
            4.668723596
          ],
          [
            -74.062699754,
            4.668085553
          ],
          [
            -74.062041637,
            4.667323351
          ],
          [
            -74.061665231,
            4.666885737
          ],
          [
            -74.061554147,
            4.66672839
          ],
          [
            -74.061414986,
            4.666543431
          ],
          [
            -74.061217782,
            4.666229315
          ],
          [
            -74.061149476,
            4.666088611
          ],
          [
            -74.061102321,
            4.665964593
          ],
          [
            -74.061067399,
            4.665865989
          ],
          [
            -74.061048027,
            4.665780738
          ],
          [
            -74.061033928,
            4.665703254
          ],
          [
            -74.061031752,
            4.665625313
          ],
          [
            -74.061017155,
            4.665571849
          ]
        ]
      },
      "properties": {
        "id_trazado": "TZ005",
        "le_troncal": "D",
        "nom_tronc": "Calle 80",
        "tipo_tra": 1,
        "color": "#8064A9"
      }
    },
    {
      "type": "Feature",
      "geometry": {
        "type": "MultiLineString",
        "coordinates": [
          [
            [
              -74.072302509,
              4.613475108
            ],
            [
              -74.072281859,
              4.613508808
            ],
            [
              -74.072258925,
              4.613563485
            ],
            [
              -74.072231109,
              4.613641208
            ],
            [
              -74.072171761,
              4.613756738
            ],
            [
              -74.072086288,
              4.613864663
            ],
            [
              -74.072049338,
              4.613911297
            ],
            [
              -74.072015493,
              4.613916956
            ],
            [
              -74.071974916,
              4.613923741
            ],
            [
              -74.071811944,
              4.61388316
            ]
          ],
          [
            [
              -74.072552809,
              4.613870508
            ],
            [
              -74.072488809,
              4.613826808
            ],
            [
              -74.072430109,
              4.613812308
            ],
            [
              -74.07233421,
              4.613820707
            ],
            [
              -74.07228891,
              4.613849008
            ],
            [
              -74.07223071,
              4.613895407
            ],
            [
              -74.07219431,
              4.613914907
            ],
            [
              -74.072102846,
              4.613981129
            ],
            [
              -74.072057669,
              4.614024903
            ],
            [
              -74.071957541,
              4.614206063
            ]
          ],
          [
            [
              -74.073448608,
              4.614334865
            ],
            [
              -74.07354471,
              4.614304108
            ],
            [
              -74.07368541,
              4.614197208
            ],
            [
              -74.07373931,
              4.614071807
            ],
            [
              -74.073753409,
              4.613972558
            ],
            [
              -74.073783165,
              4.613785118
            ],
            [
              -74.073826041,
              4.6135436
            ],
            [
              -74.073854807,
              4.613351215
            ]
          ],
          [
            [
              -74.073448608,
              4.614334865
            ],
            [
              -74.073369894,
              4.614256511
            ],
            [
              -74.073090889,
              4.613978776
            ],
            [
              -74.072561709,
              4.613445407
            ],
            [
              -74.07246791,
              4.613397207
            ],
            [
              -74.07242431,
              4.613391208
            ],
            [
              -74.07238611,
              4.613401207
            ],
            [
              -74.07233111,
              4.613434708
            ],
            [
              -74.072302509,
              4.613475108
            ]
          ],
          [
            [
              -74.073448675,
              4.614334932
            ],
            [
              -74.073448608,
              4.614334865
            ]
          ],
          [
            [
              -74.072302509,
              4.613475108
            ],
            [
              -74.07229711,
              4.613570108
            ],
            [
              -74.07231861,
              4.613618208
            ],
            [
              -74.07236421,
              4.613674308
            ],
            [
              -74.072468809,
              4.613781308
            ],
            [
              -74.072589958,
              4.613903107
            ],
            [
              -74.07286072,
              4.614154019
            ],
            [
              -74.072992352,
              4.614277032
            ],
            [
              -74.073048859,
              4.614321858
            ],
            [
              -74.073138409,
              4.614367607
            ],
            [
              -74.073190209,
              4.614383207
            ],
            [
              -74.073253609,
              4.614382208
            ],
            [
              -74.073307837,
              4.614375887
            ],
            [
              -74.07330883,
              4.614375581
            ],
            [
              -74.073390409,
              4.614350407
            ],
            [
              -74.073448675,
              4.614334932
            ]
          ],
          [
            [
              -74.073448675,
              4.614334932
            ],
            [
              -74.07350991,
              4.614395508
            ],
            [
              -74.073542109,
              4.614477708
            ],
            [
              -74.073541409,
              4.614559908
            ],
            [
              -74.073473709,
              4.614677908
            ],
            [
              -74.073394806,
              4.614747987
            ],
            [
              -74.073226909,
              4.614897108
            ],
            [
              -74.07312431,
              4.614986608
            ],
            [
              -74.072946372,
              4.615105464
            ]
          ],
          [
            [
              -74.124691618,
              4.684826827
            ],
            [
              -74.124691589,
              4.684826802
            ],
            [
              -74.124608285,
              4.684763909
            ],
            [
              -74.124418283,
              4.684610142
            ],
            [
              -74.124394439,
              4.684592412
            ],
            [
              -74.123167901,
              4.683680383
            ],
            [
              -74.122860692,
              4.683428639
            ],
            [
              -74.122666709,
              4.683268508
            ],
            [
              -74.122497542,
              4.683107372
            ],
            [
              -74.122155539,
              4.682655736
            ],
            [
              -74.121398017,
              4.681622029
            ],
            [
              -74.12100579,
              4.681081884
            ],
            [
              -74.120206243,
              4.679912454
            ],
            [
              -74.119930766,
              4.679438634
            ],
            [
              -74.119636895,
              4.678947023
            ],
            [
              -74.119617025,
              4.678914955
            ],
            [
              -74.118932641,
              4.677810459
            ],
            [
              -74.118521229,
              4.677152729
            ],
            [
              -74.117663744,
              4.675829479
            ],
            [
              -74.117147101,
              4.675024659
            ],
            [
              -74.117008892,
              4.67480936
            ],
            [
              -74.116477378,
              4.674014988
            ],
            [
              -74.115428633,
              4.672375376
            ],
            [
              -74.114444605,
              4.670827746
            ],
            [
              -74.113425567,
              4.669241085
            ],
            [
              -74.11328003,
              4.669008681
            ],
            [
              -74.11264923,
              4.668001375
            ],
            [
              -74.112272491,
              4.667399772
            ],
            [
              -74.111644323,
              4.666343975
            ],
            [
              -74.111381005,
              4.66588923
            ],
            [
              -74.110862726,
              4.665100086
            ],
            [
              -74.110423214,
              4.664462003
            ],
            [
              -74.110052653,
              4.663930708
            ],
            [
              -74.109679885,
              4.663393473
            ],
            [
              -74.109470463,
              4.663037367
            ],
            [
              -74.109254446,
              4.662681799
            ],
            [
              -74.108771999,
              4.661944439
            ],
            [
              -74.108770753,
              4.661942536
            ],
            [
              -74.108729849,
              4.66188002
            ],
            [
              -74.108016864,
              4.6607391
            ],
            [
              -74.107939332,
              4.660620844
            ],
            [
              -74.107820634,
              4.660439797
            ],
            [
              -74.107552859,
              4.660032491
            ],
            [
              -74.106525588,
              4.658408189
            ],
            [
              -74.105816101,
              4.657334184
            ],
            [
              -74.10564666,
              4.657067047
            ],
            [
              -74.105293978,
              4.65651102
            ],
            [
              -74.10457224,
              4.655394162
            ],
            [
              -74.103714246,
              4.654025132
            ],
            [
              -74.103464485,
              4.653633932
            ],
            [
              -74.103058995,
              4.652998809
            ],
            [
              -74.102276928,
              4.651839536
            ],
            [
              -74.102149651,
              4.651646042
            ],
            [
              -74.102076202,
              4.651543399
            ],
            [
              -74.101945042,
              4.651356537
            ],
            [
              -74.101672229,
              4.650903856
            ],
            [
              -74.101648819,
              4.65086482
            ],
            [
              -74.101530805,
              4.650668028
            ],
            [
              -74.101402248,
              4.650439805
            ],
            [
              -74.101300275,
              4.650298601
            ],
            [
              -74.100597283,
              4.649181454
            ],
            [
              -74.099697503,
              4.647828342
            ],
            [
              -74.099508524,
              4.647596547
            ],
            [
              -74.099317138,
              4.647306831
            ],
            [
              -74.099046451,
              4.646876394
            ],
            [
              -74.098823458,
              4.646521795
            ],
            [
              -74.098197645,
              4.645433172
            ],
            [
              -74.097258355,
              4.643980072
            ],
            [
              -74.096537709,
              4.642830025
            ],
            [
              -74.096353539,
              4.642536114
            ],
            [
              -74.095547423,
              4.641312686
            ],
            [
              -74.094544598,
              4.639757755
            ],
            [
              -74.093868228,
              4.638655881
            ],
            [
              -74.093430797,
              4.637963267
            ],
            [
              -74.093132858,
              4.637504445
            ],
            [
              -74.093132263,
              4.637503528
            ],
            [
              -74.092834131,
              4.637044407
            ],
            [
              -74.092684522,
              4.636820681
            ],
            [
              -74.092399476,
              4.636376489
            ],
            [
              -74.092171905,
              4.63606147
            ],
            [
              -74.092127369,
              4.635999818
            ],
            [
              -74.091803433,
              4.6355981
            ],
            [
              -74.091651953,
              4.635418038
            ],
            [
              -74.091445067,
              4.635247472
            ],
            [
              -74.091195866,
              4.635057027
            ],
            [
              -74.090943755,
              4.634872717
            ],
            [
              -74.090662797,
              4.634713657
            ],
            [
              -74.090288364,
              4.634524832
            ],
            [
              -74.089700848,
              4.63430649
            ],
            [
              -74.089065545,
              4.634070389
            ],
            [
              -74.088202703,
              4.633737138
            ],
            [
              -74.087105438,
              4.633329479
            ],
            [
              -74.085845597,
              4.632936874
            ],
            [
              -74.085081218,
              4.632597183
            ],
            [
              -74.084777797,
              4.632420175
            ],
            [
              -74.084523062,
              4.632189636
            ],
            [
              -74.08427632,
              4.631925181
            ],
            [
              -74.084045748,
              4.631636813
            ],
            [
              -74.083918841,
              4.631444567
            ],
            [
              -74.083527235,
              4.63087543
            ],
            [
              -74.083113731,
              4.63025396
            ],
            [
              -74.082945446,
              4.629943873
            ],
            [
              -74.082852533,
              4.629809553
            ],
            [
              -74.082747738,
              4.629658054
            ],
            [
              -74.081863143,
              4.628270989
            ],
            [
              -74.081269345,
              4.627345953
            ],
            [
              -74.081104463,
              4.627125742
            ],
            [
              -74.081090089,
              4.627105124
            ],
            [
              -74.080843498,
              4.626751404
            ],
            [
              -74.080648634,
              4.626512313
            ],
            [
              -74.080289659,
              4.625987366
            ],
            [
              -74.080270455,
              4.625959281
            ],
            [
              -74.079953465,
              4.625492346
            ],
            [
              -74.079475006,
              4.624708183
            ],
            [
              -74.079152448,
              4.62422187
            ],
            [
              -74.078722808,
              4.623611983
            ],
            [
              -74.078146837,
              4.622800575
            ],
            [
              -74.077650491,
              4.62218634
            ],
            [
              -74.07747844,
              4.621940153
            ],
            [
              -74.077333192,
              4.621767008
            ],
            [
              -74.07711845,
              4.621501613
            ],
            [
              -74.076725544,
              4.621020675
            ],
            [
              -74.076416967,
              4.620597135
            ],
            [
              -74.076320593,
              4.620464995
            ],
            [
              -74.076283374,
              4.620413964
            ],
            [
              -74.075970207,
              4.619952685
            ],
            [
              -74.075836555,
              4.61975487
            ],
            [
              -74.075802656,
              4.619667783
            ],
            [
              -74.075563649,
              4.619317003
            ],
            [
              -74.075174751,
              4.618733574
            ],
            [
              -74.075002576,
              4.618498207
            ],
            [
              -74.074821772,
              4.61824491
            ],
            [
              -74.07444272,
              4.617696299
            ],
            [
              -74.073881634,
              4.616875491
            ],
            [
              -74.073236502,
              4.616010981
            ],
            [
              -74.072791294,
              4.615404299
            ],
            [
              -74.072782487,
              4.615392298
            ],
            [
              -74.072755069,
              4.615354934
            ],
            [
              -74.072373615,
              4.61484633
            ],
            [
              -74.072005203,
              4.614286788
            ],
            [
              -74.071957541,
              4.614206063
            ],
            [
              -74.071845541,
              4.613965089
            ],
            [
              -74.071811944,
              4.61388316
            ],
            [
              -74.071371199,
              4.612808358
            ],
            [
              -74.071057118,
              4.612400732
            ],
            [
              -74.070768972,
              4.612117928
            ],
            [
              -74.070744624,
              4.612094032
            ],
            [
              -74.070543152,
              4.611879818
            ],
            [
              -74.069982994,
              4.611380817
            ],
            [
              -74.069976757,
              4.611375261
            ],
            [
              -74.068584457,
              4.610154316
            ],
            [
              -74.067391479,
              4.609429676
            ],
            [
              -74.066564002,
              4.6089417
            ],
            [
              -74.066415461,
              4.608828699
            ],
            [
              -74.066342734,
              4.6087384
            ],
            [
              -74.06631047,
              4.608670964
            ],
            [
              -74.066268863,
              4.608568073
            ],
            [
              -74.066320375,
              4.608163236
            ],
            [
              -74.066390481,
              4.60784597
            ],
            [
              -74.066449145,
              4.607535882
            ],
            [
              -74.066413877,
              4.607185829
            ],
            [
              -74.066390078,
              4.606779122
            ],
            [
              -74.066390718,
              4.606656956
            ],
            [
              -74.066399139,
              4.606535191
            ],
            [
              -74.066422722,
              4.606412198
            ],
            [
              -74.066456408,
              4.606293947
            ],
            [
              -74.066535878,
              4.606119449
            ],
            [
              -74.066657146,
              4.605890542
            ],
            [
              -74.066746464,
              4.605705257
            ],
            [
              -74.066839552,
              4.605532994
            ],
            [
              -74.066937963,
              4.605339072
            ],
            [
              -74.066975101,
              4.605270431
            ],
            [
              -74.067079042,
              4.605083711
            ],
            [
              -74.067155762,
              4.60494908
            ],
            [
              -74.067256853,
              4.604757599
            ],
            [
              -74.067315846,
              4.604646225
            ],
            [
              -74.067451369,
              4.604390376
            ],
            [
              -74.067684125,
              4.603958063
            ],
            [
              -74.06783325,
              4.603652823
            ],
            [
              -74.067902737,
              4.603472764
            ],
            [
              -74.067931076,
              4.60340528
            ],
            [
              -74.068056976,
              4.603105443
            ]
          ]
        ]
      },
      "properties": {
        "id_trazado": "TZ016",
        "le_troncal": "K",
        "nom_tronc": "Calle 26",
        "tipo_tra": 1,
        "color": "#D5B079"
      }
    },
    {
      "type": "Feature",
      "geometry": {
        "type": "MultiLineString",
        "coordinates": [
          [
            [
              -74.068794009,
              4.673771508
            ],
            [
              -74.068760129,
              4.67345926
            ],
            [
              -74.068782009,
              4.673118707
            ],
            [
              -74.068981809,
              4.672899507
            ],
            [
              -74.06968426,
              4.672189648
            ],
            [
              -74.070318698,
              4.671452358
            ],
            [
              -74.070399369,
              4.671219937
            ],
            [
              -74.070200498,
              4.671297852
            ],
            [
              -74.06945528,
              4.672159201
            ],
            [
              -74.068950817,
              4.672649337
            ],
            [
              -74.068760378,
              4.672899405
            ],
            [
              -74.068709848,
              4.673074246
            ],
            [
              -74.068698509,
              4.673115907
            ],
            [
              -74.068721155,
              4.673453037
            ],
            [
              -74.068633859,
              4.673730657
            ]
          ],
          [
            [
              -74.069015809,
              4.674311107
            ],
            [
              -74.069059609,
              4.674226007
            ],
            [
              -74.069058906,
              4.674105266
            ],
            [
              -74.069034009,
              4.674030308
            ],
            [
              -74.068997609,
              4.673960108
            ],
            [
              -74.068906509,
              4.673852907
            ],
            [
              -74.06884961,
              4.673800908
            ],
            [
              -74.068794009,
              4.673771508
            ],
            [
              -74.068738409,
              4.673742107
            ],
            [
              -74.068713458,
              4.673735758
            ],
            [
              -74.068688509,
              4.673729407
            ],
            [
              -74.068633859,
              4.673730657
            ],
            [
              -74.068579209,
              4.673731908
            ],
            [
              -74.068515165,
              4.673776372
            ],
            [
              -74.06845531,
              4.673840808
            ],
            [
              -74.068422009,
              4.673884807
            ],
            [
              -74.068397309,
              4.673975807
            ],
            [
              -74.068398409,
              4.674030608
            ],
            [
              -74.068405089,
              4.674079336
            ],
            [
              -74.068488417,
              4.67423366
            ],
            [
              -74.06862622,
              4.674337944
            ]
          ],
          [
            [
              -74.069015809,
              4.674311107
            ],
            [
              -74.069561978,
              4.674634351
            ],
            [
              -74.070035571,
              4.67489994
            ],
            [
              -74.070316604,
              4.675075898
            ],
            [
              -74.070448236,
              4.675209411
            ],
            [
              -74.070516914,
              4.675331435
            ],
            [
              -74.070551252,
              4.675447719
            ],
            [
              -74.070575574,
              4.675627169
            ],
            [
              -74.070538789,
              4.675787942
            ],
            [
              -74.070472017,
              4.675899963
            ],
            [
              -74.070459816,
              4.675913287
            ],
            [
              -74.070444263,
              4.675930272
            ],
            [
              -74.070442997,
              4.67593164
            ]
          ],
          [
            [
              -74.069015809,
              4.674311107
            ],
            [
              -74.068985309,
              4.674344307
            ],
            [
              -74.068948509,
              4.674375408
            ],
            [
              -74.068896609,
              4.674398008
            ],
            [
              -74.068854009,
              4.674407308
            ],
            [
              -74.068798309,
              4.674399007
            ],
            [
              -74.068706009,
              4.674384407
            ],
            [
              -74.06862622,
              4.674337944
            ],
            [
              -74.068541293,
              4.674445594
            ],
            [
              -74.068410235,
              4.674606697
            ],
            [
              -74.068403571,
              4.674617806
            ],
            [
              -74.068352731,
              4.674702563
            ],
            [
              -74.068249442,
              4.674874756
            ],
            [
              -74.068047259,
              4.675161541
            ],
            [
              -74.067589188,
              4.675773684
            ],
            [
              -74.067369501,
              4.676075815
            ],
            [
              -74.067176738,
              4.676389657
            ],
            [
              -74.067158355,
              4.676419588
            ],
            [
              -74.066918764,
              4.676815245
            ],
            [
              -74.066752464,
              4.677138917
            ],
            [
              -74.066365306,
              4.677799443
            ],
            [
              -74.065629706,
              4.679043165
            ],
            [
              -74.065047652,
              4.679992694
            ],
            [
              -74.064816625,
              4.680351057
            ],
            [
              -74.064781387,
              4.680405716
            ],
            [
              -74.064543295,
              4.68077771
            ],
            [
              -74.064302475,
              4.681128732
            ],
            [
              -74.064170765,
              4.681285302
            ],
            [
              -74.064018411,
              4.681447463
            ],
            [
              -74.063882996,
              4.681591595
            ],
            [
              -74.063734217,
              4.681793101
            ],
            [
              -74.063562062,
              4.682080776
            ],
            [
              -74.063393979,
              4.682345693
            ],
            [
              -74.063253231,
              4.682559844
            ],
            [
              -74.063163298,
              4.682702975
            ],
            [
              -74.062965926,
              4.683037757
            ],
            [
              -74.062913535,
              4.683151314
            ],
            [
              -74.06288378,
              4.683233494
            ],
            [
              -74.062864119,
              4.6833514
            ],
            [
              -74.062835299,
              4.683495888
            ],
            [
              -74.062836391,
              4.683675267
            ],
            [
              -74.062848531,
              4.683770657
            ],
            [
              -74.06290051,
              4.683979987
            ],
            [
              -74.062950615,
              4.684095811
            ],
            [
              -74.0629959,
              4.684236598
            ],
            [
              -74.063070539,
              4.684401543
            ],
            [
              -74.063218271,
              4.684694637
            ],
            [
              -74.063364324,
              4.684977625
            ],
            [
              -74.06344461,
              4.685136511
            ],
            [
              -74.063634953,
              4.685420105
            ],
            [
              -74.063796676,
              4.685684541
            ],
            [
              -74.063991196,
              4.686032278
            ],
            [
              -74.064170572,
              4.686373684
            ],
            [
              -74.064290013,
              4.686631436
            ],
            [
              -74.064442843,
              4.686968339
            ],
            [
              -74.064592743,
              4.687298785
            ],
            [
              -74.06466505,
              4.687458017
            ],
            [
              -74.064753792,
              4.687663016
            ],
            [
              -74.064868321,
              4.687936273
            ],
            [
              -74.064982103,
              4.688238921
            ],
            [
              -74.065107645,
              4.688618917
            ],
            [
              -74.065167745,
              4.688803215
            ],
            [
              -74.065197306,
              4.688900896
            ],
            [
              -74.065213411,
              4.688971748
            ],
            [
              -74.065226906,
              4.689048168
            ],
            [
              -74.065227943,
              4.689059826
            ],
            [
              -74.065239256,
              4.689187074
            ],
            [
              -74.065264008,
              4.689366629
            ],
            [
              -74.065503062,
              4.690075402
            ],
            [
              -74.065674205,
              4.690514514
            ],
            [
              -74.065757331,
              4.690727938
            ],
            [
              -74.065860017,
              4.691005143
            ],
            [
              -74.065953627,
              4.691186986
            ],
            [
              -74.066006007,
              4.691299238
            ],
            [
              -74.066108141,
              4.691514634
            ],
            [
              -74.066644744,
              4.692413228
            ],
            [
              -74.066780836,
              4.69265744
            ],
            [
              -74.066974909,
              4.692998327
            ],
            [
              -74.067153391,
              4.693302517
            ],
            [
              -74.06720874,
              4.693400771
            ],
            [
              -74.067248744,
              4.693471784
            ],
            [
              -74.067432115,
              4.693775975
            ],
            [
              -74.067627147,
              4.6940631
            ],
            [
              -74.067757783,
              4.694288235
            ],
            [
              -74.067920088,
              4.694553052
            ],
            [
              -74.068402623,
              4.695406542
            ],
            [
              -74.068716636,
              4.695979422
            ],
            [
              -74.068778617,
              4.6960925
            ],
            [
              -74.068862721,
              4.696270922
            ],
            [
              -74.068957248,
              4.696516151
            ],
            [
              -74.069054028,
              4.696807463
            ],
            [
              -74.069358532,
              4.697739195
            ],
            [
              -74.069502061,
              4.698176167
            ],
            [
              -74.069571194,
              4.698391503
            ],
            [
              -74.069696241,
              4.69876331
            ],
            [
              -74.06982817,
              4.699187605
            ],
            [
              -74.069843942,
              4.699241108
            ],
            [
              -74.069956529,
              4.699623036
            ],
            [
              -74.07008446,
              4.700032235
            ],
            [
              -74.070184757,
              4.700406924
            ],
            [
              -74.070301565,
              4.700791745
            ],
            [
              -74.070503525,
              4.70141375
            ],
            [
              -74.070539262,
              4.701600306
            ],
            [
              -74.070584981,
              4.702065256
            ],
            [
              -74.070643307,
              4.702783354
            ],
            [
              -74.07077258,
              4.704333424
            ],
            [
              -74.070904666,
              4.705270605
            ],
            [
              -74.071008136,
              4.705796851
            ],
            [
              -74.071059181,
              4.706141005
            ],
            [
              -74.071149644,
              4.706573982
            ],
            [
              -74.071174266,
              4.706689823
            ],
            [
              -74.071259667,
              4.707091593
            ],
            [
              -74.071402484,
              4.707571083
            ],
            [
              -74.071472035,
              4.70785296
            ],
            [
              -74.071582706,
              4.708380777
            ],
            [
              -74.07174438,
              4.709160203
            ],
            [
              -74.071871037,
              4.709840732
            ],
            [
              -74.071916586,
              4.710109737
            ],
            [
              -74.072088164,
              4.711005718
            ],
            [
              -74.072089529,
              4.711012846
            ],
            [
              -74.072189502,
              4.711488433
            ],
            [
              -74.072307198,
              4.712001231
            ],
            [
              -74.072309326,
              4.712010503
            ],
            [
              -74.072406232,
              4.712480062
            ],
            [
              -74.072533072,
              4.713025055
            ],
            [
              -74.072603122,
              4.713382871
            ],
            [
              -74.072702215,
              4.713802626
            ],
            [
              -74.072849648,
              4.714364267
            ],
            [
              -74.072967169,
              4.714828048
            ],
            [
              -74.073222176,
              4.715918568
            ],
            [
              -74.073525992,
              4.717131189
            ],
            [
              -74.073858536,
              4.718558094
            ],
            [
              -74.074001969,
              4.719062052
            ],
            [
              -74.074087766,
              4.7192809
            ],
            [
              -74.074241501,
              4.719522478
            ],
            [
              -74.074608157,
              4.720140746
            ],
            [
              -74.074652681,
              4.720261486
            ],
            [
              -74.074689617,
              4.720463618
            ],
            [
              -74.074701368,
              4.720788712
            ],
            [
              -74.074711634,
              4.721267158
            ],
            [
              -74.074716475,
              4.721492803
            ],
            [
              -74.074727912,
              4.721821372
            ],
            [
              -74.074764183,
              4.722780156
            ],
            [
              -74.074822252,
              4.723785635
            ],
            [
              -74.074783981,
              4.725034094
            ],
            [
              -74.07476003,
              4.726124703
            ],
            [
              -74.07473697,
              4.727030823
            ],
            [
              -74.074723895,
              4.727445643
            ],
            [
              -74.074723339,
              4.727455841
            ],
            [
              -74.074705907,
              4.727775381
            ],
            [
              -74.07467403,
              4.7288626
            ],
            [
              -74.074673833,
              4.729777289
            ],
            [
              -74.074774823,
              4.730633286
            ],
            [
              -74.075000735,
              4.731908142
            ],
            [
              -74.075030951,
              4.732011159
            ],
            [
              -74.075070064,
              4.732145301
            ],
            [
              -74.075200664,
              4.732472094
            ],
            [
              -74.075309136,
              4.732632316
            ],
            [
              -74.075465567,
              4.732759383
            ],
            [
              -74.075601021,
              4.732839539
            ],
            [
              -74.075740579,
              4.73289189
            ],
            [
              -74.075851429,
              4.732917014
            ],
            [
              -74.076434296,
              4.732931423
            ],
            [
              -74.076738245,
              4.732942217
            ],
            [
              -74.076857112,
              4.732968964
            ],
            [
              -74.076930987,
              4.732985586
            ],
            [
              -74.077043001,
              4.733026234
            ],
            [
              -74.0772149,
              4.733105676
            ],
            [
              -74.077293798,
              4.733164462
            ],
            [
              -74.077518083,
              4.733331571
            ],
            [
              -74.077553839,
              4.73336458
            ],
            [
              -74.078033922,
              4.73375839
            ],
            [
              -74.078386388,
              4.733970089
            ],
            [
              -74.078548527,
              4.734052041
            ],
            [
              -74.078878306,
              4.734174647
            ],
            [
              -74.079405042,
              4.734358571
            ],
            [
              -74.079582017,
              4.734441819
            ],
            [
              -74.079743772,
              4.734554516
            ],
            [
              -74.07989413,
              4.734683888
            ],
            [
              -74.080246354,
              4.7349768
            ],
            [
              -74.080586796,
              4.735236449
            ],
            [
              -74.080986523,
              4.735508112
            ],
            [
              -74.081336607,
              4.73575485
            ],
            [
              -74.081558177,
              4.735892628
            ],
            [
              -74.08161646,
              4.735939211
            ],
            [
              -74.081730951,
              4.736053873
            ],
            [
              -74.081907269,
              4.736270965
            ],
            [
              -74.082301524,
              4.736781389
            ],
            [
              -74.082412923,
              4.736900027
            ],
            [
              -74.082548796,
              4.737018667
            ],
            [
              -74.082601716,
              4.737055982
            ],
            [
              -74.082735877,
              4.737136357
            ],
            [
              -74.082942983,
              4.73724161
            ],
            [
              -74.083150959,
              4.737308212
            ],
            [
              -74.083530499,
              4.737423273
            ],
            [
              -74.083925614,
              4.737524531
            ],
            [
              -74.085303973,
              4.737943383
            ],
            [
              -74.08550115,
              4.738000458
            ],
            [
              -74.085914707,
              4.738130321
            ],
            [
              -74.086067,
              4.738175166
            ],
            [
              -74.086216813,
              4.738235234
            ],
            [
              -74.086285771,
              4.738274928
            ],
            [
              -74.086364462,
              4.738333038
            ],
            [
              -74.086471432,
              4.738411186
            ],
            [
              -74.08665808,
              4.738602187
            ],
            [
              -74.086910471,
              4.738852115
            ],
            [
              -74.086992284,
              4.738936786
            ],
            [
              -74.087284415,
              4.739239124
            ],
            [
              -74.087463393,
              4.739408718
            ],
            [
              -74.087865565,
              4.739812112
            ],
            [
              -74.088604198,
              4.740569265
            ],
            [
              -74.088961761,
              4.740928049
            ],
            [
              -74.089210483,
              4.741143269
            ],
            [
              -74.089437153,
              4.74128553
            ],
            [
              -74.089654487,
              4.741405224
            ],
            [
              -74.089862845,
              4.741516479
            ],
            [
              -74.090034111,
              4.741619992
            ],
            [
              -74.090292647,
              4.741829348
            ],
            [
              -74.090818075,
              4.742320903
            ],
            [
              -74.091177752,
              4.742634819
            ],
            [
              -74.091200456,
              4.742654328
            ],
            [
              -74.091518174,
              4.742927347
            ],
            [
              -74.091744729,
              4.743123129
            ],
            [
              -74.092379624,
              4.743658692
            ],
            [
              -74.093579215,
              4.744560756
            ],
            [
              -74.09361339,
              4.744743525
            ],
            [
              -74.093628277,
              4.744916924
            ],
            [
              -74.093666995,
              4.745185992
            ],
            [
              -74.093903603,
              4.745331744
            ],
            [
              -74.093969268,
              4.745370848
            ],
            [
              -74.094031392,
              4.745414844
            ],
            [
              -74.094111984,
              4.745468744
            ],
            [
              -74.094211046,
              4.745544541
            ],
            [
              -74.094236232,
              4.745615286
            ],
            [
              -74.094275017,
              4.74577376
            ],
            [
              -74.094415423,
              4.746296798
            ],
            [
              -74.094766956,
              4.747792921
            ],
            [
              -74.094820252,
              4.748068448
            ],
            [
              -74.094843096,
              4.748311625
            ],
            [
              -74.09466429,
              4.748419238
            ],
            [
              -74.094452309,
              4.748409407
            ],
            [
              -74.09434066,
              4.748175381
            ],
            [
              -74.093755714,
              4.74575064
            ],
            [
              -74.093713438,
              4.745566345
            ],
            [
              -74.093692237,
              4.745426643
            ],
            [
              -74.093666995,
              4.745185992
            ]
          ]
        ]
      },
      "properties": {
        "id_trazado": "TZ003",
        "le_troncal": "C",
        "nom_tronc": "Suba",
        "tipo_tra": 1,
        "color": "#FCBD1B"
      }
    },
    {
      "type": "Feature",
      "geometry": {
        "type": "LineString",
        "coordinates": [
          [
            -74.187961446,
            4.618153904
          ],
          [
            -74.187679983,
            4.618310079
          ],
          [
            -74.187393753,
            4.618438893
          ],
          [
            -74.187205464,
            4.618502767
          ],
          [
            -74.186944531,
            4.618554176
          ],
          [
            -74.18655733,
            4.618614719
          ],
          [
            -74.186486144,
            4.61862585
          ],
          [
            -74.185906014,
            4.618704665
          ],
          [
            -74.185677302,
            4.618734947
          ],
          [
            -74.185644787,
            4.618741164
          ],
          [
            -74.185293876,
            4.618808266
          ],
          [
            -74.184791767,
            4.618914562
          ],
          [
            -74.184353966,
            4.619007243
          ],
          [
            -74.1837111,
            4.619113341
          ],
          [
            -74.183364386,
            4.619259186
          ],
          [
            -74.182922395,
            4.61966868
          ],
          [
            -74.182547153,
            4.620369685
          ],
          [
            -74.182483825,
            4.62048799
          ],
          [
            -74.182209797,
            4.621146261
          ],
          [
            -74.181857447,
            4.621640714
          ],
          [
            -74.181402917,
            4.622048901
          ],
          [
            -74.1805374,
            4.62284555
          ],
          [
            -74.179664984,
            4.623580929
          ],
          [
            -74.17868126,
            4.624423744
          ],
          [
            -74.178271397,
            4.624803583
          ],
          [
            -74.177626148,
            4.625401563
          ],
          [
            -74.177284598,
            4.625663073
          ],
          [
            -74.176981923,
            4.625851167
          ],
          [
            -74.176405294,
            4.626109883
          ],
          [
            -74.175875229,
            4.626346548
          ],
          [
            -74.175473524,
            4.626493138
          ],
          [
            -74.175165984,
            4.626631137
          ],
          [
            -74.174550947,
            4.626861718
          ],
          [
            -74.173550294,
            4.627220973
          ]
        ]
      },
      "properties": {
        "id_trazado": "TZ022A",
        "le_troncal": "Z",
        "nom_tronc": "Avenida Ciudad de Cali",
        "tipo_tra": 2,
        "color": "#BD202A"
      }
    },
    {
      "type": "Feature",
      "geometry": {
        "type": "LineString",
        "coordinates": [
          [
            -74.20830958,
            4.605744486
          ],
          [
            -74.206119602,
            4.606724603
          ],
          [
            -74.205216415,
            4.607143958
          ],
          [
            -74.204843776,
            4.607348484
          ],
          [
            -74.204669222,
            4.607481882
          ],
          [
            -74.204505594,
            4.607684102
          ],
          [
            -74.204328563,
            4.607960235
          ],
          [
            -74.204093365,
            4.608345343
          ],
          [
            -74.203887048,
            4.608691446
          ],
          [
            -74.203538612,
            4.609213691
          ],
          [
            -74.203228359,
            4.609695308
          ],
          [
            -74.203029719,
            4.61002827
          ],
          [
            -74.202777592,
            4.610419707
          ],
          [
            -74.202494916,
            4.610875121
          ],
          [
            -74.202287781,
            4.611176145
          ],
          [
            -74.201742685,
            4.611994885
          ],
          [
            -74.201210409,
            4.612768843
          ],
          [
            -74.201088552,
            4.612961319
          ],
          [
            -74.20084174,
            4.613226775
          ],
          [
            -74.200592119,
            4.613389525
          ],
          [
            -74.200332829,
            4.613479915
          ],
          [
            -74.20004878,
            4.613528885
          ],
          [
            -74.199823804,
            4.613519548
          ],
          [
            -74.199517004,
            4.613484589
          ],
          [
            -74.198655969,
            4.613322821
          ],
          [
            -74.197909065,
            4.613148092
          ],
          [
            -74.197529624,
            4.61309015
          ],
          [
            -74.197181414,
            4.613096829
          ],
          [
            -74.196753359,
            4.613161565
          ],
          [
            -74.196369204,
            4.613148148
          ],
          [
            -74.19597069,
            4.613130288
          ],
          [
            -74.195655662,
            4.61311469
          ],
          [
            -74.195427224,
            4.613110245
          ],
          [
            -74.195204089,
            4.613137017
          ],
          [
            -74.195067423,
            4.613184068
          ],
          [
            -74.194951353,
            4.613235905
          ],
          [
            -74.194769146,
            4.613340603
          ],
          [
            -74.194564718,
            4.613515605
          ],
          [
            -74.194207055,
            4.613894749
          ],
          [
            -74.193860645,
            4.614270947
          ],
          [
            -74.193642773,
            4.614462469
          ],
          [
            -74.193276634,
            4.614842911
          ],
          [
            -74.19306803,
            4.615073513
          ],
          [
            -74.192948484,
            4.615198282
          ],
          [
            -74.192751682,
            4.615377593
          ],
          [
            -74.192606619,
            4.615491584
          ],
          [
            -74.192464384,
            4.615601702
          ],
          [
            -74.192283079,
            4.615725865
          ],
          [
            -74.192106785,
            4.615828391
          ],
          [
            -74.191868593,
            4.615929072
          ],
          [
            -74.191739142,
            4.615984402
          ],
          [
            -74.19155289,
            4.61604233
          ],
          [
            -74.191323675,
            4.616104629
          ],
          [
            -74.191092836,
            4.616159577
          ],
          [
            -74.190781201,
            4.616232817
          ],
          [
            -74.190483283,
            4.616287231
          ],
          [
            -74.19020986,
            4.616378791
          ],
          [
            -74.189903556,
            4.616520489
          ],
          [
            -74.189382066,
            4.616883336
          ],
          [
            -74.188974769,
            4.617320266
          ],
          [
            -74.188599982,
            4.61771621
          ],
          [
            -74.188263518,
            4.617971819
          ],
          [
            -74.187961446,
            4.618153904
          ]
        ]
      },
      "properties": {
        "id_trazado": "TZ022",
        "le_troncal": "Z",
        "nom_tronc": "Avenida Ciudad de Cali",
        "tipo_tra": 1,
        "color": "#BD202A"
      }
    },
    {
      "type": "Feature",
      "geometry": {
        "type": "LineString",
        "coordinates": [
          [
            -74.13967678,
            4.569193484
          ],
          [
            -74.139839442,
            4.568911983
          ],
          [
            -74.140163035,
            4.568351975
          ],
          [
            -74.140864751,
            4.567137586
          ],
          [
            -74.141001971,
            4.566900111
          ],
          [
            -74.141580869,
            4.565898267
          ],
          [
            -74.142569244,
            4.564187771
          ],
          [
            -74.143483514,
            4.562605515
          ],
          [
            -74.144358061,
            4.561091996
          ],
          [
            -74.145148195,
            4.559724559
          ],
          [
            -74.146630433,
            4.557159323
          ],
          [
            -74.147241675,
            4.556101472
          ],
          [
            -74.147264934,
            4.556061218
          ],
          [
            -74.147412547,
            4.555805748
          ],
          [
            -74.147422724,
            4.555787616
          ]
        ]
      },
      "properties": {
        "id_trazado": "13",
        "le_troncal": "T",
        "nom_tronc": "TransMiCable",
        "tipo_tra": 1,
        "color": "#808000"
      }
    },
    {
      "type": "Feature",
      "geometry": {
        "type": "LineString",
        "coordinates": [
          [
            -74.147412547,
            4.555805748
          ],
          [
            -74.147422724,
            4.555787616
          ],
          [
            -74.147529738,
            4.555596953
          ],
          [
            -74.147868092,
            4.554994118
          ],
          [
            -74.148178534,
            4.554441014
          ],
          [
            -74.149041673,
            4.552903178
          ],
          [
            -74.150337671,
            4.550594114
          ],
          [
            -74.150516792,
            4.550274973
          ]
        ]
      },
      "properties": {
        "id_trazado": "13",
        "le_troncal": "T",
        "nom_tronc": "TransMiCable",
        "tipo_tra": 1,
        "color": "#808000"
      }
    },
    {
      "type": "Feature",
      "geometry": {
        "type": "LineString",
        "coordinates": [
          [
            -74.150516792,
            4.550274973
          ],
          [
            -74.150806136,
            4.550268887
          ],
          [
            -74.15097774,
            4.550265278
          ],
          [
            -74.152393222,
            4.550235502
          ],
          [
            -74.153697821,
            4.550208057
          ],
          [
            -74.154668572,
            4.550187633
          ],
          [
            -74.156449569,
            4.55015016
          ],
          [
            -74.158412889,
            4.550108845
          ],
          [
            -74.158850556,
            4.550099634
          ]
        ]
      },
      "properties": {
        "id_trazado": "13",
        "le_troncal": "T",
        "nom_tronc": "TransMiCable",
        "tipo_tra": 1,
        "color": "#808000"
      }
    }
  ]
}
