route_id,index,from_stop,to_stop,metres,seconds,seconds_peak,seconds_offpeak,trips
10039,0,73512,61752,801.0,147.0,175,146,518
10039,1,61752,61740,883.0,162.0,193,161,518
10039,2,61740,61761,1136.0,208.0,249.0,207.0,518
10039,3,61761,61749,2660.0,487.0,581.0,484.0,518
10039,4,61749,61725,2922.0,536.0,639.0,533.0,518
10039,5,61725,72762,831.0,152.0,182,151,518
10039,6,72762,72764,819.0,150.0,179,150,518
10039,7,72764,61992,1873.0,344.0,411,341,518
10039,8,61992,61955,627.0,115.0,138,114,518
10039,9,61955,61985,635.0,116.0,141,116,518
10039,10,61985,62315,808.0,148.0,178.0,147.0,518
10056,0,61970,61940,1135.0,246,243,246.0,555
10056,1,61940,61978,873.0,189,188,189.0,555
10056,2,61978,61939,556.0,120,119,120.0,555
10056,3,61939,61960,600.0,130,128.0,130,555
10056,4,61960,61949,590.0,128,127,128.0,555
10056,5,61949,61930,487.0,105,104,105.0,555
10056,6,61930,61990,909.0,197,195.0,197,555
10056,7,61990,61955,705.0,153,153,153.0,555
10056,8,61955,61984,515.0,111,110.5,111,555
10056,9,61984,71424,835.0,181,180.0,181,555
10067,0,62315,61986,449.0,88.0,96.0,87.0,514
10067,1,61986,61959,718.0,139.0,152.0,139.0,514
10067,2,61959,61997,696.0,136.0,148.0,135.0,514
10067,3,61997,72757,1647.0,321.0,351.5,319.0,514
10067,4,72757,72760,884.0,172.0,188,171,514
10067,5,72760,61731,858.0,167.0,184,167,514
10067,6,61731,61750,2894.0,564.0,617.5,560.0,514
10067,7,61750,61762,2658.0,518.0,569.5,515.0,514
10067,8,61762,61743,1140.0,223.0,245,221,514
10067,9,61743,61755,894.0,174.0,192.0,174.0,514
10067,10,61755,73512,632.0,123.0,136,122,514
10070,0,71424,61987,673.0,148.0,164.0,147.0,548
10070,1,61987,61959,587.0,129.0,144.0,127.0,548
10070,2,61959,61996,637.0,140.0,156,139,548
10070,3,61996,61935,1053.0,231.0,257.0,229.0,548
10070,4,61935,61950,337.0,74.0,82,74,548
10070,5,61950,61963,589.0,130.0,144,128,548
10070,6,61963,61936,588.0,129.0,145.0,128.0,548
10070,7,61936,61983,743.0,163.0,183.5,162.0,548
10070,8,61983,61942,765.0,168.0,191,166,548
10070,9,61942,61970,1331.0,293.0,332.5,290.0,548
10073,0,61967,61943,1293.0,207.0,222,205,510
10073,1,61943,61978,942.0,151.0,162.0,149.0,510
10073,2,61978,61948,1679.0,269.0,288.0,266.0,510
10073,3,61948,61928,480.0,77.0,82.0,76.0,510
10073,4,61928,72758,1249.0,200.0,214,198,510
10073,5,72758,72759,752.0,121.0,129.0,119.0,510
10073,6,72759,61595,1156.0,185.0,199.0,183.0,510
10073,7,61595,61558,4351.0,697.0,746.0,688.5,510
10073,8,61558,61568,427.0,69.0,73,67,510
10073,9,61568,61535,1917.0,307.0,329.0,303.0,510
10073,10,61535,62020,556.0,89.0,95.0,88.0,510
10073,11,62020,61447,921.0,147.0,158,146,510
10073,12,61447,61467,1075.0,173.0,184.0,169.0,510
10073,13,61467,61427,3228.0,517.0,554,510,510
10073,14,61427,61459,1069.0,171.0,184.0,169.0,510
10073,15,61459,61411,2015.0,323.0,346,318,510
10073,16,61411,61455,787.0,126.0,135,124,510
10073,17,61455,61423,624.0,100.0,107.0,99.0,510
10073,18,61423,61431,567.0,91.0,97.0,89.0,510
10074,0,61431,61424,1008.0,168,171.0,168,481
10074,1,61424,61456,625.0,105,107.0,104,481
10074,2,61456,61412,793.0,132,135.0,132,481
10074,3,61412,61460,1984.0,332,337.0,331,481
10074,4,61460,61428,1081.0,181,184.0,180,481
10074,5,61428,61468,3232.0,540,550,538.0,481
10074,6,61468,61448,1064.0,178,181.0,177,481
10074,7,61448,62034,1034.0,173,176.0,172,481
10074,8,62034,61541,483.0,81,82.0,80,481
10074,9,61541,61572,1855.0,310,315,308.5,481
10074,10,61572,61562,579.0,97,99.0,96,481
10074,11,61562,73814,4346.0,727,742,721.0,481
10074,12,73814,72761,1093.0,182,188.0,182,481
10074,13,72761,72763,819.0,137,141,136.0,481
10074,14,72763,61932,1133.0,190,194.5,188,481
10074,15,61932,61950,479.0,80,83,79.0,481
10074,16,61950,61979,1749.0,292,301,290.0,481
10074,17,61979,61941,867.0,145,150,144.0,481
10074,18,61941,61967,1173.0,196,203,195.0,481
10075,0,73225,61503,1082.0,147,161,146.0,431
10075,1,61503,61477,556.0,76,83.0,74,431
10075,2,61477,61496,462.0,63,69,62.0,431
10075,3,61496,61481,1280.0,175,191.0,172,431
10075,4,61481,61473,1157.0,157,173.0,156,431
10075,5,61473,61489,575.0,79,85.0,77,431
10075,6,61489,61485,598.0,81,90,80.0,431
10075,7,61485,61163,2444.0,333,364.0,329,431
10075,8,61163,61177,1440.0,196,215,194.0,431
10075,9,61177,61151,4272.0,583,637.0,575,431
10075,10,61151,72906,956.0,130,142.0,129,431
10075,11,72906,61225,414.0,56,62,55.0,431
10075,12,61225,61251,1301.0,178,194,175.0,431
10075,13,61251,61235,964.0,131,144.5,130,431
10076,0,61235,72937,1629.0,235.0,265.0,230.0,406
10076,1,72937,72908,1301.0,187.0,212.0,184.0,406
10076,2,72908,72907,345.0,50.0,56,49,406
10076,3,72907,61141,923.0,133.0,151.0,130.0,406
10076,4,61141,61169,4197.0,604.0,684,594,406
10076,5,61169,61157,1219.0,176.0,199,173,406
10076,6,61157,61483,2723.0,392.0,444,385,406
10076,7,61483,61487,596.0,86.0,97.0,85.0,406
10076,8,61487,73415,667.0,96.0,109,94,406
10076,9,73415,61479,1069.0,154.0,174.0,151.0,406
10076,10,61479,61494,1278.0,184.0,208.0,181.0,406
10076,11,61494,61475,460.0,66.0,75.0,65.0,406
10076,12,61475,61501,557.0,80.0,91.0,79.0,406
10076,13,61501,73225,1157.0,167.0,189.0,164.0,406
10082,0,61845,61847,810.0,170,170,,9
10082,1,61847,61288,763.0,160,160,,9
10082,2,61288,61647,349.0,73,73,,9
10082,3,61647,61704,784.0,164,164,,9
10082,4,61704,61585,479.0,101,101,,9
10082,5,61585,61699,2197.0,461,461,,9
10082,6,61699,61694,1557.0,326,326,,9
10082,7,61694,61670,1736.0,364,364,,9
10082,8,61670,61625,1267.0,266,266,,9
11163,0,61845,61847,810.0,167,203.5,165,607
11163,1,61847,61288,763.0,157,191.0,156,607
11163,2,61288,61647,349.0,72,87.5,71,607
11163,3,61647,61704,784.0,162,195.0,160,607
11163,4,61704,61585,479.0,98,118.0,98,607
11163,5,61585,61699,2197.0,453,543.0,448,607
11163,6,61699,61694,1557.0,321,381.5,318,607
11163,7,61694,61670,1736.0,358,424,354.0,607
11163,8,61670,61625,1267.0,261,299.0,258,607
11163,9,61625,73775,2120.0,437,499.0,433,607
11163,10,73775,61690,2421.0,499,564,494.0,607
11231,0,73238,61889,815.0,108,116.0,107,709
11231,1,61889,61894,756.0,100,107.0,98,709
11231,2,61894,61853,884.0,116,125.0,116,709
11231,3,61853,61883,732.0,97,104.0,95,709
11231,4,61883,61916,757.0,100,108,99.0,709
11231,5,61916,61859,593.0,78,84.0,78,709
11231,6,61859,62304,509.0,67,72.0,66,709
11231,7,62304,61912,658.0,87,94,86.0,709
11231,8,61912,61879,576.0,76,81,76.0,709
11231,9,61879,61875,846.0,112,120.0,110,709
11231,10,61875,74092,662.0,88,94,87.0,709
11231,11,74092,74208,743.0,98,106,97.0,709
11231,12,74208,61923,2144.0,283,304,280.0,709
11272,0,61430,61425,1138.0,177,184,157.5,35
11272,1,61425,61457,629.0,98,102.0,87,35
11272,2,61457,61413,794.0,124,128.0,110,35
11272,3,61413,61452,4456.0,694,721.0,615,35
11272,4,61452,61441,773.0,121,124.0,107,35
11272,5,61441,61444,1559.0,243,249.5,217,35
11272,6,61444,61511,1237.0,192,197,176.5,35
11272,7,61511,61221,1645.0,257,259.0,240,35
11272,8,61221,61166,471.0,73,75,70.0,35
11272,9,61166,61260,404.0,63,63.5,61,35
11272,10,61260,61203,5596.0,872,880.0,838,35
11272,11,61203,61210,1612.0,251,261,248.5,35
11382,0,61809,61825,2670.0,458,490,455.0,373
11382,1,61825,61785,851.0,146,157,145.0,373
11382,2,61785,61789,2386.0,410,442,405.0,373
11382,3,61789,72760,3691.0,633,685,627.0,373
11382,4,72760,61595,1090.0,187,202.0,185,373
11382,5,61595,61556,4278.0,735,798,727.0,373
11382,6,61556,61570,575.0,98,108,97.0,373
11382,7,61570,61606,815.0,140,153,138.5,373
11382,8,61606,61471,4113.0,706,773.0,696,373
11382,9,61471,73547,1842.0,316,349.0,312,373
11382,10,73547,61492,411.0,71,77,70.0,373
11382,11,61492,61475,650.0,111,123.0,110,373
11382,12,61475,61501,557.0,96,105,95.0,373
11382,13,61501,73227,1066.0,183,202.0,180,373
11453,0,61235,61250,1270.0,178.0,180,164,56
11453,1,61250,61224,1319.0,185.0,187.0,171.0,56
11453,2,61224,61205,568.0,80.0,80,74,56
11453,3,61205,61199,381.0,54.0,54,50,56
11453,4,61199,61143,732.0,102.0,104,95,56
11453,5,61143,61243,733.0,103.0,104.0,96.0,56
11453,6,61243,61191,1165.0,164.0,165,153,56
11453,7,61191,61554,10200.0,1431.0,1446.0,1372.5,56
11453,8,61554,61290,4151.0,583.0,588,574,56
11453,9,61290,61849,776.0,109.0,110.0,107.5,56
11453,10,61849,61844,613.0,86.0,87.0,85.0,56
11463,0,61238,72936,1124.0,154,157,149.5,9
11463,1,72936,61197,1944.0,266,272,258.5,9
11463,2,61197,61242,1485.0,204,207,197.5,9
11463,3,61242,61189,1146.0,157,160,152.5,9
11463,4,61189,61173,2433.0,333,336.5,322,9
11463,5,61173,61566,1347.0,185,186.5,178,9
11463,6,61566,62032,878.0,120,121.5,116,9
11463,7,62032,61608,1598.0,219,221.0,212,9
11463,8,61608,61615,2274.0,312,312,302.5,9
11463,9,61615,61546,737.0,101,101,97.5,9
11463,10,61546,61599,2579.0,353,353,343.0,9
11463,11,61599,61729,1099.0,150,150,146.5,9
11463,12,61729,61739,3690.0,506,506.0,488,9
11488,0,73235,52733,0.0,219.0,,219.0,44
11488,1,52733,53036,0.0,54.0,,54.0,44
11488,2,53036,53037,0.0,53.0,,53.0,44
11488,3,53037,53014,0.0,99.0,,99.0,44
11488,4,53014,73769,73.0,179.0,,179.0,44
11488,5,73769,73770,442.0,70.0,,70.0,44
11488,6,73770,73235,0.0,511.0,,511.0,44
11627,0,61436,61425,618.0,106.0,118,105,568
11627,1,61425,61457,629.0,107.0,121,106,568
11627,2,61457,61413,794.0,136.0,152,135,568
11627,3,61413,61416,1237.0,211.0,236,210,568
11627,4,61416,61461,749.0,128.0,144,127,568
11627,5,61461,61429,1079.0,184.0,206,182,568
11627,6,61429,61421,601.0,103.0,115.5,102.0,568
11627,7,61421,61452,790.0,135.0,152,134,568
11627,8,61452,73908,696.0,119.0,134.5,118.0,568
11627,9,73908,73599,873.0,149.0,170.0,148.0,568
11627,10,73599,61469,272.0,47.0,52,46,568
11627,11,61469,61445,549.0,93.0,107,93,568
11627,12,61445,61448,457.0,78.0,89,78,568
11627,13,61448,61511,722.0,123.0,140,122,568
11627,14,61511,73572,908.0,155.0,176,154,568
11712,0,61690,73777,2745.0,557,602,551.0,667
11712,1,73777,61630,2120.0,430,466.0,426,667
11712,2,61630,61676,1271.0,258,279.5,255,667
11712,3,61676,61697,1725.0,349,379.0,346,667
11712,4,61697,61700,1551.0,315,340,312.0,667
11712,5,61700,61591,2215.0,449,486,444.0,667
11712,6,61591,61705,481.0,98,105,97.0,667
11712,7,61705,61650,764.0,155,168,153.0,667
11712,8,61650,61292,441.0,89,96,89.0,667
11712,9,61292,61849,698.0,142,153,140.0,667
11712,10,61849,61845,632.0,128,139.0,127,667
11724,0,61688,73777,2885.0,564.0,622.5,556.0,332
11724,1,73777,61630,2120.0,415.0,462.0,408.0,332
11724,2,61630,61658,466.0,91.0,103,90,332
11724,3,61658,61676,805.0,158.0,178,155,332
11724,4,61676,61668,465.0,91.0,103.0,90.0,332
11724,5,61668,61697,1260.0,247.0,278.0,242.0,332
11724,6,61697,61623,782.0,153.0,173,151,332
11724,7,61623,61589,2913.0,570.0,644,561,332
11724,8,61589,61292,1757.0,343.0,391,339,332
11724,9,61292,61953,712.0,140.0,158.5,137.0,332
11724,10,61953,61984,588.0,115.0,132.0,113.0,332
11724,11,61984,62316,585.0,114.0,131.5,113.0,332
11725,0,62316,61986,792.0,168.5,200.5,162.0,176
11725,1,61986,61957,638.0,136.0,162.0,130.0,176
11725,2,61957,61288,847.0,180.0,214.0,173.0,176
11725,3,61288,61587,1684.0,358.5,427.0,344.0,176
11725,4,61587,61619,2984.0,635.5,751.5,610.0,176
11725,5,61619,61694,698.0,148.0,175,144,176
11725,6,61694,61660,1268.0,270.0,317.5,261.0,176
11725,7,61660,61670,468.0,99.5,116.0,96.0,176
11725,8,61670,61652,801.0,171.0,198,166,176
11725,9,61652,61627,621.0,132.0,153,129,176
11725,10,61627,73775,1965.0,418.5,484.5,406.0,176
11725,11,73775,61688,2281.0,485.5,559,473,176
11747,0,62011,61753,876.0,154.0,171.0,152.0,578
11747,1,61753,61741,882.0,155.0,173,154,578
11747,2,61741,61760,1020.0,179.0,200,177,578
11747,3,61760,61769,579.0,101.0,113,101,578
11747,4,61769,61720,911.0,160.0,180,159,578
11747,5,61720,61733,527.0,93.0,104,91,578
11747,6,61733,61748,643.0,113.0,127.0,112.0,578
11747,7,61748,61745,695.0,122.0,137,121,578
11747,8,61745,61764,1839.0,322.0,364,320,578
11747,9,61764,61727,519.0,91.0,103.0,90.0,578
11747,10,61727,61595,1024.0,180.0,202.0,178.0,578
11747,11,61595,61578,789.0,139.0,157.0,138.0,578
11747,12,61578,61548,875.0,153.0,173.5,152.0,578
11747,13,61548,61544,992.0,174.0,198.0,172.0,578
11747,14,61544,62026,636.0,112.0,127,111,578
11747,15,62026,61558,1059.0,186.0,213.0,184.0,578
11747,16,61558,61570,502.0,88.0,100.0,88.0,578
11747,17,61570,61604,743.0,130.0,149.0,129.0,578
11747,18,61604,61533,1023.0,180.0,204.0,178.0,578
11747,19,61533,62020,632.0,111.0,126,110,578
11747,20,62020,61509,967.0,170.0,191.5,168.0,578
11747,21,61509,73572,982.0,172.0,194.5,171.0,578
11747,22,73572,61217,598.0,105.0,118,104,578
11853,0,61215,61521,827.0,141,151,138.0,573
11853,1,61521,61507,818.0,139,150.5,137,573
11853,2,61507,62034,988.0,169,183,165.0,573
11853,3,62034,61542,542.0,92,100.0,91,573
11853,4,61542,61610,1053.0,179,196,176.0,573
11853,5,61610,61572,743.0,127,140.0,124,573
11853,6,61572,61560,503.0,86,96,84.0,573
11853,7,61560,61614,1045.0,178,200.0,175,573
11853,8,61614,73536,713.0,121,136,119.0,573
11853,9,73536,61552,851.0,145,162.5,143,573
11853,10,61552,61581,1007.0,172,192.5,168,573
11853,11,61581,73814,806.0,137,154.0,135,573
11853,12,73814,61729,951.0,162,182.0,159,573
11853,13,61729,61767,498.0,85,95.5,83,573
11853,14,61767,61746,1837.0,313,352.0,307,573
11853,15,61746,61751,694.0,118,133,116.0,573
11853,16,61751,61737,591.0,101,113.0,99,573
11853,17,61737,61723,575.0,98,112.0,96,573
11853,18,61723,61770,910.0,155,175,152.0,573
11853,19,61770,61763,577.0,98,110.5,97,573
11853,20,61763,61742,1025.0,175,199.0,171,573
11853,21,61742,61754,883.0,150,168,148.0,573
11853,22,61754,62011,581.0,99,112.0,97,573
11856,0,61521,61505,742.0,127,142,126.0,603
11856,1,61505,61447,865.0,148,166,146.0,603
11856,2,61447,61443,511.0,87,98,87.0,603
11856,3,61443,61466,506.0,86,97.0,86,603
11856,4,61466,73600,280.0,48,54.0,47,603
11856,5,73600,61438,791.0,135,152,134.0,603
11856,6,61438,61451,763.0,131,146.0,130,603
11856,7,61451,61418,794.0,135,153.0,134,603
11856,8,61418,61426,600.0,103,115,102.0,603
11856,9,61426,61458,1069.0,182,205.0,181,603
11856,10,61458,61415,758.0,130,145,129.0,603
11856,11,61415,61410,1256.0,214,241.0,213,603
11856,12,61410,61454,788.0,135,151.0,133,603
11856,13,61454,61422,624.0,107,120,106.0,603
11856,14,61422,61436,1068.0,182,205.0,181,603
11868,0,62034,61539,409.0,66.0,89.0,64.0,484
11868,1,61539,61610,1186.0,189.0,258,186,484
11868,2,61610,61614,2291.0,367.0,492,360,484
11868,3,61614,73536,713.0,114.0,145,112,484
11868,4,73536,61554,926.0,148.0,182,145,484
11868,5,61554,61717,2866.0,459.0,554.0,449.0,484
11868,6,61717,61699,904.0,145.0,172,142,484
11868,7,61699,61672,3370.0,539.0,640.0,529.0,484
11868,8,61672,61626,1276.0,205.0,240,202,484
11868,9,61626,61709,723.0,116.0,135,114,484
11868,10,61709,61687,3693.0,591.0,674.5,582.0,484
11875,0,61143,61189,1842.0,290.5,333.0,275.5,108
11875,1,61189,61169,2283.0,360.5,412,340,108
11875,2,61169,61254,908.0,143.0,163,136,108
11875,3,61254,61159,552.0,87.5,100,82,108
11875,4,61159,61213,322.0,50.5,58,48,108
11875,5,61213,61672,15356.0,2422.5,2777.0,2290.0,108
11875,6,61672,61654,799.0,126.0,145,119,108
11875,7,61654,61624,322.0,51.0,59.0,48.0,108
11875,8,61624,61711,955.0,151.0,173.0,143.0,108
11875,9,61711,73775,1234.0,194.5,224.0,184.0,108
11875,10,73775,61692,2382.0,375.5,432.0,357.0,108
11876,0,61735,61727,3623.0,603.0,603,545,24
11876,1,61727,73813,952.0,159.0,159.0,143.0,24
11876,2,73813,73535,2649.0,441.0,441.0,399.0,24
11876,3,73535,62026,715.0,119.0,119.0,107.5,24
11876,4,62026,61604,2304.0,383.0,383.0,345.0,24
11876,5,61604,62017,1580.0,263.0,263,235,24
11876,6,62017,61564,1211.0,202.0,202,181,24
11876,7,61564,61175,1101.0,183.0,183.0,,24
11876,8,61175,61193,2375.0,395.0,395.0,,24
11876,9,61193,61248,1204.0,201.0,201.0,,24
11876,10,61248,61201,1202.0,200.0,200.0,,24
11876,11,61201,74098,2146.0,357.0,357.0,,24
11876,12,74098,61238,1466.0,244.0,244.0,,24
11885,0,61807,61805,1375.0,302,330,302.0,581
11885,1,61805,61775,599.0,132,144.5,132,581
11885,2,61775,61825,838.0,184,201,184.0,581
11885,3,61825,61784,802.0,176,194.0,176,581
11885,4,61784,61812,597.0,132,144,132.0,581
11885,5,61812,61801,844.0,185,203.0,185,581
11885,6,61801,61816,696.0,153,168.0,153,581
11885,7,61816,61788,239.0,53,57.0,53,581
11885,8,61788,61796,738.0,162,178.0,162,581
11885,9,61796,61793,691.0,152,166,152.0,581
11885,10,61793,74180,1358.0,298,328.0,298,581
11885,11,74180,74161,1242.0,273,299,273.0,581
11885,12,74161,61861,1945.0,428,468.0,428,581
11885,13,61861,61897,751.0,165,181.0,165,581
11885,14,61897,61869,656.0,144,158.0,144,581
11885,15,61869,61876,824.0,181,199.0,181,581
11907,0,61433,61424,887.0,129,130.0,128,219
11907,1,61424,61456,625.0,90,92.0,90,219
11907,2,61456,61460,2777.0,402,407.0,401,219
11907,3,61460,61453,2589.0,376,379.0,374,219
11907,4,61453,73908,637.0,92,93.5,92,219
11907,5,73908,61445,1694.0,245,249.0,244,219
11907,6,61445,61572,3829.0,555,562.0,553,219
11907,7,61572,61615,1461.0,212,215,211.0,219
11907,8,61615,61554,1726.0,250,254.5,249,219
11907,9,61554,61766,3130.0,453,460,452.0,219
11907,10,61766,61750,2526.0,366,373,364.0,219
11907,11,61750,61739,723.0,105,107,105.0,219
11907,12,61739,61771,1475.0,214,218.0,213,219
11907,13,61771,62010,2941.0,426,434.0,424,219
11908,0,62010,61768,3365.0,498,511.0,497,185
11908,1,61768,61735,1568.0,233,239,231.0,185
11908,2,61735,61749,629.0,93,95.0,93,185
11908,3,61749,61765,2532.0,375,385,374.0,185
11908,4,61765,61550,3232.0,479,492.0,477,185
11908,5,61550,62029,1620.0,240,248.0,239,185
11908,6,62029,61568,1412.0,209,216.0,208,185
11908,7,61568,61442,3845.0,570,589.0,568,185
11908,8,61442,73907,1711.0,253,262.0,252,185
11908,9,73907,61450,631.0,94,97.0,93,185
11908,10,61450,61459,2579.0,382,396.0,381,185
11908,11,61459,61455,2802.0,415,430.0,413,185
11908,12,61455,61423,624.0,92,96.0,92,185
11908,13,61423,61433,688.0,102,106.0,102,185
11909,0,61837,73875,0.0,356,369.5,353,151
11909,1,73875,61828,0.0,275,287.5,270,151
11909,2,61828,61842,0.0,83,87,82.0,151
11909,3,61842,61823,0.0,124,130.5,123,151
11909,4,61823,61813,0.0,250,262.0,246,151
11909,5,61813,61817,0.0,253,266.0,249,151
11909,6,61817,61793,0.0,262,275.0,259,151
11909,7,61793,72759,0.0,369,385,363.0,151
11909,8,72759,61576,0.0,306,320.5,301,151
11909,9,61576,73535,0.0,305,318.0,299,151
11909,10,73535,62026,0.0,116,122.0,115,151
11909,11,62026,61605,0.0,386,402.0,379,151
11909,12,61605,61446,0.0,403,422.0,396,151
11909,13,61446,61466,0.0,176,183,172.0,151
11909,14,61466,73600,0.0,46,48,45.0,151
11909,15,73600,61438,0.0,129,135,127.0,151
11909,16,61438,61451,0.0,125,131,122.5,151
11909,17,61451,61426,0.0,228,238.0,223,151
11909,18,61426,61454,0.0,633,665,616.5,151
11909,19,61454,61422,0.0,102,107.0,100,151
11910,0,61432,61425,0.0,156.0,162.5,153.0,212
11910,1,61425,61457,0.0,99.0,103.0,96.0,212
11910,2,61457,61429,0.0,606.0,631,593,212
11910,3,61429,61452,0.0,219.0,227.5,213.5,212
11910,4,61452,61441,0.0,121.0,127.0,118.5,212
11910,5,61441,73599,0.0,125.0,130,122,212
11910,6,73599,61469,0.0,43.0,44.0,42.0,212
11910,7,61469,61449,0.0,167.0,174.0,163.0,212
11910,8,61449,61610,0.0,404.0,419,395,212
11910,9,61610,61614,0.0,360.0,373,353,212
11910,10,61614,61546,0.0,102.0,106.0,100.0,212
11910,11,61546,61582,0.0,305.0,315,298,212
11910,12,61582,72761,0.0,295.0,305.0,289.0,212
11910,13,72761,61790,0.0,351.0,361.0,344.0,212
11910,14,61790,61814,0.0,253.0,261,247,212
11910,15,61814,61810,0.0,243.0,249.0,237.0,212
11910,16,61810,61819,0.0,233.0,239.0,228.0,212
11910,17,61819,61841,0.0,129.0,132.0,127.0,212
11910,18,61841,61826,0.0,79.0,81.0,77.0,212
11910,19,61826,73874,0.0,273.0,280,267,212
11910,20,73874,61837,0.0,237.0,243,232,212
11913,0,61435,61424,634.0,95,97,91.0,35
11913,1,61424,73575,456.0,68,69,65.0,35
11913,2,73575,61428,4027.0,601,614,574.0,35
11913,3,61428,73908,2145.0,320,324.0,307,35
11913,4,73908,73599,873.0,130,133,125.5,35
11913,5,73599,61448,1278.0,191,193.5,186,35
11913,6,61448,61871,7792.0,1163,1178.0,1133,35
11913,7,61871,61865,3630.0,541,554,527.0,35
11913,8,61865,61925,2283.0,341,348.0,332,35
11914,0,61427,73574,3966.0,575.0,594,492,34
11914,1,73574,61423,529.0,76.5,79.5,66.0,34
11914,2,61423,61435,941.0,136.5,141.5,118.5,34
11932,0,61208,61199,1782.0,279,279.5,243,35
11932,1,61199,61256,5823.0,911,913.5,796,35
11932,2,61256,61156,228.0,36,36,30.5,35
11932,3,61156,61212,566.0,88,89,76.0,35
11932,4,61212,61507,1725.0,270,271,231.0,35
11932,5,61507,61443,1418.0,222,223.0,187,35
11932,6,61443,61438,1577.0,247,248.0,207,35
11932,7,61438,61451,763.0,120,120.0,100,35
11932,8,61451,61410,4477.0,700,704,588.0,35
11932,9,61410,61454,788.0,124,124.5,104,35
11932,10,61454,61422,624.0,97,98.5,82,35
11932,11,61422,61430,548.0,86,86.5,72,35
12030,0,73237,61889,870.0,146,152,145.0,347
12030,1,61889,61894,756.0,127,132,125.0,347
12030,2,61894,61916,2373.0,399,414,395.0,347
12030,3,61916,61858,529.0,89,92,87.0,347
12030,4,61858,62304,573.0,96,100.0,96,347
12030,5,62304,61873,2000.0,336,349.0,332,347
12030,6,61873,61865,1416.0,238,247.0,235,347
12030,7,61865,61957,1876.0,315,328.0,312,347
12030,8,61957,61994,635.0,107,110.0,106,347
12030,9,61994,61932,993.0,167,174,165.0,347
12030,10,61932,61951,538.0,90,93.0,89,347
12030,11,61951,61937,1186.0,200,207,197.0,347
12030,12,61937,61981,581.0,97,102.0,97,347
12030,13,61981,61966,1921.0,323,335.0,319,347
12066,0,73323,74224,0.0,677,725.0,660,203
12066,1,74224,61785,0.0,541,580.0,520,203
12066,2,61785,61813,0.0,123,131,117.0,203
12066,3,61813,74074,0.0,146,157.0,141,203
12066,4,74074,61817,0.0,166,178,160.0,203
12066,5,61817,74159,0.0,865,928.0,831,203
12066,6,74159,74192,0.0,181,194.0,174,203
12066,7,74192,74239,0.0,819,877,787.0,203
12066,8,74239,73571,0.0,427,459.0,411,203
12066,9,73571,61471,0.0,525,563,504.0,203
12066,10,61471,61513,0.0,149,159,143.0,203
12066,11,61513,73779,0.0,59,63,56.0,203
12066,12,73779,61494,0.0,286,308,276.0,203
12066,13,61494,61530,0.0,310,332,297.0,203
12066,14,61530,73224,0.0,111,119,107.0,203
12067,0,73224,61532,0.0,138,148.5,126,231
12067,1,61532,61496,0.0,322,349,294.5,231
12067,2,61496,73780,0.0,287,311.0,261,231
12067,3,73780,61515,0.0,72,78.0,65,231
12067,4,61515,61473,0.0,153,166.0,139,231
12067,5,61473,73570,0.0,529,574.0,481,231
12067,6,73570,74238,0.0,455,494.5,415,231
12067,7,74238,74191,0.0,849,920,772.0,231
12067,8,74191,74162,0.0,205,223,187.0,231
12067,9,74162,61814,0.0,881,960.0,806,231
12067,10,61814,74075,0.0,173,189,160.0,231
12067,11,74075,61810,0.0,150,164.0,140,231
12067,12,61810,61776,0.0,127,138,118.0,231
12067,13,61776,74225,0.0,566,614.0,525,231
12067,14,74225,73323,0.0,583,628,542.0,231
12070,0,61630,61676,1271.0,297.0,298,257,12
12070,1,61676,61697,1725.0,404.0,405,350,12
12070,2,61697,61700,1551.0,362.5,364.0,314.0,12
12070,3,61700,61591,2215.0,518.5,520.0,448.0,12
12070,4,61591,61705,481.0,112.5,113,98,12
12070,5,61705,61650,764.0,178.5,179,154,12
12070,6,61650,61292,441.0,103.5,104,90,12
12070,7,61292,61849,698.0,163.5,164,141,12
12070,8,61849,61845,632.0,147.5,147.5,,12
12297,0,61971,61940,0.0,241,283,224.0,487
12297,1,61940,61975,0.0,161,189,150.0,487
12297,2,61975,61926,0.0,506,596.0,471,487
12297,3,61926,61984,0.0,515,609.5,478,487
12297,4,61984,71675,0.0,1369,1633.0,1276,487
12297,5,71675,71596,0.0,327,394.5,304,487
12297,6,71596,71597,0.0,122,147.0,113,487
12297,7,71597,71598,0.0,176,213.5,163,487
12297,8,71598,71676,0.0,145,175,136.0,487
12297,9,71676,71678,0.0,84,102.0,78,487
12297,10,71678,71681,0.0,117,141,108.0,487
12297,11,71681,71683,0.0,100,121,93.0,487
12297,12,71683,71684,0.0,107,130.0,99,487
12297,13,71684,71686,0.0,129,157,120.0,487
12297,14,71686,71688,0.0,93,113.0,86,487
12297,15,71688,71690,0.0,91,111,85.0,487
12297,16,71690,71692,25.0,74,90,68.0,487
12297,17,71692,71694,667.0,150,184.0,140,487
12297,18,71694,71696,481.0,109,132,101.0,487
12297,19,71696,71505,1185.0,267,326.5,249,487
12297,20,71505,71701,291.0,66,80.0,61,487
12297,21,71701,71706,583.0,132,161.0,122,487
12297,22,71706,71506,425.0,96,118.0,89,487
12297,23,71506,71702,389.0,87,107.5,82,487
12297,24,71702,71507,380.0,86,105.5,79,487
12297,25,71507,71508,790.0,178,219,166.0,487
12297,26,71508,71704,1207.0,273,334.5,254,487
12297,27,71704,73081,521.0,117,145,109.0,487
12297,28,73081,61987,5647.0,1274,1573.5,1186,487
12297,29,61987,61934,2251.0,507,634.0,472,487
12297,30,61934,61983,2283.0,515,643,480.0,487
12297,31,61983,61941,696.0,157,196,146.0,487
12297,32,61941,61971,0.0,331,415.0,308,487
12298,0,61971,61940,1068.0,174,,174,11
12298,1,61940,61975,712.0,116,,116,11
12298,2,61975,61926,2243.0,365,,365,11
12298,3,61926,61984,2280.0,371,,371,11
12298,4,61984,71675,6074.0,988,,988,11
12298,5,71675,71596,1450.0,236,,236,11
12298,6,71596,71597,539.0,88,,88,11
12298,7,71597,71598,781.0,127,,127,11
12298,8,71598,71676,644.0,105,,105,11
12298,9,71676,71678,372.0,61,,61,11
12298,10,71678,71681,516.0,84,,84,11
12298,11,71681,71683,443.0,72,,72,11
12298,12,71683,71684,475.0,77,,77,11
12298,13,71684,71686,574.0,93,,93,11
12298,14,71686,71688,411.0,67,,67,11
12298,15,71688,71690,404.0,66,,66,11
12299,0,61971,61940,0.0,194,,194,71
12299,1,61940,61975,0.0,130,,130,71
12299,2,61975,61926,0.0,408,,408,71
12299,3,61926,61984,0.0,415,,415,71
12299,4,61984,71675,0.0,1105,,1105,71
12299,5,71675,71596,0.0,264,,264,71
12299,6,71596,71597,0.0,98,,98,71
12299,7,71597,71598,0.0,142,,142,71
12299,8,71598,71676,0.0,118,,118,71
12299,9,71676,71678,0.0,67,,67,71
12299,10,71678,71681,0.0,94,,94,71
12299,11,71681,71683,0.0,81,,81,71
12299,12,71683,71684,0.0,86,,86,71
12299,13,71684,71686,0.0,105,,105,71
12299,14,71686,71688,0.0,75,,75,71
12299,15,71688,71690,0.0,73,,73,71
12299,16,71690,71692,25.0,60,,60,71
12299,17,71692,71694,667.0,121,,121,71
12299,18,71694,71696,481.0,87,,87,71
12299,19,71696,71505,1185.0,216,,216,71
12299,20,71505,71701,291.0,53,,53,71
12299,21,71701,71706,583.0,106,,106,71
12299,22,71706,71506,425.0,77,,77,71
12299,23,71506,71702,389.0,71,,71,71
12299,24,71702,71507,380.0,69,,69,71
12299,25,71507,71508,790.0,144,,144,71
12299,26,71508,71704,1207.0,220,,220,71
12299,27,71704,73081,521.0,95,,95,71
12299,28,73081,61987,5647.0,1027,,1027,71
12299,29,61987,61934,2251.0,410,,410,71
12299,30,61934,61983,2283.0,415,,415,71
12299,31,61983,61941,696.0,127,,127,71
12299,32,61941,61971,0.0,267,,267,71
12300,0,61971,61940,1068.0,204,,204,3
12300,1,61940,61975,712.0,136,,136,3
12300,2,61975,61926,2243.0,429,,429,3
12300,3,61926,61984,2280.0,436,,436,3
12300,4,61984,71675,6074.0,1161,,1161,3
12300,5,71675,71596,1450.0,278,,278,3
12300,6,71596,71597,539.0,103,,103,3
12300,7,71597,71598,781.0,149,,149,3
12300,8,71598,71676,644.0,123,,123,3
12300,9,71676,71678,372.0,71,,71,3
12300,10,71678,71681,516.0,99,,99,3
12300,11,71681,71683,443.0,85,,85,3
12300,12,71683,71684,475.0,90,,90,3
12300,13,71684,71686,574.0,110,,110,3
12300,14,71686,71688,411.0,79,,79,3
12300,15,71688,71690,404.0,77,,77,3
12462,0,61966,61977,2203.0,338,336,338.0,369
12462,1,61977,61938,572.0,87,87.0,87,369
12462,2,61938,61949,1248.0,191,190.5,191,369
12462,3,61949,61930,487.0,75,74,75.0,369
12462,4,61930,61990,909.0,139,139,140.5,369
12462,5,61990,61953,632.0,97,97,97.5,369
12462,6,61953,61863,2160.0,331,330.0,337,369
12462,7,61863,61871,1407.0,216,215.0,219,369
12462,8,61871,61884,1976.0,302,302,308.0,369
12462,9,61884,61856,524.0,81,80.0,81,369
12462,10,61856,61915,593.0,91,91.0,93,369
12462,11,61915,61892,2387.0,365,364.0,372,369
12462,12,61892,62021,745.0,114,114.0,116,369
12462,13,62021,73237,1877.0,288,288.0,292,369
12466,0,61971,61940,0.0,214.0,,214.0,8
12466,1,61940,61975,0.0,142.5,,142.5,8
12466,2,61975,61926,0.0,448.5,,448.5,8
12466,3,61926,61984,0.0,456.5,,456.5,8
12466,4,61984,71675,0.0,1347.0,,1347.0,8
12466,5,71675,71596,0.0,290.5,,290.5,8
12466,6,71596,71597,0.0,108.0,,108.0,8
12466,7,71597,71598,0.0,156.0,,156.0,8
12466,8,71598,71676,0.0,129.0,,129.0,8
12466,9,71676,71678,0.0,74.5,,74.5,8
12466,10,71678,71681,0.0,103.0,,103.0,8
12466,11,71681,71683,0.0,89.0,,89.0,8
12466,12,71683,71684,0.0,95.0,,95.0,8
12466,13,71684,71686,0.0,115.0,,115.0,8
12466,14,71686,71688,0.0,82.0,,82.0,8
12466,15,71688,71690,26.5,81.0,,81.0,8
12466,16,71690,71692,327.0,65.5,,65.5,8
12466,17,71692,56778,552.0,111.0,,111.0,8
12466,18,56778,71696,596.0,119.5,,119.5,8
12466,19,71696,71505,1185.0,237.0,,237.0,8
12466,20,71505,71701,291.0,58.5,,58.5,8
12466,21,71701,71706,583.0,116.0,,116.0,8
12466,22,71706,71506,425.0,85.0,,85.0,8
12466,23,71506,71702,389.0,78.0,,78.0,8
12466,24,71702,71507,380.0,76.5,,76.5,8
12466,25,71507,71508,790.0,158.0,,158.0,8
12466,26,71508,71704,1207.0,242.0,,242.0,8
12466,27,71704,73081,521.0,104.0,,104.0,8
12466,28,73081,61987,5647.0,1130.0,,1130.0,8
12466,29,61987,61934,2251.0,450.5,,450.5,8
12466,30,61934,61983,2283.0,457.0,,457.0,8
12466,31,61983,61941,696.0,140.0,,140.0,8
12466,32,61941,61971,0.0,293.5,,293.5,8
12558,0,73218,61209,1249.0,235.0,274.0,231.0,414
12558,1,61209,61223,719.0,135.0,158.0,133.0,414
12558,2,61223,61204,567.0,107.0,124.0,105.0,414
12558,3,61204,61199,440.0,83.0,97,81,414
12558,4,61199,61191,2630.0,495.0,577.0,487.0,414
12558,5,61191,61183,1176.0,221.0,257.0,217.0,414
12558,6,61183,61161,2567.0,483.0,564,476,414
12558,7,61161,74238,2144.0,403.0,470,396,414
12558,8,74238,74160,4949.0,930.0,1085.0,917.0,414
12558,9,74160,61790,2655.0,499.0,583.0,491.0,414
12558,10,61790,61814,1613.0,304.0,354,299,414
12558,11,61814,61811,1599.0,300.0,350.0,297.0,414
12558,12,61811,61778,619.0,117.0,136.0,115.0,414
12558,13,61778,61773,1614.0,303.0,354,299,414
12558,14,61773,73459,1307.0,246.0,285,243,414
12576,0,61235,61250,1270.0,202.0,229.5,198.5,278
12576,1,61250,61224,1319.0,211.0,238.5,206.5,278
12576,2,61224,61204,509.0,81.0,92.0,80.0,278
12576,3,61204,61199,440.0,70.0,79.0,68.5,278
12576,4,61199,61243,1465.0,234.0,265.0,229.5,278
12576,5,61243,62042,4452.0,710.0,802.0,695.0,278
12576,6,62042,61216,843.0,134.0,152,132,278
12576,7,61216,74107,2547.0,406.0,459,397,278
12576,8,74107,74211,2191.0,349.0,395.0,342.0,278
12576,9,74211,74189,1149.0,184.0,207.5,180.0,278
12576,10,74189,61925,1878.0,299.0,338,293,278
12612,0,61693,73788,2617.0,359.0,378,358,380
12612,1,73788,61628,2057.0,283.0,299,280,380
12612,2,61628,61668,1896.0,260.0,276,258,380
12612,3,61668,61718,3716.0,510.0,544.0,507.0,380
12612,4,61718,61641,705.0,97.0,104.0,96.0,380
12612,5,61641,61563,9008.0,1237.0,1320.0,1228.0,380
12612,6,61563,61185,2100.0,289.0,307,286,380
12612,7,61185,61232,699.0,96.0,103.5,95.0,380
12612,8,61232,61248,1937.0,266.0,286.5,264.0,380
12612,9,61248,61206,1792.0,246.0,267.0,244.0,380
12612,10,61206,61210,1079.0,148.0,161.0,148.0,380
12612,11,61210,73221,1669.0,229.0,249.5,227.0,380
12621,0,61692,73788,2690.0,382,461,374.0,107
12621,1,73788,61713,1233.0,175,210,172.0,107
12621,2,61713,61628,824.0,117,139,115.0,107
12621,3,61628,61656,549.0,78,94,76.0,107
12621,4,61656,74097,805.0,114,135.5,112,107
12621,5,74097,61219,15518.0,2202,2624.5,2161,107
12621,6,61219,61163,325.0,46,55.0,45,107
12621,7,61163,61258,551.0,78,93.0,77,107
12621,8,61258,61179,965.0,137,163.0,134,107
12621,9,61179,61193,2226.0,316,375.0,310,107
12621,10,61193,61149,1898.0,269,320.0,264,107
12639,0,61689,73788,2724.0,540,610.5,537,651
12639,1,73788,61715,1304.0,259,294.5,258,651
12639,2,61715,61629,822.0,163,186,162.0,651
12639,3,61629,61658,557.0,111,126.5,110,651
12639,4,61658,74097,728.0,144,165,143.0,651
12639,5,74097,61664,391.0,78,89,77.0,651
12639,6,61664,61696,1348.0,267,307,266.0,651
12639,7,61696,61623,845.0,168,193,167.0,651
12639,8,61623,61701,826.0,163,188,163.0,651
12639,9,61701,61645,442.0,88,100.5,87,651
12639,10,61645,61719,464.0,92,106,92.0,651
12639,11,61719,61642,713.0,142,163.0,140,651
12639,12,61642,61592,596.0,118,136.5,118,651
12639,13,61592,61707,497.0,98,113.5,98,651
12639,14,61707,61649,633.0,126,145.0,125,651
12639,15,61649,74179,721.0,143,164.5,142,651
12644,0,73218,74096,895.0,177,180,158.5,105
12644,1,74096,61173,7087.0,1399,1424,1251.5,105
12644,2,61173,62042,910.0,180,184.0,158,105
12644,3,62042,61157,159.0,31,32.0,28,105
12644,4,61157,61216,684.0,135,138,119.5,105
12644,5,61216,74191,5801.0,1145,1176,1015.0,105
12644,6,74191,74183,2287.0,452,467,411.0,105
12644,7,74183,61780,5172.0,1022,1061,957.5,105
12644,8,61780,73460,2903.0,573,612,559.0,105
12646,0,73219,74096,0.0,165.0,194,163,408
12646,1,74096,72907,0.0,323.0,379,319,408
12646,2,72907,61197,0.0,37.0,43,36,408
12646,3,61197,61242,0.0,264.0,310,261,408
12646,4,61242,61171,0.0,623.0,732,615,408
12646,5,61171,61216,0.0,325.0,380,321,408
12646,6,61216,74309,0.0,203.0,239,201,408
12646,7,74309,74109,0.0,262.0,307,259,408
12646,8,74109,74117,0.0,176.0,206.0,174.0,408
12646,9,74117,74243,0.0,189.0,221,186,408
12646,10,74243,74181,0.0,594.0,695,588,408
12646,11,74181,61791,0.0,250.0,292.5,247.0,408
12646,12,61791,61794,0.0,101.0,118.0,100.0,408
12646,13,61794,61786,0.0,131.0,154,129,408
12646,14,61786,61819,0.0,581.0,676,574,408
12646,15,61819,61840,0.0,136.0,160.0,135.0,408
12646,16,61840,61827,0.0,108.0,125.0,106.0,408
12646,17,61827,74221,0.0,64.0,74.0,63.0,408
12646,18,74221,73876,0.0,219.0,256.5,217.5,408
12646,19,73876,61839,0.0,305.0,354,302,408
12648,0,74181,61791,0.0,252.5,,252.5,4
12648,1,61791,61794,0.0,101.5,,101.5,4
12648,2,61794,61786,0.0,132.5,,132.5,4
12648,3,61786,61819,0.0,586.0,,586.0,4
12648,4,61819,61840,0.0,138.0,,138.0,4
12648,5,61840,61827,0.0,108.0,,108.0,4
12648,6,61827,74221,0.0,65.0,,65.0,4
12648,7,74221,73876,0.0,221.5,,221.5,4
12648,8,73876,61839,0.0,307.5,,307.5,4
12771,0,62316,61861,0.0,345,392.0,339,237
12771,1,61861,61911,0.0,567,647,556.0,237
12771,2,61911,61857,0.0,249,284.0,243,237
12771,3,61857,61915,0.0,106,121.0,104,237
12771,4,61915,74151,0.0,205,235,201.0,237
12771,5,74151,74152,0.0,112,128,109.0,237
12771,6,74152,74154,0.0,291,333,285.0,237
12771,7,74154,74206,0.0,68,79,67.0,237
12771,8,74206,74155,599.0,300,343.0,294,237
12771,9,74155,74213,524.0,106,121,103.0,237
12771,10,74213,74138,507.0,102,117,100.0,237
12771,11,74138,74153,716.0,144,165,141.0,237
12771,12,74153,61916,1772.0,357,409,349.0,237
12771,13,61916,61859,593.0,119,136,117.0,237
12771,14,61859,61912,1167.0,235,269.0,230,237
12771,15,61912,74208,2827.0,570,652.0,558,237
12771,16,74208,62316,0.0,369,423.0,361,237
12772,0,62316,61861,0.0,333,,333,41
12772,1,61861,61911,0.0,548,,548,41
12772,2,61911,61857,0.0,240,,240,41
12772,3,61857,61915,0.0,103,,103,41
12772,4,61915,74151,0.0,198,,198,41
12772,5,74151,74152,0.0,108,,108,41
12772,6,74152,74154,0.0,281,,281,41
12772,7,74154,74206,0.0,67,,67,41
12772,8,74206,74155,346.0,289,,289,41
12772,9,74155,74213,524.0,102,,102,41
12772,10,74213,74138,507.0,99,,99,41
12772,11,74138,74153,716.0,139,,139,41
12772,12,74153,61916,1772.0,345,,345,41
12772,13,61916,61859,593.0,116,,116,41
12772,14,61859,61912,1167.0,227,,227,41
12772,15,61912,74208,2827.0,550,,550,41
12772,16,74208,62316,0.0,455,,455,41
12773,0,62316,61861,0.0,259.0,,259.0,56
12773,1,61861,61911,0.0,426.0,,426.0,56
12773,2,61911,61857,0.0,186.0,,186.0,56
12773,3,61857,61915,0.0,80.0,,80.0,56
12773,4,61915,74151,0.0,153.5,,153.5,56
12773,5,74151,74152,0.0,84.0,,84.0,56
12773,6,74152,74154,0.0,218.5,,218.5,56
12773,7,74154,74206,0.0,52.0,,52.0,56
12773,8,74206,74155,599.0,224.5,,224.5,56
12773,9,74155,74213,524.0,79.5,,79.5,56
12773,10,74213,74138,507.0,77.0,,77.0,56
12773,11,74138,74153,716.0,108.0,,108.0,56
12773,12,74153,61916,1772.0,268.0,,268.0,56
12773,13,61916,61859,593.0,90.0,,90.0,56
12773,14,61859,61912,1167.0,176.5,,176.5,56
12773,15,61912,74208,2827.0,427.0,,427.0,56
12773,16,74208,62316,0.0,277.5,,277.5,56
12811,0,73236,61889,0.0,159.0,186,155,312
12811,1,61889,74093,0.0,294.0,344,287,312
12811,2,74093,61883,0.0,112.0,132.5,109.0,312
12811,3,61883,61917,0.0,141.0,165,137,312
12811,4,61917,61859,0.0,90.0,107,88,312
12811,5,61859,61912,0.0,200.0,235.0,194.0,312
12811,6,61912,61879,0.0,99.0,115,96,312
12811,7,61879,61875,0.0,145.0,170.5,141.0,312
12811,8,61875,74092,0.0,113.0,133,110,312
12811,9,74092,74181,0.0,578.0,677,562,312
12811,10,74181,61791,0.0,241.0,283.0,235.0,312
12811,11,61791,61815,0.0,277.0,325.0,269.0,312
12811,12,61815,61776,0.0,356.0,420,348,312
12811,13,61776,74225,0.0,461.0,546.0,450.0,312
12811,14,74225,73874,0.0,213.0,255.5,208.0,312
12811,15,73874,73325,0.0,286.0,341.5,279.0,312
12814,0,73459,61775,2308.0,412.0,460,405,370
12814,1,61775,61784,1640.0,294.0,335,286,370
12814,2,61784,61812,597.0,107.0,122,104,370
12814,3,61812,61817,1604.0,287.0,328,279,370
12814,4,61817,61793,1604.0,287.0,328,278,370
12814,5,61793,74161,2600.0,464.0,531,452,370
12814,6,74161,74242,5120.0,915.0,1047,890,370
12814,7,74242,61165,2124.0,380.0,434,369,370
12814,8,61165,61187,2308.0,412.0,471,401,370
12814,9,61187,61195,1432.0,256.0,293,249,370
12814,10,61195,61203,2405.0,430.0,492,418,370
12814,11,61203,61207,591.0,106.0,121,103,370
12814,12,61207,61226,344.0,61.0,70.0,60.0,370
12814,13,61226,61211,737.0,132.0,151.0,128.0,370
12814,14,61211,73218,2033.0,363.0,416.5,353.0,370
12815,0,73221,61208,1617.0,236.0,289,233,294
12815,1,61208,61205,1401.0,204.0,250,202,294
12815,2,61205,61242,1809.0,263.0,321.5,261.0,294
12815,3,61242,61228,1881.0,274.0,334.5,271.0,294
12815,4,61228,61181,438.0,64.0,79.0,63.5,294
12815,5,61181,61565,2549.0,372.0,455.0,368.5,294
12815,6,61565,61640,8690.0,1266.0,1553,1257,294
12815,7,61640,61717,710.0,103.0,124.5,103.0,294
12815,8,61717,61660,3729.0,544.0,651,539,294
12815,9,61660,61626,1821.0,265.0,309,264,294
12815,10,61626,73790,2124.0,309.0,357.5,307.0,294
12815,11,73790,61693,2365.0,345.0,394.0,342.0,294
12818,0,73223,73652,1076.0,210,246,208.0,527
12818,1,73652,73657,727.0,142,166.0,140,527
12818,2,73657,61496,365.0,71,83.0,71,527
12818,3,61496,73548,617.0,120,141,119.0,527
12818,4,73548,73412,3102.0,605,708.0,599,527
12818,5,73412,61509,350.0,69,79,67.0,527
12818,6,61509,74311,2343.0,457,531,453.0,527
12818,7,74311,74107,1506.0,293,338.0,290,527
12818,8,74107,74115,999.0,195,224,193.0,527
12818,9,74115,74211,1192.0,233,268.0,231,527
12818,10,74211,61925,3027.0,590,679,584.0,527
12819,0,73234,62309,3545.0,575,644.0,547,297
12819,1,62309,61882,538.0,87,98.5,83,297
12819,2,61882,61917,886.0,144,161.5,136,297
12819,3,61917,61858,465.0,75,85,72.0,297
12819,4,61858,61886,522.0,85,96.0,80,297
12819,5,61886,61873,2051.0,332,374.0,313,297
12819,6,61873,61901,663.0,108,121,102.0,297
12819,7,61901,74190,2420.0,392,443,371.0,297
12819,8,74190,74244,1214.0,197,222.5,186,297
12819,9,74244,74116,1063.0,173,195,163.0,297
12819,10,74116,74108,990.0,160,181,152.0,297
12819,11,74108,74308,1409.0,229,258,216.0,297
12819,12,74308,61165,1686.0,273,309.0,259,297
12819,13,61165,61195,3740.0,607,684,573.5,297
12819,14,61195,61245,1039.0,168,191,160.0,297
12819,15,61245,61149,801.0,130,147.0,123,297
12820,0,61141,61244,857.0,130,147.0,129,289
12820,1,61244,61191,1113.0,169,191,167.5,289
12820,2,61191,61161,3743.0,569,643,562.0,289
12820,3,61161,74307,1639.0,249,282,246.0,289
12820,4,74307,74109,1369.0,208,235.5,205,289
12820,5,74109,74115,925.0,141,158.5,139,289
12820,6,74115,74245,1049.0,159,181,157.0,289
12820,7,74245,74189,1292.0,197,221.0,194,289
12820,8,74189,61899,2171.0,329,372,326.0,289
12820,9,61899,61871,658.0,100,112,98.0,289
12820,10,61871,61885,2042.0,311,349,306.0,289
12820,11,61885,61857,523.0,79,89.5,79,289
12820,12,61857,61914,462.0,70,79,69.0,289
12820,13,61914,61880,821.0,125,139.5,123,289
12820,14,61880,61850,605.0,92,103.5,91,289
12820,15,61850,73234,2743.0,417,467.0,411,289
12822,0,61836,73875,0.0,421,452,402.0,33
12822,1,73875,74224,0.0,242,261.0,231,33
12822,2,74224,62294,0.0,88,95.0,84,33
12822,3,62294,61843,0.0,123,132.0,118,33
12822,4,61843,61823,0.0,145,156,138.0,33
12822,5,61823,61785,0.0,187,201,178.0,33
12822,6,61785,61816,0.0,424,451.5,405,33
12822,7,61816,74182,0.0,600,621.5,582,33
12822,8,74182,61923,0.0,755,759,732.0,33
12825,0,61836,73875,0.0,391.0,421.0,391.0,330
12825,1,73875,61828,0.0,317.0,341.0,317.0,330
12825,2,61828,61812,0.0,517.0,558,517,330
12825,3,61812,61977,0.0,542.0,584.0,542.0,330
12825,4,61977,61961,0.0,246.0,264,246,330
12825,5,61961,61928,0.0,176.0,190.0,176.0,330
12825,6,61928,61992,0.0,200.0,216,200,330
12825,7,61992,61985,0.0,238.0,256.0,238.0,330
12825,8,61985,62316,0.0,88.0,95,88,330
12826,0,71424,61986,0.0,101,105.0,101,339
12826,1,61986,61994,0.0,236,245.0,236,339
12826,2,61994,61935,0.0,210,219,210.0,339
12826,3,61935,61962,0.0,156,162,156.0,339
12826,4,61962,61981,0.0,245,251.5,245,339
12826,5,61981,61811,0.0,530,536,530.0,339
12826,6,61811,61826,0.0,510,513.0,510,339
12826,7,61826,73876,0.0,305,305.0,305,339
12826,8,73876,61836,0.0,317,317.0,317,339
12841,0,74180,61285,788.0,163,187.0,160,673
12841,1,61285,61648,498.0,103,118.5,102,673
12841,2,61648,61703,652.0,135,155,132.0,673
12841,3,61703,61583,476.0,98,113.0,97,673
12841,4,61583,61639,604.0,125,144,123.0,673
12841,5,61639,61716,707.0,146,168,144.0,673
12841,6,61716,61644,466.0,97,111,95.0,673
12841,7,61644,61698,439.0,90,105,89.0,673
12841,8,61698,61619,916.0,190,217.5,186,673
12841,9,61619,62298,759.0,157,179.5,155,673
12841,10,62298,61663,1343.0,277,316.5,273,673
12841,11,61663,61672,409.0,85,96,83.0,673
12841,12,61672,61652,724.0,149,170,148.0,673
12841,13,61652,61627,621.0,129,146.0,126,673
12841,14,61627,61711,731.0,151,172.0,149,673
12841,15,61711,73790,1324.0,274,312.0,269,673
12841,16,73790,61689,2255.0,466,530,459.0,673
12842,0,61839,73877,0.0,410.0,452.0,400.0,418
12842,1,73877,74223,0.0,222.0,245,217,418
12842,2,74223,62294,0.0,67.0,74,65,418
12842,3,62294,61843,0.0,114.0,126,112,418
12842,4,61843,61823,0.0,135.0,148.0,131.0,418
12842,5,61823,61789,0.0,626.0,688,610,418
12842,6,61789,61797,0.0,140.0,154,137,418
12842,7,61797,74091,0.0,110.0,121,108,418
12842,8,74091,74178,0.0,279.0,307,272,418
12842,9,74178,74212,0.0,605.0,664.5,591.0,418
12842,10,74212,74116,0.0,213.0,234.5,207.0,418
12842,11,74116,74108,0.0,187.0,205.5,183.0,418
12842,12,74108,74308,0.0,266.0,293,260,418
12842,13,74308,61217,0.0,231.0,254,225,418
12842,14,61217,61177,0.0,349.0,383.0,341.0,418
12842,15,61177,61248,0.0,663.0,730,646,418
12842,16,61248,61201,0.0,227.0,250.0,222.0,418
12842,17,61201,72906,0.0,98.0,108.0,96.0,418
12842,18,72906,61252,0.0,342.0,374,334,418
12842,19,61252,73219,0.0,265.0,290.0,258.0,418
12871,0,62012,61761,2767.0,406.0,437.0,403.0,504
12871,1,61761,61768,463.0,68.0,73,67,504
12871,2,61768,73581,1346.0,198.0,215,196,504
12871,3,73581,61764,3326.0,489.0,532.0,485.0,504
12871,4,61764,61576,2258.0,331.0,361,327,504
12871,5,61576,61544,1941.0,285.0,314,281,504
12871,6,61544,73804,812.0,120.0,132,118,504
12871,7,73804,61537,3301.0,485.0,537.0,479.0,504
12871,8,61537,62020,482.0,71.0,79.0,70.0,504
12871,9,62020,61483,1363.0,201.0,223.0,197.0,504
12871,10,61483,73415,1263.0,185.0,207,183,504
12871,11,73415,61479,1069.0,157.0,176,155,504
12871,12,61479,61517,587.0,86.0,96,86,504
12871,13,61517,61494,691.0,102.0,114,100,504
12871,14,61494,73226,2023.0,297.0,333,293,504
12872,0,73226,61497,2267.0,324.0,353.0,318.0,488
12872,1,61497,61519,543.0,77.0,85.5,76.0,488
12872,2,61519,61481,591.0,84.0,92.5,83.0,488
12872,3,61481,73416,1076.0,154.0,170,151,488
12872,4,73416,61485,1254.0,179.0,197.5,175.0,488
12872,5,61485,62032,1283.0,183.0,202,180,488
12872,6,62032,61539,482.0,69.0,76,68,488
12872,7,61539,73803,3315.0,473.0,520,464,488
12872,8,73803,61546,812.0,116.0,127,114,488
12872,9,61546,61580,1864.0,266.0,291.5,262.0,488
12872,10,61580,61767,2312.0,330.0,362,324,488
12872,11,61767,74095,3302.0,471.0,516,462,488
12872,12,74095,61771,1365.0,195.0,212.0,192.0,488
12872,13,61771,61762,460.0,66.0,71,64,488
12872,14,61762,62012,2616.0,373.0,406.0,367.0,488
12873,0,61238,72936,1124.0,145.0,163.0,143.0,690
12873,1,72936,61197,1944.0,250.0,281,249,690
12873,2,61197,61242,1485.0,191.0,215.0,189.0,690
12873,3,61242,61189,1146.0,148.0,167,147,690
12873,4,61189,61173,2433.0,313.0,354,310,690
12873,5,61173,61566,1347.0,174.0,195.5,172.0,690
12873,6,61566,62032,878.0,113.0,127.0,112.0,690
12873,7,62032,61608,1598.0,206.0,232.0,204.0,690
12873,8,61608,61615,2274.0,292.0,329,291,690
12873,9,61615,61546,737.0,95.0,106,94,690
12873,10,61546,61599,2579.0,332.0,372.0,329.0,690
12873,11,61599,61729,1099.0,142.0,159,140,690
12873,12,61729,61739,3690.0,475.0,533.0,471.0,690
12873,13,61739,61755,3969.0,511.0,569,507,690
12873,14,61755,62015,603.0,78.0,85,77,690
12874,0,62015,61752,775.0,102.0,107.5,101.0,678
12874,1,61752,61735,4050.0,533.0,561,529,678
12874,2,61735,61727,3623.0,477.0,503,473,678
12874,3,61727,73813,952.0,125.0,132.0,124.0,678
12874,4,73813,73535,2649.0,349.0,368,346,678
12874,5,73535,62026,715.0,94.0,99.0,93.0,678
12874,6,62026,61604,2304.0,303.0,320,301,678
12874,7,61604,62017,1580.0,208.0,219.0,206.0,678
12874,8,62017,61564,1211.0,159.0,168.0,158.0,678
12874,9,61564,61175,1101.0,145.0,153.0,144.0,678
12874,10,61175,61193,2375.0,313.0,329,310,678
12874,11,61193,61248,1204.0,158.0,167,157,678
12874,12,61248,61201,1202.0,159.0,167,157,678
12874,13,61201,74098,2146.0,282.0,298.5,280.0,678
12874,14,74098,61238,1466.0,193.0,205,191,678
12877,0,74182,61897,4007.0,353,,353,3
12877,1,61897,61869,656.0,57,,57,3
12877,2,61869,61876,824.0,73,,73,3
12877,3,61876,61910,517.0,45,,45,3
12877,4,61910,61856,1236.0,109,,109,3
12877,5,61856,61914,527.0,47,,47,3
12877,6,61914,61881,890.0,78,,78,3
12877,7,61881,61851,595.0,52,,52,3
12877,8,61851,62021,1713.0,151,,151,3
12877,9,62021,73236,1817.0,160,,160,3
12878,0,73325,73877,2117.0,356.0,362.5,355.0,448
12878,1,73877,74223,1176.0,198.0,202.0,197.0,448
12878,2,74223,61782,2476.0,417.0,426.5,415.0,448
12878,3,61782,61816,2206.0,371.0,382,370,448
12878,4,61816,74091,1623.0,273.0,281,272,448
12878,5,74091,74182,1334.0,224.0,232,223,448
12878,6,74182,61897,4007.0,675.0,694.0,672.0,448
12878,7,61897,61869,656.0,110.0,114.0,109.0,448
12878,8,61869,61876,824.0,139.0,143.0,138.0,448
12878,9,61876,61910,517.0,87.0,90,86,448
12878,10,61910,61856,1236.0,208.0,214.0,207.0,448
12878,11,61856,61914,527.0,88.0,92.0,88.0,448
12878,12,61914,61881,890.0,150.0,154,148,448
12878,13,61881,61851,595.0,100.0,103,99,448
12878,14,61851,62021,1713.0,288.0,297,286,448
12878,15,62021,73236,1817.0,306.0,315.0,303.0,448
12879,0,61838,74224,0.0,469,508.0,434,399
12879,1,74224,61842,0.0,140,153.0,129,399
12879,2,61842,61801,0.0,436,474,403.0,399
12879,3,61801,61788,0.0,132,144,123.0,399
12879,4,61788,61796,0.0,105,114.0,97,399
12879,5,61796,72757,0.0,301,328.5,278,399
12879,6,72757,61578,0.0,391,427,362.0,399
12879,7,61578,61570,0.0,576,627,533.0,399
12879,8,61570,61533,0.0,250,272,231.0,399
12879,9,61533,61564,0.0,250,273,232.0,399
12879,10,61564,61234,0.0,397,432.0,366,399
12879,11,61234,61151,0.0,375,407.5,347,399
12879,12,61151,61226,0.0,202,220,187.0,399
12879,13,61226,61251,0.0,176,190.5,162,399
12881,0,61249,61223,0.0,177,238,174.0,359
12881,1,61223,61143,0.0,232,317.5,229,359
12881,2,61143,61230,0.0,353,481.0,347,359
12881,3,61230,61565,0.0,391,530,385.0,359
12881,4,61565,61542,0.0,208,281,204.0,359
12881,5,61542,61574,0.0,250,341.5,246,359
12881,6,61574,61582,0.0,543,735,534.5,359
12881,7,61582,72763,0.0,361,497,355.0,359
12881,8,72763,61795,0.0,282,388,278.0,359
12881,9,61795,61787,0.0,98,135,96.0,359
12881,10,61787,61798,0.0,126,174,124.0,359
12881,11,61798,61841,0.0,414,572.5,408,359
12881,12,61841,74221,0.0,122,170.0,120,359
12881,13,74221,61838,0.0,388,542.0,382,359
12931,0,73510,61753,1007.0,176,181,161.0,53
12931,1,61753,61741,882.0,153,155,137.0,53
12931,2,61741,61769,1599.0,279,280,249.0,53
12931,3,61769,61720,911.0,159,159,139.0,53
12931,4,61720,73581,378.0,66,66,57.5,53
12931,5,73581,61745,1487.0,259,261.0,226,53
12931,6,61745,61764,1839.0,321,322,277.5,53
12931,7,61764,74309,12209.0,2129,2138.0,1821,53
12931,8,74309,74241,505.0,88,88.0,87,53
12933,0,61919,74192,1729.0,283.0,300,279,276
12933,1,74192,74212,1064.0,175.0,185,172,276
12933,2,74212,74108,2117.0,347.0,367,341,276
12933,3,74108,61221,2769.0,454.0,480.0,447.0,276
12933,4,61221,62040,712.0,117.0,124.0,115.0,276
12933,5,62040,61245,4393.0,720.0,762,705,276
12933,6,61245,61203,1366.0,224.0,238.0,219.0,276
12933,7,61203,61207,591.0,97.0,104,94,276
12933,8,61207,61226,344.0,56.0,60.0,55.0,276
12933,9,61226,61252,1336.0,219.0,234.0,213.0,276
12933,10,61252,61235,871.0,143.0,153.0,139.0,276
12970,0,73460,61784,3898.0,781.0,785,726,102
12970,1,61784,74178,5236.0,1049.0,1061.5,974.0,102
12970,2,74178,74190,2051.0,411.0,417,382,102
12970,3,74190,61219,5977.0,1198.0,1214.0,1109.5,102
12970,4,61219,61167,549.0,110.0,112,102,102
12970,5,61167,61258,327.0,66.0,67,60,102
12970,6,61258,61179,965.0,193.0,196.0,177.0,102
12970,7,61179,74098,6778.0,1358.0,1381.0,1241.0,102
12970,8,74098,73218,1616.0,324.0,329.0,309.0,102
12980,0,61973,72921,928.0,189.0,218.5,185.0,492
12980,1,72921,61974,713.0,145.5,168.5,143.0,492
12980,2,61974,61926,2267.0,462.0,536.0,452.0,492
12980,3,61926,61988,988.0,201.0,234,197,492
12980,4,61988,71423,1949.0,397.5,462,390,492
12980,5,71423,71377,774.0,157.5,184.5,154.0,492
12980,6,71377,71378,326.0,66.0,77,65,492
12980,7,71378,71379,368.0,75.0,88.0,74.0,492
12980,8,71379,71380,453.0,92.0,108.0,90.0,492
12980,9,71380,71381,556.0,114.0,133,111,492
12980,10,71381,71382,684.0,139.5,163.0,137.0,492
12980,11,71382,71383,433.0,88.0,103,86,492
12980,12,71383,71384,474.0,96.5,113,95,492
12980,13,71384,73074,502.0,102.5,120.0,100.0,492
12980,14,73074,71386,331.0,68.0,79.0,66.0,492
12980,15,71386,74251,917.0,186.5,219,183,492
12980,16,74251,73569,1290.0,263.5,308.5,258.0,492
12980,17,73569,73411,1273.0,259.0,303,254,492
12980,18,73411,73766,1334.0,272.0,318,266,492
12980,19,73766,51434,5151.0,1049.5,1228,1028,492
12980,20,51434,73998,238.0,49.0,57,48,492
12980,21,73998,51428,314.0,64.0,75,62,492
12980,22,51428,51426,510.0,104.0,122.0,102.0,492
12980,23,51426,51705,820.0,167.0,197,164,492
12984,0,54677,54680,0.0,89.0,101,84,442
12984,1,54680,61413,0.0,517.5,588.0,486.0,442
12984,2,61413,61441,0.0,1025.5,1166,961,442
12984,3,61441,61523,0.0,693.0,788,650,442
12984,4,61523,56949,0.0,310.0,353,290,442
12984,5,56949,57473,0.0,123.0,140.0,115.0,442
12984,6,57473,71705,0.0,127.0,145,119,442
12984,7,71705,71439,0.0,170.5,194,160,442
12984,8,71439,71386,635.0,125.0,142.0,117.0,442
12984,9,71386,74253,909.0,178.0,203,167,442
12984,10,74253,73653,1286.0,252.5,287,236,442
12984,11,73653,61438,3794.0,744.0,847.0,698.0,442
12984,12,61438,61410,5240.0,1028.0,1171.0,963.0,442
12984,13,61410,54674,3067.0,601.0,685.0,565.0,442
12984,14,54674,54677,0.0,128.0,145,120,442
12985,0,61973,72921,928.0,170,,170,61
12985,1,72921,61974,713.0,130,,130,61
12985,2,61974,61926,2267.0,415,,415,61
12985,3,61926,61988,988.0,181,,181,61
12985,4,61988,71423,1949.0,356,,356,61
12985,5,71423,71380,3416.0,625,,625,61
12985,6,71380,71381,556.0,102,,102,61
12985,7,71381,71382,684.0,125,,125,61
12985,8,71382,71383,433.0,79,,79,61
12985,9,71383,71384,474.0,87,,87,61
12985,10,71384,73074,502.0,92,,92,61
12985,11,73074,71386,331.0,60,,60,61
12985,12,71386,74251,917.0,167,,167,61
12985,13,74251,73569,1290.0,236,,236,61
12985,14,73569,73411,1273.0,233,,233,61
12985,15,73411,73766,1334.0,244,,244,61
12985,16,73766,51434,5151.0,943,,943,61
12985,17,51434,73998,238.0,43,,43,61
12985,18,73998,51428,314.0,58,,58,61
12985,19,51428,51426,510.0,93,,93,61
12985,20,51426,51705,820.0,150,,150,61
12986,0,51705,51427,441.0,89.0,,89.0,62
12986,1,51427,51468,526.0,105.0,,105.0,62
12986,2,51468,51431,373.0,75.0,,75.0,62
12986,3,51431,51433,232.0,47.0,,47.0,62
12986,4,51433,73767,5156.0,1036.0,,1036.0,62
12986,5,73767,73412,1381.0,278.0,,278.0,62
12986,6,73412,61523,1160.0,233.0,,233.0,62
12986,7,61523,57474,1924.0,387.0,,387.0,62
12986,8,57474,71705,934.0,188.0,,188.0,62
12986,9,71705,57327,979.0,197.0,,197.0,62
12986,10,57327,71389,654.0,131.0,,131.0,62
12986,11,71389,57337,622.0,125.0,,125.0,62
12986,12,57337,71391,538.0,108.0,,108.0,62
12986,13,71391,71392,362.0,73.0,,73.0,62
12986,14,71392,71394,936.0,188.0,,188.0,62
12986,15,71394,71395,621.0,125.0,,125.0,62
12986,16,71395,71416,679.0,137.0,,137.0,62
12986,17,71416,72333,580.0,116.0,,116.0,62
12986,18,72333,61996,1908.0,384.0,,384.0,62
12986,19,61996,61935,1053.0,211.0,,211.0,62
12986,20,61935,61981,2163.0,435.0,,435.0,62
12986,21,61981,61942,859.0,173.0,,173.0,62
12986,22,61942,61973,1513.0,304.0,,304.0,62
12987,0,61973,72921,928.0,168,,168,69
12987,1,72921,61974,713.0,128,,128,69
12987,2,61974,61926,2267.0,410,,410,69
12987,3,61926,61988,988.0,178,,178,69
12987,4,61988,71423,1949.0,352,,352,69
12987,5,71423,71377,774.0,140,,140,69
12987,6,71377,71378,326.0,59,,59,69
12987,7,71378,71379,368.0,66,,66,69
12987,8,71379,71380,453.0,82,,82,69
12987,9,71380,71381,556.0,100,,100,69
12987,10,71381,71382,684.0,124,,124,69
12987,11,71382,71383,433.0,78,,78,69
12987,12,71383,71384,474.0,85,,85,69
12987,13,71384,73074,502.0,91,,91,69
12987,14,73074,71386,331.0,60,,60,69
12987,15,71386,74251,917.0,165,,165,69
12987,16,74251,73569,1290.0,233,,233,69
12987,17,73569,73411,1273.0,230,,230,69
12987,18,73411,73766,1334.0,241,,241,69
12987,19,73766,51434,5151.0,930,,930,69
12987,20,51434,73998,238.0,43,,43,69
12987,21,73998,51428,314.0,57,,57,69
12987,22,51428,51426,510.0,92,,92,69
12987,23,51426,51705,820.0,148,,148,69
12988,0,51705,51427,441.0,83.0,,83.0,78
12988,1,51427,51468,526.0,99.0,,99.0,78
12988,2,51468,51431,373.0,70.0,,70.0,78
12988,3,51431,51433,232.0,44.0,,44.0,78
12988,4,51433,61472,5237.0,982.5,,982.5,78
12988,5,61472,73412,1300.0,243.5,,243.5,78
12988,6,73412,61523,1160.0,218.0,,218.0,78
12988,7,61523,57474,1924.0,360.5,,360.5,78
12988,8,57474,71705,934.0,175.5,,175.5,78
12988,9,71705,71439,857.0,160.5,,160.5,78
12988,10,71439,73080,615.0,115.0,,115.0,78
12988,11,73080,71409,373.0,70.0,,70.0,78
12988,12,71409,73078,513.0,96.5,,96.5,78
12988,13,73078,73077,440.0,82.5,,82.5,78
12988,14,73077,71412,553.0,103.5,,103.5,78
12988,15,71412,71413,655.0,123.0,,123.0,78
12988,16,71413,71414,472.0,89.0,,89.0,78
12988,17,71414,71415,426.0,80.0,,80.0,78
12988,18,71415,71416,447.0,84.0,,84.0,78
12988,19,71416,72333,580.0,108.5,,108.5,78
12988,20,72333,61996,1908.0,358.0,,358.0,78
12988,21,61996,61935,1053.0,197.5,,197.5,78
12988,22,61935,61981,2163.0,405.5,,405.5,78
12988,23,61981,61942,859.0,161.5,,161.5,78
12988,24,61942,61973,1513.0,283.5,,283.5,78
12991,0,61971,61940,0.0,158,,158,5
12991,1,61940,61975,0.0,105,,105,5
12991,2,61975,61926,0.0,330,,330,5
12991,3,61926,61984,0.0,337,,337,5
12991,4,61984,71675,0.0,896,,896,5
12991,5,71675,71596,0.0,214,,214,5
12991,6,71596,71597,0.0,79,,79,5
12991,7,71597,71598,0.0,115,,115,5
12991,8,71598,71676,0.0,95,,95,5
12991,9,71676,71678,0.0,55,,55,5
12991,10,71678,71681,0.0,76,,76,5
12991,11,71681,71683,0.0,66,,66,5
12991,12,71683,71684,0.0,70,,70,5
12991,13,71684,71686,0.0,84,,84,5
12991,14,71686,71688,0.0,61,,61,5
12991,15,71688,71690,0.0,60,,60,5
12991,16,71690,71692,0.0,48,,48,5
12991,17,71692,56778,86.0,81,,81,5
12991,18,56778,71696,596.0,88,,88,5
12991,19,71696,71505,1185.0,175,,175,5
12991,20,71505,71701,291.0,43,,43,5
12991,21,71701,71706,583.0,86,,86,5
12991,22,71706,56544,640.0,94,,94,5
12991,23,56544,71518,923.0,136,,136,5
12991,24,71518,71705,2100.0,310,,310,5
12991,25,71705,57324,376.0,56,,56,5
12991,26,57324,61987,6302.0,929,,929,5
12991,27,61987,61934,2251.0,332,,332,5
12991,28,61934,61983,2283.0,337,,337,5
12991,29,61983,61941,696.0,103,,103,5
12991,30,61941,61971,0.0,216,,216,5
12992,0,61971,61940,0.0,225.0,,225.0,52
12992,1,61940,61975,0.0,150.5,,150.5,52
12992,2,61975,61926,0.0,473.0,,473.0,52
12992,3,61926,61984,0.0,482.0,,482.0,52
12992,4,61984,71675,0.0,1421.0,,1421.0,52
12992,5,71675,71596,0.0,306.0,,306.0,52
12992,6,71596,71597,0.0,114.0,,114.0,52
12992,7,71597,71598,0.0,164.0,,164.0,52
12992,8,71598,71676,0.0,136.0,,136.0,52
12992,9,71676,71678,0.0,79.0,,79.0,52
12992,10,71678,71681,0.0,109.0,,109.0,52
12992,11,71681,71683,0.0,93.0,,93.0,52
12992,12,71683,71684,0.0,101.0,,101.0,52
12992,13,71684,71686,0.0,121.0,,121.0,52
12992,14,71686,71688,0.0,87.0,,87.0,52
12992,15,71688,71690,0.0,85.0,,85.0,52
12992,16,71690,71692,0.0,69.0,,69.0,52
12992,17,71692,56778,414.5,117.0,,117.0,52
12992,18,56778,71696,596.0,125.0,,125.0,52
12992,19,71696,71505,1185.0,251.0,,251.0,52
12992,20,71505,71701,291.0,61.0,,61.0,52
12992,21,71701,71706,583.0,123.0,,123.0,52
12992,22,71706,56544,640.0,135.0,,135.0,52
12992,23,56544,71518,923.0,195.0,,195.0,52
12992,24,71518,71705,2100.0,443.0,,443.0,52
12992,25,71705,57324,376.0,80.0,,80.0,52
12992,26,57324,61987,6302.0,1330.0,,1330.0,52
12992,27,61987,61934,2251.0,475.0,,475.0,52
12992,28,61934,61983,2283.0,482.0,,482.0,52
12992,29,61983,61941,696.0,147.0,,147.0,52
12992,30,61941,61971,0.0,310.0,,310.0,52
13007,0,62014,61740,1729.0,237.0,254.0,222.0,318
13007,1,61740,61721,2625.0,361.0,386,338,318
13007,2,61721,61744,1749.0,240.0,258,224,318
13007,3,61744,61765,1954.0,268.0,290,252,318
13007,4,61765,73813,1414.0,195.0,210.0,181.0,318
13007,5,73813,61578,861.0,118.0,128,111,318
13007,6,61578,61558,3562.0,489.0,530.0,458.0,318
13007,7,61558,61511,3941.0,541.0,587.0,506.0,318
13007,8,61511,61219,1586.0,218.0,237.5,204.0,318
13007,9,61219,61167,549.0,75.0,82.0,70.0,318
13007,10,61167,62040,222.0,30.0,33,28,318
13007,11,62040,61185,1864.0,256.0,280,240,318
13007,12,61185,72906,4358.0,598.0,654,560,318
13007,13,72906,74098,1626.0,224.0,245,208,318
13007,14,74098,74254,2028.0,278.0,306.0,260.5,318
13007,15,74254,74258,626.0,86.0,95.0,80.0,318
13008,0,74259,74255,625.0,84,92.5,81,297
13008,1,74255,74096,1850.0,247,273,241.0,297
13008,2,74096,72907,1817.0,243,272,237.0,297
13008,3,72907,61181,4010.0,536,602.0,522,297
13008,4,61181,61254,2018.0,270,305.0,263,297
13008,5,61254,61159,552.0,74,83,72.0,297
13008,6,61159,61213,322.0,43,48.5,42,297
13008,7,61213,61507,1703.0,227,258,222.0,297
13008,8,61507,61560,3829.0,512,581.0,498,297
13008,9,61560,61580,3559.0,476,539,464.0,297
13008,10,61580,61599,715.0,96,109.0,93,297
13008,11,61599,61766,1540.0,206,235.5,201,297
13008,12,61766,61747,1952.0,261,299,254.5,297
13008,13,61747,61722,1745.0,233,269,228.0,297
13008,14,61722,61743,2627.0,351,403.0,344,297
13008,15,61743,62014,1426.0,191,218,186.0,297
13017,0,73639,61943,947.0,167.0,200.5,161.0,488
13017,1,61943,61977,868.0,153.0,183,147,488
13017,2,61977,61961,1300.0,229.0,276.0,221.0,488
13017,3,61961,61948,453.0,80.0,96,77,488
13017,4,61948,61930,554.0,98.0,117.0,94.0,488
13017,5,61930,74178,1930.0,340.0,409,328,488
13017,6,74178,74190,2051.0,362.0,434.0,349.0,488
13017,7,74190,74212,1150.0,203.0,244,195,488
13017,8,74212,74308,3526.0,622.0,746.0,599.0,488
13017,9,74308,62040,2072.0,366.0,439.0,352.0,488
13017,10,62040,61232,2563.0,452.0,543,436,488
13017,11,61232,61193,733.0,129.0,155,124,488
13017,12,61193,61147,1823.0,321.0,386.0,310.0,488
13017,13,61147,74256,4826.0,852.0,1022,820,488
13017,14,74256,74260,631.0,111.0,133.0,108.0,488
13018,0,74261,74257,629.0,111.0,137,109,462
13018,1,74257,61145,4832.0,852.0,1054,838,462
13018,2,61145,61189,1765.0,312.0,386,306,462
13018,3,61189,61228,735.0,130.0,160.0,127.0,462
13018,4,61228,62042,2608.0,460.0,569.0,452.0,462
13018,5,62042,74311,1884.0,333.0,411.0,327.0,462
13018,6,74311,74245,3554.0,627.0,775.0,616.0,462
13018,7,74245,74191,1206.0,212.0,264.0,209.0,462
13018,8,74191,74183,2287.0,404.0,499,397,462
13018,9,74183,61934,1852.0,327.0,405.0,322.0,462
13018,10,61934,61951,422.0,74.0,92.5,73.0,462
13018,11,61951,61962,444.0,78.0,97.0,77.0,462
13018,12,61962,61979,1246.0,220.0,274,216,462
13018,13,61979,61942,936.0,165.0,209,162,462
13018,14,61942,73639,1450.0,256.0,324,252,462
13021,0,74183,61934,1852.0,398,,398,3
13021,1,61934,61951,422.0,91,,91,3
13021,2,61951,61962,444.0,95,,95,3
13021,3,61962,61979,1246.0,268,,268,3
13021,4,61979,61942,936.0,201,,201,3
13021,5,61942,73639,1450.0,312,,312,3
13027,0,73235,52733,1382.0,258,258.0,258,195
13027,1,52733,53036,338.0,63,63.0,63,195
13027,2,53036,53037,333.0,62,62.0,62,195
13027,3,53037,53014,626.0,117,117.0,117,195
13027,4,53014,73769,1125.0,210,210.0,210,195
13027,5,73769,73770,442.0,82,82.0,82,195
13027,6,73770,73239,1703.0,318,318.0,318,195
13035,0,74259,74255,625.0,99,101,95.5,57
13035,1,74255,61209,2204.0,351,357.0,332,57
13035,2,61209,61199,1726.0,275,278,262.5,57
13035,3,61199,61244,1517.0,241,245,228.0,57
13035,4,61244,61230,1850.0,294,298.0,277,57
13035,5,61230,61183,439.0,70,71,66.0,57
13035,6,61183,61256,2017.0,321,325.0,302,57
13035,7,61256,61215,874.0,139,141.0,130,57
13035,8,61215,73571,675.0,108,108.5,100,57
13035,9,73571,61513,3329.0,529,537,489.5,57
13035,10,61513,61517,1017.0,162,164,148.0,57
13035,11,61517,61491,437.0,70,70.5,63,57
13035,12,61491,73656,633.0,100,102.0,92,57
13035,13,73656,61530,1152.0,184,186,167.0,57
13035,14,61530,73225,643.0,102,104,93.0,57
13036,0,73225,61532,564.0,89,95.5,75,53
13036,1,61532,61477,1074.0,170,182.0,143,53
13036,2,61477,61498,698.0,110,118,92.0,53
13036,3,61498,73548,381.0,60,64,49.5,53
13036,4,73548,61515,1091.0,173,182.0,140,53
13036,5,61515,61523,3171.0,501,528.0,410,53
13036,6,61523,61221,909.0,143,149.5,116,53
13036,7,61221,61260,875.0,139,143.0,111,53
13036,8,61260,61187,1759.0,278,288.0,223,53
13036,9,61187,61234,697.0,110,114.0,89,53
13036,10,61234,61245,1774.0,280,290.0,224,53
13036,11,61245,61203,1366.0,216,219.5,174,53
13036,12,61203,61210,1612.0,255,255,206.0,53
13036,13,61210,74256,2574.0,406,406.0,326,53
13036,14,74256,74260,631.0,100,100.0,109,53
13040,0,73235,52733,1382.0,279.0,,279.0,18
13040,1,52733,53036,338.0,68.0,,68.0,18
13040,2,53036,53037,333.0,67.0,,67.0,18
13040,3,53037,53014,626.0,126.0,,126.0,18
13040,4,53014,73769,1125.0,227.0,,227.0,18
13040,5,73769,73770,442.0,89.0,,89.0,18
13040,6,73770,73239,1703.0,344.0,,344.0,18
13089,0,51705,51427,441.0,103,108.0,100,463
13089,1,51427,51468,526.0,122,129,120.0,463
13089,2,51468,51431,373.0,86,92,85.0,463
13089,3,51431,51433,232.0,54,57,53.0,463
13089,4,51433,73767,5156.0,1199,1263.5,1174,463
13089,5,73767,73412,1381.0,321,339,315.0,463
13089,6,73412,61523,1160.0,270,284,264.0,463
13089,7,61523,57474,1924.0,447,472.5,438,463
13089,8,57474,71705,934.0,217,230.0,213,463
13089,9,71705,71439,857.0,199,210.0,195,463
13089,10,71439,73080,615.0,143,152,140.0,463
13089,11,73080,71409,373.0,87,91,85.0,463
13089,12,71409,73078,513.0,119,127,117.0,463
13089,13,73078,73077,440.0,102,108.0,100,463
13089,14,73077,71412,553.0,129,136.5,126,463
13089,15,71412,71413,655.0,152,161.5,149,463
13089,16,71413,71414,472.0,110,116,108.0,463
13089,17,71414,71415,426.0,99,106,97.0,463
13089,18,71415,71416,447.0,104,110.0,102,463
13089,19,71416,72333,580.0,135,144,132.0,463
13089,20,72333,61996,1908.0,443,471.0,434,463
13089,21,61996,61935,1053.0,245,261,240.0,463
13089,22,61935,61981,2163.0,503,537,493.0,463
13089,23,61981,61942,859.0,199,213,195.0,463
13089,24,61942,61973,1513.0,352,375.0,345,463
13162,0,61879,61875,846.0,188.5,220.5,186.5,604
13162,1,61875,74092,662.0,147.0,175,146,604
13162,2,74092,74208,743.0,165.5,194.5,163.5,604
13162,3,74208,74160,1323.0,294.0,350,292,604
13162,4,74160,74179,1240.0,276.0,328,274,604
13162,5,74179,61790,1415.0,314.5,375,312,604
13162,6,61790,61795,694.0,154.5,184.0,154.0,604
13162,7,61795,61786,679.0,151.5,178.0,149.5,604
13162,8,61786,61815,309.0,69.0,81.0,68.0,604
13162,9,61815,61798,686.0,152.5,180.0,151.0,604
13162,10,61798,61811,844.0,187.5,220.5,187.0,604
13162,11,61811,61778,619.0,138.0,159.0,136.0,604
13162,12,61778,61821,877.0,195.0,221,194,604
13162,13,61821,61773,737.0,164.0,182,163,604
13162,14,61773,61803,628.0,139.5,156,138,604
13162,15,61803,61807,1013.0,225.5,251.0,224.0,604
13163,0,73227,61503,1043.0,174,191.0,172,361
13163,1,61503,61477,556.0,92,101.5,92,361
13163,2,61477,61497,608.0,102,113,100.0,361
13163,3,61497,61519,543.0,91,100.0,90,361
13163,4,61519,73416,1667.0,278,308.0,275,361
13163,5,73416,61610,4205.0,701,777.0,693,361
13163,6,61610,61574,817.0,136,151,135.0,361
13163,7,61574,61562,505.0,84,93,83.0,361
13163,8,61562,73814,4346.0,724,803,716.0,361
13163,9,73814,72762,1159.0,193,214,192.0,361
13163,10,72762,61786,3540.0,590,654,588.0,361
13163,11,61786,61778,2458.0,410,450.0,408,361
13163,12,61778,61821,877.0,146,158.5,146,361
13163,13,61821,61809,2520.0,420,454.5,418,361
13167,0,74289,74276,572.0,117.0,,117.0,446
13167,1,74276,74272,1148.0,235.0,,235.0,446
13167,2,74272,74284,1227.0,251.0,,251.0,446
13167,3,74284,74285,1013.0,207.0,,207.0,446
13167,4,74285,61629,4748.0,971.0,,971.0,446
13167,5,61629,61696,3024.0,619.0,,619.0,446
13168,0,62298,61627,3097.0,654,,654,447
13168,1,61627,74286,4619.0,976,,976,447
13168,2,74286,74287,720.0,152,,152,447
13168,3,74287,74274,1357.0,286,,286,447
13168,4,74274,74278,1160.0,245,,245,447
13168,5,74278,74291,694.0,147,,147,447
13171,0,61921,61861,2141.0,305,327.0,300,697
13171,1,61861,61897,751.0,107,115,105.0,697
13171,2,61897,61869,656.0,94,100.0,92,697
13171,3,61869,61876,824.0,117,126.0,115,697
13171,4,61876,61910,517.0,74,79,73.0,697
13171,5,61910,61884,712.0,102,109.0,99,697
13171,6,61884,61857,589.0,84,90.0,83,697
13171,7,61857,61915,528.0,75,80,74.0,697
13171,8,61915,61881,824.0,117,126,115.0,697
13171,9,61881,61852,675.0,97,103.0,95,697
13171,10,61852,61892,888.0,126,136.0,124,697
13171,11,61892,62021,745.0,107,114,104.0,697
13171,12,62021,73238,1932.0,275,295,271.0,697
13172,0,74283,74277,541.0,128.0,138,128,170
13172,1,74277,74273,1154.0,272.0,295,272,170
13172,2,74273,61666,8675.0,2049.0,2220.0,2041.5,170
13172,3,61666,61623,2117.0,500.0,536.0,496.0,170
13172,4,61623,61719,1732.0,409.0,438.5,403.0,170
13172,5,61719,61642,713.0,169.0,180,166,170
13172,6,61642,61592,596.0,140.0,151,138,170
13172,7,61592,61649,1130.0,267.0,285,263,170
13172,8,61649,74161,1084.0,256.0,273,252,170
13172,9,74161,74246,2175.0,514.0,551.0,505.0,170
13172,10,74246,74106,2047.0,483.0,518.5,476.0,170
13172,11,74106,74242,898.0,212.0,229,209,170
13172,12,74242,61521,2162.0,511.0,549,503,170
13173,0,73570,74241,2065.0,469,495.0,422,161
13173,1,74241,74107,896.0,204,215.0,183,161
13173,2,74107,74211,2191.0,498,526,448.0,161
13173,3,74211,74162,2040.0,463,489,418.0,161
13173,4,74162,61648,1063.0,242,255,218.5,161
13173,5,61648,61583,1128.0,256,270.0,232,161
13173,6,61583,61639,604.0,137,145,124.0,161
13173,7,61639,61716,707.0,161,170.0,145,161
13173,8,61716,61619,1821.0,414,436.0,375,161
13173,9,61619,61662,2045.0,464,482.5,423,161
13173,10,61662,74275,8573.0,1948,1994.0,1804,161
13173,11,74275,74279,1156.0,263,263,260.0,161
13173,12,74279,74280,730.0,166,165.5,166,161
13175,0,61434,74120,637.0,118.0,139.0,116.0,360
13175,1,74120,73575,523.0,97.0,114,96,360
13175,2,73575,61412,962.0,178.0,210,176,360
13175,3,61412,61460,1984.0,367.0,433,363,360
13175,4,61460,73908,3226.0,598.0,705,589,360
13175,5,73908,73599,873.0,161.0,190,160,360
13175,6,73599,61468,214.0,40.0,47,39,360
13175,7,61468,74241,4665.0,864.0,1019.0,852.0,360
13175,8,74241,74109,970.0,180.0,212,177,360
13175,9,74109,74189,3266.0,604.0,713,595,360
13175,10,74189,61647,1895.0,351.0,413,346,360
13175,11,61647,61585,1263.0,234.0,275.0,230.5,360
13175,12,61585,61640,583.0,108.0,127,106,360
13175,13,61640,61617,2399.0,444.0,522,439,360
13175,14,61617,61662,2119.0,393.0,459.0,387.0,360
13175,15,61662,61654,1265.0,234.0,273.0,232.0,360
13175,16,61654,61624,322.0,60.0,68,59,360
13175,17,61624,73790,2279.0,422.0,482.0,417.0,360
13175,18,73790,62317,2226.0,412.0,469.5,407.0,360
13179,0,73239,61853,0.0,467.5,519.5,442.0,430
13179,1,61853,61883,0.0,140.0,157.0,133.0,430
13179,2,61883,61859,0.0,258.5,289.0,245.0,430
13179,3,61859,62304,0.0,97.5,109.0,92.0,430
13179,4,62304,61879,0.0,236.5,264.0,224.0,430
13179,5,61879,61901,0.0,274.0,307,259,430
13179,6,61901,61985,0.0,419.0,470.5,397.0,430
13179,7,61985,72334,0.0,102.0,114.0,97.0,430
13179,8,72334,73073,0.0,282.0,317,266,430
13179,9,73073,71381,0.0,193.5,217.0,183.0,430
13179,10,71381,71382,0.0,131.5,147.0,124.0,430
13179,11,71382,71383,0.0,83.0,93,78,430
13179,12,71383,71384,0.0,90.5,102,86,430
13179,13,71384,71385,0.0,94.0,106,89,430
13179,14,71385,71802,0.0,229.5,258,216,430
13179,15,71802,71595,0.0,98.0,110,93,430
13179,16,71595,71596,0.0,115.0,130,108,430
13179,17,71596,71597,0.0,103.5,116.5,97.0,430
13179,18,71597,71598,0.0,149.5,169,141,430
13179,19,71598,56414,0.0,65.0,73,61,430
13179,20,56414,74292,0.0,141.5,160.0,134.0,430
13179,21,74292,71506,0.0,119.5,135,113,430
13179,22,71506,71507,0.0,147.0,167.0,139.0,430
13179,23,71507,71508,0.0,151.5,171,143,430
13179,24,71508,71509,0.0,57.0,65,54,430
13179,25,71509,71510,390.0,107.5,121,101,430
13179,26,71510,71511,827.0,158.5,179.0,150.0,430
13179,27,71511,71408,464.0,89.0,100.5,84.0,430
13179,28,71408,73079,446.0,85.5,96.0,80.0,430
13179,29,73079,71410,561.0,107.0,121,101,430
13179,30,71410,71411,505.0,97.0,109.0,91.0,430
13179,31,71411,71412,449.0,86.0,97,81,430
13179,32,71412,73076,1078.0,207.0,234.0,195.0,430
13179,33,73076,72331,1586.0,303.5,343,287,430
13179,34,72331,61899,2216.0,425.0,479.0,402.0,430
13179,35,61899,61876,1405.0,269.0,304,255,430
13179,36,61876,61884,1229.0,235.5,265.0,223.0,430
13179,37,61884,61856,524.0,100.0,113,95,430
13179,38,61856,61881,1417.0,271.5,306.0,257.0,430
13179,39,61881,61852,675.0,129.5,146.0,122.0,430
13179,40,61852,73235,2616.0,500.5,566,474,430
13179,41,73235,52733,1382.0,265.0,296,251,430
13179,42,52733,53036,338.0,65.0,72,61,430
13179,43,53036,53037,333.0,64.0,71.0,61.0,430
13179,44,53037,53014,626.0,119.5,133.5,113.0,430
13179,45,53014,73769,1125.0,215.5,239.0,204.0,430
13179,46,73769,73770,442.0,85.0,94.0,80.0,430
13179,47,73770,73239,0.0,326.0,362,309,430
13180,0,73239,61853,0.0,377,,377,15
13180,1,61853,61883,0.0,113,,113,15
13180,2,61883,61859,0.0,209,,209,15
13180,3,61859,62304,0.0,79,,79,15
13180,4,62304,61879,0.0,190,,190,15
13180,5,61879,61901,0.0,221,,221,15
13180,6,61901,61985,0.0,339,,339,15
13180,7,61985,72334,0.0,82,,82,15
13180,8,72334,73073,0.0,228,,228,15
13180,9,73073,71381,0.0,156,,156,15
13180,10,71381,71382,0.0,105,,105,15
13180,11,71382,71383,0.0,67,,67,15
13180,12,71383,71384,0.0,74,,74,15
13180,13,71384,71385,0.0,75,,75,15
13180,14,71385,71802,0.0,186,,186,15
13180,15,71802,71595,0.0,79,,79,15
13180,16,71595,71596,0.0,92,,92,15
13180,17,71596,71597,0.0,84,,84,15
13180,18,71597,71598,0.0,120,,120,15
13180,19,71598,56414,0.0,52,,52,15
13180,20,56414,74292,0.0,114,,114,15
13180,21,74292,71506,464.5,96,,96,15
13180,22,71506,71507,769.0,119,,119,15
13180,23,71507,71508,790.0,122,,122,15
13180,24,71508,71509,299.0,46,,46,15
13180,25,71509,71510,560.0,86,,86,15
13180,26,71510,71511,827.0,128,,128,15
13180,27,71511,71408,464.0,72,,72,15
13180,28,71408,73079,446.0,69,,69,15
13180,29,73079,71410,561.0,86,,86,15
13180,30,71410,71411,505.0,78,,78,15
13180,31,71411,71412,449.0,69,,69,15
13180,32,71412,73076,1078.0,166,,166,15
13180,33,73076,72331,1586.0,246,,246,15
13180,34,72331,61899,2216.0,342,,342,15
13180,35,61899,61876,1405.0,217,,217,15
13180,36,61876,61884,1229.0,190,,190,15
13180,37,61884,61856,524.0,81,,81,15
13180,38,61856,61881,1417.0,219,,219,15
13180,39,61881,61852,675.0,105,,105,15
13180,40,61852,73239,0.0,553,,553,15
13181,0,73239,61853,2440.0,337.0,,337.0,12
13181,1,61853,61883,732.0,100.0,,100.0,12
13181,2,61883,61859,1350.0,187.0,,187.0,12
13181,3,61859,62304,509.0,70.0,,70.0,12
13181,4,62304,61879,1234.0,170.0,,170.0,12
13181,5,61879,61901,1429.0,197.0,,197.0,12
13181,6,61901,61985,2190.0,302.0,,302.0,12
13181,7,61985,72334,532.0,74.0,,74.0,12
13181,8,72334,73073,1472.0,203.0,,203.0,12
13181,9,73073,71381,1010.0,139.0,,139.0,12
13181,10,71381,71382,684.0,94.0,,94.0,12
13181,11,71382,71383,433.0,60.0,,60.0,12
13181,12,71383,71384,474.0,65.0,,65.0,12
13181,13,71384,71385,489.0,68.0,,68.0,12
13181,14,71385,71802,1200.0,165.0,,165.0,12
13181,15,71802,71595,510.0,71.0,,71.0,12
13181,16,71595,71596,600.0,82.0,,82.0,12
13181,17,71596,71597,539.0,75.0,,75.0,12
13181,18,71597,71598,781.0,107.0,,107.0,12
13181,19,71598,56414,338.0,47.0,,47.0,12
13181,20,56414,74292,739.0,102.0,,102.0,12
13182,0,73239,61853,0.0,403,,403,59
13182,1,61853,61883,0.0,121,,121,59
13182,2,61883,61859,0.0,223,,223,59
13182,3,61859,62304,0.0,84,,84,59
13182,4,62304,61879,0.0,204,,204,59
13182,5,61879,61901,0.0,236,,236,59
13182,6,61901,61985,0.0,362,,362,59
13182,7,61985,72334,0.0,88,,88,59
13182,8,72334,73073,0.0,243,,243,59
13182,9,73073,71381,0.0,167,,167,59
13182,10,71381,71382,0.0,113,,113,59
13182,11,71382,71383,0.0,72,,72,59
13182,12,71383,71384,0.0,79,,79,59
13182,13,71384,71385,0.0,80,,80,59
13182,14,71385,71802,0.0,199,,199,59
13182,15,71802,71595,0.0,84,,84,59
13182,16,71595,71596,0.0,99,,99,59
13182,17,71596,71597,0.0,89,,89,59
13182,18,71597,71598,0.0,129,,129,59
13182,19,71598,56414,0.0,56,,56,59
13182,20,56414,74292,0.0,122,,122,59
13182,21,74292,71506,0.0,103,,103,59
13182,22,71506,71507,0.0,127,,127,59
13182,23,71507,71508,0.0,131,,131,59
13182,24,71508,71509,0.0,50,,50,59
13182,25,71509,71510,390.5,93,,93,59
13182,26,71510,71511,827.0,136,,136,59
13182,27,71511,71408,464.0,77,,77,59
13182,28,71408,73079,446.0,73,,73,59
13182,29,73079,71410,561.0,93,,93,59
13182,30,71410,71411,505.0,84,,84,59
13182,31,71411,71412,449.0,74,,74,59
13182,32,71412,73076,1078.0,178,,178,59
13182,33,73076,72331,1586.0,262,,262,59
13182,34,72331,61899,2216.0,366,,366,59
13182,35,61899,61876,1405.0,232,,232,59
13182,36,61876,61884,1229.0,203,,203,59
13182,37,61884,61856,524.0,87,,87,59
13182,38,61856,61881,1417.0,234,,234,59
13182,39,61881,61852,675.0,111,,111,59
13182,40,61852,73235,2616.0,432,,432,59
13182,41,73235,52733,1382.0,229,,229,59
13182,42,52733,53036,338.0,56,,56,59
13182,43,53036,53037,333.0,55,,55,59
13182,44,53037,53014,626.0,104,,104,59
13182,45,53014,73769,1125.0,186,,186,59
13182,46,73769,73770,442.0,73,,73,59
13182,47,73770,73239,0.0,281,,281,59
13183,0,73239,61853,0.0,340.0,,340.0,6
13183,1,61853,61883,0.0,102.0,,102.0,6
13183,2,61883,61859,0.0,188.0,,188.0,6
13183,3,61859,62304,0.0,70.5,,70.5,6
13183,4,62304,61879,0.0,172.0,,172.0,6
13183,5,61879,61901,0.0,199.0,,199.0,6
13183,6,61901,61985,0.0,305.5,,305.5,6
13183,7,61985,72334,0.0,73.5,,73.5,6
13183,8,72334,73073,0.0,205.0,,205.0,6
13183,9,73073,71381,0.0,141.0,,141.0,6
13183,10,71381,71382,0.0,95.0,,95.0,6
13183,11,71382,71383,0.0,60.5,,60.5,6
13183,12,71383,71384,0.0,66.0,,66.0,6
13183,13,71384,71385,0.0,68.5,,68.5,6
13183,14,71385,71802,0.0,166.5,,166.5,6
13183,15,71802,71595,0.0,71.5,,71.5,6
13183,16,71595,71596,0.0,83.5,,83.5,6
13183,17,71596,71597,0.0,74.5,,74.5,6
13183,18,71597,71598,0.0,109.0,,109.0,6
13183,19,71598,56414,0.0,47.0,,47.0,6
13183,20,56414,74292,0.0,103.0,,103.0,6
13183,21,74292,71506,465.0,87.0,,87.0,6
13183,22,71506,71507,769.0,107.0,,107.0,6
13183,23,71507,71508,790.0,110.5,,110.5,6
13183,24,71508,71509,299.0,41.5,,41.5,6
13183,25,71509,71510,560.0,78.5,,78.5,6
13183,26,71510,71511,827.0,115.0,,115.0,6
13183,27,71511,71408,464.0,64.5,,64.5,6
13183,28,71408,73079,446.0,62.5,,62.5,6
13183,29,73079,71410,561.0,77.5,,77.5,6
13183,30,71410,71411,505.0,70.5,,70.5,6
13183,31,71411,71412,449.0,63.0,,63.0,6
13183,32,71412,73076,1078.0,150.0,,150.0,6
13183,33,73076,72331,1586.0,220.5,,220.5,6
13183,34,72331,61897,2141.0,298.5,,298.5,6
13183,35,61897,61876,1480.0,206.0,,206.0,6
13183,36,61876,61884,1229.0,171.5,,171.5,6
13183,37,61884,61856,524.0,72.5,,72.5,6
13183,38,61856,61881,1417.0,197.0,,197.0,6
13183,39,61881,61852,675.0,94.5,,94.5,6
13183,40,61852,73239,0.0,498.5,,498.5,6
13184,0,73239,61853,0.0,423.5,,423.5,8
13184,1,61853,61883,0.0,127.0,,127.0,8
13184,2,61883,61859,0.0,233.5,,233.5,8
13184,3,61859,62304,0.0,89.0,,89.0,8
13184,4,62304,61879,0.0,214.0,,214.0,8
13184,5,61879,61901,0.0,248.0,,248.0,8
13184,6,61901,74190,0.0,473.0,,473.0,8
13184,7,74190,57470,0.0,340.5,,340.5,8
13184,8,57470,71381,0.0,164.0,,164.0,8
13184,9,71381,71382,0.0,118.5,,118.5,8
13184,10,71382,71383,0.0,75.0,,75.0,8
13184,11,71383,71384,0.0,82.0,,82.0,8
13184,12,71384,71385,0.0,85.0,,85.0,8
13184,13,71385,71802,0.0,208.5,,208.5,8
13184,14,71802,71595,0.0,88.0,,88.0,8
13184,15,71595,71596,0.0,104.0,,104.0,8
13184,16,71596,71597,0.0,94.0,,94.0,8
13184,17,71597,71598,0.0,135.0,,135.0,8
13184,18,71598,56414,0.0,59.0,,59.0,8
13184,19,56414,74292,0.0,128.0,,128.0,8
13184,20,74292,71506,0.0,108.5,,108.5,8
13184,21,71506,71507,0.0,133.0,,133.0,8
13184,22,71507,71508,0.0,137.0,,137.0,8
13184,23,71508,71509,47.0,52.0,,52.0,8
13184,24,71509,71510,560.0,97.0,,97.0,8
13184,25,71510,71511,827.0,143.5,,143.5,8
13184,26,71511,71408,464.0,80.0,,80.0,8
13184,27,71408,73079,446.0,78.0,,78.0,8
13184,28,73079,71410,561.0,97.0,,97.0,8
13184,29,71410,71411,505.0,87.5,,87.5,8
13184,30,71411,71412,449.0,78.0,,78.0,8
13184,31,71412,73076,1078.0,187.0,,187.0,8
13184,32,73076,72331,1586.0,275.0,,275.0,8
13184,33,72331,61899,2216.0,384.5,,384.5,8
13184,34,61899,61876,1405.0,243.5,,243.5,8
13184,35,61876,61884,1229.0,213.0,,213.0,8
13184,36,61884,61856,524.0,91.0,,91.0,8
13184,37,61856,61881,1417.0,245.5,,245.5,8
13184,38,61881,61852,675.0,117.0,,117.0,8
13184,39,61852,73235,2616.0,453.5,,453.5,8
13184,40,73235,52733,1382.0,240.0,,240.0,8
13184,41,52733,53036,338.0,58.5,,58.5,8
13184,42,53036,53037,333.0,58.0,,58.0,8
13184,43,53037,53014,626.0,108.0,,108.0,8
13184,44,53014,73770,1567.0,272.0,,272.0,8
13184,45,73770,73239,0.0,295.5,,295.5,8
13185,0,73239,61853,0.0,443,,443,43
13185,1,61853,61883,0.0,133,,133,43
13185,2,61883,61859,0.0,245,,245,43
13185,3,61859,62304,0.0,93,,93,43
13185,4,62304,61879,0.0,224,,224,43
13185,5,61879,61901,0.0,260,,260,43
13185,6,61901,74190,0.0,496,,496,43
13185,7,74190,57470,0.0,356,,356,43
13185,8,57470,71381,0.0,172,,172,43
13185,9,71381,71382,0.0,124,,124,43
13185,10,71382,71383,0.0,79,,79,43
13185,11,71383,71384,0.0,86,,86,43
13185,12,71384,71385,0.0,89,,89,43
13185,13,71385,71802,0.0,218,,218,43
13185,14,71802,71595,0.0,92,,92,43
13185,15,71595,71596,0.0,109,,109,43
13185,16,71596,71597,0.0,98,,98,43
13185,17,71597,71598,0.0,142,,142,43
13185,18,71598,56414,0.0,61,,61,43
13185,19,56414,74292,0.0,135,,135,43
13185,20,74292,71506,0.0,113,,113,43
13185,21,71506,56544,0.0,39,,39,43
13185,22,56544,71517,0.0,110,,110,43
13185,23,71517,56891,0.0,167,,167,43
13185,24,56891,71520,0.0,105,,105,43
13185,25,71520,56892,0.0,66,,66,43
13185,26,56892,57324,79.5,169,,169,43
13185,27,57324,57327,603.0,110,,110,43
13185,28,57327,71389,676.0,123,,123,43
13185,29,71389,57337,622.0,113,,113,43
13185,30,57337,71391,538.0,98,,98,43
13185,31,71391,71394,1298.0,236,,236,43
13185,32,71394,72331,1965.0,357,,357,43
13185,33,72331,61899,2216.0,403,,403,43
13185,34,61899,61876,1405.0,255,,255,43
13185,35,61876,61884,1229.0,223,,223,43
13185,36,61884,61856,524.0,95,,95,43
13185,37,61856,61881,1417.0,258,,258,43
13185,38,61881,61852,675.0,122,,122,43
13185,39,61852,73235,2616.0,476,,476,43
13185,40,73235,52733,1382.0,251,,251,43
13185,41,52733,53036,338.0,61,,61,43
13185,42,53036,53037,333.0,61,,61,43
13185,43,53037,53014,626.0,114,,114,43
13185,44,53014,73769,1125.0,205,,205,43
13185,45,73769,73770,442.0,80,,80,43
13185,46,73770,73239,0.0,757,,757,43
13186,0,73239,61853,0.0,420,,420,5
13186,1,61853,61883,0.0,126,,126,5
13186,2,61883,61859,0.0,232,,232,5
13186,3,61859,62304,0.0,88,,88,5
13186,4,62304,61879,0.0,212,,212,5
13186,5,61879,61901,0.0,246,,246,5
13186,6,61901,61985,0.0,377,,377,5
13186,7,61985,72334,0.0,91,,91,5
13186,8,72334,73073,0.0,254,,254,5
13186,9,73073,71381,0.0,173,,173,5
13186,10,71381,71382,0.0,118,,118,5
13186,11,71382,71383,0.0,75,,75,5
13186,12,71383,71384,0.0,81,,81,5
13186,13,71384,71385,0.0,84,,84,5
13186,14,71385,71802,0.0,207,,207,5
13186,15,71802,71595,0.0,88,,88,5
13186,16,71595,71596,0.0,103,,103,5
13186,17,71596,71597,0.0,93,,93,5
13186,18,71597,71598,0.0,134,,134,5
13186,19,71598,56414,0.0,58,,58,5
13186,20,56414,74292,0.0,127,,127,5
13186,21,74292,71506,0.0,108,,108,5
13186,22,71506,56544,0.0,37,,37,5
13186,23,56544,71517,0.0,104,,104,5
13186,24,71517,56891,0.0,158,,158,5
13186,25,56891,71520,0.0,100,,100,5
13186,26,71520,56892,0.0,62,,62,5
13186,27,56892,57324,0.0,160,,160,5
13186,28,57324,57327,466.0,104,,104,5
13186,29,57327,71389,676.0,116,,116,5
13186,30,71389,57337,622.0,108,,108,5
13186,31,57337,71391,538.0,92,,92,5
13186,32,71391,71394,1298.0,223,,223,5
13186,33,71394,72331,1965.0,339,,339,5
13186,34,72331,61899,2216.0,381,,381,5
13186,35,61899,61876,1405.0,242,,242,5
13186,36,61876,61884,1229.0,211,,211,5
13186,37,61884,61856,524.0,90,,90,5
13186,38,61856,61881,1417.0,244,,244,5
13186,39,61881,61852,675.0,116,,116,5
13186,40,61852,73235,2616.0,450,,450,5
13186,41,73235,52733,1382.0,238,,238,5
13186,42,52733,53036,338.0,58,,58,5
13186,43,53036,53037,333.0,58,,58,5
13186,44,53037,53014,626.0,107,,107,5
13186,45,53014,73769,1125.0,194,,194,5
13186,46,73769,73770,442.0,76,,76,5
13186,47,73770,73239,0.0,717,,717,5
13226,0,74289,74276,0.0,123,126,123.0,347
13226,1,74276,74272,0.0,247,252,247.0,347
13226,2,74272,74284,0.0,264,270,264.0,347
13226,3,74284,74285,0.0,218,223,218.0,347
13226,4,74285,61629,0.0,1021,1044.0,1021,347
13226,5,61629,61696,0.0,650,664,650.0,347
13226,6,61696,62298,373.0,257,263,257.0,347
13226,7,62298,61627,3097.0,666,681.0,666,347
13226,8,61627,74286,4619.0,994,1016.0,994,347
13226,9,74286,74287,720.0,155,158,155.0,347
13226,10,74287,74274,1357.0,292,298,292.0,347
13226,11,74274,74278,1160.0,249,255,249.0,347
13226,12,74278,74291,694.0,149,153.0,149,347
13226,13,74291,74289,0.0,115,117,115.0,347
13238,0,62013,72783,1429.0,259,261.5,249,65
13238,1,72783,62280,818.0,148,149.0,143,65
13238,2,62280,62281,660.0,119,120.5,115,65
13238,3,62281,62288,709.0,129,130.0,123,65
13238,4,62288,62284,858.0,155,156.5,150,65
13239,0,62285,62289,866.0,138.0,138,138,56
13239,1,62289,62282,708.0,113.0,113,113,56
13239,2,62282,71715,665.0,107.0,107,107,56
13239,3,71715,72782,763.0,122.0,123.0,122.0,56
13239,4,72782,62013,1692.0,270.0,273.0,270.0,56
13240,0,61928,72757,1183.0,190,216.5,187,325
13240,1,72757,72760,884.0,141,163,139.5,325
13240,2,72760,61747,3178.0,509,582.5,503,325
13240,3,61747,61722,1745.0,280,320.0,274,325
13240,4,61722,72781,5352.0,857,988,844.5,325
13240,5,72781,62290,2053.0,329,381.5,325,325
13240,6,62290,62286,867.0,139,162.5,137,325
13241,0,62285,72898,711.0,109,121.5,109,333
13241,1,72898,72784,2364.0,363,404.0,363,333
13241,2,72784,61721,5249.0,807,921,807.0,333
13241,3,61721,61744,1749.0,268,308.0,268,333
13241,4,61744,72762,3175.0,488,563,488.0,333
13241,5,72762,72764,819.0,126,146,126.0,333
13241,6,72764,61932,1067.0,164,189.0,164,333
13264,0,62287,62291,846.0,117,123,116.0,625
13264,1,62291,62283,711.0,98,104.0,98,625
13264,2,62283,62279,551.0,76,81,75.0,625
13264,3,62279,72782,817.0,112,120.0,112,625
13264,4,72782,61725,9415.0,1299,1384.0,1291,625
13264,5,61725,61576,1811.0,250,274,249.0,625
13264,6,61576,62029,2651.0,365,416.0,363,625
13264,7,62029,61556,912.0,126,148.5,125,625
13264,8,61556,61604,1318.0,182,218.0,181,625
13265,0,61608,61560,1316.0,179.0,212,176,634
13265,1,61560,73803,883.0,120.0,142.0,118.0,634
13265,2,73803,61580,2676.0,363.0,431.0,357.0,634
13265,3,61580,61731,1887.0,257.0,304.0,252.0,634
13265,4,61731,72781,9417.0,1279.0,1516,1257,634
13265,5,72781,62278,805.0,110.0,129,108,634
13265,6,62278,71714,547.0,74.0,88.0,73.0,634
13265,7,71714,72900,943.0,128.0,151.0,126.0,634
13265,8,72900,62286,625.0,85.0,100,83,634
13266,0,62285,62289,866.0,129.0,170,128,158
13266,1,62289,62282,708.0,106.0,139.0,104.0,158
13266,2,62282,71715,665.0,100.0,131.0,98.0,158
13266,3,71715,72782,763.0,114.0,150.0,113.0,158
13266,4,72782,61760,3774.0,563.0,742,556,158
13266,5,61760,61769,579.0,87.0,114.0,85.0,158
13266,6,61769,73581,1289.0,193.0,253,189,158
13266,7,73581,61765,3383.0,505.0,666.0,496.0,158
13266,8,61765,61597,1561.0,233.0,305,228,158
13266,9,61597,61550,1671.0,250.0,327,245,158
13267,0,61552,61601,1743.0,245.0,330,239,192
13267,1,61601,61766,1462.0,205.0,278.0,201.0,192
13267,2,61766,61737,3179.0,446.0,602,435,192
13267,3,61737,61770,1485.0,209.0,280,204,192
13267,4,61770,61763,577.0,81.0,110,79,192
13267,5,61763,72783,3735.0,524.0,706,511,192
13267,6,72783,62280,818.0,114.5,155,112,192
13267,7,62280,62281,660.0,93.0,125,90,192
13267,8,62281,62288,709.0,99.5,134.0,98.0,192
13267,9,62288,62284,858.0,120.5,162,117,192
13268,0,72896,62291,1393.0,166.0,178,163,232
13268,1,62291,62283,711.0,85.0,91.0,83.0,232
13268,2,62283,62279,551.0,65.0,71,64,232
13268,3,62279,72784,890.0,106.0,115,104,232
13268,4,72784,61175,19926.0,2373.0,2560.0,2326.0,232
13268,5,61175,61147,4198.0,500.0,581,490,232
13268,6,61147,61252,2911.0,347.0,405.0,338.0,232
13268,7,61252,61238,1284.0,153.0,178.0,149.0,232
13269,0,61238,72937,1216.0,155,196,145.0,125
13269,1,72937,61145,2718.0,345,436.0,325,125
13269,2,61145,61171,4125.0,524,661.5,492,125
13269,3,61171,72783,20002.0,2543,3183,2387.0,125
13269,4,72783,62278,878.0,112,142,105.0,125
13269,5,62278,71714,547.0,69,88.5,65,125
13269,6,71714,62290,701.0,89,113.5,84,125
13269,7,62290,72896,729.0,93,118.0,87,125
13270,0,61238,72937,1216.0,146.0,152.0,143.0,72
13270,1,72937,61145,2718.0,326.0,339.0,320.0,72
13270,2,61145,61171,4125.0,495.0,514,484,72
13270,3,61171,72783,20002.0,2401.0,2493,2348,72
13270,4,72783,62278,878.0,106.0,108.0,103.0,72
13270,5,62278,71714,547.0,65.0,68,64,72
13270,6,71714,62290,701.0,84.0,87,82,72
13270,7,62290,62286,867.0,104.0,107.0,102.0,72
13271,0,73232,62225,1822.0,212.0,231,210,292
13271,1,62225,62309,1834.0,214.0,232.5,212.0,292
13271,2,62309,61882,538.0,62.0,68.0,62.0,292
13271,3,61882,61917,886.0,103.0,112,102,292
13271,4,61917,61858,465.0,54.0,59,54,292
13271,5,61858,74090,1295.0,151.0,164,149,292
13271,6,74090,61878,469.0,54.0,59.5,54.0,292
13271,7,61878,73804,3805.0,443.0,481.0,439.0,292
13271,8,73804,61535,3227.0,376.0,409.0,372.0,292
13271,9,61535,61232,4435.0,517.0,561.0,512.0,292
13271,10,61232,61151,2703.0,315.0,342.5,312.0,292
13271,11,61151,61225,1370.0,159.0,174,158,292
13271,12,61225,61252,1394.0,162.0,177.0,160.0,292
13271,13,61252,74256,1915.0,224.0,244,221,292
13271,14,74256,74260,631.0,73.0,80,73,292
13272,0,74261,74257,629.0,82,85.0,81,299
13272,1,74257,72936,2022.0,262,274.0,260,299
13272,2,72936,72908,1393.0,180,189.0,179,299
13272,3,72908,61141,1268.0,165,172,163.0,299
13272,4,61141,61228,2649.0,343,358,340.0,299
13272,5,61228,61541,4479.0,581,607,575.0,299
13272,6,61541,73803,3241.0,420,439.0,417,299
13272,7,73803,61877,3842.0,498,521,493.0,299
13272,8,61877,61910,456.0,59,62.0,59,299
13272,9,61910,61857,1301.0,169,177.0,167,299
13272,10,61857,61914,462.0,60,63,59.0,299
13272,11,61914,61880,821.0,106,111.0,105,299
13272,12,61880,61850,605.0,79,82,78.0,299
13272,13,61850,62022,1838.0,238,249.0,236,299
13272,14,62022,73232,794.0,103,108.0,102,299
13273,0,61687,61715,3993.0,614.0,650.5,608.0,476
13273,1,61715,61631,981.0,151.0,161,149,476
13273,2,61631,74097,1126.0,173.0,186.0,172.0,476
13273,3,74097,61700,3353.0,516.0,553.0,510.0,476
13273,4,61700,61718,905.0,139.0,150.0,138.0,476
13273,5,61718,61548,3046.0,469.0,510.0,464.0,476
13273,6,61548,73535,913.0,140.0,153.0,139.0,476
13273,7,73535,73804,891.0,138.0,149.0,135.0,476
13273,8,73804,61606,2200.0,338.0,368.0,335.0,476
13273,9,61606,61537,1101.0,169.0,185.0,168.0,476
13273,10,61537,62017,407.0,63.0,68,62,476
13274,0,73511,61740,0.0,329.0,341,305,54
13274,1,61740,61768,0.0,299.0,310,278,54
13274,2,61768,61721,0.0,192.0,198,178,54
13274,3,61721,61733,0.0,88.0,91.0,81.0,54
13274,4,61733,61764,0.0,593.0,615,549,54
13274,5,61764,61548,0.0,600.0,621.0,554.0,54
13274,6,61548,61869,0.0,315.0,326,291,54
13274,7,61869,61911,0.0,263.0,273,243,54
13274,8,61911,61856,0.0,218.0,226,202,54
13274,9,61856,61851,0.0,376.0,390.0,348.0,54
13274,10,61851,73233,0.0,492.0,509.0,454.0,54
13275,0,73233,74093,3546.0,499,517,494.0,119
13275,1,74093,61858,1943.0,273,283.0,270,119
13275,2,61858,74090,1295.0,182,189.0,181,119
13275,3,74090,61873,1278.0,180,186.0,178,119
13275,4,61873,61552,1643.0,231,240.0,228,119
13275,5,61552,61767,3262.0,459,475.0,454,119
13275,6,61767,61737,3122.0,440,455.0,435,119
13275,7,61737,61722,518.0,72,76,72.0,119
13275,8,61722,61771,1027.0,145,149,143.0,119
13275,9,61771,61743,1600.0,225,234,223.0,119
13275,10,61743,73511,1450.0,204,211.0,202,119
13276,0,72894,72898,468.0,69,76,68.0,637
13276,1,72898,62283,923.0,136,151.0,134,637
13276,2,62283,62279,551.0,81,90.0,80,637
13276,3,62279,61752,2631.0,387,429.0,383,637
13276,4,61752,61749,4679.0,690,767.5,680,637
13276,5,61749,61597,4093.0,602,685,595.0,637
13276,6,61597,61544,2581.0,380,432,375.0,637
13276,7,61544,61877,1575.0,232,264.0,229,637
13276,8,61877,61885,1234.0,182,206,180.0,637
13276,9,61885,61915,1051.0,155,175.0,152,637
13276,10,61915,61880,755.0,111,124,110.0,637
13276,11,61880,61890,1554.0,229,255,226.5,637
13276,12,61890,62022,889.0,131,146.5,130,637
13276,13,62022,73233,850.0,125,140.0,124,637
13277,0,73233,62225,1766.0,243,306,241.0,475
13277,1,62225,74089,890.0,123,155,121.0,475
13277,2,74089,61882,1482.0,203,257.5,202,475
13277,3,61882,61916,822.0,114,142,113.0,475
13277,4,61916,61886,1051.0,144,181.0,143,475
13277,5,61886,61878,1242.0,171,216,169.0,475
13277,6,61878,73536,1601.0,221,277,219.0,475
13277,7,73536,61601,2594.0,357,446.5,354,475
13277,8,61601,61750,3988.0,548,692,544.0,475
13277,9,61750,61755,4692.0,646,807.5,640,475
13277,10,61755,62278,2636.0,363,458.0,359,475
13277,11,62278,71714,547.0,75,95,75.0,475
13277,12,71714,72900,943.0,130,164.0,129,475
13277,13,72900,72896,487.0,67,85,66.0,475
13278,0,73233,62225,1766.0,236,245.0,235,205
13278,1,62225,74089,890.0,119,123.0,119,205
13278,2,74089,61882,1482.0,199,206.0,197,205
13278,3,61882,61916,822.0,110,114.0,110,205
13278,4,61916,61886,1051.0,141,146.0,140,205
13278,5,61886,61878,1242.0,166,172.0,165,205
13278,6,61878,73536,1601.0,214,222.0,214,205
13278,7,73536,61601,2594.0,347,360.0,345,205
13278,8,61601,61750,3988.0,534,553,532.0,205
13278,9,61750,61755,4692.0,628,650,625.0,205
13278,10,61755,62278,2636.0,353,366,351.0,205
13278,11,62278,71714,547.0,73,76.0,73,205
13278,12,71714,72900,943.0,126,130,126.0,205
13278,13,72900,62286,625.0,84,87.0,83,205
13279,0,61601,61750,3988.0,432.0,,432.0,6
13279,1,61750,61755,4692.0,508.0,,508.0,6
13279,2,61755,62278,2636.0,286.0,,286.0,6
13279,3,62278,71714,547.0,59.0,,59.0,6
13279,4,71714,72900,943.0,102.0,,102.0,6
13279,5,72900,72896,487.0,53.0,,53.0,6
13300,0,62317,73777,2852.0,522,539,519.0,355
13300,1,73777,61631,2188.0,400,418,398.0,355
13300,2,61631,61656,321.0,59,62.5,58,355
13300,3,61656,61666,1272.0,233,246,232.0,355
13300,4,61666,61621,2041.0,373,398.5,371,355
13300,5,61621,61641,2455.0,449,485,446.5,355
13300,6,61641,61591,605.0,111,120.0,110,355
13300,7,61591,61650,1245.0,228,248,226.0,355
13300,8,61650,74192,1994.0,364,397.5,362,355
13300,9,74192,74106,3254.0,595,652,589.5,355
13300,10,74106,74239,793.0,145,160,143.0,355
13300,11,74239,61467,4949.0,905,998.5,896,355
13300,12,61467,73600,222.0,41,45,40.0,355
13300,13,73600,73907,865.0,158,175.0,157,355
13300,14,73907,61459,3210.0,587,651,581.0,355
13300,15,61459,61411,2015.0,369,408,365.0,355
13300,16,61411,73574,882.0,161,179.5,160,355
13300,17,73574,74119,631.0,115,128.0,114,355
13300,18,74119,61434,769.0,141,156,139.0,355
13305,0,73227,61532,525.0,90.0,109,89,596
13305,1,61532,73652,444.0,76.0,92,75,596
13305,2,73652,73657,727.0,124.0,151,123,596
13305,3,73657,61499,656.0,112.0,136,111,596
13305,4,61499,61519,398.0,68.0,82,68,596
13305,5,61519,73780,677.0,116.0,140,114,596
13305,6,73780,61515,342.0,59.0,71,58,596
13305,7,61515,61473,729.0,124.0,151,123,596
13305,8,61473,61489,575.0,99.0,120,98,596
13305,9,61489,73412,707.0,120.0,146,119,596
13305,10,73412,61509,350.0,60.0,73.0,60.0,596
13305,11,61509,73572,982.0,168.0,203,166,596
13305,12,73572,74307,1572.0,269.0,326,266,596
13306,0,74312,73571,1365.0,246.0,299,244,614
13306,1,73571,61505,894.0,161.0,196,159,614
13306,2,61505,73411,444.0,80.0,98,80,614
13306,3,73411,61487,685.0,124.0,152,122,614
13306,4,61487,61471,571.0,103.0,126,102,614
13306,5,61471,61513,735.0,132.0,162,131,614
13306,6,61513,73779,291.0,53.0,64.5,52.0,614
13306,7,73779,61517,726.0,131.0,160,130,614
13306,8,61517,61490,382.0,69.0,84.0,68.0,614
13306,9,61490,73656,688.0,124.0,152,123,614
13306,10,73656,73651,730.0,131.0,162.5,130.0,614
13306,11,73651,61530,422.0,76.0,93.5,75.0,614
13306,12,61530,73227,552.0,100.0,122.5,99.0,614
13307,0,74259,74255,625.0,129.0,155,122,556
13307,1,74255,73219,921.0,190.0,228.0,181.0,556
13307,2,73219,61250,741.0,153.0,183,145,556
13307,3,61250,61209,542.0,112.0,135.0,106.0,556
13307,4,61209,61224,777.0,160.0,192,152,556
13307,5,61224,61204,509.0,105.0,126.0,99.0,556
13307,6,61204,61199,440.0,91.0,109,86,556
13307,7,61199,61145,809.0,167.0,200.0,158.5,556
13307,8,61145,61243,656.0,135.0,163.0,128.0,556
13307,9,61243,61191,1165.0,241.0,288,228,556
13307,10,61191,61230,737.0,152.0,183.0,144.0,556
13307,11,61230,61183,439.0,91.0,109,86,556
13307,12,61183,61171,1128.0,232.0,279.0,220.5,556
13307,13,61171,61256,889.0,184.0,220.0,174.0,556
13307,14,61256,61158,475.0,98.0,118.0,93.0,556
13307,15,61158,61215,399.0,82.0,99.0,78.0,556
13307,16,61215,74307,1315.0,272.0,325,257,556
13307,17,74307,74238,505.0,104.0,125.0,99.0,556
13307,18,74238,74107,790.0,163.0,196.0,155.0,556
13307,19,74107,74117,1065.0,220.0,264,208,556
13307,20,74117,74243,1062.0,219.0,263,208,556
13307,21,74243,74189,1213.0,250.0,300.0,237.0,556
13307,22,74189,74162,891.0,184.0,221,175,556
13307,23,74162,74179,1168.0,241.0,289.5,228.0,556
13307,24,74179,72758,1065.0,220.0,264,209,556
13307,25,72758,72759,752.0,155.0,186.0,147.0,556
13308,0,72761,72763,819.0,162.0,188.0,159.0,570
13308,1,72763,74180,1002.0,199.0,230.5,195.0,570
13308,2,74180,74159,1315.0,260.0,302,256,570
13308,3,74159,74190,809.0,161.0,186,157,570
13308,4,74190,74246,1293.0,256.0,297.0,251.0,570
13308,5,74246,74114,1078.0,214.0,248,209,570
13308,6,74114,74108,896.0,177.0,206.0,174.0,570
13308,7,74108,74242,971.0,193.0,222,188,570
13308,8,74242,74312,645.0,127.0,148.5,125.0,570
13308,9,74312,61221,1153.0,229.0,265,222,570
13308,10,61221,61165,326.0,64.0,75.0,63.0,570
13308,11,61165,61258,491.0,97.0,113,95,570
13308,12,61258,61178,946.0,187.0,217,183,570
13308,13,61178,61187,871.0,173.0,200,168,570
13308,14,61187,61234,697.0,138.0,159,135,570
13308,15,61234,61195,735.0,146.0,169,142,570
13308,16,61195,61246,1090.0,216.0,249.5,211.0,570
13308,17,61246,61149,750.0,148.0,172.0,144.0,570
13308,18,61149,61203,565.0,112.0,129.0,109.0,570
13308,19,61203,61206,533.0,106.0,122,103,570
13308,20,61206,61225,344.0,68.0,78.0,66.0,570
13308,21,61225,61211,795.0,157.0,182.0,154.0,570
13308,22,61211,61251,506.0,101.0,116.0,97.0,570
13308,23,61251,73222,1079.0,214.0,246,209,570
13308,24,73222,74254,860.0,170.0,197.0,166.0,570
13308,25,74254,74258,626.0,124.0,143.0,121.0,570
13309,0,61686,61713,3993.0,792,927.5,785,589
13309,1,61713,73573,877.0,173,204.0,173,589
13309,2,73573,61621,3809.0,756,891.5,749,589
13309,3,61621,61646,1400.0,277,329,276.0,589
13309,4,61646,61589,1589.0,315,373,312.0,589
13309,5,61589,61650,1316.0,261,309,259.0,589
13309,6,61650,74246,3201.0,635,752.0,630,589
13309,7,74246,74116,984.0,195,230.5,193,589
13309,8,74116,74310,2504.0,496,584,493.0,589
13310,0,61354,74115,2505.0,486,570.0,480,569
13310,1,74115,74245,1049.0,203,238.0,201,569
13310,2,74245,61647,3187.0,618,725,610.0,569
13310,3,61647,61587,1335.0,258,304.0,255,569
13310,4,61587,61643,1571.0,305,357,301.0,569
13310,5,61643,61617,1339.0,259,305.0,257,569
13310,6,61617,61625,3775.0,732,858.0,723,569
13310,7,61625,61709,809.0,157,175,156.0,569
13310,8,61709,61686,3622.0,702,776.0,696,569
13311,0,61808,61805,1301.0,249.0,277.0,247.0,646
13311,1,61805,61782,2170.0,415.0,464,413,646
13311,2,61782,74074,1447.0,276.0,311.0,275.0,646
13311,3,74074,61797,1800.0,344.0,387.0,342.0,646
13311,4,61797,74182,1916.0,367.0,410,365,646
13311,5,74182,74159,1384.0,264.0,296,263,646
13311,6,74159,74244,2023.0,387.0,434,384,646
13311,7,74244,74114,1157.0,221.0,247.5,220.0,646
13311,8,74114,74106,969.0,185.0,208,185,646
13311,9,74106,74310,1441.0,276.0,309,274,646
13311,10,74310,61442,3677.0,703.0,787,699,646
13311,11,61442,61450,2342.0,448.0,502,445,646
13311,12,61450,61419,909.0,174.0,195.5,173.0,646
13311,13,61419,61427,601.0,115.0,129.0,114.0,646
13311,14,61427,61414,1706.0,326.0,367,324,646
13311,15,61414,73574,2260.0,432.0,487.0,430.0,646
13311,16,73574,74119,631.0,121.0,135.5,120.0,646
13311,17,74119,61437,983.0,188.0,212.0,187.0,646
13312,0,61437,74120,423.0,82.0,105.0,82.0,648
13312,1,74120,73575,523.0,102.0,130.0,101.0,648
13312,2,73575,61417,2315.0,449.0,574,447,648
13312,3,61417,61428,1712.0,332.0,425.0,330.0,648
13312,4,61428,61420,602.0,117.0,150.0,116.0,648
13312,5,61420,61453,906.0,176.0,225.0,175.0,648
13312,6,61453,61445,2331.0,453.0,578.0,450.0,648
13312,7,61445,74309,3553.0,689.0,881.0,686.0,648
13312,8,74309,74109,1475.0,287.0,366,285,648
13312,9,74109,74117,991.0,192.0,245.0,191.0,648
13312,10,74117,74243,1062.0,206.0,262,205,648
13312,11,74243,74160,2032.0,395.0,500.5,392.0,648
13312,12,74160,74183,1382.0,268.0,337,267,648
13312,13,74183,61794,1907.0,370.0,457.5,368.0,648
13312,14,61794,74075,1805.0,351.0,423,349,648
13312,15,74075,61780,1460.0,283.0,334.0,282.0,648
13312,16,61780,61803,2174.0,422.0,497,421,648
13312,17,61803,61808,1087.0,211.0,248,210,648
13313,0,61921,74244,2783.0,539,646.0,539,511
13313,1,74244,74114,1157.0,223,269.0,223,511
13313,2,74114,74106,969.0,188,224,188.0,511
13313,3,74106,74312,1543.0,299,357,299.0,511
13313,4,74312,61505,2259.0,437,524,437.0,511
13313,5,61505,73411,444.0,86,102,86.0,511
13313,6,73411,73547,3098.0,599,716.5,599,511
13313,7,73547,61492,411.0,80,95,80.0,511
13313,8,61492,73656,569.0,110,131.0,110,511
13313,9,73656,73651,730.0,141,168.0,141,511
13313,10,73651,73223,997.0,193,230,193.0,511
13314,0,74239,74310,648.0,113.5,114,90,50
13314,1,74310,61767,12137.0,2125.0,2129,1684,50
13314,2,61767,61746,1837.0,322.0,326.0,268.0,50
13314,3,61746,74095,1465.0,256.5,260,215,50
13314,4,74095,61723,395.0,69.0,71.0,58.5,50
13314,5,61723,61770,910.0,159.5,161.0,135.0,50
13314,6,61770,61742,1602.0,280.5,285.0,237.5,50
13314,7,61742,61754,883.0,154.5,157,132,50
13314,8,61754,73510,553.0,97.0,98.0,83.5,50
13363,0,61923,74181,0.0,1441.5,1515.0,1128.0,60
13363,1,74181,61815,0.0,559.0,590.5,439.5,60
13363,2,61815,61776,0.0,385.0,410.5,304.0,60
13363,3,61776,61819,0.0,162.0,174,129,60
13363,4,61819,61840,0.0,142.5,153,112,60
13363,5,61840,61827,0.0,111.5,120.0,89.0,60
13363,6,61827,74221,0.0,67.0,71.0,52.0,60
13363,7,74221,73876,0.0,229.0,245.0,181.0,60
13363,8,73876,61836,0.0,315.5,339,250,60
13475,0,74371,74224,3345.0,448.0,,448.0,194
13475,1,74224,61842,991.0,132.0,,132.0,194
13475,2,61842,61801,3076.0,412.0,,412.0,194
13475,3,61801,61788,935.0,125.0,,125.0,194
13475,4,61788,61796,738.0,99.0,,99.0,194
13475,5,61796,72757,2128.0,285.0,,285.0,194
13475,6,72757,61578,2763.0,370.0,,370.0,194
13475,7,61578,61570,4064.0,544.0,,544.0,194
13475,8,61570,61533,1766.0,237.0,,237.0,194
13475,9,61533,61564,1768.0,236.0,,236.0,194
13475,10,61564,61234,2799.0,375.0,,375.0,194
13475,11,61234,61151,2647.0,354.0,,354.0,194
13475,12,61151,61226,1428.0,192.0,,192.0,194
13475,13,61226,61251,1243.0,166.0,,166.0,194
13476,0,61249,61223,1321.0,182,,182,199
13476,1,61223,61143,1739.0,239,,239,199
13476,2,61143,61230,2635.0,363,,363,199
13476,3,61230,61565,2929.0,404,,404,199
13476,4,61565,61542,1551.0,213,,213,199
13476,5,61542,61574,1870.0,258,,258,199
13476,6,61574,61582,4063.0,559,,559,199
13476,7,61582,72763,2700.0,372,,372,199
13476,8,72763,61795,2108.0,291,,291,199
13476,9,61795,61787,729.0,100,,100,199
13476,10,61787,61798,945.0,130,,130,199
13476,11,61798,61841,3093.0,426,,426,199
13476,12,61841,74221,911.0,125,,125,199
13476,13,74221,74369,2814.0,388,,388,199
13494,0,74373,73875,2047.0,313,,313,127
13494,1,73875,61828,1677.0,257,,257,127
13494,2,61828,61842,508.0,77,,77,127
13494,3,61842,61823,762.0,117,,117,127
13494,4,61823,61813,1528.0,234,,234,127
13494,5,61813,61817,1546.0,236,,236,127
13494,6,61817,61793,1604.0,246,,246,127
13494,7,61793,72759,2255.0,345,,345,127
13494,8,72759,61576,1871.0,286,,286,127
13494,9,61576,73535,1862.0,285,,285,127
13494,10,73535,62026,715.0,109,,109,127
13494,11,62026,61605,2356.0,361,,361,127
13494,12,61605,61446,2465.0,377,,377,127
13494,13,61446,61466,1076.0,165,,165,127
13494,14,61466,73600,280.0,43,,43,127
13494,15,73600,61438,791.0,121,,121,127
13494,16,61438,61451,763.0,117,,117,127
13494,17,61451,61426,1394.0,213,,213,127
13494,18,61426,61454,3871.0,593,,593,127
13494,19,61454,61422,624.0,95,,95,127
13494,20,61422,61432,693.0,106,,106,127
13497,0,61835,74224,3313.0,639,,639,157
13497,1,74224,61785,2675.0,516,,516,157
13497,2,61785,61813,606.0,117,,117,157
13497,3,61813,74074,723.0,140,,140,157
13497,4,74074,61817,823.0,158,,158,157
13497,5,61817,74159,4277.0,825,,825,157
13497,6,74159,74192,895.0,173,,173,157
13497,7,74192,74239,4047.0,781,,781,157
13497,8,74239,73571,2115.0,408,,408,157
13497,9,73571,61471,2594.0,500,,500,157
13497,10,61471,61513,735.0,142,,142,157
13497,11,61513,73779,291.0,56,,56,157
13497,12,73779,61494,1417.0,274,,274,157
13497,13,61494,61530,1531.0,295,,295,157
13497,14,61530,73224,550.0,106,,106,157
13498,0,73224,61532,657.0,128,,128,191
13498,1,61532,61496,1536.0,301,,301,191
13498,2,61496,73780,1366.0,266,,266,191
13498,3,73780,61515,342.0,67,,67,191
13498,4,61515,61473,729.0,143,,143,191
13498,5,61473,73570,2520.0,492,,492,191
13498,6,73570,74238,2171.0,424,,424,191
13498,7,74238,74191,4044.0,790,,790,191
13498,8,74191,74162,977.0,191,,191,191
13498,9,74162,61814,4196.0,820,,820,191
13498,10,61814,74075,826.0,162,,162,191
13498,11,74075,61810,716.0,140,,140,191
13498,12,61810,61776,606.0,118,,118,191
13498,13,61776,74225,2693.0,526,,526,191
13498,14,74225,74375,2722.0,532,,532,191
13501,0,74374,73877,2115.0,398,,398,195
13501,1,73877,74223,1176.0,222,,222,195
13501,2,74223,62294,353.0,67,,67,195
13501,3,62294,61843,607.0,115,,115,195
13501,4,61843,61823,712.0,134,,134,195
13501,5,61823,61789,3308.0,623,,623,195
13501,6,61789,61797,743.0,140,,140,195
13501,7,61797,74091,582.0,110,,110,195
13501,8,74091,74178,1476.0,278,,278,195
13501,9,74178,74212,3201.0,603,,603,195
13501,10,74212,74116,1127.0,212,,212,195
13501,11,74116,74108,990.0,187,,187,195
13501,12,74108,74308,1409.0,265,,265,195
13501,13,74308,61217,1221.0,230,,230,195
13501,14,61217,61177,1845.0,348,,348,195
13501,15,61177,61248,3506.0,660,,660,195
13501,16,61248,61201,1202.0,227,,227,195
13501,17,61201,72906,520.0,98,,98,195
13501,18,72906,61252,1808.0,340,,340,195
13501,19,61252,73219,1400.0,264,,264,195
13503,0,73323,73875,2154.0,415.0,,415.0,170
13503,1,73875,61828,1677.0,324.0,,324.0,170
13503,2,61828,61812,2740.0,528.0,,528.0,170
13503,3,61812,61977,2872.0,554.0,,554.0,170
13503,4,61977,61961,1300.0,251.0,,251.0,170
13503,5,61961,61928,933.0,180.0,,180.0,170
13503,6,61928,61992,1061.0,205.0,,205.0,170
13503,7,61992,61985,1262.0,243.0,,243.0,170
13503,8,61985,62316,465.0,90.0,,90.0,170
13504,0,71424,61986,542.0,113.0,,113.0,166
13504,1,61986,61994,1273.0,264.0,,264.0,166
13504,2,61994,61935,1135.0,236.0,,236.0,166
13504,3,61935,61962,840.0,174.0,,174.0,166
13504,4,61962,61981,1323.0,275.0,,275.0,166
13504,5,61981,61811,2857.0,594.0,,594.0,166
13504,6,61811,61826,2751.0,571.0,,571.0,166
13504,7,61826,73876,1646.0,342.0,,342.0,166
13504,8,73876,74375,1567.0,326.0,,326.0,166
13543,0,73236,61889,930.0,155.0,,155.0,122
13543,1,61889,74093,1715.0,287.0,,287.0,122
13543,2,74093,61883,657.0,110.0,,110.0,122
13543,3,61883,61917,821.0,137.0,,137.0,122
13543,4,61917,61859,529.0,88.0,,88.0,122
13543,5,61859,61912,1167.0,195.0,,195.0,122
13543,6,61912,61879,576.0,97.0,,97.0,122
13543,7,61879,61875,846.0,141.0,,141.0,122
13543,8,61875,74092,662.0,111.0,,111.0,122
13543,9,74092,74181,3379.0,564.0,,564.0,122
13543,10,74181,61791,1408.0,236.0,,236.0,122
13543,11,61791,61815,1616.0,270.0,,270.0,122
13543,12,61815,61776,2079.0,347.0,,347.0,122
13543,13,61776,74225,2693.0,450.0,,450.0,122
13543,14,74225,73874,1247.0,208.0,,208.0,122
13543,15,73874,74368,1577.0,264.0,,264.0,122
13545,0,61432,61425,993.0,160.0,,160.0,110
13545,1,61425,61457,629.0,101.0,,101.0,110
13545,2,61457,61429,3859.0,622.0,,622.0,110
13545,3,61429,61452,1391.0,224.0,,224.0,110
13545,4,61452,61441,773.0,125.0,,125.0,110
13545,5,61441,73599,796.0,128.0,,128.0,110
13545,6,73599,61469,272.0,44.0,,44.0,110
13545,7,61469,61449,1064.0,171.0,,171.0,110
13545,8,61449,61610,2571.0,415.0,,415.0,110
13545,9,61610,61614,2291.0,369.0,,369.0,110
13545,10,61614,61546,650.0,104.0,,104.0,110
13545,11,61546,61582,1939.0,313.0,,313.0,110
13545,12,61582,72761,1881.0,303.0,,303.0,110
13545,13,72761,61790,2233.0,360.0,,360.0,110
13545,14,61790,61814,1613.0,260.0,,260.0,110
13545,15,61814,61810,1542.0,248.0,,248.0,110
13545,16,61810,61819,1484.0,239.0,,239.0,110
13545,17,61819,61841,822.0,133.0,,133.0,110
13545,18,61841,61826,502.0,81.0,,81.0,110
13545,19,61826,73874,1738.0,280.0,,280.0,110
13545,20,73874,74370,1585.0,255.0,,255.0,110
13547,0,73219,74096,929.0,167.0,,167.0,178
13547,1,74096,72907,1817.0,327.0,,327.0,178
13547,2,72907,61197,206.0,37.0,,37.0,178
13547,3,61197,61242,1485.0,268.0,,268.0,178
13547,4,61242,61171,3506.0,631.0,,631.0,178
13547,5,61171,61216,1826.0,328.0,,328.0,178
13547,6,61216,74309,1146.0,207.0,,207.0,178
13547,7,74309,74109,1475.0,265.0,,265.0,178
13547,8,74109,74117,991.0,179.0,,179.0,178
13547,9,74117,74243,1062.0,191.0,,191.0,178
13547,10,74243,74181,3345.0,602.0,,602.0,178
13547,11,74181,61791,1408.0,253.0,,253.0,178
13547,12,61791,61794,568.0,102.5,,102.5,178
13547,13,61794,61786,739.0,133.0,,133.0,178
13547,14,61786,61819,3266.0,588.0,,588.0,178
13547,15,61819,61840,769.0,138.0,,138.0,178
13547,16,61840,61827,604.0,109.0,,109.0,178
13547,17,61827,74221,360.0,64.0,,64.0,178
13547,18,74221,73876,1237.0,223.0,,223.0,178
13547,19,73876,74370,1677.0,302.0,,302.0,178
13552,0,74181,61791,1408.0,248,,248,3
13552,1,61791,61794,568.0,101,,101,3
13552,2,61794,61786,739.0,130,,130,3
13552,3,61786,61819,3266.0,576,,576,3
13552,4,61819,61840,769.0,136,,136,3
13552,5,61840,61827,604.0,106,,106,3
13552,6,61827,74221,360.0,64,,64,3
13552,7,74221,73876,1237.0,218,,218,3
13552,8,73876,74370,1677.0,296,,296,3
13719,0,73511,61740,1760.0,256,,256,45
13719,1,61740,61768,1599.0,232,,232,45
13719,2,61768,61721,1026.0,149,,149,45
13719,3,61721,61733,469.0,68,,68,45
13719,4,61733,61764,3177.0,461,,461,45
13719,5,61764,61548,3207.0,466,,466,45
13719,6,61548,61871,1759.0,256,,256,45
13719,7,61871,61911,1332.0,193,,193,45
13719,8,61911,61856,1168.0,170,,170,45
13719,9,61856,61851,2012.0,292,,292,45
13719,10,61851,73233,2629.0,382,,382,45
