route_id,index,from_stop,to_stop,metres,seconds,trips,seconds_peak,seconds_weekday,seconds_saturday,seconds_holiday,trips_peak,trips_weekday,trips_saturday,trips_holiday
10039,0,73512,61752,801.0,147.0,518,175,160,143,146.0,87,195,169,154
10039,1,61752,61740,883.0,162.0,518,193,176,158,161.0,85,195,169,154
10039,2,61740,61761,1136.0,208.0,518,249.0,226,204,207.0,86,195,169,154
10039,3,61761,61749,2660.0,487.0,518,581.0,530,476,484.0,86,195,169,154
10039,4,61749,61725,2922.0,536.0,518,639.0,583,523,533.0,86,195,169,154
10039,5,61725,72762,831.0,152.0,518,182,166,149,151.0,87,195,169,154
10039,6,72762,72764,819.0,150.0,518,179,163,146,150.0,87,195,169,154
10039,7,72764,61992,1873.0,344.0,518,411,373,335,341.0,87,195,169,154
10039,8,61992,61955,627.0,115.0,518,138,125,113,114.0,87,195,169,154
10039,9,61955,61985,635.0,116.0,518,141,127,113,116.0,87,195,169,154
10039,10,61985,62315,808.0,148.0,518,178.0,161,145,147.0,86,195,169,154
10056,0,61970,61940,1135.0,246,555,243,243,250,243,81,195,191,169
10056,1,61940,61978,873.0,189,555,188,188,193,188,81,195,191,169
10056,2,61978,61939,556.0,120,555,119,119,123,119,81,195,191,169
10056,3,61939,61960,600.0,130,555,128.0,128,132,128,82,195,191,169
10056,4,61960,61949,590.0,128,555,127,127,130,127,81,195,191,169
10056,5,61949,61930,487.0,105,555,104,104,108,104,81,195,191,169
10056,6,61930,61990,909.0,197,555,195.0,195,201,195,82,195,191,169
10056,7,61990,61955,705.0,153,555,153,152,155,152,81,195,191,169
10056,8,61955,61984,515.0,111,555,110.5,110,114,110,80,195,191,169
10056,9,61984,71424,835.0,181,555,180.0,179,184,179,82,195,191,169
10067,0,62315,61986,449.0,88.0,514,96.0,86.0,90.0,85.0,82,180,176,158
10067,1,61986,61959,718.0,139.0,514,152.0,138.0,144.0,135.0,82,180,176,158
10067,2,61959,61997,696.0,136.0,514,148.0,133.0,139.0,131.0,82,180,176,158
10067,3,61997,72757,1647.0,321.0,514,351.5,315.0,331.0,310.0,80,180,176,158
10067,4,72757,72760,884.0,172.0,514,188,170.0,177.0,166.0,81,180,176,158
10067,5,72760,61731,858.0,167.0,514,184,164.0,172.0,161.0,79,180,176,158
10067,6,61731,61750,2894.0,564.0,514,617.5,554.0,580.0,545.0,80,180,176,158
10067,7,61750,61762,2658.0,518.0,514,569.5,509.0,533.0,500.0,78,180,176,158
10067,8,61762,61743,1140.0,223.0,514,245,219.0,228.0,215.0,77,180,176,158
10067,9,61743,61755,894.0,174.0,514,192.0,171.0,179.0,168.0,76,180,176,158
10067,10,61755,73512,632.0,123.0,514,136,121.0,127.0,119.0,75,180,176,158
10070,0,71424,61987,673.0,148.0,548,164.0,167,142.0,142,82,193,186,169
10070,1,61987,61959,587.0,129.0,548,144.0,146,125.0,125,82,193,186,169
10070,2,61959,61996,637.0,140.0,548,156,158,134.0,134,81,193,186,169
10070,3,61996,61935,1053.0,231.0,548,257.0,262,223.0,223,82,193,186,169
10070,4,61935,61950,337.0,74.0,548,82,84,71.0,71,81,193,186,169
10070,5,61950,61963,589.0,130.0,548,144,146,125.0,125,81,193,186,169
10070,6,61963,61936,588.0,129.0,548,145.0,146,124.0,124,82,193,186,169
10070,7,61936,61983,743.0,163.0,548,183.5,185,158.0,158,82,193,186,169
10070,8,61983,61942,765.0,168.0,548,191,190,161.0,161,81,193,186,169
10070,9,61942,61970,1331.0,293.0,548,332.5,331,282.0,282,82,193,186,169
10073,0,61967,61943,1293.0,207.0,510,222,213,208.5,202,107,215,148,147
10073,1,61943,61978,942.0,151.0,510,162.0,154,151.5,147,106,215,148,147
10073,2,61978,61948,1679.0,269.0,510,288.0,277,271.0,262,108,215,148,147
10073,3,61948,61928,480.0,77.0,510,82.0,79,77.0,75,108,215,148,147
10073,4,61928,72758,1249.0,200.0,510,214,206,201.5,195,109,215,148,147
10073,5,72758,72759,752.0,121.0,510,129.0,124,121.0,117,110,215,148,147
10073,6,72759,61595,1156.0,185.0,510,199.0,191,186.0,180,110,215,148,147
10073,7,61595,61558,4351.0,697.0,510,746.0,715,701.0,679,110,215,148,147
10073,8,61558,61568,427.0,69.0,510,73,70,69.0,67,111,215,148,147
10073,9,61568,61535,1917.0,307.0,510,329.0,315,309.0,299,110,215,148,147
10073,10,61535,62020,556.0,89.0,510,95.0,92,90.0,87,112,215,148,147
10073,11,62020,61447,921.0,147.0,510,158,151,148.0,144,111,215,148,147
10073,12,61447,61467,1075.0,173.0,510,184.0,177,173.5,167,112,215,148,147
10073,13,61467,61427,3228.0,517.0,510,554,531,520.0,504,111,215,148,147
10073,14,61427,61459,1069.0,171.0,510,184.0,175,172.0,167,112,215,148,147
10073,15,61459,61411,2015.0,323.0,510,346,332,325.0,314,111,215,148,147
10073,16,61411,61455,787.0,126.0,510,135,129,126.5,123,109,215,148,147
10073,17,61455,61423,624.0,100.0,510,107.0,103,101.0,98,110,215,148,147
10073,18,61423,61431,567.0,91.0,510,97.0,93,91.5,88,110,215,148,147
10074,0,61431,61424,1008.0,168,481,171.0,168,171.0,166.0,102,197,156,128
10074,1,61424,61456,625.0,105,481,107.0,104,107.0,103.0,102,197,156,128
10074,2,61456,61412,793.0,132,481,135.0,132,135.0,131.0,102,197,156,128
10074,3,61412,61460,1984.0,332,481,337.0,331,337.0,327.0,102,197,156,128
10074,4,61460,61428,1081.0,181,481,184.0,180,184.0,178.0,102,197,156,128
10074,5,61428,61468,3232.0,540,481,550,538,550.0,532.0,103,197,156,128
10074,6,61468,61448,1064.0,178,481,181.0,177,181.0,176.0,104,197,156,128
10074,7,61448,62034,1034.0,173,481,176.0,172,176.0,170.0,102,197,156,128
10074,8,62034,61541,483.0,81,481,82.0,81,82.0,80.0,102,197,156,128
10074,9,61541,61572,1855.0,310,481,315,309,315.0,305.0,103,197,156,128
10074,10,61572,61562,579.0,97,481,99.0,96,99.0,96.0,102,197,156,128
10074,11,61562,73814,4346.0,727,481,742,724,739.0,716.0,103,197,156,128
10074,12,73814,72761,1093.0,182,481,188.0,182,186.0,180.0,102,197,156,128
10074,13,72761,72763,819.0,137,481,141,136,139.0,135.0,101,197,156,128
10074,14,72763,61932,1133.0,190,481,194.5,189,193.0,187.0,102,197,156,128
10074,15,61932,61950,479.0,80,481,83,80,81.0,79.0,101,197,156,128
10074,16,61950,61979,1749.0,292,481,301,291,298.0,288.0,101,197,156,128
10074,17,61979,61941,867.0,145,481,150,145,147.0,143.0,101,197,156,128
10074,18,61941,61967,1173.0,196,481,203,195,200.0,193.0,99,197,156,128
10075,0,73225,61503,1082.0,147,431,161,152.0,147.0,140,89,184,152,95
10075,1,61503,61477,556.0,76,431,83.0,78.0,75.0,72,90,184,152,95
10075,2,61477,61496,462.0,63,431,69,65.0,63.0,60,89,184,152,95
10075,3,61496,61481,1280.0,175,431,191.0,180.0,174.0,165,90,184,152,95
10075,4,61481,61473,1157.0,157,431,173.0,163.0,156.0,150,90,184,152,95
10075,5,61473,61489,575.0,79,431,85.0,81.0,78.0,75,90,184,152,95
10075,6,61489,61485,598.0,81,431,90,84.0,81.0,77,89,184,152,95
10075,7,61485,61163,2444.0,333,431,364.0,343.0,331.0,316,90,184,152,95
10075,8,61163,61177,1440.0,196,431,215,203.0,195.0,187,91,184,152,95
10075,9,61177,61151,4272.0,583,431,637.0,600.0,579.0,553,90,184,152,95
10075,10,61151,72906,956.0,130,431,142.0,134.0,129.0,123,90,184,152,95
10075,11,72906,61225,414.0,56,431,62,59.0,56.0,54,89,184,152,95
10075,12,61225,61251,1301.0,178,431,194,182.0,176.0,168,89,184,152,95
10075,13,61251,61235,964.0,131,431,144.5,136.0,131.0,125,88,184,152,95
10076,0,61235,72937,1629.0,235.0,406,265.0,252,232.0,221,92,179,142,85
10076,1,72937,72908,1301.0,187.0,406,212.0,202,185.0,177,90,179,142,85
10076,2,72908,72907,345.0,50.0,406,56,53,49.0,47,91,179,142,85
10076,3,72907,61141,923.0,133.0,406,151.0,143,132.0,125,90,179,142,85
10076,4,61141,61169,4197.0,604.0,406,684,649,597.0,570,91,179,142,85
10076,5,61169,61157,1219.0,176.0,406,199,189,174.0,165,89,179,142,85
10076,6,61157,61483,2723.0,392.0,406,444,422,387.0,370,89,179,142,85
10076,7,61483,61487,596.0,86.0,406,97.0,92,85.0,81,88,179,142,85
10076,8,61487,73415,667.0,96.0,406,109,103,95.0,90,89,179,142,85
10076,9,73415,61479,1069.0,154.0,406,174.0,166,153.0,145,88,179,142,85
10076,10,61479,61494,1278.0,184.0,406,208.0,197,181.0,174,88,179,142,85
10076,11,61494,61475,460.0,66.0,406,75.0,72,66.0,62,88,179,142,85
10076,12,61475,61501,557.0,80.0,406,91.0,86,79.0,76,86,179,142,85
10076,13,61501,73225,1157.0,167.0,406,189.0,179,165.0,157,86,179,142,85
10082,0,61845,61847,810.0,170,9,170,170,,,9,9,0,0
10082,1,61847,61288,763.0,160,9,160,160,,,9,9,0,0
10082,2,61288,61647,349.0,73,9,73,73,,,9,9,0,0
10082,3,61647,61704,784.0,164,9,164,164,,,9,9,0,0
10082,4,61704,61585,479.0,101,9,101,101,,,9,9,0,0
10082,5,61585,61699,2197.0,461,9,461,461,,,9,9,0,0
10082,6,61699,61694,1557.0,326,9,326,326,,,9,9,0,0
10082,7,61694,61670,1736.0,364,9,364,364,,,9,9,0,0
10082,8,61670,61625,1267.0,266,9,266,266,,,9,9,0,0
11163,0,61845,61847,810.0,167,607,203.5,174.5,167.0,159,88,226,218,163
11163,1,61847,61288,763.0,157,607,191.0,165.0,157.0,149,88,226,218,163
11163,2,61288,61647,349.0,72,607,87.5,75.5,72.0,68,88,226,218,163
11163,3,61647,61704,784.0,162,607,195.0,169.5,162.0,154,88,226,218,163
11163,4,61704,61585,479.0,98,607,118.0,103.0,98.0,93,88,226,218,163
11163,5,61585,61699,2197.0,453,607,543.0,474.5,453.0,431,86,226,218,163
11163,6,61699,61694,1557.0,321,607,381.5,336.5,321.0,304,86,226,218,163
11163,7,61694,61670,1736.0,358,607,424,375.0,358.0,340,85,226,218,163
11163,8,61670,61625,1267.0,261,607,299.0,273.5,261.0,248,86,226,218,163
11163,9,61625,73775,2120.0,437,607,499.0,457.5,437.0,415,86,226,218,163
11163,10,73775,61690,2421.0,499,607,564,523.0,499.0,474,85,226,218,163
11231,0,73238,61889,815.0,108,709,116.0,109,107,107,90,221,185,303
11231,1,61889,61894,756.0,100,709,107.0,101,98,98,90,221,185,303
11231,2,61894,61853,884.0,116,709,125.0,118,116,116,90,221,185,303
11231,3,61853,61883,732.0,97,709,104.0,97,95,95,90,221,185,303
11231,4,61883,61916,757.0,100,709,108,101,99,99,91,221,185,303
11231,5,61916,61859,593.0,78,709,84.0,80,78,78,90,221,185,303
11231,6,61859,62304,509.0,67,709,72.0,68,66,66,90,221,185,303
11231,7,62304,61912,658.0,87,709,94,87,86,86,91,221,185,303
11231,8,61912,61879,576.0,76,709,81,77,76,76,91,221,185,303
11231,9,61879,61875,846.0,112,709,120.0,113,110,110,90,221,185,303
11231,10,61875,74092,662.0,88,709,94,89,87,87,91,221,185,303
11231,11,74092,74208,743.0,98,709,106,99,97,97,91,221,185,303
11231,12,74208,61923,2144.0,283,709,304,286,280,280,91,221,185,303
11272,0,61430,61425,1138.0,177,35,184,177,,,29,35,0,0
11272,1,61425,61457,629.0,98,35,102.0,98,,,30,35,0,0
11272,2,61457,61413,794.0,124,35,128.0,124,,,30,35,0,0
11272,3,61413,61452,4456.0,694,35,721.0,694,,,30,35,0,0
11272,4,61452,61441,773.0,121,35,124.0,121,,,32,35,0,0
11272,5,61441,61444,1559.0,243,35,249.5,243,,,32,35,0,0
11272,6,61444,61511,1237.0,192,35,197,192,,,33,35,0,0
11272,7,61511,61221,1645.0,257,35,259.0,257,,,34,35,0,0
11272,8,61221,61166,471.0,73,35,75,73,,,33,35,0,0
11272,9,61166,61260,404.0,63,35,63.5,63,,,34,35,0,0
11272,10,61260,61203,5596.0,872,35,880.0,872,,,34,35,0,0
11272,11,61203,61210,1612.0,251,35,261,251,,,31,35,0,0
11382,0,61809,61825,2670.0,458,373,490,465,455.0,,83,203,170,0
11382,1,61825,61785,851.0,146,373,157,148,145.0,,85,203,170,0
11382,2,61785,61789,2386.0,410,373,442,415,407.0,,85,203,170,0
11382,3,61789,72760,3691.0,633,373,685,642,629.0,,85,203,170,0
11382,4,72760,61595,1090.0,187,373,202.0,190,186.0,,86,203,170,0
11382,5,61595,61556,4278.0,735,373,798,745,729.0,,85,203,170,0
11382,6,61556,61570,575.0,98,373,108,100,98.0,,87,203,170,0
11382,7,61570,61606,815.0,140,373,153,142,139.0,,87,203,170,0
11382,8,61606,61471,4113.0,706,373,773.0,715,701.0,,88,203,170,0
11382,9,61471,73547,1842.0,316,373,349.0,321,314.0,,86,203,170,0
11382,10,73547,61492,411.0,71,373,77,71,70.0,,87,203,170,0
11382,11,61492,61475,650.0,111,373,123.0,114,110.0,,86,203,170,0
11382,12,61475,61501,557.0,96,373,105,97,95.0,,87,203,170,0
11382,13,61501,73227,1066.0,183,373,202.0,186,182.0,,86,203,170,0
11453,0,61235,61250,1270.0,178.0,56,180,178.0,,,47,56,0,0
11453,1,61250,61224,1319.0,185.0,56,187.0,185.0,,,48,56,0,0
11453,2,61224,61205,568.0,80.0,56,80,80.0,,,47,56,0,0
11453,3,61205,61199,381.0,54.0,56,54,54.0,,,47,56,0,0
11453,4,61199,61143,732.0,102.0,56,104,102.0,,,47,56,0,0
11453,5,61143,61243,733.0,103.0,56,104.0,103.0,,,46,56,0,0
11453,6,61243,61191,1165.0,164.0,56,165,164.0,,,47,56,0,0
11453,7,61191,61554,10200.0,1431.0,56,1446.0,1431.0,,,46,56,0,0
11453,8,61554,61290,4151.0,583.0,56,588,583.0,,,47,56,0,0
11453,9,61290,61849,776.0,109.0,56,110.0,109.0,,,44,56,0,0
11453,10,61849,61844,613.0,86.0,56,87.0,86.0,,,44,56,0,0
11463,0,61238,72936,1124.0,154,9,157,154,,,5,9,0,0
11463,1,72936,61197,1944.0,266,9,272,266,,,5,9,0,0
11463,2,61197,61242,1485.0,204,9,207,204,,,5,9,0,0
11463,3,61242,61189,1146.0,157,9,160,157,,,5,9,0,0
11463,4,61189,61173,2433.0,333,9,336.5,333,,,6,9,0,0
11463,5,61173,61566,1347.0,185,9,186.5,185,,,6,9,0,0
11463,6,61566,62032,878.0,120,9,121.5,120,,,6,9,0,0
11463,7,62032,61608,1598.0,219,9,221.0,219,,,6,9,0,0
11463,8,61608,61615,2274.0,312,9,312,312,,,7,9,0,0
11463,9,61615,61546,737.0,101,9,101,101,,,7,9,0,0
11463,10,61546,61599,2579.0,353,9,353,353,,,7,9,0,0
11463,11,61599,61729,1099.0,150,9,150,150,,,7,9,0,0
11463,12,61729,61739,3690.0,506,9,506.0,506,,,8,9,0,0
11488,0,73235,52733,0.0,219.0,44,,,,219.0,0,0,0,44
11488,1,52733,53036,0.0,54.0,44,,,,54.0,0,0,0,44
11488,2,53036,53037,0.0,53.0,44,,,,53.0,0,0,0,44
11488,3,53037,53014,0.0,99.0,44,,,,99.0,0,0,0,44
11488,4,53014,73769,73.0,179.0,44,,,,179.0,0,0,0,44
11488,5,73769,73770,442.0,70.0,44,,,,70.0,0,0,0,44
11488,6,73770,73235,0.0,511.0,44,,,,511.0,0,0,0,44
11627,0,61436,61425,618.0,106.0,568,118,112.0,109,103,71,186,185,197
11627,1,61425,61457,629.0,107.0,568,121,115.0,111,105,71,186,185,197
11627,2,61457,61413,794.0,136.0,568,152,144.0,140,132,71,186,185,197
11627,3,61413,61416,1237.0,211.0,568,236,225.0,218,207,71,186,185,197
11627,4,61416,61461,749.0,128.0,568,144,136.0,132,125,71,186,185,197
11627,5,61461,61429,1079.0,184.0,568,206,196.0,190,179,71,186,185,197
11627,6,61429,61421,601.0,103.0,568,115.5,109.0,106,101,72,186,185,197
11627,7,61421,61452,790.0,135.0,568,152,144.0,140,131,71,186,185,197
11627,8,61452,73908,696.0,119.0,568,134.5,127.0,122,116,72,186,185,197
11627,9,73908,73599,873.0,149.0,568,170.0,158.0,154,146,70,186,185,197
11627,10,73599,61469,272.0,47.0,568,52,50.0,48,45,71,186,185,197
11627,11,61469,61445,549.0,93.0,568,107,100.0,97,92,71,186,185,197
11627,12,61445,61448,457.0,78.0,568,89,83.0,81,76,71,186,185,197
11627,13,61448,61511,722.0,123.0,568,140,131.0,127,121,71,186,185,197
11627,14,61511,73572,908.0,155.0,568,176,165.0,160,151,71,186,185,197
11712,0,61690,73777,2745.0,557,667,602,579.0,557,523.0,93,240,253,174
11712,1,73777,61630,2120.0,430,667,466.0,448.0,430,404.0,94,240,253,174
11712,2,61630,61676,1271.0,258,667,279.5,268.0,258,242.0,96,240,253,174
11712,3,61676,61697,1725.0,349,667,379.0,364.0,349,329.0,96,240,253,174
11712,4,61697,61700,1551.0,315,667,340,327.0,315,295.0,97,240,253,174
11712,5,61700,61591,2215.0,449,667,486,468.0,449,422.0,97,240,253,174
11712,6,61591,61705,481.0,98,667,105,101.0,98,92.0,97,240,253,174
11712,7,61705,61650,764.0,155,667,168,161.0,155,146.0,97,240,253,174
11712,8,61650,61292,441.0,89,667,96,93.0,89,84.0,97,240,253,174
11712,9,61292,61849,698.0,142,667,153,148.0,142,133.0,97,240,253,174
11712,10,61849,61845,632.0,128,667,139.0,133.0,128,120.0,96,240,253,174
11724,0,61688,73777,2885.0,564.0,332,622.5,601,545,,76,171,161,0
11724,1,73777,61630,2120.0,415.0,332,462.0,442,400,,78,171,161,0
11724,2,61630,61658,466.0,91.0,332,103,97,88,,77,171,161,0
11724,3,61658,61676,805.0,158.0,332,178,167,152,,77,171,161,0
11724,4,61676,61668,465.0,91.0,332,103.0,97,88,,78,171,161,0
11724,5,61668,61697,1260.0,247.0,332,278.0,263,238,,78,171,161,0
11724,6,61697,61623,782.0,153.0,332,173,163,148,,77,171,161,0
11724,7,61623,61589,2913.0,570.0,332,644,606,550,,79,171,161,0
11724,8,61589,61292,1757.0,343.0,332,391,366,331,,79,171,161,0
11724,9,61292,61953,712.0,140.0,332,158.5,149,135,,78,171,161,0
11724,10,61953,61984,588.0,115.0,332,132.0,122,111,,78,171,161,0
11724,11,61984,62316,585.0,114.0,332,131.5,122,110,,78,171,161,0
11725,0,62316,61986,792.0,168.5,176,200.5,168.5,,,86,176,0,0
11725,1,61986,61957,638.0,136.0,176,162.0,136.0,,,84,176,0,0
11725,2,61957,61288,847.0,180.0,176,214.0,180.0,,,86,176,0,0
11725,3,61288,61587,1684.0,358.5,176,427.0,358.5,,,84,176,0,0
11725,4,61587,61619,2984.0,635.5,176,751.5,635.5,,,84,176,0,0
11725,5,61619,61694,698.0,148.0,176,175,148.0,,,83,176,0,0
11725,6,61694,61660,1268.0,270.0,176,317.5,270.0,,,82,176,0,0
11725,7,61660,61670,468.0,99.5,176,116.0,99.5,,,82,176,0,0
11725,8,61670,61652,801.0,171.0,176,198,171.0,,,81,176,0,0
11725,9,61652,61627,621.0,132.0,176,153,132.0,,,79,176,0,0
11725,10,61627,73775,1965.0,418.5,176,484.5,418.5,,,80,176,0,0
11725,11,73775,61688,2281.0,485.5,176,559,485.5,,,79,176,0,0
11747,0,62011,61753,876.0,154.0,578,171.0,159,154,150.0,80,215,187,176
11747,1,61753,61741,882.0,155.0,578,173,161,155,152.0,81,215,187,176
11747,2,61741,61760,1020.0,179.0,578,200,185,179,175.0,81,215,187,176
11747,3,61760,61769,579.0,101.0,578,113,105,101,99.0,81,215,187,176
11747,4,61769,61720,911.0,160.0,578,180,166,160,157.0,81,215,187,176
11747,5,61720,61733,527.0,93.0,578,104,96,93,90.0,81,215,187,176
11747,6,61733,61748,643.0,113.0,578,127.0,117,113,110.0,82,215,187,176
11747,7,61748,61745,695.0,122.0,578,137,126,122,119.0,81,215,187,176
11747,8,61745,61764,1839.0,322.0,578,364,334,322,315.0,81,215,187,176
11747,9,61764,61727,519.0,91.0,578,103.0,94,91,89.0,82,215,187,176
11747,10,61727,61595,1024.0,180.0,578,202.0,186,180,176.0,82,215,187,176
11747,11,61595,61578,789.0,139.0,578,157.0,144,139,136.0,82,215,187,176
11747,12,61578,61548,875.0,153.0,578,173.5,159,153,150.0,82,215,187,176
11747,13,61548,61544,992.0,174.0,578,198.0,180,174,170.0,82,215,187,176
11747,14,61544,62026,636.0,112.0,578,127,116,112,109.0,81,215,187,176
11747,15,62026,61558,1059.0,186.0,578,213.0,192,186,182.0,80,215,187,176
11747,16,61558,61570,502.0,88.0,578,100.0,91,88,86.0,80,215,187,176
11747,17,61570,61604,743.0,130.0,578,149.0,135,130,128.0,80,215,187,176
11747,18,61604,61533,1023.0,180.0,578,204.0,186,180,175.0,80,215,187,176
11747,19,61533,62020,632.0,111.0,578,126,115,111,109.0,79,215,187,176
11747,20,62020,61509,967.0,170.0,578,191.5,176,170,166.0,80,215,187,176
11747,21,61509,73572,982.0,172.0,578,194.5,178,172,168.0,80,215,187,176
11747,22,73572,61217,598.0,105.0,578,118,109,105,103.0,79,215,187,176
11853,0,61215,61521,827.0,141,573,151,144.0,141,133.0,77,208,191,174
11853,1,61521,61507,818.0,139,573,150.5,143.0,139,132.0,76,208,191,174
11853,2,61507,62034,988.0,169,573,183,172.0,169,159.0,77,208,191,174
11853,3,62034,61542,542.0,92,573,100.0,94.0,92,87.0,76,208,191,174
11853,4,61542,61610,1053.0,179,573,196,184.0,179,169.0,77,208,191,174
11853,5,61610,61572,743.0,127,573,140.0,129.0,127,120.0,76,208,191,174
11853,6,61572,61560,503.0,86,573,96,88.0,86,81.0,77,208,191,174
11853,7,61560,61614,1045.0,178,573,200.0,182.0,178,168.0,76,208,191,174
11853,8,61614,73536,713.0,121,573,136,125.0,121,115.0,77,208,191,174
11853,9,73536,61552,851.0,145,573,162.5,148.0,145,137.0,76,208,191,174
11853,10,61552,61581,1007.0,172,573,192.5,175.0,172,162.0,76,208,191,174
11853,11,61581,73814,806.0,137,573,154.0,141.0,137,129.0,76,208,191,174
11853,12,73814,61729,951.0,162,573,182.0,166.0,162,153.0,76,208,191,174
11853,13,61729,61767,498.0,85,573,95.5,87.0,85,80.0,76,208,191,174
11853,14,61767,61746,1837.0,313,573,352.0,320.0,313,296.0,76,208,191,174
11853,15,61746,61751,694.0,118,573,133,121.0,118,112.0,75,208,191,174
11853,16,61751,61737,591.0,101,573,113.0,103.0,101,95.0,76,208,191,174
11853,17,61737,61723,575.0,98,573,112.0,100.0,98,92.0,74,208,191,174
11853,18,61723,61770,910.0,155,573,175,159.0,155,147.0,75,208,191,174
11853,19,61770,61763,577.0,98,573,110.5,100.0,98,93.0,76,208,191,174
11853,20,61763,61742,1025.0,175,573,199.0,179.0,175,164.0,74,208,191,174
11853,21,61742,61754,883.0,150,573,168,154.0,150,143.0,75,208,191,174
11853,22,61754,62011,581.0,99,573,112.0,101.0,99,93.0,74,208,191,174
11856,0,61521,61505,742.0,127,603,142,131.0,128.0,123,77,204,190,209
11856,1,61505,61447,865.0,148,603,166,152.0,149.0,143,77,204,190,209
11856,2,61447,61443,511.0,87,603,98,90.0,88.0,85,77,204,190,209
11856,3,61443,61466,506.0,86,603,97.0,89.0,87.0,83,76,204,190,209
11856,4,61466,73600,280.0,48,603,54.0,49.0,48.0,47,78,204,190,209
11856,5,73600,61438,791.0,135,603,152,140.0,136.0,131,77,204,190,209
11856,6,61438,61451,763.0,131,603,146.0,134.0,131.0,126,76,204,190,209
11856,7,61451,61418,794.0,135,603,153.0,140.0,137.0,132,78,204,190,209
11856,8,61418,61426,600.0,103,603,115,105.0,103.0,99,77,204,190,209
11856,9,61426,61458,1069.0,182,603,205.0,189.0,184.0,177,76,204,190,209
11856,10,61458,61415,758.0,130,603,145,133.0,131.0,125,77,204,190,209
11856,11,61415,61410,1256.0,214,603,241.0,221.0,216.0,208,76,204,190,209
11856,12,61410,61454,788.0,135,603,151.0,139.0,136.0,131,78,204,190,209
11856,13,61454,61422,624.0,107,603,120,110.0,107.0,103,77,204,190,209
11856,14,61422,61436,1068.0,182,603,205.0,188.0,184.0,177,76,204,190,209
11868,0,62034,61539,409.0,66.0,484,89.0,68,65.0,62,100,211,148,125
11868,1,61539,61610,1186.0,189.0,484,258,198,187.0,182,101,211,148,125
11868,2,61610,61614,2291.0,367.0,484,492,382,361.0,350,101,211,148,125
11868,3,61614,73536,713.0,114.0,484,145,119,112.0,109,101,211,148,125
11868,4,73536,61554,926.0,148.0,484,182,154,146.0,141,101,211,148,125
11868,5,61554,61717,2866.0,459.0,484,554.0,478,452.0,438,102,211,148,125
11868,6,61717,61699,904.0,145.0,484,172,150,143.0,138,103,211,148,125
11868,7,61699,61672,3370.0,539.0,484,640.0,562,531.0,515,104,211,148,125
11868,8,61672,61626,1276.0,205.0,484,240,213,202.0,195,103,211,148,125
11868,9,61626,61709,723.0,116.0,484,135,120,114.0,111,103,211,148,125
11868,10,61709,61687,3693.0,591.0,484,674.5,616,582.0,564,104,211,148,125
11875,0,61143,61189,1842.0,290.5,108,333.0,321.5,276.5,,50,60,48,0
11875,1,61189,61169,2283.0,360.5,108,412,398.0,342.0,,51,60,48,0
11875,2,61169,61254,908.0,143.0,108,163,158.0,136.5,,51,60,48,0
11875,3,61254,61159,552.0,87.5,108,100,96.5,82.5,,51,60,48,0
11875,4,61159,61213,322.0,50.5,108,58,56.0,48.5,,51,60,48,0
11875,5,61213,61672,15356.0,2422.5,108,2777.0,2679.0,2303.0,,50,60,48,0
11875,6,61672,61654,799.0,126.0,108,145,139.5,119.5,,49,60,48,0
11875,7,61654,61624,322.0,51.0,108,59.0,56.0,48.5,,48,60,48,0
11875,8,61624,61711,955.0,151.0,108,173.0,166.5,143.5,,48,60,48,0
11875,9,61711,73775,1234.0,194.5,108,224.0,215.5,185.0,,48,60,48,0
11875,10,73775,61692,2382.0,375.5,108,432.0,415.5,357.0,,48,60,48,0
11876,0,61735,61727,3623.0,603.0,24,603,603.0,,,19,24,0,0
11876,1,61727,73813,952.0,159.0,24,159.0,159.0,,,20,24,0,0
11876,2,73813,73535,2649.0,441.0,24,441.0,441.0,,,20,24,0,0
11876,3,73535,62026,715.0,119.0,24,119.0,119.0,,,22,24,0,0
11876,4,62026,61604,2304.0,383.0,24,383.0,383.0,,,22,24,0,0
11876,5,61604,62017,1580.0,263.0,24,263,263.0,,,23,24,0,0
11876,6,62017,61564,1211.0,202.0,24,202,202.0,,,23,24,0,0
11876,7,61564,61175,1101.0,183.0,24,183.0,183.0,,,24,24,0,0
11876,8,61175,61193,2375.0,395.0,24,395.0,395.0,,,24,24,0,0
11876,9,61193,61248,1204.0,201.0,24,201.0,201.0,,,24,24,0,0
11876,10,61248,61201,1202.0,200.0,24,200.0,200.0,,,24,24,0,0
11876,11,61201,74098,2146.0,357.0,24,357.0,357.0,,,24,24,0,0
11876,12,74098,61238,1466.0,244.0,24,244.0,244.0,,,24,24,0,0
11885,0,61807,61805,1375.0,302,581,330,302,304,296,75,213,193,175
11885,1,61805,61775,599.0,132,581,144.5,132,132,130,76,213,193,175
11885,2,61775,61825,838.0,184,581,201,184,185,180,75,213,193,175
11885,3,61825,61784,802.0,176,581,194.0,176,177,173,76,213,193,175
11885,4,61784,61812,597.0,132,581,144,132,132,129,75,213,193,175
11885,5,61812,61801,844.0,185,581,203.0,185,186,182,76,213,193,175
11885,6,61801,61816,696.0,153,581,168.0,153,154,150,78,213,193,175
11885,7,61816,61788,239.0,53,581,57.0,53,53,51,76,213,193,175
11885,8,61788,61796,738.0,162,581,178.0,162,163,159,76,213,193,175
11885,9,61796,61793,691.0,152,581,166,152,153,149,77,213,193,175
11885,10,61793,74180,1358.0,298,581,328.0,298,299,293,76,213,193,175
11885,11,74180,74161,1242.0,273,581,299,273,275,268,77,213,193,175
11885,12,74161,61861,1945.0,428,581,468.0,428,429,419,78,213,193,175
11885,13,61861,61897,751.0,165,581,181.0,165,166,162,78,213,193,175
11885,14,61897,61869,656.0,144,581,158.0,144,145,141,78,213,193,175
11885,15,61869,61876,824.0,181,581,199.0,181,182,178,78,213,193,175
11907,0,61433,61424,887.0,129,219,130.0,129,129.0,,98,133,86,0
11907,1,61424,61456,625.0,90,219,92.0,91,90.0,,98,133,86,0
11907,2,61456,61460,2777.0,402,219,407.0,404,402.0,,98,133,86,0
11907,3,61460,61453,2589.0,376,219,379.0,376,376.0,,98,133,86,0
11907,4,61453,73908,637.0,92,219,93.5,93,92.0,,98,133,86,0
11907,5,73908,61445,1694.0,245,219,249.0,246,245.0,,98,133,86,0
11907,6,61445,61572,3829.0,555,219,562.0,557,555.0,,98,133,86,0
11907,7,61572,61615,1461.0,212,219,215,213,212.0,,99,133,86,0
11907,8,61615,61554,1726.0,250,219,254.5,251,250.0,,98,133,86,0
11907,9,61554,61766,3130.0,453,219,460,455,453.0,,99,133,86,0
11907,10,61766,61750,2526.0,366,219,373,368,366.0,,99,133,86,0
11907,11,61750,61739,723.0,105,219,107,105,105.0,,99,133,86,0
11907,12,61739,61771,1475.0,214,219,218.0,214,214.0,,98,133,86,0
11907,13,61771,62010,2941.0,426,219,434.0,428,426.0,,98,133,86,0
11908,0,62010,61768,3365.0,498,185,511.0,508.0,497,,78,100,85,0
11908,1,61768,61735,1568.0,233,185,239,236.0,231,,79,100,85,0
11908,2,61735,61749,629.0,93,185,95.0,95.0,93,,80,100,85,0
11908,3,61749,61765,2532.0,375,185,385,382.0,374,,79,100,85,0
11908,4,61765,61550,3232.0,479,185,492.0,488.0,477,,80,100,85,0
11908,5,61550,62029,1620.0,240,185,248.0,244.0,239,,78,100,85,0
11908,6,62029,61568,1412.0,209,185,216.0,214.0,208,,78,100,85,0
11908,7,61568,61442,3845.0,570,185,589.0,580.0,568,,78,100,85,0
11908,8,61442,73907,1711.0,253,185,262.0,258.0,252,,78,100,85,0
11908,9,73907,61450,631.0,94,185,97.0,95.0,93,,78,100,85,0
11908,10,61450,61459,2579.0,382,185,396.0,389.0,381,,78,100,85,0
11908,11,61459,61455,2802.0,415,185,430.0,423.0,413,,78,100,85,0
11908,12,61455,61423,624.0,92,185,96.0,94.0,92,,78,100,85,0
11908,13,61423,61433,688.0,102,185,106.0,104.0,102,,78,100,85,0
11909,0,61837,73875,0.0,356,151,369.5,356,,,68,151,0,0
11909,1,73875,61828,0.0,275,151,287.5,275,,,70,151,0,0
11909,2,61828,61842,0.0,83,151,87,83,,,69,151,0,0
11909,3,61842,61823,0.0,124,151,130.5,124,,,70,151,0,0
11909,4,61823,61813,0.0,250,151,262.0,250,,,70,151,0,0
11909,5,61813,61817,0.0,253,151,266.0,253,,,70,151,0,0
11909,6,61817,61793,0.0,262,151,275.0,262,,,70,151,0,0
11909,7,61793,72759,0.0,369,151,385,369,,,73,151,0,0
11909,8,72759,61576,0.0,306,151,320.5,306,,,72,151,0,0
11909,9,61576,73535,0.0,305,151,318.0,305,,,74,151,0,0
11909,10,73535,62026,0.0,116,151,122.0,116,,,74,151,0,0
11909,11,62026,61605,0.0,386,151,402.0,386,,,74,151,0,0
11909,12,61605,61446,0.0,403,151,422.0,403,,,74,151,0,0
11909,13,61446,61466,0.0,176,151,183,176,,,73,151,0,0
11909,14,61466,73600,0.0,46,151,48,46,,,73,151,0,0
11909,15,73600,61438,0.0,129,151,135,129,,,73,151,0,0
11909,16,61438,61451,0.0,125,151,131,125,,,73,151,0,0
11909,17,61451,61426,0.0,228,151,238.0,228,,,74,151,0,0
11909,18,61426,61454,0.0,633,151,665,633,,,73,151,0,0
11909,19,61454,61422,0.0,102,151,107.0,102,,,72,151,0,0
11910,0,61432,61425,0.0,156.0,212,162.5,156.0,,,106,212,0,0
11910,1,61425,61457,0.0,99.0,212,103.0,99.0,,,106,212,0,0
11910,2,61457,61429,0.0,606.0,212,631,606.0,,,107,212,0,0
11910,3,61429,61452,0.0,219.0,212,227.5,219.0,,,106,212,0,0
11910,4,61452,61441,0.0,121.0,212,127.0,121.0,,,106,212,0,0
11910,5,61441,73599,0.0,125.0,212,130,125.0,,,107,212,0,0
11910,6,73599,61469,0.0,43.0,212,44.0,43.0,,,106,212,0,0
11910,7,61469,61449,0.0,167.0,212,174.0,167.0,,,106,212,0,0
11910,8,61449,61610,0.0,404.0,212,419,404.0,,,105,212,0,0
11910,9,61610,61614,0.0,360.0,212,373,360.0,,,107,212,0,0
11910,10,61614,61546,0.0,102.0,212,106.0,102.0,,,106,212,0,0
11910,11,61546,61582,0.0,305.0,212,315,305.0,,,105,212,0,0
11910,12,61582,72761,0.0,295.0,212,305.0,295.0,,,106,212,0,0
11910,13,72761,61790,0.0,351.0,212,361.0,351.0,,,106,212,0,0
11910,14,61790,61814,0.0,253.0,212,261,253.0,,,105,212,0,0
11910,15,61814,61810,0.0,243.0,212,249.0,243.0,,,104,212,0,0
11910,16,61810,61819,0.0,233.0,212,239.0,233.0,,,104,212,0,0
11910,17,61819,61841,0.0,129.0,212,132.0,129.0,,,104,212,0,0
11910,18,61841,61826,0.0,79.0,212,81.0,79.0,,,102,212,0,0
11910,19,61826,73874,0.0,273.0,212,280,273.0,,,103,212,0,0
11910,20,73874,61837,0.0,237.0,212,243,237.0,,,101,212,0,0
11913,0,61435,61424,634.0,95,35,97,95,,,29,35,0,0
11913,1,61424,73575,456.0,68,35,69,68,,,29,35,0,0
11913,2,73575,61428,4027.0,601,35,614,601,,,29,35,0,0
11913,3,61428,73908,2145.0,320,35,324.0,320,,,30,35,0,0
11913,4,73908,73599,873.0,130,35,133,130,,,29,35,0,0
11913,5,73599,61448,1278.0,191,35,193.5,191,,,30,35,0,0
11913,6,61448,61871,7792.0,1163,35,1178.0,1163,,,30,35,0,0
11913,7,61871,61865,3630.0,541,35,554,541,,,29,35,0,0
11913,8,61865,61925,2283.0,341,35,348.0,341,,,28,35,0,0
11914,0,61427,73574,3966.0,575.0,34,594,575.0,,,23,34,0,0
11914,1,73574,61423,529.0,76.5,34,79.5,76.5,,,22,34,0,0
11914,2,61423,61435,941.0,136.5,34,141.5,136.5,,,22,34,0,0
11932,0,61208,61199,1782.0,279,35,279.5,279,,,34,35,0,0
11932,1,61199,61256,5823.0,911,35,913.5,911,,,34,35,0,0
11932,2,61256,61156,228.0,36,35,36,36,,,33,35,0,0
11932,3,61156,61212,566.0,88,35,89,88,,,33,35,0,0
11932,4,61212,61507,1725.0,270,35,271,270,,,33,35,0,0
11932,5,61507,61443,1418.0,222,35,223.0,222,,,32,35,0,0
11932,6,61443,61438,1577.0,247,35,248.0,247,,,32,35,0,0
11932,7,61438,61451,763.0,120,35,120.0,120,,,32,35,0,0
11932,8,61451,61410,4477.0,700,35,704,700,,,31,35,0,0
11932,9,61410,61454,788.0,124,35,124.5,124,,,30,35,0,0
11932,10,61454,61422,624.0,97,35,98.5,97,,,30,35,0,0
11932,11,61422,61430,548.0,86,35,86.5,86,,,30,35,0,0
12030,0,73237,61889,870.0,146,347,152,145,147.0,,87,191,156,0
12030,1,61889,61894,756.0,127,347,132,125,128.0,,89,191,156,0
12030,2,61894,61916,2373.0,399,347,414,395,401.0,,89,191,156,0
12030,3,61916,61858,529.0,89,347,92,87,89.0,,89,191,156,0
12030,4,61858,62304,573.0,96,347,100.0,96,97.0,,88,191,156,0
12030,5,62304,61873,2000.0,336,347,349.0,332,338.0,,88,191,156,0
12030,6,61873,61865,1416.0,238,347,247.0,235,239.0,,88,191,156,0
12030,7,61865,61957,1876.0,315,347,328.0,312,317.0,,86,191,156,0
12030,8,61957,61994,635.0,107,347,110.0,106,107.0,,86,191,156,0
12030,9,61994,61932,993.0,167,347,174,165,168.0,,87,191,156,0
12030,10,61932,61951,538.0,90,347,93.0,89,91.0,,86,191,156,0
12030,11,61951,61937,1186.0,200,347,207,197,200.0,,87,191,156,0
12030,12,61937,61981,581.0,97,347,102.0,97,98.0,,86,191,156,0
12030,13,61981,61966,1921.0,323,347,335.0,319,325.0,,86,191,156,0
12066,0,73323,74224,0.0,677,203,725.0,677,,,100,203,0,0
12066,1,74224,61785,0.0,541,203,580.0,541,,,100,203,0,0
12066,2,61785,61813,0.0,123,203,131,123,,,101,203,0,0
12066,3,61813,74074,0.0,146,203,157.0,146,,,102,203,0,0
12066,4,74074,61817,0.0,166,203,178,166,,,101,203,0,0
12066,5,61817,74159,0.0,865,203,928.0,865,,,102,203,0,0
12066,6,74159,74192,0.0,181,203,194.0,181,,,100,203,0,0
12066,7,74192,74239,0.0,819,203,877,819,,,101,203,0,0
12066,8,74239,73571,0.0,427,203,459.0,427,,,100,203,0,0
12066,9,73571,61471,0.0,525,203,563,525,,,99,203,0,0
12066,10,61471,61513,0.0,149,203,159,149,,,95,203,0,0
12066,11,61513,73779,0.0,59,203,63,59,,,93,203,0,0
12066,12,73779,61494,0.0,286,203,308,286,,,93,203,0,0
12066,13,61494,61530,0.0,310,203,332,310,,,91,203,0,0
12066,14,61530,73224,0.0,111,203,119,111,,,89,203,0,0
12067,0,73224,61532,0.0,138,231,148.5,138,,,116,231,0,0
12067,1,61532,61496,0.0,322,231,349,322,,,117,231,0,0
12067,2,61496,73780,0.0,287,231,311.0,287,,,118,231,0,0
12067,3,73780,61515,0.0,72,231,78.0,72,,,118,231,0,0
12067,4,61515,61473,0.0,153,231,166.0,153,,,118,231,0,0
12067,5,61473,73570,0.0,529,231,574.0,529,,,118,231,0,0
12067,6,73570,74238,0.0,455,231,494.5,455,,,116,231,0,0
12067,7,74238,74191,0.0,849,231,920,849,,,117,231,0,0
12067,8,74191,74162,0.0,205,231,223,205,,,115,231,0,0
12067,9,74162,61814,0.0,881,231,960.0,881,,,114,231,0,0
12067,10,61814,74075,0.0,173,231,189,173,,,111,231,0,0
12067,11,74075,61810,0.0,150,231,164.0,150,,,108,231,0,0
12067,12,61810,61776,0.0,127,231,138,127,,,109,231,0,0
12067,13,61776,74225,0.0,566,231,614.0,566,,,106,231,0,0
12067,14,74225,73323,0.0,583,231,628,583,,,103,231,0,0
12070,0,61630,61676,1271.0,297.0,12,298,297.0,,,9,12,0,0
12070,1,61676,61697,1725.0,404.0,12,405,404.0,,,9,12,0,0
12070,2,61697,61700,1551.0,362.5,12,364.0,362.5,,,10,12,0,0
12070,3,61700,61591,2215.0,518.5,12,520.0,518.5,,,10,12,0,0
12070,4,61591,61705,481.0,112.5,12,113,112.5,,,11,12,0,0
12070,5,61705,61650,764.0,178.5,12,179,178.5,,,11,12,0,0
12070,6,61650,61292,441.0,103.5,12,104,103.5,,,11,12,0,0
12070,7,61292,61849,698.0,163.5,12,164,163.5,,,11,12,0,0
12070,8,61849,61845,632.0,147.5,12,147.5,147.5,,,12,12,0,0
12297,0,61971,61940,0.0,241,487,283,277.0,217,,109,252,235,0
12297,1,61940,61975,0.0,161,487,189,184.5,144,,109,252,235,0
12297,2,61975,61926,0.0,506,487,596.0,582.0,456,,110,252,235,0
12297,3,61926,61984,0.0,515,487,609.5,591.0,462,,112,252,235,0
12297,4,61984,71675,0.0,1369,487,1633.0,1575.5,1233,,114,252,235,0
12297,5,71675,71596,0.0,327,487,394.5,376.5,295,,120,252,235,0
12297,6,71596,71597,0.0,122,487,147.0,140.0,109,,120,252,235,0
12297,7,71597,71598,0.0,176,487,213.5,203.0,158,,120,252,235,0
12297,8,71598,71676,0.0,145,487,175,167.0,131,,121,252,235,0
12297,9,71676,71678,0.0,84,487,102.0,97.0,76,,120,252,235,0
12297,10,71678,71681,0.0,117,487,141,134.0,104,,121,252,235,0
12297,11,71681,71683,0.0,100,487,121,115.0,90,,121,252,235,0
12297,12,71683,71684,0.0,107,487,130.0,123.0,97,,120,252,235,0
12297,13,71684,71686,0.0,129,487,157,149.0,116,,121,252,235,0
12297,14,71686,71688,0.0,93,487,113.0,106.5,84,,120,252,235,0
12297,15,71688,71690,0.0,91,487,111,105.0,82,,121,252,235,0
12297,16,71690,71692,25.0,74,487,90,85.0,66,,121,252,235,0
12297,17,71692,71694,667.0,150,487,184.0,173.0,135,,120,252,235,0
12297,18,71694,71696,481.0,109,487,132,125.0,98,,121,252,235,0
12297,19,71696,71505,1185.0,267,487,326.5,307.0,241,,120,252,235,0
12297,20,71505,71701,291.0,66,487,80.0,75.5,59,,120,252,235,0
12297,21,71701,71706,583.0,132,487,161.0,151.0,118,,120,252,235,0
12297,22,71706,71506,425.0,96,487,118.0,110.0,86,,120,252,235,0
12297,23,71506,71702,389.0,87,487,107.5,101.0,79,,120,252,235,0
12297,24,71702,71507,380.0,86,487,105.5,98.5,77,,118,252,235,0
12297,25,71507,71508,790.0,178,487,219,205.0,161,,119,252,235,0
12297,26,71508,71704,1207.0,273,487,334.5,312.5,245,,118,252,235,0
12297,27,71704,73081,521.0,117,487,145,135.5,105,,115,252,235,0
12297,28,73081,61987,5647.0,1274,487,1573.5,1464.5,1147,,114,252,235,0
12297,29,61987,61934,2251.0,507,487,634.0,584.0,457,,104,252,235,0
12297,30,61934,61983,2283.0,515,487,643,592.0,463,,103,252,235,0
12297,31,61983,61941,696.0,157,487,196,180.5,141,,101,252,235,0
12297,32,61941,61971,0.0,331,487,415.0,380.5,298,,100,252,235,0
12298,0,61971,61940,1068.0,174,11,,154,177.5,,0,5,6,0
12298,1,61940,61975,712.0,116,11,,103,118.0,,0,5,6,0
12298,2,61975,61926,2243.0,365,11,,325,372.0,,0,5,6,0
12298,3,61926,61984,2280.0,371,11,,329,378.5,,0,5,6,0
12298,4,61984,71675,6074.0,988,11,,878,1007.5,,0,5,6,0
12298,5,71675,71596,1450.0,236,11,,210,240.5,,0,5,6,0
12298,6,71596,71597,539.0,88,11,,78,89.5,,0,5,6,0
12298,7,71597,71598,781.0,127,11,,113,129.5,,0,5,6,0
12298,8,71598,71676,644.0,105,11,,93,107.0,,0,5,6,0
12298,9,71676,71678,372.0,61,11,,54,61.5,,0,5,6,0
12298,10,71678,71681,516.0,84,11,,74,86.0,,0,5,6,0
12298,11,71681,71683,443.0,72,11,,65,73.5,,0,5,6,0
12298,12,71683,71684,475.0,77,11,,68,78.5,,0,5,6,0
12298,13,71684,71686,574.0,93,11,,83,95.0,,0,5,6,0
12298,14,71686,71688,411.0,67,11,,60,68.5,,0,5,6,0
12298,15,71688,71690,404.0,66,11,,58,67.0,,0,5,6,0
12299,0,61971,61940,0.0,194,71,,,,194,0,0,0,71
12299,1,61940,61975,0.0,130,71,,,,130,0,0,0,71
12299,2,61975,61926,0.0,408,71,,,,408,0,0,0,71
12299,3,61926,61984,0.0,415,71,,,,415,0,0,0,71
12299,4,61984,71675,0.0,1105,71,,,,1105,0,0,0,71
12299,5,71675,71596,0.0,264,71,,,,264,0,0,0,71
12299,6,71596,71597,0.0,98,71,,,,98,0,0,0,71
12299,7,71597,71598,0.0,142,71,,,,142,0,0,0,71
12299,8,71598,71676,0.0,118,71,,,,118,0,0,0,71
12299,9,71676,71678,0.0,67,71,,,,67,0,0,0,71
12299,10,71678,71681,0.0,94,71,,,,94,0,0,0,71
12299,11,71681,71683,0.0,81,71,,,,81,0,0,0,71
12299,12,71683,71684,0.0,86,71,,,,86,0,0,0,71
12299,13,71684,71686,0.0,105,71,,,,105,0,0,0,71
12299,14,71686,71688,0.0,75,71,,,,75,0,0,0,71
12299,15,71688,71690,0.0,73,71,,,,73,0,0,0,71
12299,16,71690,71692,25.0,60,71,,,,60,0,0,0,71
12299,17,71692,71694,667.0,121,71,,,,121,0,0,0,71
12299,18,71694,71696,481.0,87,71,,,,87,0,0,0,71
12299,19,71696,71505,1185.0,216,71,,,,216,0,0,0,71
12299,20,71505,71701,291.0,53,71,,,,53,0,0,0,71
12299,21,71701,71706,583.0,106,71,,,,106,0,0,0,71
12299,22,71706,71506,425.0,77,71,,,,77,0,0,0,71
12299,23,71506,71702,389.0,71,71,,,,71,0,0,0,71
12299,24,71702,71507,380.0,69,71,,,,69,0,0,0,71
12299,25,71507,71508,790.0,144,71,,,,144,0,0,0,71
12299,26,71508,71704,1207.0,220,71,,,,220,0,0,0,71
12299,27,71704,73081,521.0,95,71,,,,95,0,0,0,71
12299,28,73081,61987,5647.0,1027,71,,,,1027,0,0,0,71
12299,29,61987,61934,2251.0,410,71,,,,410,0,0,0,71
12299,30,61934,61983,2283.0,415,71,,,,415,0,0,0,71
12299,31,61983,61941,696.0,127,71,,,,127,0,0,0,71
12299,32,61941,61971,0.0,267,71,,,,267,0,0,0,71
12300,0,61971,61940,1068.0,204,3,,,,204,0,0,0,3
12300,1,61940,61975,712.0,136,3,,,,136,0,0,0,3
12300,2,61975,61926,2243.0,429,3,,,,429,0,0,0,3
12300,3,61926,61984,2280.0,436,3,,,,436,0,0,0,3
12300,4,61984,71675,6074.0,1161,3,,,,1161,0,0,0,3
12300,5,71675,71596,1450.0,278,3,,,,278,0,0,0,3
12300,6,71596,71597,539.0,103,3,,,,103,0,0,0,3
12300,7,71597,71598,781.0,149,3,,,,149,0,0,0,3
12300,8,71598,71676,644.0,123,3,,,,123,0,0,0,3
12300,9,71676,71678,372.0,71,3,,,,71,0,0,0,3
12300,10,71678,71681,516.0,99,3,,,,99,0,0,0,3
12300,11,71681,71683,443.0,85,3,,,,85,0,0,0,3
12300,12,71683,71684,475.0,90,3,,,,90,0,0,0,3
12300,13,71684,71686,574.0,110,3,,,,110,0,0,0,3
12300,14,71686,71688,411.0,79,3,,,,79,0,0,0,3
12300,15,71688,71690,404.0,77,3,,,,77,0,0,0,3
12462,0,61966,61977,2203.0,338,369,336,328,364.0,,89,207,162,0
12462,1,61977,61938,572.0,87,369,87.0,85,94.0,,90,207,162,0
12462,2,61938,61949,1248.0,191,369,190.5,186,206.0,,90,207,162,0
12462,3,61949,61930,487.0,75,369,74,73,80.0,,91,207,162,0
12462,4,61930,61990,909.0,139,369,139,135,151.0,,91,207,162,0
12462,5,61990,61953,632.0,97,369,97,95,104.0,,91,207,162,0
12462,6,61953,61863,2160.0,331,369,330.0,321,356.0,,92,207,162,0
12462,7,61863,61871,1407.0,216,369,215.0,210,233.0,,92,207,162,0
12462,8,61871,61884,1976.0,302,369,302,294,326.0,,93,207,162,0
12462,9,61884,61856,524.0,81,369,80.0,78,86.0,,92,207,162,0
12462,10,61856,61915,593.0,91,369,91.0,89,98.0,,94,207,162,0
12462,11,61915,61892,2387.0,365,369,364.0,355,394.0,,94,207,162,0
12462,12,61892,62021,745.0,114,369,114.0,111,123.0,,94,207,162,0
12462,13,62021,73237,1877.0,288,369,288.0,280,310.0,,94,207,162,0
12466,0,61971,61940,0.0,214.0,8,,,,214.0,0,0,0,8
12466,1,61940,61975,0.0,142.5,8,,,,142.5,0,0,0,8
12466,2,61975,61926,0.0,448.5,8,,,,448.5,0,0,0,8
12466,3,61926,61984,0.0,456.5,8,,,,456.5,0,0,0,8
12466,4,61984,71675,0.0,1347.0,8,,,,1347.0,0,0,0,8
12466,5,71675,71596,0.0,290.5,8,,,,290.5,0,0,0,8
12466,6,71596,71597,0.0,108.0,8,,,,108.0,0,0,0,8
12466,7,71597,71598,0.0,156.0,8,,,,156.0,0,0,0,8
12466,8,71598,71676,0.0,129.0,8,,,,129.0,0,0,0,8
12466,9,71676,71678,0.0,74.5,8,,,,74.5,0,0,0,8
12466,10,71678,71681,0.0,103.0,8,,,,103.0,0,0,0,8
12466,11,71681,71683,0.0,89.0,8,,,,89.0,0,0,0,8
12466,12,71683,71684,0.0,95.0,8,,,,95.0,0,0,0,8
12466,13,71684,71686,0.0,115.0,8,,,,115.0,0,0,0,8
12466,14,71686,71688,0.0,82.0,8,,,,82.0,0,0,0,8
12466,15,71688,71690,26.5,81.0,8,,,,81.0,0,0,0,8
12466,16,71690,71692,327.0,65.5,8,,,,65.5,0,0,0,8
12466,17,71692,56778,552.0,111.0,8,,,,111.0,0,0,0,8
12466,18,56778,71696,596.0,119.5,8,,,,119.5,0,0,0,8
12466,19,71696,71505,1185.0,237.0,8,,,,237.0,0,0,0,8
12466,20,71505,71701,291.0,58.5,8,,,,58.5,0,0,0,8
12466,21,71701,71706,583.0,116.0,8,,,,116.0,0,0,0,8
12466,22,71706,71506,425.0,85.0,8,,,,85.0,0,0,0,8
12466,23,71506,71702,389.0,78.0,8,,,,78.0,0,0,0,8
12466,24,71702,71507,380.0,76.5,8,,,,76.5,0,0,0,8
12466,25,71507,71508,790.0,158.0,8,,,,158.0,0,0,0,8
12466,26,71508,71704,1207.0,242.0,8,,,,242.0,0,0,0,8
12466,27,71704,73081,521.0,104.0,8,,,,104.0,0,0,0,8
12466,28,73081,61987,5647.0,1130.0,8,,,,1130.0,0,0,0,8
12466,29,61987,61934,2251.0,450.5,8,,,,450.5,0,0,0,8
12466,30,61934,61983,2283.0,457.0,8,,,,457.0,0,0,0,8
12466,31,61983,61941,696.0,140.0,8,,,,140.0,0,0,0,8
12466,32,61941,61971,0.0,293.5,8,,,,293.5,0,0,0,8
12558,0,73218,61209,1249.0,235.0,414,274.0,251.0,229.0,,110,230,184,0
12558,1,61209,61223,719.0,135.0,414,158.0,144.0,132.0,,112,230,184,0
12558,2,61223,61204,567.0,107.0,414,124.0,114.0,104.0,,112,230,184,0
12558,3,61204,61199,440.0,83.0,414,97,88.0,81.0,,113,230,184,0
12558,4,61199,61191,2630.0,495.0,414,577.0,528.0,482.0,,112,230,184,0
12558,5,61191,61183,1176.0,221.0,414,257.0,236.5,215.0,,114,230,184,0
12558,6,61183,61161,2567.0,483.0,414,564,515.0,471.0,,115,230,184,0
12558,7,61161,74238,2144.0,403.0,414,470,430.0,393.0,,115,230,184,0
12558,8,74238,74160,4949.0,930.0,414,1085.0,994.0,908.0,,112,230,184,0
12558,9,74160,61790,2655.0,499.0,414,583.0,533.0,487.0,,106,230,184,0
12558,10,61790,61814,1613.0,304.0,414,354,324.0,296.0,,101,230,184,0
12558,11,61814,61811,1599.0,300.0,414,350.0,321.0,293.0,,98,230,184,0
12558,12,61811,61778,619.0,117.0,414,136.0,124.0,113.0,,94,230,184,0
12558,13,61778,61773,1614.0,303.0,414,354,325.0,296.0,,93,230,184,0
12558,14,61773,73459,1307.0,246.0,414,285,262.0,240.0,,89,230,184,0
12576,0,61235,61250,1270.0,202.0,278,229.5,210.5,199.0,,76,172,106,0
12576,1,61250,61224,1319.0,211.0,278,238.5,218.5,207.0,,76,172,106,0
12576,2,61224,61204,509.0,81.0,278,92.0,84.5,80.0,,76,172,106,0
12576,3,61204,61199,440.0,70.0,278,79.0,73.0,69.0,,76,172,106,0
12576,4,61199,61243,1465.0,234.0,278,265.0,242.5,230.0,,76,172,106,0
12576,5,61243,62042,4452.0,710.0,278,802.0,737.0,699.0,,78,172,106,0
12576,6,62042,61216,843.0,134.0,278,152,140.0,132.0,,77,172,106,0
12576,7,61216,74107,2547.0,406.0,278,459,422.0,400.0,,79,172,106,0
12576,8,74107,74211,2191.0,349.0,278,395.0,363.0,344.0,,78,172,106,0
12576,9,74211,74189,1149.0,184.0,278,207.5,190.5,180.0,,76,172,106,0
12576,10,74189,61925,1878.0,299.0,278,338,311.0,295.0,,77,172,106,0
12612,0,61693,73788,2617.0,359.0,380,378,365.0,355.0,,75,168,212,0
12612,1,73788,61628,2057.0,283.0,380,299,286.0,280.0,,77,168,212,0
12612,2,61628,61668,1896.0,260.0,380,276,265.0,257.0,,77,168,212,0
12612,3,61668,61718,3716.0,510.0,380,544.0,518.0,505.0,,78,168,212,0
12612,4,61718,61641,705.0,97.0,380,104.0,98.0,96.0,,78,168,212,0
12612,5,61641,61563,9008.0,1237.0,380,1320.0,1255.0,1223.0,,78,168,212,0
12612,6,61563,61185,2100.0,289.0,380,307,293.0,286.0,,77,168,212,0
12612,7,61185,61232,699.0,96.0,380,103.5,97.0,95.0,,78,168,212,0
12612,8,61232,61248,1937.0,266.0,380,286.5,270.0,263.0,,78,168,212,0
12612,9,61248,61206,1792.0,246.0,380,267.0,250.0,243.0,,78,168,212,0
12612,10,61206,61210,1079.0,148.0,380,161.0,150.0,146.0,,78,168,212,0
12612,11,61210,73221,1669.0,229.0,380,249.5,233.0,227.0,,78,168,212,0
12621,0,61692,73788,2690.0,382,107,461,434.0,373,,37,58,49,0
12621,1,73788,61713,1233.0,175,107,210,200.0,171,,39,58,49,0
12621,2,61713,61628,824.0,117,107,139,133.0,114,,39,58,49,0
12621,3,61628,61656,549.0,78,107,94,88.0,76,,39,58,49,0
12621,4,61656,74097,805.0,114,107,135.5,130.0,112,,40,58,49,0
12621,5,74097,61219,15518.0,2202,107,2624.5,2507.0,2152,,40,58,49,0
12621,6,61219,61163,325.0,46,107,55.0,52.0,45,,42,58,49,0
12621,7,61163,61258,551.0,78,107,93.0,89.0,76,,42,58,49,0
12621,8,61258,61179,965.0,137,107,163.0,156.0,134,,42,58,49,0
12621,9,61179,61193,2226.0,316,107,375.0,359.0,309,,42,58,49,0
12621,10,61193,61149,1898.0,269,107,320.0,307.0,263,,42,58,49,0
12639,0,61689,73788,2724.0,540,651,610.5,573.0,549.0,516,88,230,208,213
12639,1,73788,61715,1304.0,259,651,294.5,275.0,263.0,248,90,230,208,213
12639,2,61715,61629,822.0,163,651,186,173.0,166.0,155,89,230,208,213
12639,3,61629,61658,557.0,111,651,126.5,117.0,112.0,106,88,230,208,213
12639,4,61658,74097,728.0,144,651,165,153.0,147.0,138,89,230,208,213
12639,5,74097,61664,391.0,78,651,89,83.0,79.0,74,89,230,208,213
12639,6,61664,61696,1348.0,267,651,307,283.0,272.0,256,89,230,208,213
12639,7,61696,61623,845.0,168,651,193,178.0,170.0,160,89,230,208,213
12639,8,61623,61701,826.0,163,651,188,174.0,167.0,156,89,230,208,213
12639,9,61701,61645,442.0,88,651,100.5,93.0,89.0,84,90,230,208,213
12639,10,61645,61719,464.0,92,651,106,98.0,94.0,88,89,230,208,213
12639,11,61719,61642,713.0,142,651,163.0,150.0,144.0,135,90,230,208,213
12639,12,61642,61592,596.0,118,651,136.5,125.0,120.0,113,88,230,208,213
12639,13,61592,61707,497.0,98,651,113.5,105.0,100.0,94,90,230,208,213
12639,14,61707,61649,633.0,126,651,145.0,133.0,128.0,120,90,230,208,213
12639,15,61649,74179,721.0,143,651,164.5,152.0,145.0,137,90,230,208,213
12644,0,73218,74096,895.0,177,105,180,177,,,93,105,0,0
12644,1,74096,61173,7087.0,1399,105,1424,1399,,,93,105,0,0
12644,2,61173,62042,910.0,180,105,184.0,180,,,92,105,0,0
12644,3,62042,61157,159.0,31,105,32.0,31,,,92,105,0,0
12644,4,61157,61216,684.0,135,105,138,135,,,91,105,0,0
12644,5,61216,74191,5801.0,1145,105,1176,1145,,,91,105,0,0
12644,6,74191,74183,2287.0,452,105,467,452,,,87,105,0,0
12644,7,74183,61780,5172.0,1022,105,1061,1022,,,85,105,0,0
12644,8,61780,73460,2903.0,573,105,612,573,,,77,105,0,0
12646,0,73219,74096,0.0,165.0,408,194,178,,162,99,207,0,201
12646,1,74096,72907,0.0,323.0,408,379,349,,317,99,207,0,201
12646,2,72907,61197,0.0,37.0,408,43,40,,36,99,207,0,201
12646,3,61197,61242,0.0,264.0,408,310,285,,259,99,207,0,201
12646,4,61242,61171,0.0,623.0,408,732,673,,612,99,207,0,201
12646,5,61171,61216,0.0,325.0,408,380,351,,319,99,207,0,201
12646,6,61216,74309,0.0,203.0,408,239,220,,200,97,207,0,201
12646,7,74309,74109,0.0,262.0,408,307,284,,257,97,207,0,201
12646,8,74109,74117,0.0,176.0,408,206.0,190,,173,96,207,0,201
12646,9,74117,74243,0.0,189.0,408,221,203,,185,95,207,0,201
12646,10,74243,74181,0.0,594.0,408,695,642,,584,95,207,0,201
12646,11,74181,61791,0.0,250.0,408,292.5,270,,246,92,207,0,201
12646,12,61791,61794,0.0,101.0,408,118.0,109,,99,90,207,0,201
12646,13,61794,61786,0.0,131.0,408,154,142,,129,89,207,0,201
12646,14,61786,61819,0.0,581.0,408,676,627,,570,87,207,0,201
12646,15,61819,61840,0.0,136.0,408,160.0,148,,134,84,207,0,201
12646,16,61840,61827,0.0,108.0,408,125.0,115,,105,84,207,0,201
12646,17,61827,74221,0.0,64.0,408,74.0,69,,63,84,207,0,201
12646,18,74221,73876,0.0,219.0,408,256.5,237,,216,82,207,0,201
12646,19,73876,61839,0.0,305.0,408,354,329,,299,81,207,0,201
12648,0,74181,61791,0.0,252.5,4,,267.0,,238.0,0,2,0,2
12648,1,61791,61794,0.0,101.5,4,,108.0,,95.0,0,2,0,2
12648,2,61794,61786,0.0,132.5,4,,140.0,,125.0,0,2,0,2
12648,3,61786,61819,0.0,586.0,4,,621.0,,551.0,0,2,0,2
12648,4,61819,61840,0.0,138.0,4,,146.0,,130.0,0,2,0,2
12648,5,61840,61827,0.0,108.0,4,,114.0,,102.0,0,2,0,2
12648,6,61827,74221,0.0,65.0,4,,69.0,,61.0,0,2,0,2
12648,7,74221,73876,0.0,221.5,4,,234.0,,209.0,0,2,0,2
12648,8,73876,61839,0.0,307.5,4,,326.0,,289.0,0,2,0,2
12771,0,62316,61861,0.0,345,237,392.0,367.5,319,,52,110,127,0
12771,1,61861,61911,0.0,567,237,647,604.0,526,,53,110,127,0
12771,2,61911,61857,0.0,249,237,284.0,264.5,229,,54,110,127,0
12771,3,61857,61915,0.0,106,237,121.0,113.5,98,,52,110,127,0
12771,4,61915,74151,0.0,205,237,235,218.5,190,,53,110,127,0
12771,5,74151,74152,0.0,112,237,128,119.0,103,,53,110,127,0
12771,6,74152,74154,0.0,291,237,333,310.0,269,,53,110,127,0
12771,7,74154,74206,0.0,68,237,79,73.5,64,,53,110,127,0
12771,8,74206,74155,599.0,300,237,343.0,319.5,278,,52,110,127,0
12771,9,74155,74213,524.0,106,237,121,112.0,97,,53,110,127,0
12771,10,74213,74138,507.0,102,237,117,109.0,95,,53,110,127,0
12771,11,74138,74153,716.0,144,237,165,153.5,133,,53,110,127,0
12771,12,74153,61916,1772.0,357,237,409,380.5,331,,53,110,127,0
12771,13,61916,61859,593.0,119,237,136,127.5,111,,53,110,127,0
12771,14,61859,61912,1167.0,235,237,269.0,250.0,218,,52,110,127,0
12771,15,61912,74208,2827.0,570,237,652.0,606.5,527,,52,110,127,0
12771,16,74208,62316,0.0,369,237,423.0,393.5,342,,50,110,127,0
12772,0,62316,61861,0.0,333,41,,,,333,0,0,0,41
12772,1,61861,61911,0.0,548,41,,,,548,0,0,0,41
12772,2,61911,61857,0.0,240,41,,,,240,0,0,0,41
12772,3,61857,61915,0.0,103,41,,,,103,0,0,0,41
12772,4,61915,74151,0.0,198,41,,,,198,0,0,0,41
12772,5,74151,74152,0.0,108,41,,,,108,0,0,0,41
12772,6,74152,74154,0.0,281,41,,,,281,0,0,0,41
12772,7,74154,74206,0.0,67,41,,,,67,0,0,0,41
12772,8,74206,74155,346.0,289,41,,,,289,0,0,0,41
12772,9,74155,74213,524.0,102,41,,,,102,0,0,0,41
12772,10,74213,74138,507.0,99,41,,,,99,0,0,0,41
12772,11,74138,74153,716.0,139,41,,,,139,0,0,0,41
12772,12,74153,61916,1772.0,345,41,,,,345,0,0,0,41
12772,13,61916,61859,593.0,116,41,,,,116,0,0,0,41
12772,14,61859,61912,1167.0,227,41,,,,227,0,0,0,41
12772,15,61912,74208,2827.0,550,41,,,,550,0,0,0,41
12772,16,74208,62316,0.0,455,41,,,,455,0,0,0,41
12773,0,62316,61861,0.0,259.0,56,,,,259.0,0,0,0,56
12773,1,61861,61911,0.0,426.0,56,,,,426.0,0,0,0,56
12773,2,61911,61857,0.0,186.0,56,,,,186.0,0,0,0,56
12773,3,61857,61915,0.0,80.0,56,,,,80.0,0,0,0,56
12773,4,61915,74151,0.0,153.5,56,,,,153.5,0,0,0,56
12773,5,74151,74152,0.0,84.0,56,,,,84.0,0,0,0,56
12773,6,74152,74154,0.0,218.5,56,,,,218.5,0,0,0,56
12773,7,74154,74206,0.0,52.0,56,,,,52.0,0,0,0,56
12773,8,74206,74155,599.0,224.5,56,,,,224.5,0,0,0,56
12773,9,74155,74213,524.0,79.5,56,,,,79.5,0,0,0,56
12773,10,74213,74138,507.0,77.0,56,,,,77.0,0,0,0,56
12773,11,74138,74153,716.0,108.0,56,,,,108.0,0,0,0,56
12773,12,74153,61916,1772.0,268.0,56,,,,268.0,0,0,0,56
12773,13,61916,61859,593.0,90.0,56,,,,90.0,0,0,0,56
12773,14,61859,61912,1167.0,176.5,56,,,,176.5,0,0,0,56
12773,15,61912,74208,2827.0,427.0,56,,,,427.0,0,0,0,56
12773,16,74208,62316,0.0,277.5,56,,,,277.5,0,0,0,56
12811,0,73236,61889,0.0,159.0,312,186,163.0,,152.0,77,170,0,142
12811,1,61889,74093,0.0,294.0,312,344,301.0,,279.0,77,170,0,142
12811,2,74093,61883,0.0,112.0,312,132.5,115.0,,107.0,78,170,0,142
12811,3,61883,61917,0.0,141.0,312,165,144.0,,134.0,77,170,0,142
12811,4,61917,61859,0.0,90.0,312,107,92.0,,86.0,77,170,0,142
12811,5,61859,61912,0.0,200.0,312,235.0,205.0,,190.0,78,170,0,142
12811,6,61912,61879,0.0,99.0,312,115,101.0,,94.0,79,170,0,142
12811,7,61879,61875,0.0,145.0,312,170.5,148.0,,138.0,78,170,0,142
12811,8,61875,74092,0.0,113.0,312,133,116.0,,108.0,77,170,0,142
12811,9,74092,74181,0.0,578.0,312,677,592.0,,551.0,79,170,0,142
12811,10,74181,61791,0.0,241.0,312,283.0,247.0,,229.0,78,170,0,142
12811,11,61791,61815,0.0,277.0,312,325.0,283.0,,264.0,78,170,0,142
12811,12,61815,61776,0.0,356.0,312,420,365.0,,339.0,75,170,0,142
12811,13,61776,74225,0.0,461.0,312,546.0,472.0,,439.0,74,170,0,142
12811,14,74225,73874,0.0,213.0,312,255.5,218.0,,203.0,72,170,0,142
12811,15,73874,73325,0.0,286.0,312,341.5,293.0,,272.0,72,170,0,142
12814,0,73459,61775,2308.0,412.0,370,460,435.5,397.0,,93,208,162,0
12814,1,61775,61784,1640.0,294.0,370,335,310.0,283.0,,95,208,162,0
12814,2,61784,61812,597.0,107.0,370,122,112.5,103.0,,95,208,162,0
12814,3,61812,61817,1604.0,287.0,370,328,303.0,277.0,,97,208,162,0
12814,4,61817,61793,1604.0,287.0,370,328,303.0,276.0,,97,208,162,0
12814,5,61793,74161,2600.0,464.0,370,531,491.0,447.0,,99,208,162,0
12814,6,74161,74242,5120.0,915.0,370,1047,966.5,882.0,,99,208,162,0
12814,7,74242,61165,2124.0,380.0,370,434,401.0,365.0,,101,208,162,0
12814,8,61165,61187,2308.0,412.0,370,471,436.0,398.0,,101,208,162,0
12814,9,61187,61195,1432.0,256.0,370,293,270.5,246.0,,101,208,162,0
12814,10,61195,61203,2405.0,430.0,370,492,453.5,414.0,,99,208,162,0
12814,11,61203,61207,591.0,106.0,370,121,112.0,102.0,,97,208,162,0
12814,12,61207,61226,344.0,61.0,370,70.0,65.0,59.0,,96,208,162,0
12814,13,61226,61211,737.0,132.0,370,151.0,139.0,127.0,,96,208,162,0
12814,14,61211,73218,2033.0,363.0,370,416.5,383.5,350.0,,96,208,162,0
12815,0,73221,61208,1617.0,236.0,294,289,254,234,,51,95,199,0
12815,1,61208,61205,1401.0,204.0,294,250,220,203,,49,95,199,0
12815,2,61205,61242,1809.0,263.0,294,321.5,284,261,,50,95,199,0
12815,3,61242,61228,1881.0,274.0,294,334.5,295,272,,50,95,199,0
12815,4,61228,61181,438.0,64.0,294,79.0,69,64,,48,95,199,0
12815,5,61181,61565,2549.0,372.0,294,455.0,400,369,,48,95,199,0
12815,6,61565,61640,8690.0,1266.0,294,1553,1365,1257,,47,95,199,0
12815,7,61640,61717,710.0,103.0,294,124.5,111,103,,46,95,199,0
12815,8,61717,61660,3729.0,544.0,294,651,585,539,,45,95,199,0
12815,9,61660,61626,1821.0,265.0,294,309,286,264,,45,95,199,0
12815,10,61626,73790,2124.0,309.0,294,357.5,334,307,,44,95,199,0
12815,11,73790,61693,2365.0,345.0,294,394.0,371,342,,42,95,199,0
12818,0,73223,73652,1076.0,210,527,246,215,215,204,89,201,155,171
12818,1,73652,73657,727.0,142,527,166.0,146,146,137,90,201,155,171
12818,2,73657,61496,365.0,71,527,83.0,72,72,69,90,201,155,171
12818,3,61496,73548,617.0,120,527,141,124,124,117,89,201,155,171
12818,4,73548,73412,3102.0,605,527,708.0,620,620,587,90,201,155,171
12818,5,73412,61509,350.0,69,527,79,70,70,66,89,201,155,171
12818,6,61509,74311,2343.0,457,527,531,469,469,443,89,201,155,171
12818,7,74311,74107,1506.0,293,527,338.0,301,301,285,88,201,155,171
12818,8,74107,74115,999.0,195,527,224,199,199,189,85,201,155,171
12818,9,74115,74211,1192.0,233,527,268.0,239,239,225,86,201,155,171
12818,10,74211,61925,3027.0,590,527,679,605,605,573,85,201,155,171
12819,0,73234,62309,3545.0,575,297,644.0,607,527.5,,92,193,104,0
12819,1,62309,61882,538.0,87,297,98.5,92,80.0,,92,193,104,0
12819,2,61882,61917,886.0,144,297,161.5,152,132.0,,94,193,104,0
12819,3,61917,61858,465.0,75,297,85,80,69.0,,93,193,104,0
12819,4,61858,61886,522.0,85,297,96.0,89,78.0,,92,193,104,0
12819,5,61886,61873,2051.0,332,297,374.0,351,305.5,,94,193,104,0
12819,6,61873,61901,663.0,108,297,121,114,98.5,,93,193,104,0
12819,7,61901,74190,2420.0,392,297,443,415,360.5,,93,193,104,0
12819,8,74190,74244,1214.0,197,297,222.5,207,180.5,,92,193,104,0
12819,9,74244,74116,1063.0,173,297,195,183,158.5,,91,193,104,0
12819,10,74116,74108,990.0,160,297,181,169,147.0,,93,193,104,0
12819,11,74108,74308,1409.0,229,297,258,241,209.5,,93,193,104,0
12819,12,74308,61165,1686.0,273,297,309.0,289,251.0,,92,193,104,0
12819,13,61165,61195,3740.0,607,297,684,641,557.0,,93,193,104,0
12819,14,61195,61245,1039.0,168,297,191,178,154.5,,91,193,104,0
12819,15,61245,61149,801.0,130,297,147.0,137,119.0,,92,193,104,0
12820,0,61141,61244,857.0,130,289,147.0,134,127.0,,86,181,108,0
12820,1,61244,61191,1113.0,169,289,191,175,164.0,,87,181,108,0
12820,2,61191,61161,3743.0,569,289,643,586,554.0,,87,181,108,0
12820,3,61161,74307,1639.0,249,289,282,257,242.0,,87,181,108,0
12820,4,74307,74109,1369.0,208,289,235.5,215,203.0,,86,181,108,0
12820,5,74109,74115,925.0,141,289,158.5,145,136.0,,86,181,108,0
12820,6,74115,74245,1049.0,159,289,181,164,156.0,,87,181,108,0
12820,7,74245,74189,1292.0,197,289,221.0,203,191.0,,86,181,108,0
12820,8,74189,61899,2171.0,329,289,372,340,321.0,,87,181,108,0
12820,9,61899,61871,658.0,100,289,112,103,97.0,,85,181,108,0
12820,10,61871,61885,2042.0,311,289,349,320,302.0,,85,181,108,0
12820,11,61885,61857,523.0,79,289,89.5,82,77.0,,84,181,108,0
12820,12,61857,61914,462.0,70,289,79,73,69.0,,83,181,108,0
12820,13,61914,61880,821.0,125,289,139.5,129,121.0,,84,181,108,0
12820,14,61880,61850,605.0,92,289,103.5,95,89.0,,82,181,108,0
12820,15,61850,73234,2743.0,417,289,467.0,430,406.0,,82,181,108,0
12822,0,61836,73875,0.0,421,33,452,421,,,23,33,0,0
12822,1,73875,74224,0.0,242,33,261.0,242,,,24,33,0,0
12822,2,74224,62294,0.0,88,33,95.0,88,,,24,33,0,0
12822,3,62294,61843,0.0,123,33,132.0,123,,,24,33,0,0
12822,4,61843,61823,0.0,145,33,156,145,,,25,33,0,0
12822,5,61823,61785,0.0,187,33,201,187,,,25,33,0,0
12822,6,61785,61816,0.0,424,33,451.5,424,,,26,33,0,0
12822,7,61816,74182,0.0,600,33,621.5,600,,,26,33,0,0
12822,8,74182,61923,0.0,755,33,759,755,,,27,33,0,0
12825,0,61836,73875,0.0,391.0,330,421.0,393.0,,387.0,92,214,0,116
12825,1,73875,61828,0.0,317.0,330,341.0,319.0,,313.0,94,214,0,116
12825,2,61828,61812,0.0,517.0,330,558,520.0,,511.0,95,214,0,116
12825,3,61812,61977,0.0,542.0,330,584.0,545.0,,537.0,96,214,0,116
12825,4,61977,61961,0.0,246.0,330,264,247.0,,242.0,97,214,0,116
12825,5,61961,61928,0.0,176.0,330,190.0,177.0,,175.0,98,214,0,116
12825,6,61928,61992,0.0,200.0,330,216,201.0,,198.0,97,214,0,116
12825,7,61992,61985,0.0,238.0,330,256.0,240.0,,235.0,98,214,0,116
12825,8,61985,62316,0.0,88.0,330,95,88.0,,87.0,99,214,0,116
12826,0,71424,61986,0.0,101,339,105.0,101.0,,104,106,226,0,113
12826,1,61986,61994,0.0,236,339,245.0,236.0,,244,106,226,0,113
12826,2,61994,61935,0.0,210,339,219,210.0,,218,105,226,0,113
12826,3,61935,61962,0.0,156,339,162,156.0,,161,105,226,0,113
12826,4,61962,61981,0.0,245,339,251.5,245.0,,254,104,226,0,113
12826,5,61981,61811,0.0,530,339,536,530.0,,548,103,226,0,113
12826,6,61811,61826,0.0,510,339,513.0,510.0,,528,104,226,0,113
12826,7,61826,73876,0.0,305,339,305.0,305.0,,316,102,226,0,113
12826,8,73876,61836,0.0,317,339,317.0,317.0,,327,102,226,0,113
12841,0,74180,61285,788.0,163,673,187.0,175.0,163,155.0,104,246,209,218
12841,1,61285,61648,498.0,103,673,118.5,111.0,103,98.0,104,246,209,218
12841,2,61648,61703,652.0,135,673,155,144.0,135,129.0,103,246,209,218
12841,3,61703,61583,476.0,98,673,113.0,106.0,98,93.0,104,246,209,218
12841,4,61583,61639,604.0,125,673,144,134.0,125,119.0,103,246,209,218
12841,5,61639,61716,707.0,146,673,168,157.0,146,139.0,103,246,209,218
12841,6,61716,61644,466.0,97,673,111,104.0,97,92.0,103,246,209,218
12841,7,61644,61698,439.0,90,673,105,97.0,90,87.0,103,246,209,218
12841,8,61698,61619,916.0,190,673,217.5,204.0,190,180.0,102,246,209,218
12841,9,61619,62298,759.0,157,673,179.5,168.0,157,150.0,102,246,209,218
12841,10,62298,61663,1343.0,277,673,316.5,298.0,277,264.0,100,246,209,218
12841,11,61663,61672,409.0,85,673,96,91.0,85,80.0,101,246,209,218
12841,12,61672,61652,724.0,149,673,170,161.0,149,143.0,101,246,209,218
12841,13,61652,61627,621.0,129,673,146.0,138.0,129,122.0,100,246,209,218
12841,14,61627,61711,731.0,151,673,172.0,162.0,151,144.0,100,246,209,218
12841,15,61711,73790,1324.0,274,673,312.0,294.0,274,261.0,100,246,209,218
12841,16,73790,61689,2255.0,466,673,530,501.0,466,444.0,97,246,209,218
12842,0,61839,73877,0.0,410.0,418,452.0,404.5,,411.0,90,222,0,196
12842,1,73877,74223,0.0,222.0,418,245,219.5,,223.0,91,222,0,196
12842,2,74223,62294,0.0,67.0,418,74,66.0,,67.0,93,222,0,196
12842,3,62294,61843,0.0,114.0,418,126,113.5,,115.0,93,222,0,196
12842,4,61843,61823,0.0,135.0,418,148.0,133.0,,135.0,92,222,0,196
12842,5,61823,61789,0.0,626.0,418,688,618.0,,627.0,93,222,0,196
12842,6,61789,61797,0.0,140.0,418,154,139.0,,141.0,95,222,0,196
12842,7,61797,74091,0.0,110.0,418,121,108.5,,110.0,97,222,0,196
12842,8,74091,74178,0.0,279.0,418,307,276.0,,280.0,97,222,0,196
12842,9,74178,74212,0.0,605.0,418,664.5,598.0,,607.0,98,222,0,196
12842,10,74212,74116,0.0,213.0,418,234.5,210.5,,214.0,98,222,0,196
12842,11,74116,74108,0.0,187.0,418,205.5,185.0,,188.0,98,222,0,196
12842,12,74108,74308,0.0,266.0,418,293,263.5,,267.0,97,222,0,196
12842,13,74308,61217,0.0,231.0,418,254,228.0,,232.0,97,222,0,196
12842,14,61217,61177,0.0,349.0,418,383.0,344.5,,350.0,98,222,0,196
12842,15,61177,61248,0.0,663.0,418,730,655.0,,664.0,97,222,0,196
12842,16,61248,61201,0.0,227.0,418,250.0,225.0,,228.0,96,222,0,196
12842,17,61201,72906,0.0,98.0,418,108.0,97.0,,99.0,96,222,0,196
12842,18,72906,61252,0.0,342.0,418,374,337.5,,343.0,95,222,0,196
12842,19,61252,73219,0.0,265.0,418,290.0,261.5,,265.0,96,222,0,196
12871,0,62012,61761,2767.0,406.0,504,437.0,415,412.0,392,94,209,162,133
12871,1,61761,61768,463.0,68.0,504,73,70,69.0,66,95,209,162,133
12871,2,61768,73581,1346.0,198.0,504,215,202,200.0,191,95,209,162,133
12871,3,73581,61764,3326.0,489.0,504,532.0,499,495.0,472,96,209,162,133
12871,4,61764,61576,2258.0,331.0,504,361,339,336.0,320,97,209,162,133
12871,5,61576,61544,1941.0,285.0,504,314,291,288.0,275,97,209,162,133
12871,6,61544,73804,812.0,120.0,504,132,122,121.0,115,97,209,162,133
12871,7,73804,61537,3301.0,485.0,504,537.0,495,491.0,468,96,209,162,133
12871,8,61537,62020,482.0,71.0,504,79.0,72,72.0,69,98,209,162,133
12871,9,62020,61483,1363.0,201.0,504,223.0,205,203.0,193,98,209,162,133
12871,10,61483,73415,1263.0,185.0,504,207,189,188.0,179,97,209,162,133
12871,11,73415,61479,1069.0,157.0,504,176,161,159.0,152,97,209,162,133
12871,12,61479,61517,587.0,86.0,504,96,88,87.0,83,97,209,162,133
12871,13,61517,61494,691.0,102.0,504,114,103,103.0,98,97,209,162,133
12871,14,61494,73226,2023.0,297.0,504,333,304,301.0,287,97,209,162,133
12872,0,73226,61497,2267.0,324.0,488,353.0,338,318.0,313,92,199,156,133
12872,1,61497,61519,543.0,77.0,488,85.5,81,76.0,76,92,199,156,133
12872,2,61519,61481,591.0,84.0,488,92.5,88,83.0,81,92,199,156,133
12872,3,61481,73416,1076.0,154.0,488,170,160,151.0,149,91,199,156,133
12872,4,73416,61485,1254.0,179.0,488,197.5,187,175.0,173,92,199,156,133
12872,5,61485,62032,1283.0,183.0,488,202,192,180.0,178,91,199,156,133
12872,6,62032,61539,482.0,69.0,488,76,72,68.0,66,93,199,156,133
12872,7,61539,73803,3315.0,473.0,488,520,494,464.0,459,93,199,156,133
12872,8,73803,61546,812.0,116.0,488,127,121,114.0,112,93,199,156,133
12872,9,61546,61580,1864.0,266.0,488,291.5,278,262.0,258,94,199,156,133
12872,10,61580,61767,2312.0,330.0,488,362,345,324.0,319,93,199,156,133
12872,11,61767,74095,3302.0,471.0,488,516,492,462.0,457,93,199,156,133
12872,12,74095,61771,1365.0,195.0,488,212.0,203,192.0,189,94,199,156,133
12872,13,61771,61762,460.0,66.0,488,71,69,64.0,63,93,199,156,133
12872,14,61762,62012,2616.0,373.0,488,406.0,390,367.0,362,94,199,156,133
12873,0,61238,72936,1124.0,145.0,690,163.0,150,144.0,140,118,267,214,209
12873,1,72936,61197,1944.0,250.0,690,281,259,249.0,241,119,267,214,209
12873,2,61197,61242,1485.0,191.0,690,215.0,198,191.0,185,118,267,214,209
12873,3,61242,61189,1146.0,148.0,690,167,152,147.0,143,119,267,214,209
12873,4,61189,61173,2433.0,313.0,690,354,325,312.0,302,119,267,214,209
12873,5,61173,61566,1347.0,174.0,690,195.5,179,172.0,167,120,267,214,209
12873,6,61566,62032,878.0,113.0,690,127.0,117,113.0,109,120,267,214,209
12873,7,62032,61608,1598.0,206.0,690,232.0,213,205.0,198,120,267,214,209
12873,8,61608,61615,2274.0,292.0,690,329,303,292.0,283,121,267,214,209
12873,9,61615,61546,737.0,95.0,690,106,98,94.0,92,121,267,214,209
12873,10,61546,61599,2579.0,332.0,690,372.0,344,331.0,320,122,267,214,209
12873,11,61599,61729,1099.0,142.0,690,159,146,141.0,137,123,267,214,209
12873,12,61729,61739,3690.0,475.0,690,533.0,492,473.0,459,122,267,214,209
12873,13,61739,61755,3969.0,511.0,690,569,529,509.0,493,123,267,214,209
12873,14,61755,62015,603.0,78.0,690,85,80,77.0,75,123,267,214,209
12874,0,62015,61752,775.0,102.0,678,107.5,100,103,101.0,100,245,213,220
12874,1,61752,61735,4050.0,533.0,678,561,524,537,526.0,101,245,213,220
12874,2,61735,61727,3623.0,477.0,678,503,469,481,471.0,103,245,213,220
12874,3,61727,73813,952.0,125.0,678,132.0,124,126,124.0,104,245,213,220
12874,4,73813,73535,2649.0,349.0,678,368,342,352,344.0,105,245,213,220
12874,5,73535,62026,715.0,94.0,678,99.0,93,95,93.0,106,245,213,220
12874,6,62026,61604,2304.0,303.0,678,320,298,306,299.0,107,245,213,220
12874,7,61604,62017,1580.0,208.0,678,219.0,205,209,206.0,108,245,213,220
12874,8,62017,61564,1211.0,159.0,678,168.0,157,161,157.0,108,245,213,220
12874,9,61564,61175,1101.0,145.0,678,153.0,143,146,143.0,108,245,213,220
12874,10,61175,61193,2375.0,313.0,678,329,307,315,309.0,109,245,213,220
12874,11,61193,61248,1204.0,158.0,678,167,156,160,156.0,109,245,213,220
12874,12,61248,61201,1202.0,159.0,678,167,156,160,157.0,109,245,213,220
12874,13,61201,74098,2146.0,282.0,678,298.5,277,284,278.0,110,245,213,220
12874,14,74098,61238,1466.0,193.0,678,205,190,195,191.0,111,245,213,220
12877,0,74182,61897,4007.0,353,3,,489,353,339,0,1,1,1
12877,1,61897,61869,656.0,57,3,,80,57,55,0,1,1,1
12877,2,61869,61876,824.0,73,3,,101,73,70,0,1,1,1
12877,3,61876,61910,517.0,45,3,,63,45,43,0,1,1,1
12877,4,61910,61856,1236.0,109,3,,151,109,105,0,1,1,1
12877,5,61856,61914,527.0,47,3,,64,47,44,0,1,1,1
12877,6,61914,61881,890.0,78,3,,109,78,75,0,1,1,1
12877,7,61881,61851,595.0,52,3,,72,52,51,0,1,1,1
12877,8,61851,62021,1713.0,151,3,,209,151,144,0,1,1,1
12877,9,62021,73236,1817.0,160,3,,222,160,154,0,1,1,1
12878,0,73325,73877,2117.0,356.0,448,362.5,351,407.0,343,72,171,136,141
12878,1,73877,74223,1176.0,198.0,448,202.0,195,226.0,190,74,171,136,141
12878,2,74223,61782,2476.0,417.0,448,426.5,410,476.0,401,72,171,136,141
12878,3,61782,61816,2206.0,371.0,448,382,366,425.0,357,73,171,136,141
12878,4,61816,74091,1623.0,273.0,448,281,269,312.0,263,73,171,136,141
12878,5,74091,74182,1334.0,224.0,448,232,221,256.0,216,73,171,136,141
12878,6,74182,61897,4007.0,675.0,448,694.0,664,771.0,649,74,171,136,141
12878,7,61897,61869,656.0,110.0,448,114.0,109,126.0,106,74,171,136,141
12878,8,61869,61876,824.0,139.0,448,143.0,137,158.0,134,74,171,136,141
12878,9,61876,61910,517.0,87.0,448,90,86,99.0,83,73,171,136,141
12878,10,61910,61856,1236.0,208.0,448,214.0,205,237.0,201,74,171,136,141
12878,11,61856,61914,527.0,88.0,448,92.0,87,101.0,85,74,171,136,141
12878,12,61914,61881,890.0,150.0,448,154,147,171.0,144,73,171,136,141
12878,13,61881,61851,595.0,100.0,448,103,99,114.0,96,75,171,136,141
12878,14,61851,62021,1713.0,288.0,448,297,284,330.0,278,73,171,136,141
12878,15,62021,73236,1817.0,306.0,448,315.0,301,349.0,294,74,171,136,141
12879,0,61838,74224,0.0,469,399,508.0,487.0,,420,106,254,0,145
12879,1,74224,61842,0.0,140,399,153.0,146.0,,126,106,254,0,145
12879,2,61842,61801,0.0,436,399,474,453.0,,391,107,254,0,145
12879,3,61801,61788,0.0,132,399,144,137.0,,118,109,254,0,145
12879,4,61788,61796,0.0,105,399,114.0,109.0,,94,110,254,0,145
12879,5,61796,72757,0.0,301,399,328.5,313.0,,270,108,254,0,145
12879,6,72757,61578,0.0,391,399,427,407.0,,351,111,254,0,145
12879,7,61578,61570,0.0,576,399,627,598.0,,516,113,254,0,145
12879,8,61570,61533,0.0,250,399,272,260.0,,224,115,254,0,145
12879,9,61533,61564,0.0,250,399,273,260.0,,225,117,254,0,145
12879,10,61564,61234,0.0,397,399,432.0,412.0,,355,116,254,0,145
12879,11,61234,61151,0.0,375,399,407.5,390.0,,336,118,254,0,145
12879,12,61151,61226,0.0,202,399,220,210.0,,181,119,254,0,145
12879,13,61226,61251,0.0,176,399,190.5,183.0,,158,120,254,0,145
12881,0,61249,61223,0.0,177,359,238,183.0,,175,99,224,0,135
12881,1,61223,61143,0.0,232,359,317.5,242.0,,231,98,224,0,135
12881,2,61143,61230,0.0,353,359,481.0,366.0,,350,98,224,0,135
12881,3,61230,61565,0.0,391,359,530,406.0,,389,99,224,0,135
12881,4,61565,61542,0.0,208,359,281,216.0,,205,99,224,0,135
12881,5,61542,61574,0.0,250,359,341.5,259.0,,249,98,224,0,135
12881,6,61574,61582,0.0,543,359,735,564.0,,539,99,224,0,135
12881,7,61582,72763,0.0,361,359,497,375.0,,358,97,224,0,135
12881,8,72763,61795,0.0,282,359,388,293.0,,280,97,224,0,135
12881,9,61795,61787,0.0,98,359,135,101.0,,97,95,224,0,135
12881,10,61787,61798,0.0,126,359,174,131.0,,125,95,224,0,135
12881,11,61798,61841,0.0,414,359,572.5,430.0,,411,94,224,0,135
12881,12,61841,74221,0.0,122,359,170.0,126.0,,121,90,224,0,135
12881,13,74221,61838,0.0,388,359,542.0,403.0,,385,90,224,0,135
12931,0,73510,61753,1007.0,176,53,181,176,,,37,53,0,0
12931,1,61753,61741,882.0,153,53,155,153,,,39,53,0,0
12931,2,61741,61769,1599.0,279,53,280,279,,,39,53,0,0
12931,3,61769,61720,911.0,159,53,159,159,,,41,53,0,0
12931,4,61720,73581,378.0,66,53,66,66,,,41,53,0,0
12931,5,73581,61745,1487.0,259,53,261.0,259,,,42,53,0,0
12931,6,61745,61764,1839.0,321,53,322,321,,,43,53,0,0
12931,7,61764,74309,12209.0,2129,53,2138.0,2129,,,44,53,0,0
12931,8,74309,74241,505.0,88,53,88.0,88,,,44,53,0,0
12933,0,61919,74192,1729.0,283.0,276,300,279.0,285.0,,79,174,102,0
12933,1,74192,74212,1064.0,175.0,276,185,172.0,175.0,,79,174,102,0
12933,2,74212,74108,2117.0,347.0,276,367,341.0,349.0,,79,174,102,0
12933,3,74108,61221,2769.0,454.0,276,480.0,447.0,457.0,,78,174,102,0
12933,4,61221,62040,712.0,117.0,276,124.0,115.0,117.0,,78,174,102,0
12933,5,62040,61245,4393.0,720.0,276,762,709.0,724.0,,77,174,102,0
12933,6,61245,61203,1366.0,224.0,276,238.0,220.0,225.0,,76,174,102,0
12933,7,61203,61207,591.0,97.0,276,104,95.0,98.0,,75,174,102,0
12933,8,61207,61226,344.0,56.0,276,60.0,56.0,56.0,,74,174,102,0
12933,9,61226,61252,1336.0,219.0,276,234.0,215.0,220.0,,74,174,102,0
12933,10,61252,61235,871.0,143.0,276,153.0,141.0,144.0,,74,174,102,0
12970,0,73460,61784,3898.0,781.0,102,785,781.0,,,85,102,0,0
12970,1,61784,74178,5236.0,1049.0,102,1061.5,1049.0,,,86,102,0,0
12970,2,74178,74190,2051.0,411.0,102,417,411.0,,,85,102,0,0
12970,3,74190,61219,5977.0,1198.0,102,1214.0,1198.0,,,84,102,0,0
12970,4,61219,61167,549.0,110.0,102,112,110.0,,,81,102,0,0
12970,5,61167,61258,327.0,66.0,102,67,66.0,,,81,102,0,0
12970,6,61258,61179,965.0,193.0,102,196.0,193.0,,,82,102,0,0
12970,7,61179,74098,6778.0,1358.0,102,1381.0,1358.0,,,80,102,0,0
12970,8,74098,73218,1616.0,324.0,102,329.0,324.0,,,72,102,0,0
12980,0,61973,72921,928.0,189.0,492,218.5,204.0,185.0,,102,254,238,0
12980,1,72921,61974,713.0,145.5,492,168.5,157.0,143.0,,104,254,238,0
12980,2,61974,61926,2267.0,462.0,492,536.0,499.0,452.0,,104,254,238,0
12980,3,61926,61988,988.0,201.0,492,234,217.0,197.0,,105,254,238,0
12980,4,61988,71423,1949.0,397.5,492,462,429.0,390.0,,107,254,238,0
12980,5,71423,71377,774.0,157.5,492,184.5,170.0,154.0,,108,254,238,0
12980,6,71377,71378,326.0,66.0,492,77,72.0,65.0,,109,254,238,0
12980,7,71378,71379,368.0,75.0,492,88.0,81.0,74.0,,108,254,238,0
12980,8,71379,71380,453.0,92.0,492,108.0,100.0,90.0,,108,254,238,0
12980,9,71380,71381,556.0,114.0,492,133,123.0,111.0,,109,254,238,0
12980,10,71381,71382,684.0,139.5,492,163.0,150.0,137.0,,108,254,238,0
12980,11,71382,71383,433.0,88.0,492,103,95.0,86.0,,109,254,238,0
12980,12,71383,71384,474.0,96.5,492,113,105.0,95.0,,109,254,238,0
12980,13,71384,73074,502.0,102.5,492,120.0,110.0,100.0,,110,254,238,0
12980,14,73074,71386,331.0,68.0,492,79.0,73.0,66.0,,110,254,238,0
12980,15,71386,74251,917.0,186.5,492,219,202.0,183.0,,111,254,238,0
12980,16,74251,73569,1290.0,263.5,492,308.5,283.0,258.0,,110,254,238,0
12980,17,73569,73411,1273.0,259.0,492,303,280.0,254.0,,111,254,238,0
12980,18,73411,73766,1334.0,272.0,492,318,294.0,266.0,,111,254,238,0
12980,19,73766,51434,5151.0,1049.5,492,1228,1133.0,1028.0,,111,254,238,0
12980,20,51434,73998,238.0,49.0,492,57,52.0,48.0,,109,254,238,0
12980,21,73998,51428,314.0,64.0,492,75,69.0,62.0,,109,254,238,0
12980,22,51428,51426,510.0,104.0,492,122.0,112.0,102.0,,108,254,238,0
12980,23,51426,51705,820.0,167.0,492,197,180.0,164.0,,107,254,238,0
12984,0,54677,54680,0.0,89.0,442,101,96.0,86,76,91,200,151,91
12984,1,54680,61413,0.0,517.5,442,588.0,557.0,501,442,90,200,151,91
12984,2,61413,61441,0.0,1025.5,442,1166,1103.0,991,876,93,200,151,91
12984,3,61441,61523,0.0,693.0,442,788,746.0,670,592,95,200,151,91
12984,4,61523,56949,0.0,310.0,442,353,333.5,300,264,95,200,151,91
12984,5,56949,57473,0.0,123.0,442,140.0,133.0,119,105,96,200,151,91
12984,6,57473,71705,0.0,127.0,442,145,137.5,123,109,95,200,151,91
12984,7,71705,71439,0.0,170.5,442,194,183.0,165,146,95,200,151,91
12984,8,71439,71386,635.0,125.0,442,142.0,134.0,121,107,96,200,151,91
12984,9,71386,74253,909.0,178.0,442,203,192.0,173,153,95,200,151,91
12984,10,74253,73653,1286.0,252.5,442,287,271.0,244,215,95,200,151,91
12984,11,73653,61438,3794.0,744.0,442,847.0,800.5,719,636,94,200,151,91
12984,12,61438,61410,5240.0,1028.0,442,1171.0,1106.0,994,877,90,200,151,91
12984,13,61410,54674,3067.0,601.0,442,685.0,647.5,582,514,84,200,151,91
12984,14,54674,54677,0.0,128.0,442,145,137.5,123,109,79,200,151,91
12985,0,61973,72921,928.0,170,61,,,,170,0,0,0,61
12985,1,72921,61974,713.0,130,61,,,,130,0,0,0,61
12985,2,61974,61926,2267.0,415,61,,,,415,0,0,0,61
12985,3,61926,61988,988.0,181,61,,,,181,0,0,0,61
12985,4,61988,71423,1949.0,356,61,,,,356,0,0,0,61
12985,5,71423,71380,3416.0,625,61,,,,625,0,0,0,61
12985,6,71380,71381,556.0,102,61,,,,102,0,0,0,61
12985,7,71381,71382,684.0,125,61,,,,125,0,0,0,61
12985,8,71382,71383,433.0,79,61,,,,79,0,0,0,61
12985,9,71383,71384,474.0,87,61,,,,87,0,0,0,61
12985,10,71384,73074,502.0,92,61,,,,92,0,0,0,61
12985,11,73074,71386,331.0,60,61,,,,60,0,0,0,61
12985,12,71386,74251,917.0,167,61,,,,167,0,0,0,61
12985,13,74251,73569,1290.0,236,61,,,,236,0,0,0,61
12985,14,73569,73411,1273.0,233,61,,,,233,0,0,0,61
12985,15,73411,73766,1334.0,244,61,,,,244,0,0,0,61
12985,16,73766,51434,5151.0,943,61,,,,943,0,0,0,61
12985,17,51434,73998,238.0,43,61,,,,43,0,0,0,61
12985,18,73998,51428,314.0,58,61,,,,58,0,0,0,61
12985,19,51428,51426,510.0,93,61,,,,93,0,0,0,61
12985,20,51426,51705,820.0,150,61,,,,150,0,0,0,61
12986,0,51705,51427,441.0,89.0,62,,,,89.0,0,0,0,62
12986,1,51427,51468,526.0,105.0,62,,,,105.0,0,0,0,62
12986,2,51468,51431,373.0,75.0,62,,,,75.0,0,0,0,62
12986,3,51431,51433,232.0,47.0,62,,,,47.0,0,0,0,62
12986,4,51433,73767,5156.0,1036.0,62,,,,1036.0,0,0,0,62
12986,5,73767,73412,1381.0,278.0,62,,,,278.0,0,0,0,62
12986,6,73412,61523,1160.0,233.0,62,,,,233.0,0,0,0,62
12986,7,61523,57474,1924.0,387.0,62,,,,387.0,0,0,0,62
12986,8,57474,71705,934.0,188.0,62,,,,188.0,0,0,0,62
12986,9,71705,57327,979.0,197.0,62,,,,197.0,0,0,0,62
12986,10,57327,71389,654.0,131.0,62,,,,131.0,0,0,0,62
12986,11,71389,57337,622.0,125.0,62,,,,125.0,0,0,0,62
12986,12,57337,71391,538.0,108.0,62,,,,108.0,0,0,0,62
12986,13,71391,71392,362.0,73.0,62,,,,73.0,0,0,0,62
12986,14,71392,71394,936.0,188.0,62,,,,188.0,0,0,0,62
12986,15,71394,71395,621.0,125.0,62,,,,125.0,0,0,0,62
12986,16,71395,71416,679.0,137.0,62,,,,137.0,0,0,0,62
12986,17,71416,72333,580.0,116.0,62,,,,116.0,0,0,0,62
12986,18,72333,61996,1908.0,384.0,62,,,,384.0,0,0,0,62
12986,19,61996,61935,1053.0,211.0,62,,,,211.0,0,0,0,62
12986,20,61935,61981,2163.0,435.0,62,,,,435.0,0,0,0,62
12986,21,61981,61942,859.0,173.0,62,,,,173.0,0,0,0,62
12986,22,61942,61973,1513.0,304.0,62,,,,304.0,0,0,0,62
12987,0,61973,72921,928.0,168,69,,,,168,0,0,0,69
12987,1,72921,61974,713.0,128,69,,,,128,0,0,0,69
12987,2,61974,61926,2267.0,410,69,,,,410,0,0,0,69
12987,3,61926,61988,988.0,178,69,,,,178,0,0,0,69
12987,4,61988,71423,1949.0,352,69,,,,352,0,0,0,69
12987,5,71423,71377,774.0,140,69,,,,140,0,0,0,69
12987,6,71377,71378,326.0,59,69,,,,59,0,0,0,69
12987,7,71378,71379,368.0,66,69,,,,66,0,0,0,69
12987,8,71379,71380,453.0,82,69,,,,82,0,0,0,69
12987,9,71380,71381,556.0,100,69,,,,100,0,0,0,69
12987,10,71381,71382,684.0,124,69,,,,124,0,0,0,69
12987,11,71382,71383,433.0,78,69,,,,78,0,0,0,69
12987,12,71383,71384,474.0,85,69,,,,85,0,0,0,69
12987,13,71384,73074,502.0,91,69,,,,91,0,0,0,69
12987,14,73074,71386,331.0,60,69,,,,60,0,0,0,69
12987,15,71386,74251,917.0,165,69,,,,165,0,0,0,69
12987,16,74251,73569,1290.0,233,69,,,,233,0,0,0,69
12987,17,73569,73411,1273.0,230,69,,,,230,0,0,0,69
12987,18,73411,73766,1334.0,241,69,,,,241,0,0,0,69
12987,19,73766,51434,5151.0,930,69,,,,930,0,0,0,69
12987,20,51434,73998,238.0,43,69,,,,43,0,0,0,69
12987,21,73998,51428,314.0,57,69,,,,57,0,0,0,69
12987,22,51428,51426,510.0,92,69,,,,92,0,0,0,69
12987,23,51426,51705,820.0,148,69,,,,148,0,0,0,69
12988,0,51705,51427,441.0,83.0,78,,,,83.0,0,0,0,78
12988,1,51427,51468,526.0,99.0,78,,,,99.0,0,0,0,78
12988,2,51468,51431,373.0,70.0,78,,,,70.0,0,0,0,78
12988,3,51431,51433,232.0,44.0,78,,,,44.0,0,0,0,78
12988,4,51433,61472,5237.0,982.5,78,,,,982.5,0,0,0,78
12988,5,61472,73412,1300.0,243.5,78,,,,243.5,0,0,0,78
12988,6,73412,61523,1160.0,218.0,78,,,,218.0,0,0,0,78
12988,7,61523,57474,1924.0,360.5,78,,,,360.5,0,0,0,78
12988,8,57474,71705,934.0,175.5,78,,,,175.5,0,0,0,78
12988,9,71705,71439,857.0,160.5,78,,,,160.5,0,0,0,78
12988,10,71439,73080,615.0,115.0,78,,,,115.0,0,0,0,78
12988,11,73080,71409,373.0,70.0,78,,,,70.0,0,0,0,78
12988,12,71409,73078,513.0,96.5,78,,,,96.5,0,0,0,78
12988,13,73078,73077,440.0,82.5,78,,,,82.5,0,0,0,78
12988,14,73077,71412,553.0,103.5,78,,,,103.5,0,0,0,78
12988,15,71412,71413,655.0,123.0,78,,,,123.0,0,0,0,78
12988,16,71413,71414,472.0,89.0,78,,,,89.0,0,0,0,78
12988,17,71414,71415,426.0,80.0,78,,,,80.0,0,0,0,78
12988,18,71415,71416,447.0,84.0,78,,,,84.0,0,0,0,78
12988,19,71416,72333,580.0,108.5,78,,,,108.5,0,0,0,78
12988,20,72333,61996,1908.0,358.0,78,,,,358.0,0,0,0,78
12988,21,61996,61935,1053.0,197.5,78,,,,197.5,0,0,0,78
12988,22,61935,61981,2163.0,405.5,78,,,,405.5,0,0,0,78
12988,23,61981,61942,859.0,161.5,78,,,,161.5,0,0,0,78
12988,24,61942,61973,1513.0,283.5,78,,,,283.5,0,0,0,78
12991,0,61971,61940,0.0,158,5,,,,158,0,0,0,5
12991,1,61940,61975,0.0,105,5,,,,105,0,0,0,5
12991,2,61975,61926,0.0,330,5,,,,330,0,0,0,5
12991,3,61926,61984,0.0,337,5,,,,337,0,0,0,5
12991,4,61984,71675,0.0,896,5,,,,896,0,0,0,5
12991,5,71675,71596,0.0,214,5,,,,214,0,0,0,5
12991,6,71596,71597,0.0,79,5,,,,79,0,0,0,5
12991,7,71597,71598,0.0,115,5,,,,115,0,0,0,5
12991,8,71598,71676,0.0,95,5,,,,95,0,0,0,5
12991,9,71676,71678,0.0,55,5,,,,55,0,0,0,5
12991,10,71678,71681,0.0,76,5,,,,76,0,0,0,5
12991,11,71681,71683,0.0,66,5,,,,66,0,0,0,5
12991,12,71683,71684,0.0,70,5,,,,70,0,0,0,5
12991,13,71684,71686,0.0,84,5,,,,84,0,0,0,5
12991,14,71686,71688,0.0,61,5,,,,61,0,0,0,5
12991,15,71688,71690,0.0,60,5,,,,60,0,0,0,5
12991,16,71690,71692,0.0,48,5,,,,48,0,0,0,5
12991,17,71692,56778,86.0,81,5,,,,81,0,0,0,5
12991,18,56778,71696,596.0,88,5,,,,88,0,0,0,5
12991,19,71696,71505,1185.0,175,5,,,,175,0,0,0,5
12991,20,71505,71701,291.0,43,5,,,,43,0,0,0,5
12991,21,71701,71706,583.0,86,5,,,,86,0,0,0,5
12991,22,71706,56544,640.0,94,5,,,,94,0,0,0,5
12991,23,56544,71518,923.0,136,5,,,,136,0,0,0,5
12991,24,71518,71705,2100.0,310,5,,,,310,0,0,0,5
12991,25,71705,57324,376.0,56,5,,,,56,0,0,0,5
12991,26,57324,61987,6302.0,929,5,,,,929,0,0,0,5
12991,27,61987,61934,2251.0,332,5,,,,332,0,0,0,5
12991,28,61934,61983,2283.0,337,5,,,,337,0,0,0,5
12991,29,61983,61941,696.0,103,5,,,,103,0,0,0,5
12991,30,61941,61971,0.0,216,5,,,,216,0,0,0,5
12992,0,61971,61940,0.0,225.0,52,,,,225.0,0,0,0,52
12992,1,61940,61975,0.0,150.5,52,,,,150.5,0,0,0,52
12992,2,61975,61926,0.0,473.0,52,,,,473.0,0,0,0,52
12992,3,61926,61984,0.0,482.0,52,,,,482.0,0,0,0,52
12992,4,61984,71675,0.0,1421.0,52,,,,1421.0,0,0,0,52
12992,5,71675,71596,0.0,306.0,52,,,,306.0,0,0,0,52
12992,6,71596,71597,0.0,114.0,52,,,,114.0,0,0,0,52
12992,7,71597,71598,0.0,164.0,52,,,,164.0,0,0,0,52
12992,8,71598,71676,0.0,136.0,52,,,,136.0,0,0,0,52
12992,9,71676,71678,0.0,79.0,52,,,,79.0,0,0,0,52
12992,10,71678,71681,0.0,109.0,52,,,,109.0,0,0,0,52
12992,11,71681,71683,0.0,93.0,52,,,,93.0,0,0,0,52
12992,12,71683,71684,0.0,101.0,52,,,,101.0,0,0,0,52
12992,13,71684,71686,0.0,121.0,52,,,,121.0,0,0,0,52
12992,14,71686,71688,0.0,87.0,52,,,,87.0,0,0,0,52
12992,15,71688,71690,0.0,85.0,52,,,,85.0,0,0,0,52
12992,16,71690,71692,0.0,69.0,52,,,,69.0,0,0,0,52
12992,17,71692,56778,414.5,117.0,52,,,,117.0,0,0,0,52
12992,18,56778,71696,596.0,125.0,52,,,,125.0,0,0,0,52
12992,19,71696,71505,1185.0,251.0,52,,,,251.0,0,0,0,52
12992,20,71505,71701,291.0,61.0,52,,,,61.0,0,0,0,52
12992,21,71701,71706,583.0,123.0,52,,,,123.0,0,0,0,52
12992,22,71706,56544,640.0,135.0,52,,,,135.0,0,0,0,52
12992,23,56544,71518,923.0,195.0,52,,,,195.0,0,0,0,52
12992,24,71518,71705,2100.0,443.0,52,,,,443.0,0,0,0,52
12992,25,71705,57324,376.0,80.0,52,,,,80.0,0,0,0,52
12992,26,57324,61987,6302.0,1330.0,52,,,,1330.0,0,0,0,52
12992,27,61987,61934,2251.0,475.0,52,,,,475.0,0,0,0,52
12992,28,61934,61983,2283.0,482.0,52,,,,482.0,0,0,0,52
12992,29,61983,61941,696.0,147.0,52,,,,147.0,0,0,0,52
12992,30,61941,61971,0.0,310.0,52,,,,310.0,0,0,0,52
13007,0,62014,61740,1729.0,237.0,318,254.0,244.0,219.0,,82,176,142,0
13007,1,61740,61721,2625.0,361.0,318,386,371.0,332.0,,83,176,142,0
13007,2,61721,61744,1749.0,240.0,318,258,247.0,221.0,,85,176,142,0
13007,3,61744,61765,1954.0,268.0,318,290,276.0,248.0,,85,176,142,0
13007,4,61765,73813,1414.0,195.0,318,210.0,200.0,179.0,,86,176,142,0
13007,5,73813,61578,861.0,118.0,318,128,121.0,109.0,,87,176,142,0
13007,6,61578,61558,3562.0,489.0,318,530.0,503.0,451.0,,88,176,142,0
13007,7,61558,61511,3941.0,541.0,318,587.0,557.0,498.0,,90,176,142,0
13007,8,61511,61219,1586.0,218.0,318,237.5,224.0,201.0,,90,176,142,0
13007,9,61219,61167,549.0,75.0,318,82.0,77.0,70.0,,90,176,142,0
13007,10,61167,62040,222.0,30.0,318,33,32.0,28.0,,91,176,142,0
13007,11,62040,61185,1864.0,256.0,318,280,263.0,236.0,,91,176,142,0
13007,12,61185,72906,4358.0,598.0,318,654,616.0,551.0,,91,176,142,0
13007,13,72906,74098,1626.0,224.0,318,245,229.0,206.0,,91,176,142,0
13007,14,74098,74254,2028.0,278.0,318,306.0,287.0,257.0,,90,176,142,0
13007,15,74254,74258,626.0,86.0,318,95.0,88.0,79.0,,88,176,142,0
13008,0,74259,74255,625.0,84,297,92.5,86.5,81,,82,168,129,0
13008,1,74255,74096,1850.0,247,297,273,256.0,239,,83,168,129,0
13008,2,74096,72907,1817.0,243,297,272,251.5,235,,81,168,129,0
13008,3,72907,61181,4010.0,536,297,602.0,555.0,518,,82,168,129,0
13008,4,61181,61254,2018.0,270,297,305.0,279.5,261,,80,168,129,0
13008,5,61254,61159,552.0,74,297,83,76.5,71,,79,168,129,0
13008,6,61159,61213,322.0,43,297,48.5,45.0,41,,80,168,129,0
13008,7,61213,61507,1703.0,227,297,258,235.5,220,,79,168,129,0
13008,8,61507,61560,3829.0,512,297,581.0,530.0,495,,78,168,129,0
13008,9,61560,61580,3559.0,476,297,539,493.0,460,,77,168,129,0
13008,10,61580,61599,715.0,96,297,109.0,98.5,92,,74,168,129,0
13008,11,61599,61766,1540.0,206,297,235.5,213.0,199,,74,168,129,0
13008,12,61766,61747,1952.0,261,297,299,270.5,253,,73,168,129,0
13008,13,61747,61722,1745.0,233,297,269,241.5,225,,71,168,129,0
13008,14,61722,61743,2627.0,351,297,403.0,363.5,340,,72,168,129,0
13008,15,61743,62014,1426.0,191,297,218,197.5,184,,69,168,129,0
13017,0,73639,61943,947.0,167.0,488,200.5,180,167,155.0,82,195,153,140
13017,1,61943,61977,868.0,153.0,488,183,166,153,142.0,81,195,153,140
13017,2,61977,61961,1300.0,229.0,488,276.0,248,229,212.0,82,195,153,140
13017,3,61961,61948,453.0,80.0,488,96,86,80,74.0,81,195,153,140
13017,4,61948,61930,554.0,98.0,488,117.0,105,98,91.0,82,195,153,140
13017,5,61930,74178,1930.0,340.0,488,409,368,340,315.0,83,195,153,140
13017,6,74178,74190,2051.0,362.0,488,434.0,391,362,335.0,82,195,153,140
13017,7,74190,74212,1150.0,203.0,488,244,219,203,188.0,83,195,153,140
13017,8,74212,74308,3526.0,622.0,488,746.0,672,622,576.0,82,195,153,140
13017,9,74308,62040,2072.0,366.0,488,439.0,395,366,339.0,82,195,153,140
13017,10,62040,61232,2563.0,452.0,488,543,488,452,419.0,81,195,153,140
13017,11,61232,61193,733.0,129.0,488,155,140,129,119.0,81,195,153,140
13017,12,61193,61147,1823.0,321.0,488,386.0,347,321,298.0,82,195,153,140
13017,13,61147,74256,4826.0,852.0,488,1022,920,852,789.0,81,195,153,140
13017,14,74256,74260,631.0,111.0,488,133.0,120,111,103.0,78,195,153,140
13018,0,74261,74257,629.0,111.0,462,137,122,113,104.0,87,187,135,140
13018,1,74257,61145,4832.0,852.0,462,1054,933,866,802.0,87,187,135,140
13018,2,61145,61189,1765.0,312.0,462,386,341,317,293.0,89,187,135,140
13018,3,61189,61228,735.0,130.0,462,160.0,142,131,122.0,88,187,135,140
13018,4,61228,62042,2608.0,460.0,462,569.0,504,468,433.0,88,187,135,140
13018,5,62042,74311,1884.0,333.0,462,411.0,364,338,313.0,86,187,135,140
13018,6,74311,74245,3554.0,627.0,462,775.0,687,637,589.0,86,187,135,140
13018,7,74245,74191,1206.0,212.0,462,264.0,233,216,201.0,84,187,135,140
13018,8,74191,74183,2287.0,404.0,462,499,442,410,379.0,85,187,135,140
13018,9,74183,61934,1852.0,327.0,462,405.0,358,332,308.0,82,187,135,140
13018,10,61934,61951,422.0,74.0,462,92.5,81,76,70.0,80,187,135,140
13018,11,61951,61962,444.0,78.0,462,97.0,86,80,73.0,80,187,135,140
13018,12,61962,61979,1246.0,220.0,462,274,241,223,207.0,79,187,135,140
13018,13,61979,61942,936.0,165.0,462,209,181,168,155.0,77,187,135,140
13018,14,61942,73639,1450.0,256.0,462,324,280,260,241.0,77,187,135,140
13021,0,74183,61934,1852.0,398,3,,398,394,402,0,1,1,1
13021,1,61934,61951,422.0,91,3,,91,89,92,0,1,1,1
13021,2,61951,61962,444.0,95,3,,95,95,97,0,1,1,1
13021,3,61962,61979,1246.0,268,3,,268,265,270,0,1,1,1
13021,4,61979,61942,936.0,201,3,,201,199,204,0,1,1,1
13021,5,61942,73639,1450.0,312,3,,312,308,315,0,1,1,1
13027,0,73235,52733,1382.0,258,195,258.0,258,286.0,,50,125,70,0
13027,1,52733,53036,338.0,63,195,63.0,63,70.0,,50,125,70,0
13027,2,53036,53037,333.0,62,195,62.0,62,68.0,,50,125,70,0
13027,3,53037,53014,626.0,117,195,117.0,117,130.0,,50,125,70,0
13027,4,53014,73769,1125.0,210,195,210.0,210,233.0,,50,125,70,0
13027,5,73769,73770,442.0,82,195,82.0,82,91.0,,50,125,70,0
13027,6,73770,73239,1703.0,318,195,318.0,318,352.0,,50,125,70,0
13035,0,74259,74255,625.0,99,57,101,99,,,45,57,0,0
13035,1,74255,61209,2204.0,351,57,357.0,351,,,46,57,0,0
13035,2,61209,61199,1726.0,275,57,278,275,,,47,57,0,0
13035,3,61199,61244,1517.0,241,57,245,241,,,47,57,0,0
13035,4,61244,61230,1850.0,294,57,298.0,294,,,48,57,0,0
13035,5,61230,61183,439.0,70,57,71,70,,,47,57,0,0
13035,6,61183,61256,2017.0,321,57,325.0,321,,,48,57,0,0
13035,7,61256,61215,874.0,139,57,141.0,139,,,48,57,0,0
13035,8,61215,73571,675.0,108,57,108.5,108,,,48,57,0,0
13035,9,73571,61513,3329.0,529,57,537,529,,,47,57,0,0
13035,10,61513,61517,1017.0,162,57,164,162,,,47,57,0,0
13035,11,61517,61491,437.0,70,57,70.5,70,,,48,57,0,0
13035,12,61491,73656,633.0,100,57,102.0,100,,,48,57,0,0
13035,13,73656,61530,1152.0,184,57,186,184,,,47,57,0,0
13035,14,61530,73225,643.0,102,57,104,102,,,47,57,0,0
13036,0,73225,61532,564.0,89,53,95.5,89,,,42,53,0,0
13036,1,61532,61477,1074.0,170,53,182.0,170,,,42,53,0,0
13036,2,61477,61498,698.0,110,53,118,110,,,43,53,0,0
13036,3,61498,73548,381.0,60,53,64,60,,,43,53,0,0
13036,4,73548,61515,1091.0,173,53,182.0,173,,,44,53,0,0
13036,5,61515,61523,3171.0,501,53,528.0,501,,,44,53,0,0
13036,6,61523,61221,909.0,143,53,149.5,143,,,46,53,0,0
13036,7,61221,61260,875.0,139,53,143.0,139,,,46,53,0,0
13036,8,61260,61187,1759.0,278,53,288.0,278,,,46,53,0,0
13036,9,61187,61234,697.0,110,53,114.0,110,,,46,53,0,0
13036,10,61234,61245,1774.0,280,53,290.0,280,,,46,53,0,0
13036,11,61245,61203,1366.0,216,53,219.5,216,,,46,53,0,0
13036,12,61203,61210,1612.0,255,53,255,255,,,45,53,0,0
13036,13,61210,74256,2574.0,406,53,406.0,406,,,46,53,0,0
13036,14,74256,74260,631.0,100,53,100.0,100,,,44,53,0,0
13040,0,73235,52733,1382.0,279.0,18,,,,279.0,0,0,0,18
13040,1,52733,53036,338.0,68.0,18,,,,68.0,0,0,0,18
13040,2,53036,53037,333.0,67.0,18,,,,67.0,0,0,0,18
13040,3,53037,53014,626.0,126.0,18,,,,126.0,0,0,0,18
13040,4,53014,73769,1125.0,227.0,18,,,,227.0,0,0,0,18
13040,5,73769,73770,442.0,89.0,18,,,,89.0,0,0,0,18
13040,6,73770,73239,1703.0,344.0,18,,,,344.0,0,0,0,18
13089,0,51705,51427,441.0,103,463,108.0,104.0,99,,112,242,221,0
13089,1,51427,51468,526.0,122,463,129,124.0,118,,111,242,221,0
13089,2,51468,51431,373.0,86,463,92,88.0,84,,111,242,221,0
13089,3,51431,51433,232.0,54,463,57,55.0,52,,111,242,221,0
13089,4,51433,73767,5156.0,1199,463,1263.5,1217.0,1160,,112,242,221,0
13089,5,73767,73412,1381.0,321,463,339,325.0,310,,111,242,221,0
13089,6,73412,61523,1160.0,270,463,284,274.0,261,,111,242,221,0
13089,7,61523,57474,1924.0,447,463,472.5,454.0,432,,110,242,221,0
13089,8,57474,71705,934.0,217,463,230.0,221.0,210,,110,242,221,0
13089,9,71705,71439,857.0,199,463,210.0,202.0,193,,110,242,221,0
13089,10,71439,73080,615.0,143,463,152,145.0,138,,109,242,221,0
13089,11,73080,71409,373.0,87,463,91,88.0,84,,109,242,221,0
13089,12,71409,73078,513.0,119,463,127,121.0,115,,109,242,221,0
13089,13,73078,73077,440.0,102,463,108.0,104.0,99,,108,242,221,0
13089,14,73077,71412,553.0,129,463,136.5,130.0,125,,108,242,221,0
13089,15,71412,71413,655.0,152,463,161.5,155.0,147,,108,242,221,0
13089,16,71413,71414,472.0,110,463,116,112.0,106,,107,242,221,0
13089,17,71414,71415,426.0,99,463,106,101.0,96,,107,242,221,0
13089,18,71415,71416,447.0,104,463,110.0,105.0,100,,106,242,221,0
13089,19,71416,72333,580.0,135,463,144,137.0,131,,107,242,221,0
13089,20,72333,61996,1908.0,443,463,471.0,450.0,429,,106,242,221,0
13089,21,61996,61935,1053.0,245,463,261,249.0,236,,103,242,221,0
13089,22,61935,61981,2163.0,503,463,537,510.0,487,,101,242,221,0
13089,23,61981,61942,859.0,199,463,213,203.0,193,,97,242,221,0
13089,24,61942,61973,1513.0,352,463,375.0,357.0,340,,96,242,221,0
13162,0,61879,61875,846.0,188.5,604,220.5,200.0,190,179,84,216,193,195
13162,1,61875,74092,662.0,147.0,604,175,157.0,148,140,83,216,193,195
13162,2,74092,74208,743.0,165.5,604,194.5,176.0,167,158,84,216,193,195
13162,3,74208,74160,1323.0,294.0,604,350,313.0,296,280,83,216,193,195
13162,4,74160,74179,1240.0,276.0,604,328,293.0,278,263,83,216,193,195
13162,5,74179,61790,1415.0,314.5,604,375,335.0,317,299,83,216,193,195
13162,6,61790,61795,694.0,154.5,604,184.0,164.0,156,147,82,216,193,195
13162,7,61795,61786,679.0,151.5,604,178.0,160.0,152,144,84,216,193,195
13162,8,61786,61815,309.0,69.0,604,81.0,73.0,70,66,82,216,193,195
13162,9,61815,61798,686.0,152.5,604,180.0,162.0,153,146,82,216,193,195
13162,10,61798,61811,844.0,187.5,604,220.5,200.0,190,179,82,216,193,195
13162,11,61811,61778,619.0,138.0,604,159.0,146.0,138,131,82,216,193,195
13162,12,61778,61821,877.0,195.0,604,221,207.0,197,185,81,216,193,195
13162,13,61821,61773,737.0,164.0,604,182,175.0,165,156,81,216,193,195
13162,14,61773,61803,628.0,139.5,604,156,148.0,141,133,81,216,193,195
13162,15,61803,61807,1013.0,225.5,604,251.0,240.0,227,215,80,216,193,195
13163,0,73227,61503,1043.0,174,361,191.0,174,174.0,,90,201,160,0
13163,1,61503,61477,556.0,92,361,101.5,92,93.0,,90,201,160,0
13163,2,61477,61497,608.0,102,361,113,102,102.0,,91,201,160,0
13163,3,61497,61519,543.0,91,361,100.0,90,91.0,,90,201,160,0
13163,4,61519,73416,1667.0,278,361,308.0,278,279.0,,90,201,160,0
13163,5,73416,61610,4205.0,701,361,777.0,701,703.0,,90,201,160,0
13163,6,61610,61574,817.0,136,361,151,136,137.0,,91,201,160,0
13163,7,61574,61562,505.0,84,361,93,84,84.0,,91,201,160,0
13163,8,61562,73814,4346.0,724,361,803,724,727.0,,91,201,160,0
13163,9,73814,72762,1159.0,193,361,214,193,194.0,,91,201,160,0
13163,10,72762,61786,3540.0,590,361,654,590,592.0,,91,201,160,0
13163,11,61786,61778,2458.0,410,361,450.0,410,411.0,,90,201,160,0
13163,12,61778,61821,877.0,146,361,158.5,146,147.0,,90,201,160,0
13163,13,61821,61809,2520.0,420,361,454.5,420,421.0,,90,201,160,0
13167,0,74289,74276,572.0,117.0,446,,120.0,111,132,0,16,239,191
13167,1,74276,74272,1148.0,235.0,446,,241.0,223,264,0,16,239,191
13167,2,74272,74284,1227.0,251.0,446,,257.0,239,282,0,16,239,191
13167,3,74284,74285,1013.0,207.0,446,,212.0,197,233,0,16,239,191
13167,4,74285,61629,4748.0,971.0,446,,996.0,922,1093,0,16,239,191
13167,5,61629,61696,3024.0,619.0,446,,634.0,588,696,0,16,239,191
13168,0,62298,61627,3097.0,654,447,,686,654.0,750.0,0,15,248,184
13168,1,61627,74286,4619.0,976,447,,1023,976.0,1118.0,0,15,248,184
13168,2,74286,74287,720.0,152,447,,160,152.0,175.0,0,15,248,184
13168,3,74287,74274,1357.0,286,447,,300,286.0,328.0,0,15,248,184
13168,4,74274,74278,1160.0,245,447,,257,245.0,281.0,0,15,248,184
13168,5,74278,74291,694.0,147,447,,154,147.0,168.0,0,15,248,184
13171,0,61921,61861,2141.0,305,697,327.0,322,308,286,84,211,185,301
13171,1,61861,61897,751.0,107,697,115,112,108,101,83,211,185,301
13171,2,61897,61869,656.0,94,697,100.0,99,94,87,84,211,185,301
13171,3,61869,61876,824.0,117,697,126.0,124,119,110,84,211,185,301
13171,4,61876,61910,517.0,74,697,79,77,74,70,83,211,185,301
13171,5,61910,61884,712.0,102,697,109.0,107,103,95,84,211,185,301
13171,6,61884,61857,589.0,84,697,90.0,89,85,78,84,211,185,301
13171,7,61857,61915,528.0,75,697,80,79,75,71,83,211,185,301
13171,8,61915,61881,824.0,117,697,126,124,119,110,83,211,185,301
13171,9,61881,61852,675.0,97,697,103.0,101,97,90,84,211,185,301
13171,10,61852,61892,888.0,126,697,136.0,134,128,119,84,211,185,301
13171,11,61892,62021,745.0,107,697,114,112,107,100,83,211,185,301
13171,12,62021,73238,1932.0,275,697,295,290,278,258,83,211,185,301
13172,0,74283,74277,541.0,128.0,170,138,129,126,,51,91,79,0
13172,1,74277,74273,1154.0,272.0,170,295,274,268,,51,91,79,0
13172,2,74273,61666,8675.0,2049.0,170,2220.0,2065,2018,,52,91,79,0
13172,3,61666,61623,2117.0,500.0,170,536.0,504,492,,58,91,79,0
13172,4,61623,61719,1732.0,409.0,170,438.5,412,403,,58,91,79,0
13172,5,61719,61642,713.0,169.0,170,180,169,166,,59,91,79,0
13172,6,61642,61592,596.0,140.0,170,151,142,138,,59,91,79,0
13172,7,61592,61649,1130.0,267.0,170,285,269,263,,59,91,79,0
13172,8,61649,74161,1084.0,256.0,170,273,258,252,,59,91,79,0
13172,9,74161,74246,2175.0,514.0,170,551.0,518,506,,58,91,79,0
13172,10,74246,74106,2047.0,483.0,170,518.5,487,476,,58,91,79,0
13172,11,74106,74242,898.0,212.0,170,229,214,209,,57,91,79,0
13172,12,74242,61521,2162.0,511.0,170,549,514,503,,57,91,79,0
13173,0,73570,74241,2065.0,469,161,495.0,480.5,417,,70,94,67,0
13173,1,74241,74107,896.0,204,161,215.0,208.5,181,,70,94,67,0
13173,2,74107,74211,2191.0,498,161,526,509.5,443,,71,94,67,0
13173,3,74211,74162,2040.0,463,161,489,474.5,412,,71,94,67,0
13173,4,74162,61648,1063.0,242,161,255,247.0,215,,71,94,67,0
13173,5,61648,61583,1128.0,256,161,270.0,262.5,228,,70,94,67,0
13173,6,61583,61639,604.0,137,161,145,140.5,122,,71,94,67,0
13173,7,61639,61716,707.0,161,161,170.0,164.5,143,,70,94,67,0
13173,8,61716,61619,1821.0,414,161,436.0,424.0,368,,70,94,67,0
13173,9,61619,61662,2045.0,464,161,482.5,475.5,413,,70,94,67,0
13173,10,61662,74275,8573.0,1948,161,1994.0,1994.0,1732,,70,94,67,0
13173,11,74275,74279,1156.0,263,161,263,269.5,234,,63,94,67,0
13173,12,74279,74280,730.0,166,161,165.5,169.5,147,,62,94,67,0
13175,0,61434,74120,637.0,118.0,360,139.0,123,115,,82,187,173,0
13175,1,74120,73575,523.0,97.0,360,114,101,94,,83,187,173,0
13175,2,73575,61412,962.0,178.0,360,210,185,174,,81,187,173,0
13175,3,61412,61460,1984.0,367.0,360,433,382,359,,83,187,173,0
13175,4,61460,73908,3226.0,598.0,360,705,622,584,,83,187,173,0
13175,5,73908,73599,873.0,161.0,360,190,169,158,,83,187,173,0
13175,6,73599,61468,214.0,40.0,360,47,41,39,,85,187,173,0
13175,7,61468,74241,4665.0,864.0,360,1019.0,899,844,,84,187,173,0
13175,8,74241,74109,970.0,180.0,360,212,187,176,,83,187,173,0
13175,9,74109,74189,3266.0,604.0,360,713,630,591,,85,187,173,0
13175,10,74189,61647,1895.0,351.0,360,413,365,342,,85,187,173,0
13175,11,61647,61585,1263.0,234.0,360,275.0,243,229,,84,187,173,0
13175,12,61585,61640,583.0,108.0,360,127,113,105,,83,187,173,0
13175,13,61640,61617,2399.0,444.0,360,522,462,434,,83,187,173,0
13175,14,61617,61662,2119.0,393.0,360,459.0,409,384,,82,187,173,0
13175,15,61662,61654,1265.0,234.0,360,273.0,244,229,,82,187,173,0
13175,16,61654,61624,322.0,60.0,360,68,62,58,,79,187,173,0
13175,17,61624,73790,2279.0,422.0,360,482.0,439,412,,80,187,173,0
13175,18,73790,62317,2226.0,412.0,360,469.5,429,403,,80,187,173,0
13179,0,73239,61853,0.0,467.5,430,519.5,505,428,,88,209,221,0
13179,1,61853,61883,0.0,140.0,430,157.0,151,128,,90,209,221,0
13179,2,61883,61859,0.0,258.5,430,289.0,279,237,,92,209,221,0
13179,3,61859,62304,0.0,97.5,430,109.0,106,89,,92,209,221,0
13179,4,62304,61879,0.0,236.5,430,264.0,255,216,,92,209,221,0
13179,5,61879,61901,0.0,274.0,430,307,295,251,,93,209,221,0
13179,6,61901,61985,0.0,419.0,430,470.5,453,383,,94,209,221,0
13179,7,61985,72334,0.0,102.0,430,114.0,110,94,,94,209,221,0
13179,8,72334,73073,0.0,282.0,430,317,305,258,,93,209,221,0
13179,9,73073,71381,0.0,193.5,430,217.0,209,177,,94,209,221,0
13179,10,71381,71382,0.0,131.5,430,147.0,141,120,,94,209,221,0
13179,11,71382,71383,0.0,83.0,430,93,90,75,,95,209,221,0
13179,12,71383,71384,0.0,90.5,430,102,98,83,,93,209,221,0
13179,13,71384,71385,0.0,94.0,430,106,101,86,,95,209,221,0
13179,14,71385,71802,0.0,229.5,430,258,248,211,,95,209,221,0
13179,15,71802,71595,0.0,98.0,430,110,106,89,,95,209,221,0
13179,16,71595,71596,0.0,115.0,430,130,124,105,,95,209,221,0
13179,17,71596,71597,0.0,103.5,430,116.5,111,95,,96,209,221,0
13179,18,71597,71598,0.0,149.5,430,169,162,136,,95,209,221,0
13179,19,71598,56414,0.0,65.0,430,73,70,60,,95,209,221,0
13179,20,56414,74292,0.0,141.5,430,160.0,152,129,,96,209,221,0
13179,21,74292,71506,0.0,119.5,430,135,130,110,,95,209,221,0
13179,22,71506,71507,0.0,147.0,430,167.0,159,134,,96,209,221,0
13179,23,71507,71508,0.0,151.5,430,171,163,139,,95,209,221,0
13179,24,71508,71509,0.0,57.0,430,65,62,52,,97,209,221,0
13179,25,71509,71510,390.0,107.5,430,121,116,98,,95,209,221,0
13179,26,71510,71511,827.0,158.5,430,179.0,171,145,,96,209,221,0
13179,27,71511,71408,464.0,89.0,430,100.5,96,82,,96,209,221,0
13179,28,71408,73079,446.0,85.5,430,96.0,92,78,,96,209,221,0
13179,29,73079,71410,561.0,107.0,430,121,116,98,,95,209,221,0
13179,30,71410,71411,505.0,97.0,430,109.0,104,89,,96,209,221,0
13179,31,71411,71412,449.0,86.0,430,97,93,78,,95,209,221,0
13179,32,71412,73076,1078.0,207.0,430,234.0,223,189,,94,209,221,0
13179,33,73076,72331,1586.0,303.5,430,343,328,278,,95,209,221,0
13179,34,72331,61899,2216.0,425.0,430,479.0,459,389,,94,209,221,0
13179,35,61899,61876,1405.0,269.0,430,304,290,246,,93,209,221,0
13179,36,61876,61884,1229.0,235.5,430,265.0,254,215,,92,209,221,0
13179,37,61884,61856,524.0,100.0,430,113,109,92,,91,209,221,0
13179,38,61856,61881,1417.0,271.5,430,306.0,293,249,,90,209,221,0
13179,39,61881,61852,675.0,129.5,430,146.0,139,118,,88,209,221,0
13179,40,61852,73235,2616.0,500.5,430,566,542,458,,87,209,221,0
13179,41,73235,52733,1382.0,265.0,430,296,285,243,,83,209,221,0
13179,42,52733,53036,338.0,65.0,430,72,70,59,,83,209,221,0
13179,43,53036,53037,333.0,64.0,430,71.0,69,58,,82,209,221,0
13179,44,53037,53014,626.0,119.5,430,133.5,130,110,,80,209,221,0
13179,45,53014,73769,1125.0,215.5,430,239.0,232,197,,80,209,221,0
13179,46,73769,73770,442.0,85.0,430,94.0,92,78,,78,209,221,0
13179,47,73770,73239,0.0,326.0,430,362,352,298,,79,209,221,0
13180,0,73239,61853,0.0,377,15,,358,387.5,,0,7,8,0
13180,1,61853,61883,0.0,113,15,,107,116.0,,0,7,8,0
13180,2,61883,61859,0.0,209,15,,198,214.5,,0,7,8,0
13180,3,61859,62304,0.0,79,15,,75,80.5,,0,7,8,0
13180,4,62304,61879,0.0,190,15,,181,196.0,,0,7,8,0
13180,5,61879,61901,0.0,221,15,,209,227.0,,0,7,8,0
13180,6,61901,61985,0.0,339,15,,321,347.5,,0,7,8,0
13180,7,61985,72334,0.0,82,15,,78,84.5,,0,7,8,0
13180,8,72334,73073,0.0,228,15,,216,233.5,,0,7,8,0
13180,9,73073,71381,0.0,156,15,,148,160.5,,0,7,8,0
13180,10,71381,71382,0.0,105,15,,101,108.5,,0,7,8,0
13180,11,71382,71383,0.0,67,15,,64,68.5,,0,7,8,0
13180,12,71383,71384,0.0,74,15,,70,75.0,,0,7,8,0
13180,13,71384,71385,0.0,75,15,,71,77.5,,0,7,8,0
13180,14,71385,71802,0.0,186,15,,176,190.5,,0,7,8,0
13180,15,71802,71595,0.0,79,15,,75,81.0,,0,7,8,0
13180,16,71595,71596,0.0,92,15,,88,95.0,,0,7,8,0
13180,17,71596,71597,0.0,84,15,,79,86.0,,0,7,8,0
13180,18,71597,71598,0.0,120,15,,115,124.5,,0,7,8,0
13180,19,71598,56414,0.0,52,15,,49,53.5,,0,7,8,0
13180,20,56414,74292,0.0,114,15,,109,117.5,,0,7,8,0
13180,21,74292,71506,464.5,96,15,,91,99.0,,0,7,8,0
13180,22,71506,71507,769.0,119,15,,113,122.0,,0,7,8,0
13180,23,71507,71508,790.0,122,15,,116,125.5,,0,7,8,0
13180,24,71508,71509,299.0,46,15,,44,47.5,,0,7,8,0
13180,25,71509,71510,560.0,86,15,,82,89.0,,0,7,8,0
13180,26,71510,71511,827.0,128,15,,121,131.5,,0,7,8,0
13180,27,71511,71408,464.0,72,15,,68,74.0,,0,7,8,0
13180,28,71408,73079,446.0,69,15,,65,71.0,,0,7,8,0
13180,29,73079,71410,561.0,86,15,,83,89.0,,0,7,8,0
13180,30,71410,71411,505.0,78,15,,74,80.0,,0,7,8,0
13180,31,71411,71412,449.0,69,15,,66,71.0,,0,7,8,0
13180,32,71412,73076,1078.0,166,15,,158,171.0,,0,7,8,0
13180,33,73076,72331,1586.0,246,15,,232,252.0,,0,7,8,0
13180,34,72331,61899,2216.0,342,15,,325,351.0,,0,7,8,0
13180,35,61899,61876,1405.0,217,15,,206,223.5,,0,7,8,0
13180,36,61876,61884,1229.0,190,15,,180,195.0,,0,7,8,0
13180,37,61884,61856,524.0,81,15,,77,83.5,,0,7,8,0
13180,38,61856,61881,1417.0,219,15,,208,224.5,,0,7,8,0
13180,39,61881,61852,675.0,105,15,,99,107.5,,0,7,8,0
13180,40,61852,73239,0.0,553,15,,525,568.0,,0,7,8,0
13181,0,73239,61853,2440.0,337.0,12,,341.0,337.0,,0,6,6,0
13181,1,61853,61883,732.0,100.0,12,,102.5,100.0,,0,6,6,0
13181,2,61883,61859,1350.0,187.0,12,,189.0,187.0,,0,6,6,0
13181,3,61859,62304,509.0,70.0,12,,71.0,70.0,,0,6,6,0
13181,4,62304,61879,1234.0,170.0,12,,172.5,170.0,,0,6,6,0
13181,5,61879,61901,1429.0,197.0,12,,200.0,197.0,,0,6,6,0
13181,6,61901,61985,2190.0,302.0,12,,306.0,302.0,,0,6,6,0
13181,7,61985,72334,532.0,74.0,12,,74.0,74.0,,0,6,6,0
13181,8,72334,73073,1472.0,203.0,12,,206.5,203.0,,0,6,6,0
13181,9,73073,71381,1010.0,139.0,12,,141.0,139.0,,0,6,6,0
13181,10,71381,71382,684.0,94.0,12,,95.5,94.0,,0,6,6,0
13181,11,71382,71383,433.0,60.0,12,,60.5,60.0,,0,6,6,0
13181,12,71383,71384,474.0,65.0,12,,66.0,65.0,,0,6,6,0
13181,13,71384,71385,489.0,68.0,12,,68.0,68.0,,0,6,6,0
13181,14,71385,71802,1200.0,165.0,12,,167.5,165.0,,0,6,6,0
13181,15,71802,71595,510.0,71.0,12,,71.5,71.0,,0,6,6,0
13181,16,71595,71596,600.0,82.0,12,,84.0,82.0,,0,6,6,0
13181,17,71596,71597,539.0,75.0,12,,75.0,75.0,,0,6,6,0
13181,18,71597,71598,781.0,107.0,12,,109.5,107.0,,0,6,6,0
13181,19,71598,56414,338.0,47.0,12,,47.0,47.0,,0,6,6,0
13181,20,56414,74292,739.0,102.0,12,,103.5,102.0,,0,6,6,0
13182,0,73239,61853,0.0,403,59,,,,403,0,0,0,59
13182,1,61853,61883,0.0,121,59,,,,121,0,0,0,59
13182,2,61883,61859,0.0,223,59,,,,223,0,0,0,59
13182,3,61859,62304,0.0,84,59,,,,84,0,0,0,59
13182,4,62304,61879,0.0,204,59,,,,204,0,0,0,59
13182,5,61879,61901,0.0,236,59,,,,236,0,0,0,59
13182,6,61901,61985,0.0,362,59,,,,362,0,0,0,59
13182,7,61985,72334,0.0,88,59,,,,88,0,0,0,59
13182,8,72334,73073,0.0,243,59,,,,243,0,0,0,59
13182,9,73073,71381,0.0,167,59,,,,167,0,0,0,59
13182,10,71381,71382,0.0,113,59,,,,113,0,0,0,59
13182,11,71382,71383,0.0,72,59,,,,72,0,0,0,59
13182,12,71383,71384,0.0,79,59,,,,79,0,0,0,59
13182,13,71384,71385,0.0,80,59,,,,80,0,0,0,59
13182,14,71385,71802,0.0,199,59,,,,199,0,0,0,59
13182,15,71802,71595,0.0,84,59,,,,84,0,0,0,59
13182,16,71595,71596,0.0,99,59,,,,99,0,0,0,59
13182,17,71596,71597,0.0,89,59,,,,89,0,0,0,59
13182,18,71597,71598,0.0,129,59,,,,129,0,0,0,59
13182,19,71598,56414,0.0,56,59,,,,56,0,0,0,59
13182,20,56414,74292,0.0,122,59,,,,122,0,0,0,59
13182,21,74292,71506,0.0,103,59,,,,103,0,0,0,59
13182,22,71506,71507,0.0,127,59,,,,127,0,0,0,59
13182,23,71507,71508,0.0,131,59,,,,131,0,0,0,59
13182,24,71508,71509,0.0,50,59,,,,50,0,0,0,59
13182,25,71509,71510,390.5,93,59,,,,93,0,0,0,59
13182,26,71510,71511,827.0,136,59,,,,136,0,0,0,59
13182,27,71511,71408,464.0,77,59,,,,77,0,0,0,59
13182,28,71408,73079,446.0,73,59,,,,73,0,0,0,59
13182,29,73079,71410,561.0,93,59,,,,93,0,0,0,59
13182,30,71410,71411,505.0,84,59,,,,84,0,0,0,59
13182,31,71411,71412,449.0,74,59,,,,74,0,0,0,59
13182,32,71412,73076,1078.0,178,59,,,,178,0,0,0,59
13182,33,73076,72331,1586.0,262,59,,,,262,0,0,0,59
13182,34,72331,61899,2216.0,366,59,,,,366,0,0,0,59
13182,35,61899,61876,1405.0,232,59,,,,232,0,0,0,59
13182,36,61876,61884,1229.0,203,59,,,,203,0,0,0,59
13182,37,61884,61856,524.0,87,59,,,,87,0,0,0,59
13182,38,61856,61881,1417.0,234,59,,,,234,0,0,0,59
13182,39,61881,61852,675.0,111,59,,,,111,0,0,0,59
13182,40,61852,73235,2616.0,432,59,,,,432,0,0,0,59
13182,41,73235,52733,1382.0,229,59,,,,229,0,0,0,59
13182,42,52733,53036,338.0,56,59,,,,56,0,0,0,59
13182,43,53036,53037,333.0,55,59,,,,55,0,0,0,59
13182,44,53037,53014,626.0,104,59,,,,104,0,0,0,59
13182,45,53014,73769,1125.0,186,59,,,,186,0,0,0,59
13182,46,73769,73770,442.0,73,59,,,,73,0,0,0,59
13182,47,73770,73239,0.0,281,59,,,,281,0,0,0,59
13183,0,73239,61853,0.0,340.0,6,,,,340.0,0,0,0,6
13183,1,61853,61883,0.0,102.0,6,,,,102.0,0,0,0,6
13183,2,61883,61859,0.0,188.0,6,,,,188.0,0,0,0,6
13183,3,61859,62304,0.0,70.5,6,,,,70.5,0,0,0,6
13183,4,62304,61879,0.0,172.0,6,,,,172.0,0,0,0,6
13183,5,61879,61901,0.0,199.0,6,,,,199.0,0,0,0,6
13183,6,61901,61985,0.0,305.5,6,,,,305.5,0,0,0,6
13183,7,61985,72334,0.0,73.5,6,,,,73.5,0,0,0,6
13183,8,72334,73073,0.0,205.0,6,,,,205.0,0,0,0,6
13183,9,73073,71381,0.0,141.0,6,,,,141.0,0,0,0,6
13183,10,71381,71382,0.0,95.0,6,,,,95.0,0,0,0,6
13183,11,71382,71383,0.0,60.5,6,,,,60.5,0,0,0,6
13183,12,71383,71384,0.0,66.0,6,,,,66.0,0,0,0,6
13183,13,71384,71385,0.0,68.5,6,,,,68.5,0,0,0,6
13183,14,71385,71802,0.0,166.5,6,,,,166.5,0,0,0,6
13183,15,71802,71595,0.0,71.5,6,,,,71.5,0,0,0,6
13183,16,71595,71596,0.0,83.5,6,,,,83.5,0,0,0,6
13183,17,71596,71597,0.0,74.5,6,,,,74.5,0,0,0,6
13183,18,71597,71598,0.0,109.0,6,,,,109.0,0,0,0,6
13183,19,71598,56414,0.0,47.0,6,,,,47.0,0,0,0,6
13183,20,56414,74292,0.0,103.0,6,,,,103.0,0,0,0,6
13183,21,74292,71506,465.0,87.0,6,,,,87.0,0,0,0,6
13183,22,71506,71507,769.0,107.0,6,,,,107.0,0,0,0,6
13183,23,71507,71508,790.0,110.5,6,,,,110.5,0,0,0,6
13183,24,71508,71509,299.0,41.5,6,,,,41.5,0,0,0,6
13183,25,71509,71510,560.0,78.5,6,,,,78.5,0,0,0,6
13183,26,71510,71511,827.0,115.0,6,,,,115.0,0,0,0,6
13183,27,71511,71408,464.0,64.5,6,,,,64.5,0,0,0,6
13183,28,71408,73079,446.0,62.5,6,,,,62.5,0,0,0,6
13183,29,73079,71410,561.0,77.5,6,,,,77.5,0,0,0,6
13183,30,71410,71411,505.0,70.5,6,,,,70.5,0,0,0,6
13183,31,71411,71412,449.0,63.0,6,,,,63.0,0,0,0,6
13183,32,71412,73076,1078.0,150.0,6,,,,150.0,0,0,0,6
13183,33,73076,72331,1586.0,220.5,6,,,,220.5,0,0,0,6
13183,34,72331,61897,2141.0,298.5,6,,,,298.5,0,0,0,6
13183,35,61897,61876,1480.0,206.0,6,,,,206.0,0,0,0,6
13183,36,61876,61884,1229.0,171.5,6,,,,171.5,0,0,0,6
13183,37,61884,61856,524.0,72.5,6,,,,72.5,0,0,0,6
13183,38,61856,61881,1417.0,197.0,6,,,,197.0,0,0,0,6
13183,39,61881,61852,675.0,94.5,6,,,,94.5,0,0,0,6
13183,40,61852,73239,0.0,498.5,6,,,,498.5,0,0,0,6
13184,0,73239,61853,0.0,423.5,8,,,,423.5,0,0,0,8
13184,1,61853,61883,0.0,127.0,8,,,,127.0,0,0,0,8
13184,2,61883,61859,0.0,233.5,8,,,,233.5,0,0,0,8
13184,3,61859,62304,0.0,89.0,8,,,,89.0,0,0,0,8
13184,4,62304,61879,0.0,214.0,8,,,,214.0,0,0,0,8
13184,5,61879,61901,0.0,248.0,8,,,,248.0,0,0,0,8
13184,6,61901,74190,0.0,473.0,8,,,,473.0,0,0,0,8
13184,7,74190,57470,0.0,340.5,8,,,,340.5,0,0,0,8
13184,8,57470,71381,0.0,164.0,8,,,,164.0,0,0,0,8
13184,9,71381,71382,0.0,118.5,8,,,,118.5,0,0,0,8
13184,10,71382,71383,0.0,75.0,8,,,,75.0,0,0,0,8
13184,11,71383,71384,0.0,82.0,8,,,,82.0,0,0,0,8
13184,12,71384,71385,0.0,85.0,8,,,,85.0,0,0,0,8
13184,13,71385,71802,0.0,208.5,8,,,,208.5,0,0,0,8
13184,14,71802,71595,0.0,88.0,8,,,,88.0,0,0,0,8
13184,15,71595,71596,0.0,104.0,8,,,,104.0,0,0,0,8
13184,16,71596,71597,0.0,94.0,8,,,,94.0,0,0,0,8
13184,17,71597,71598,0.0,135.0,8,,,,135.0,0,0,0,8
13184,18,71598,56414,0.0,59.0,8,,,,59.0,0,0,0,8
13184,19,56414,74292,0.0,128.0,8,,,,128.0,0,0,0,8
13184,20,74292,71506,0.0,108.5,8,,,,108.5,0,0,0,8
13184,21,71506,71507,0.0,133.0,8,,,,133.0,0,0,0,8
13184,22,71507,71508,0.0,137.0,8,,,,137.0,0,0,0,8
13184,23,71508,71509,47.0,52.0,8,,,,52.0,0,0,0,8
13184,24,71509,71510,560.0,97.0,8,,,,97.0,0,0,0,8
13184,25,71510,71511,827.0,143.5,8,,,,143.5,0,0,0,8
13184,26,71511,71408,464.0,80.0,8,,,,80.0,0,0,0,8
13184,27,71408,73079,446.0,78.0,8,,,,78.0,0,0,0,8
13184,28,73079,71410,561.0,97.0,8,,,,97.0,0,0,0,8
13184,29,71410,71411,505.0,87.5,8,,,,87.5,0,0,0,8
13184,30,71411,71412,449.0,78.0,8,,,,78.0,0,0,0,8
13184,31,71412,73076,1078.0,187.0,8,,,,187.0,0,0,0,8
13184,32,73076,72331,1586.0,275.0,8,,,,275.0,0,0,0,8
13184,33,72331,61899,2216.0,384.5,8,,,,384.5,0,0,0,8
13184,34,61899,61876,1405.0,243.5,8,,,,243.5,0,0,0,8
13184,35,61876,61884,1229.0,213.0,8,,,,213.0,0,0,0,8
13184,36,61884,61856,524.0,91.0,8,,,,91.0,0,0,0,8
13184,37,61856,61881,1417.0,245.5,8,,,,245.5,0,0,0,8
13184,38,61881,61852,675.0,117.0,8,,,,117.0,0,0,0,8
13184,39,61852,73235,2616.0,453.5,8,,,,453.5,0,0,0,8
13184,40,73235,52733,1382.0,240.0,8,,,,240.0,0,0,0,8
13184,41,52733,53036,338.0,58.5,8,,,,58.5,0,0,0,8
13184,42,53036,53037,333.0,58.0,8,,,,58.0,0,0,0,8
13184,43,53037,53014,626.0,108.0,8,,,,108.0,0,0,0,8
13184,44,53014,73770,1567.0,272.0,8,,,,272.0,0,0,0,8
13184,45,73770,73239,0.0,295.5,8,,,,295.5,0,0,0,8
13185,0,73239,61853,0.0,443,43,,,,443,0,0,0,43
13185,1,61853,61883,0.0,133,43,,,,133,0,0,0,43
13185,2,61883,61859,0.0,245,43,,,,245,0,0,0,43
13185,3,61859,62304,0.0,93,43,,,,93,0,0,0,43
13185,4,62304,61879,0.0,224,43,,,,224,0,0,0,43
13185,5,61879,61901,0.0,260,43,,,,260,0,0,0,43
13185,6,61901,74190,0.0,496,43,,,,496,0,0,0,43
13185,7,74190,57470,0.0,356,43,,,,356,0,0,0,43
13185,8,57470,71381,0.0,172,43,,,,172,0,0,0,43
13185,9,71381,71382,0.0,124,43,,,,124,0,0,0,43
13185,10,71382,71383,0.0,79,43,,,,79,0,0,0,43
13185,11,71383,71384,0.0,86,43,,,,86,0,0,0,43
13185,12,71384,71385,0.0,89,43,,,,89,0,0,0,43
13185,13,71385,71802,0.0,218,43,,,,218,0,0,0,43
13185,14,71802,71595,0.0,92,43,,,,92,0,0,0,43
13185,15,71595,71596,0.0,109,43,,,,109,0,0,0,43
13185,16,71596,71597,0.0,98,43,,,,98,0,0,0,43
13185,17,71597,71598,0.0,142,43,,,,142,0,0,0,43
13185,18,71598,56414,0.0,61,43,,,,61,0,0,0,43
13185,19,56414,74292,0.0,135,43,,,,135,0,0,0,43
13185,20,74292,71506,0.0,113,43,,,,113,0,0,0,43
13185,21,71506,56544,0.0,39,43,,,,39,0,0,0,43
13185,22,56544,71517,0.0,110,43,,,,110,0,0,0,43
13185,23,71517,56891,0.0,167,43,,,,167,0,0,0,43
13185,24,56891,71520,0.0,105,43,,,,105,0,0,0,43
13185,25,71520,56892,0.0,66,43,,,,66,0,0,0,43
13185,26,56892,57324,79.5,169,43,,,,169,0,0,0,43
13185,27,57324,57327,603.0,110,43,,,,110,0,0,0,43
13185,28,57327,71389,676.0,123,43,,,,123,0,0,0,43
13185,29,71389,57337,622.0,113,43,,,,113,0,0,0,43
13185,30,57337,71391,538.0,98,43,,,,98,0,0,0,43
13185,31,71391,71394,1298.0,236,43,,,,236,0,0,0,43
13185,32,71394,72331,1965.0,357,43,,,,357,0,0,0,43
13185,33,72331,61899,2216.0,403,43,,,,403,0,0,0,43
13185,34,61899,61876,1405.0,255,43,,,,255,0,0,0,43
13185,35,61876,61884,1229.0,223,43,,,,223,0,0,0,43
13185,36,61884,61856,524.0,95,43,,,,95,0,0,0,43
13185,37,61856,61881,1417.0,258,43,,,,258,0,0,0,43
13185,38,61881,61852,675.0,122,43,,,,122,0,0,0,43
13185,39,61852,73235,2616.0,476,43,,,,476,0,0,0,43
13185,40,73235,52733,1382.0,251,43,,,,251,0,0,0,43
13185,41,52733,53036,338.0,61,43,,,,61,0,0,0,43
13185,42,53036,53037,333.0,61,43,,,,61,0,0,0,43
13185,43,53037,53014,626.0,114,43,,,,114,0,0,0,43
13185,44,53014,73769,1125.0,205,43,,,,205,0,0,0,43
13185,45,73769,73770,442.0,80,43,,,,80,0,0,0,43
13185,46,73770,73239,0.0,757,43,,,,757,0,0,0,43
13186,0,73239,61853,0.0,420,5,,,,420,0,0,0,5
13186,1,61853,61883,0.0,126,5,,,,126,0,0,0,5
13186,2,61883,61859,0.0,232,5,,,,232,0,0,0,5
13186,3,61859,62304,0.0,88,5,,,,88,0,0,0,5
13186,4,62304,61879,0.0,212,5,,,,212,0,0,0,5
13186,5,61879,61901,0.0,246,5,,,,246,0,0,0,5
13186,6,61901,61985,0.0,377,5,,,,377,0,0,0,5
13186,7,61985,72334,0.0,91,5,,,,91,0,0,0,5
13186,8,72334,73073,0.0,254,5,,,,254,0,0,0,5
13186,9,73073,71381,0.0,173,5,,,,173,0,0,0,5
13186,10,71381,71382,0.0,118,5,,,,118,0,0,0,5
13186,11,71382,71383,0.0,75,5,,,,75,0,0,0,5
13186,12,71383,71384,0.0,81,5,,,,81,0,0,0,5
13186,13,71384,71385,0.0,84,5,,,,84,0,0,0,5
13186,14,71385,71802,0.0,207,5,,,,207,0,0,0,5
13186,15,71802,71595,0.0,88,5,,,,88,0,0,0,5
13186,16,71595,71596,0.0,103,5,,,,103,0,0,0,5
13186,17,71596,71597,0.0,93,5,,,,93,0,0,0,5
13186,18,71597,71598,0.0,134,5,,,,134,0,0,0,5
13186,19,71598,56414,0.0,58,5,,,,58,0,0,0,5
13186,20,56414,74292,0.0,127,5,,,,127,0,0,0,5
13186,21,74292,71506,0.0,108,5,,,,108,0,0,0,5
13186,22,71506,56544,0.0,37,5,,,,37,0,0,0,5
13186,23,56544,71517,0.0,104,5,,,,104,0,0,0,5
13186,24,71517,56891,0.0,158,5,,,,158,0,0,0,5
13186,25,56891,71520,0.0,100,5,,,,100,0,0,0,5
13186,26,71520,56892,0.0,62,5,,,,62,0,0,0,5
13186,27,56892,57324,0.0,160,5,,,,160,0,0,0,5
13186,28,57324,57327,466.0,104,5,,,,104,0,0,0,5
13186,29,57327,71389,676.0,116,5,,,,116,0,0,0,5
13186,30,71389,57337,622.0,108,5,,,,108,0,0,0,5
13186,31,57337,71391,538.0,92,5,,,,92,0,0,0,5
13186,32,71391,71394,1298.0,223,5,,,,223,0,0,0,5
13186,33,71394,72331,1965.0,339,5,,,,339,0,0,0,5
13186,34,72331,61899,2216.0,381,5,,,,381,0,0,0,5
13186,35,61899,61876,1405.0,242,5,,,,242,0,0,0,5
13186,36,61876,61884,1229.0,211,5,,,,211,0,0,0,5
13186,37,61884,61856,524.0,90,5,,,,90,0,0,0,5
13186,38,61856,61881,1417.0,244,5,,,,244,0,0,0,5
13186,39,61881,61852,675.0,116,5,,,,116,0,0,0,5
13186,40,61852,73235,2616.0,450,5,,,,450,0,0,0,5
13186,41,73235,52733,1382.0,238,5,,,,238,0,0,0,5
13186,42,52733,53036,338.0,58,5,,,,58,0,0,0,5
13186,43,53036,53037,333.0,58,5,,,,58,0,0,0,5
13186,44,53037,53014,626.0,107,5,,,,107,0,0,0,5
13186,45,53014,73769,1125.0,194,5,,,,194,0,0,0,5
13186,46,73769,73770,442.0,76,5,,,,76,0,0,0,5
13186,47,73770,73239,0.0,717,5,,,,717,0,0,0,5
13226,0,74289,74276,0.0,123,347,126,123,,,181,347,0,0
13226,1,74276,74272,0.0,247,347,252,247,,,183,347,0,0
13226,2,74272,74284,0.0,264,347,270,264,,,185,347,0,0
13226,3,74284,74285,0.0,218,347,223,218,,,187,347,0,0
13226,4,74285,61629,0.0,1021,347,1044.0,1021,,,190,347,0,0
13226,5,61629,61696,0.0,650,347,664,650,,,201,347,0,0
13226,6,61696,62298,373.0,257,347,263,257,,,205,347,0,0
13226,7,62298,61627,3097.0,666,347,681.0,666,,,206,347,0,0
13226,8,61627,74286,4619.0,994,347,1016.0,994,,,210,347,0,0
13226,9,74286,74287,720.0,155,347,158,155,,,207,347,0,0
13226,10,74287,74274,1357.0,292,347,298,292,,,207,347,0,0
13226,11,74274,74278,1160.0,249,347,255,249,,,207,347,0,0
13226,12,74278,74291,694.0,149,347,153.0,149,,,206,347,0,0
13226,13,74291,74289,0.0,115,347,117,115,,,205,347,0,0
13238,0,62013,72783,1429.0,259,65,261.5,259,235.0,,34,49,16,0
13238,1,72783,62280,818.0,148,65,149.0,148,134.0,,34,49,16,0
13238,2,62280,62281,660.0,119,65,120.5,119,109.0,,34,49,16,0
13238,3,62281,62288,709.0,129,65,130.0,129,116.0,,34,49,16,0
13238,4,62288,62284,858.0,155,65,156.5,155,141.0,,34,49,16,0
13239,0,62285,62289,866.0,138.0,56,138,141.0,130.0,,27,40,16,0
13239,1,62289,62282,708.0,113.0,56,113,116.0,106.0,,27,40,16,0
13239,2,62282,71715,665.0,107.0,56,107,108.0,100.0,,27,40,16,0
13239,3,71715,72782,763.0,122.0,56,123.0,124.0,115.0,,28,40,16,0
13239,4,72782,62013,1692.0,270.0,56,273.0,276.0,254.0,,28,40,16,0
13240,0,61928,72757,1183.0,190,325,216.5,188,193.0,,92,181,144,0
13240,1,72757,72760,884.0,141,325,163,141,144.0,,91,181,144,0
13240,2,72760,61747,3178.0,509,325,582.5,506,519.0,,92,181,144,0
13240,3,61747,61722,1745.0,280,325,320.0,278,284.0,,92,181,144,0
13240,4,61722,72781,5352.0,857,325,988,852,874.0,,89,181,144,0
13240,5,72781,62290,2053.0,329,325,381.5,327,335.0,,88,181,144,0
13240,6,62290,62286,867.0,139,325,162.5,138,141.0,,86,181,144,0
13241,0,62285,72898,711.0,109,333,121.5,113,109.0,,84,187,146,0
13241,1,72898,72784,2364.0,363,333,404.0,378,360.0,,84,187,146,0
13241,2,72784,61721,5249.0,807,333,921,837,802.0,,85,187,146,0
13241,3,61721,61744,1749.0,268,333,308.0,279,267.0,,86,187,146,0
13241,4,61744,72762,3175.0,488,333,563,507,484.0,,87,187,146,0
13241,5,72762,72764,819.0,126,333,146,131,125.0,,87,187,146,0
13241,6,72764,61932,1067.0,164,333,189.0,170,163.0,,86,187,146,0
13264,0,62287,62291,846.0,117,625,123,116.0,120.0,115,89,222,218,185
13264,1,62291,62283,711.0,98,625,104.0,98.0,101.0,96,90,222,218,185
13264,2,62283,62279,551.0,76,625,81,75.0,78.0,75,89,222,218,185
13264,3,62279,72782,817.0,112,625,120.0,112.0,116.0,111,90,222,218,185
13264,4,72782,61725,9415.0,1299,625,1384.0,1291.0,1336.0,1276,90,222,218,185
13264,5,61725,61576,1811.0,250,625,274,249.0,257.0,245,95,222,218,185
13264,6,61576,62029,2651.0,365,625,416.0,363.0,376.0,360,96,222,218,185
13264,7,62029,61556,912.0,126,625,148.5,125.0,129.0,123,96,222,218,185
13264,8,61556,61604,1318.0,182,625,218.0,181.0,187.0,179,96,222,218,185
13265,0,61608,61560,1316.0,179.0,634,212,185,179,170.0,97,229,227,178
13265,1,61560,73803,883.0,120.0,634,142.0,124,120,113.0,98,229,227,178
13265,2,73803,61580,2676.0,363.0,634,431.0,376,363,345.0,98,229,227,178
13265,3,61580,61731,1887.0,257.0,634,304.0,266,257,243.0,98,229,227,178
13265,4,61731,72781,9417.0,1279.0,634,1516,1323,1279,1213.0,97,229,227,178
13265,5,72781,62278,805.0,110.0,634,129,114,110,104.0,97,229,227,178
13265,6,62278,71714,547.0,74.0,634,88.0,77,74,70.0,98,229,227,178
13265,7,71714,72900,943.0,128.0,634,151.0,132,128,121.0,98,229,227,178
13265,8,72900,62286,625.0,85.0,634,100,88,85,81.0,99,229,227,178
13266,0,62285,62289,866.0,129.0,158,170,153,126,,45,91,67,0
13266,1,62289,62282,708.0,106.0,158,139.0,126,103,,46,91,67,0
13266,2,62282,71715,665.0,100.0,158,131.0,117,97,,46,91,67,0
13266,3,71715,72782,763.0,114.0,158,150.0,135,111,,46,91,67,0
13266,4,72782,61760,3774.0,563.0,158,742,668,549,,47,91,67,0
13266,5,61760,61769,579.0,87.0,158,114.0,102,84,,50,91,67,0
13266,6,61769,73581,1289.0,193.0,158,253,229,188,,51,91,67,0
13266,7,73581,61765,3383.0,505.0,158,666.0,598,492,,52,91,67,0
13266,8,61765,61597,1561.0,233.0,158,305,276,227,,55,91,67,0
13266,9,61597,61550,1671.0,250.0,158,327,296,243,,55,91,67,0
13267,0,61552,61601,1743.0,245.0,192,330,309,239,,71,101,91,0
13267,1,61601,61766,1462.0,205.0,192,278.0,259,200,,70,101,91,0
13267,2,61766,61737,3179.0,446.0,192,602,564,435,,71,101,91,0
13267,3,61737,61770,1485.0,209.0,192,280,263,204,,71,101,91,0
13267,4,61770,61763,577.0,81.0,192,110,103,79,,71,101,91,0
13267,5,61763,72783,3735.0,524.0,192,706,662,511,,71,101,91,0
13267,6,72783,62280,818.0,114.5,192,155,145,112,,71,101,91,0
13267,7,62280,62281,660.0,93.0,192,125,117,90,,71,101,91,0
13267,8,62281,62288,709.0,99.5,192,134.0,126,98,,72,101,91,0
13267,9,62288,62284,858.0,120.5,192,162,152,117,,71,101,91,0
13268,0,72896,62291,1393.0,166.0,232,178,178.5,161.0,,77,120,112,0
13268,1,62291,62283,711.0,85.0,232,91.0,91.0,82.0,,78,120,112,0
13268,2,62283,62279,551.0,65.0,232,71,71.0,63.0,,79,120,112,0
13268,3,62279,72784,890.0,106.0,232,115,114.5,103.0,,79,120,112,0
13268,4,72784,61175,19926.0,2373.0,232,2560.0,2555.5,2298.0,,78,120,112,0
13268,5,61175,61147,4198.0,500.0,232,581,539.0,484.0,,81,120,112,0
13268,6,61147,61252,2911.0,347.0,232,405.0,373.5,336.0,,82,120,112,0
13268,7,61252,61238,1284.0,153.0,232,178.0,164.5,148.0,,82,120,112,0
13269,0,61238,72937,1216.0,155,125,196,183.5,144,,57,72,53,0
13269,1,72937,61145,2718.0,345,125,436.0,411.5,322,,58,72,53,0
13269,2,61145,61171,4125.0,524,125,661.5,623.0,488,,58,72,53,0
13269,3,61171,72783,20002.0,2543,125,3183,3023.0,2368,,59,72,53,0
13269,4,72783,62278,878.0,112,125,142,133.0,104,,55,72,53,0
13269,5,62278,71714,547.0,69,125,88.5,82.5,65,,54,72,53,0
13269,6,71714,62290,701.0,89,125,113.5,106.0,83,,54,72,53,0
13269,7,62290,72896,729.0,93,125,118.0,110.0,86,,54,72,53,0
13270,0,61238,72937,1216.0,146.0,72,152.0,150.0,142.0,,26,40,32,0
13270,1,72937,61145,2718.0,326.0,72,339.0,336.0,318.0,,26,40,32,0
13270,2,61145,61171,4125.0,495.0,72,514,511.0,482.0,,27,40,32,0
13270,3,61171,72783,20002.0,2401.0,72,2493,2473.0,2338.0,,27,40,32,0
13270,4,72783,62278,878.0,106.0,72,108.0,108.0,103.0,,30,40,32,0
13270,5,62278,71714,547.0,65.0,72,68,68.0,64.0,,29,40,32,0
13270,6,71714,62290,701.0,84.0,72,87,87.0,82.0,,29,40,32,0
13270,7,62290,62286,867.0,104.0,72,107.0,107.0,101.0,,30,40,32,0
13271,0,73232,62225,1822.0,212.0,292,231,216.0,209.0,,93,184,108,0
13271,1,62225,62309,1834.0,214.0,292,232.5,218.0,211.0,,92,184,108,0
13271,2,62309,61882,538.0,62.0,292,68.0,64.0,61.0,,92,184,108,0
13271,3,61882,61917,886.0,103.0,292,112,105.0,102.0,,93,184,108,0
13271,4,61917,61858,465.0,54.0,292,59,55.0,53.0,,93,184,108,0
13271,5,61858,74090,1295.0,151.0,292,164,154.0,149.0,,93,184,108,0
13271,6,74090,61878,469.0,54.0,292,59.5,56.0,54.0,,92,184,108,0
13271,7,61878,73804,3805.0,443.0,292,481.0,451.0,437.0,,94,184,108,0
13271,8,73804,61535,3227.0,376.0,292,409.0,383.0,370.0,,94,184,108,0
13271,9,61535,61232,4435.0,517.0,292,561.0,527.0,509.0,,94,184,108,0
13271,10,61232,61151,2703.0,315.0,292,342.5,321.0,310.0,,92,184,108,0
13271,11,61151,61225,1370.0,159.0,292,174,162.0,158.0,,91,184,108,0
13271,12,61225,61252,1394.0,162.0,292,177.0,166.0,160.0,,90,184,108,0
13271,13,61252,74256,1915.0,224.0,292,244,227.0,220.0,,89,184,108,0
13271,14,74256,74260,631.0,73.0,292,80,75.0,72.0,,87,184,108,0
13272,0,74261,74257,629.0,82,299,85.0,82,82.0,,88,191,108,0
13272,1,74257,72936,2022.0,262,299,274.0,262,262.5,,88,191,108,0
13272,2,72936,72908,1393.0,180,299,189.0,180,181.0,,88,191,108,0
13272,3,72908,61141,1268.0,165,299,172,165,165.0,,89,191,108,0
13272,4,61141,61228,2649.0,343,299,358,343,344.0,,89,191,108,0
13272,5,61228,61541,4479.0,581,299,607,581,582.0,,89,191,108,0
13272,6,61541,73803,3241.0,420,299,439.0,420,421.0,,90,191,108,0
13272,7,73803,61877,3842.0,498,299,521,498,499.5,,89,191,108,0
13272,8,61877,61910,456.0,59,299,62.0,59,59.0,,90,191,108,0
13272,9,61910,61857,1301.0,169,299,177.0,169,169.0,,90,191,108,0
13272,10,61857,61914,462.0,60,299,63,60,60.0,,89,191,108,0
13272,11,61914,61880,821.0,106,299,111.0,106,106.0,,90,191,108,0
13272,12,61880,61850,605.0,79,299,82,79,79.0,,89,191,108,0
13272,13,61850,62022,1838.0,238,299,249.0,238,239.0,,90,191,108,0
13272,14,62022,73232,794.0,103,299,108.0,103,103.0,,90,191,108,0
13273,0,61687,61715,3993.0,614.0,476,650.5,633,621.0,592,80,191,152,133
13273,1,61715,61631,981.0,151.0,476,161,156,152.0,146,83,191,152,133
13273,2,61631,74097,1126.0,173.0,476,186.0,178,175.0,167,84,191,152,133
13273,3,74097,61700,3353.0,516.0,476,553.0,532,521.0,497,84,191,152,133
13273,4,61700,61718,905.0,139.0,476,150.0,144,141.0,134,86,191,152,133
13273,5,61718,61548,3046.0,469.0,476,510.0,483,473.0,452,86,191,152,133
13273,6,61548,73535,913.0,140.0,476,153.0,145,142.0,135,88,191,152,133
13273,7,73535,73804,891.0,138.0,476,149.0,141,139.0,132,88,191,152,133
13273,8,73804,61606,2200.0,338.0,476,368.0,349,342.0,326,88,191,152,133
13273,9,61606,61537,1101.0,169.0,476,185.0,174,171.0,164,88,191,152,133
13273,10,61537,62017,407.0,63.0,476,68,65,63.0,60,89,191,152,133
13274,0,73511,61740,0.0,329.0,54,341,329.0,,,39,54,0,0
13274,1,61740,61768,0.0,299.0,54,310,299.0,,,41,54,0,0
13274,2,61768,61721,0.0,192.0,54,198,192.0,,,41,54,0,0
13274,3,61721,61733,0.0,88.0,54,91.0,88.0,,,42,54,0,0
13274,4,61733,61764,0.0,593.0,54,615,593.0,,,41,54,0,0
13274,5,61764,61548,0.0,600.0,54,621.0,600.0,,,42,54,0,0
13274,6,61548,61869,0.0,315.0,54,326,315.0,,,43,54,0,0
13274,7,61869,61911,0.0,263.0,54,273,263.0,,,43,54,0,0
13274,8,61911,61856,0.0,218.0,54,226,218.0,,,43,54,0,0
13274,9,61856,61851,0.0,376.0,54,390.0,376.0,,,42,54,0,0
13274,10,61851,73233,0.0,492.0,54,509.0,492.0,,,42,54,0,0
13275,0,73233,74093,3546.0,499,119,517,517,496.0,,55,65,54,0
13275,1,74093,61858,1943.0,273,119,283.0,283,272.0,,56,65,54,0
13275,2,61858,74090,1295.0,182,119,189.0,189,182.0,,56,65,54,0
13275,3,74090,61873,1278.0,180,119,186.0,186,178.0,,56,65,54,0
13275,4,61873,61552,1643.0,231,119,240.0,240,230.0,,56,65,54,0
13275,5,61552,61767,3262.0,459,119,475.0,475,457.0,,56,65,54,0
13275,6,61767,61737,3122.0,440,119,455.0,455,437.0,,56,65,54,0
13275,7,61737,61722,518.0,72,119,76,76,72.0,,55,65,54,0
13275,8,61722,61771,1027.0,145,119,149,149,144.0,,55,65,54,0
13275,9,61771,61743,1600.0,225,119,234,234,224.0,,55,65,54,0
13275,10,61743,73511,1450.0,204,119,211.0,211,203.0,,54,65,54,0
13276,0,72894,72898,468.0,69,637,76,69,69,68,89,229,235,173
13276,1,72898,62283,923.0,136,637,151.0,136,137,134,88,229,235,173
13276,2,62283,62279,551.0,81,637,90.0,81,81,80,90,229,235,173
13276,3,62279,61752,2631.0,387,637,429.0,387,389,383,90,229,235,173
13276,4,61752,61749,4679.0,690,637,767.5,690,692,680,92,229,235,173
13276,5,61749,61597,4093.0,602,637,685,602,606,595,95,229,235,173
13276,6,61597,61544,2581.0,380,637,432,380,381,375,97,229,235,173
13276,7,61544,61877,1575.0,232,637,264.0,232,233,229,98,229,235,173
13276,8,61877,61885,1234.0,182,637,206,182,183,180,97,229,235,173
13276,9,61885,61915,1051.0,155,637,175.0,155,155,152,98,229,235,173
13276,10,61915,61880,755.0,111,637,124,111,112,110,99,229,235,173
13276,11,61880,61890,1554.0,229,637,255,229,230,226,99,229,235,173
13276,12,61890,62022,889.0,131,637,146.5,131,131,129,100,229,235,173
13276,13,62022,73233,850.0,125,637,140.0,125,126,124,100,229,235,173
13277,0,73233,62225,1766.0,243,475,306,259.0,245,238.0,63,126,165,184
13277,1,62225,74089,890.0,123,475,155,131.0,124,119.0,63,126,165,184
13277,2,74089,61882,1482.0,203,475,257.5,217.0,206,200.0,62,126,165,184
13277,3,61882,61916,822.0,114,475,142,121.0,114,111.0,63,126,165,184
13277,4,61916,61886,1051.0,144,475,181.0,154.0,146,141.0,64,126,165,184
13277,5,61886,61878,1242.0,171,475,216,182.0,172,167.0,63,126,165,184
13277,6,61878,73536,1601.0,221,475,277,235.0,222,216.0,63,126,165,184
13277,7,73536,61601,2594.0,357,475,446.5,381.0,360,349.0,64,126,165,184
13277,8,61601,61750,3988.0,548,475,692,585.0,554,537.0,63,126,165,184
13277,9,61750,61755,4692.0,646,475,807.5,688.0,652,631.0,64,126,165,184
13277,10,61755,62278,2636.0,363,475,458.0,387.0,366,355.0,62,126,165,184
13277,11,62278,71714,547.0,75,475,95,80.0,75,74.0,61,126,165,184
13277,12,71714,72900,943.0,130,475,164.0,139.0,131,127.0,62,126,165,184
13277,13,72900,72896,487.0,67,475,85,71.0,68,66.0,61,126,165,184
13278,0,73233,62225,1766.0,236,205,245.0,239,235.0,,30,97,108,0
13278,1,62225,74089,890.0,119,205,123.0,120,119.0,,30,97,108,0
13278,2,74089,61882,1482.0,199,205,206.0,200,197.0,,30,97,108,0
13278,3,61882,61916,822.0,110,205,114.0,111,110.0,,30,97,108,0
13278,4,61916,61886,1051.0,141,205,146.0,142,140.0,,30,97,108,0
13278,5,61886,61878,1242.0,166,205,172.0,168,165.0,,30,97,108,0
13278,6,61878,73536,1601.0,214,205,222.0,216,214.0,,30,97,108,0
13278,7,73536,61601,2594.0,347,205,360.0,350,345.0,,30,97,108,0
13278,8,61601,61750,3988.0,534,205,553,539,532.0,,31,97,108,0
13278,9,61750,61755,4692.0,628,205,650,633,625.0,,31,97,108,0
13278,10,61755,62278,2636.0,353,205,366,356,351.0,,31,97,108,0
13278,11,62278,71714,547.0,73,205,76.0,74,73.0,,32,97,108,0
13278,12,71714,72900,943.0,126,205,130,128,126.0,,33,97,108,0
13278,13,72900,62286,625.0,84,205,87.0,84,83.0,,32,97,108,0
13279,0,61601,61750,3988.0,432.0,6,,432.0,432.0,450.0,0,2,2,2
13279,1,61750,61755,4692.0,508.0,6,,508.0,508.0,529.0,0,2,2,2
13279,2,61755,62278,2636.0,286.0,6,,286.0,286.0,298.0,0,2,2,2
13279,3,62278,71714,547.0,59.0,6,,59.0,59.0,62.0,0,2,2,2
13279,4,71714,72900,943.0,102.0,6,,102.0,102.0,106.0,0,2,2,2
13279,5,72900,72896,487.0,53.0,6,,53.0,53.0,55.0,0,2,2,2
13300,0,62317,73777,2852.0,522,355,539,536.5,511,,89,190,165,0
13300,1,73777,61631,2188.0,400,355,418,412.0,392,,91,190,165,0
13300,2,61631,61656,321.0,59,355,62.5,60.5,58,,94,190,165,0
13300,3,61656,61666,1272.0,233,355,246,239.5,228,,93,190,165,0
13300,4,61666,61621,2041.0,373,355,398.5,383.5,365,,94,190,165,0
13300,5,61621,61641,2455.0,449,355,485,462.5,440,,95,190,165,0
13300,6,61641,61591,605.0,111,355,120.0,114.0,109,,96,190,165,0
13300,7,61591,61650,1245.0,228,355,248,234.0,223,,97,190,165,0
13300,8,61650,74192,1994.0,364,355,397.5,375.5,357,,96,190,165,0
13300,9,74192,74106,3254.0,595,355,652,612.5,583,,97,190,165,0
13300,10,74106,74239,793.0,145,355,160,149.0,142,,99,190,165,0
13300,11,74239,61467,4949.0,905,355,998.5,931.5,887,,98,190,165,0
13300,12,61467,73600,222.0,41,355,45,42.0,40,,99,190,165,0
13300,13,73600,73907,865.0,158,355,175.0,163.0,155,,98,190,165,0
13300,14,73907,61459,3210.0,587,355,651,603.5,575,,97,190,165,0
13300,15,61459,61411,2015.0,369,355,408,379.5,361,,95,190,165,0
13300,16,61411,73574,882.0,161,355,179.5,166.0,158,,94,190,165,0
13300,17,73574,74119,631.0,115,355,128.0,118.5,113,,94,190,165,0
13300,18,74119,61434,769.0,141,355,156,145.0,138,,93,190,165,0
13305,0,73227,61532,525.0,90.0,596,109,102.0,91,87,77,192,187,217
13305,1,61532,73652,444.0,76.0,596,92,87.0,76,74,77,192,187,217
13305,2,73652,73657,727.0,124.0,596,151,142.0,126,120,77,192,187,217
13305,3,73657,61499,656.0,112.0,596,136,128.0,113,109,77,192,187,217
13305,4,61499,61519,398.0,68.0,596,82,78.0,69,66,77,192,187,217
13305,5,61519,73780,677.0,116.0,596,140,132.0,117,112,77,192,187,217
13305,6,73780,61515,342.0,59.0,596,71,67.0,59,57,77,192,187,217
13305,7,61515,61473,729.0,124.0,596,151,142.0,126,121,77,192,187,217
13305,8,61473,61489,575.0,99.0,596,120,112.0,99,95,77,192,187,217
13305,9,61489,73412,707.0,120.0,596,146,138.0,122,117,77,192,187,217
13305,10,73412,61509,350.0,60.0,596,73.0,68.0,61,58,78,192,187,217
13305,11,61509,73572,982.0,168.0,596,203,192.0,169,163,77,192,187,217
13305,12,73572,74307,1572.0,269.0,596,326,307.0,272,261,77,192,187,217
13306,0,74312,73571,1365.0,246.0,614,299,292.0,246,229,69,190,191,233
13306,1,73571,61505,894.0,161.0,614,196,191.0,161,150,69,190,191,233
13306,2,61505,73411,444.0,80.0,614,98,95.0,80,75,69,190,191,233
13306,3,73411,61487,685.0,124.0,614,152,147.0,124,115,69,190,191,233
13306,4,61487,61471,571.0,103.0,614,126,122.0,103,96,69,190,191,233
13306,5,61471,61513,735.0,132.0,614,162,157.0,132,123,69,190,191,233
13306,6,61513,73779,291.0,53.0,614,64.5,62.0,53,49,68,190,191,233
13306,7,73779,61517,726.0,131.0,614,160,156.0,131,122,69,190,191,233
13306,8,61517,61490,382.0,69.0,614,84.0,81.0,69,64,68,190,191,233
13306,9,61490,73656,688.0,124.0,614,152,148.0,124,116,69,190,191,233
13306,10,73656,73651,730.0,131.0,614,162.5,156.0,131,122,68,190,191,233
13306,11,73651,61530,422.0,76.0,614,93.5,90.0,76,71,68,190,191,233
13306,12,61530,73227,552.0,100.0,614,122.5,118.0,100,93,68,190,191,233
13307,0,74259,74255,625.0,129.0,556,155,141.0,134.0,117.0,77,188,180,188
13307,1,74255,73219,921.0,190.0,556,228.0,208.0,198.0,171.0,78,188,180,188
13307,2,73219,61250,741.0,153.0,556,183,167.0,160.0,138.0,77,188,180,188
13307,3,61250,61209,542.0,112.0,556,135.0,122.0,116.0,101.0,78,188,180,188
13307,4,61209,61224,777.0,160.0,556,192,175.0,167.0,145.0,79,188,180,188
13307,5,61224,61204,509.0,105.0,556,126.0,115.0,109.0,95.0,78,188,180,188
13307,6,61204,61199,440.0,91.0,556,109,100.0,95.0,82.0,79,188,180,188
13307,7,61199,61145,809.0,167.0,556,200.0,182.0,174.0,151.0,80,188,180,188
13307,8,61145,61243,656.0,135.0,556,163.0,148.0,141.0,122.0,78,188,180,188
13307,9,61243,61191,1165.0,241.0,556,288,263.0,250.0,218.0,79,188,180,188
13307,10,61191,61230,737.0,152.0,556,183.0,166.0,159.0,137.0,80,188,180,188
13307,11,61230,61183,439.0,91.0,556,109,99.0,94.0,82.0,79,188,180,188
13307,12,61183,61171,1128.0,232.0,556,279.0,255.0,242.0,210.0,80,188,180,188
13307,13,61171,61256,889.0,184.0,556,220.0,200.0,191.0,166.0,80,188,180,188
13307,14,61256,61158,475.0,98.0,556,118.0,107.0,102.0,89.0,80,188,180,188
13307,15,61158,61215,399.0,82.0,556,99.0,90.0,86.0,74.0,78,188,180,188
13307,16,61215,74307,1315.0,272.0,556,325,297.0,283.0,245.0,79,188,180,188
13307,17,74307,74238,505.0,104.0,556,125.0,114.0,108.0,94.0,78,188,180,188
13307,18,74238,74107,790.0,163.0,556,196.0,178.0,170.0,147.0,78,188,180,188
13307,19,74107,74117,1065.0,220.0,556,264,240.0,229.0,198.0,77,188,180,188
13307,20,74117,74243,1062.0,219.0,556,263,240.0,228.0,198.0,77,188,180,188
13307,21,74243,74189,1213.0,250.0,556,300.0,274.0,261.0,226.0,78,188,180,188
13307,22,74189,74162,891.0,184.0,556,221,201.0,191.0,166.0,77,188,180,188
13307,23,74162,74179,1168.0,241.0,556,289.5,263.0,251.0,218.0,76,188,180,188
13307,24,74179,72758,1065.0,220.0,556,264,240.0,229.0,199.0,75,188,180,188
13307,25,72758,72759,752.0,155.0,556,186.0,170.0,162.0,140.0,74,188,180,188
13308,0,72761,72763,819.0,162.0,570,188.0,173,163,152.5,76,193,185,192
13308,1,72763,74180,1002.0,199.0,570,230.5,212,200,187.0,78,193,185,192
13308,2,74180,74159,1315.0,260.0,570,302,279,263,245.5,77,193,185,192
13308,3,74159,74190,809.0,161.0,570,186,171,161,150.5,77,193,185,192
13308,4,74190,74246,1293.0,256.0,570,297.0,273,258,241.5,78,193,185,192
13308,5,74246,74114,1078.0,214.0,570,248,229,216,201.0,77,193,185,192
13308,6,74114,74108,896.0,177.0,570,206.0,189,178,166.5,78,193,185,192
13308,7,74108,74242,971.0,193.0,570,222,206,194,181.5,79,193,185,192
13308,8,74242,74312,645.0,127.0,570,148.5,136,129,120.0,78,193,185,192
13308,9,74312,61221,1153.0,229.0,570,265,244,230,215.5,79,193,185,192
13308,10,61221,61165,326.0,64.0,570,75.0,69,65,60.5,78,193,185,192
13308,11,61165,61258,491.0,97.0,570,113,104,98,92.0,77,193,185,192
13308,12,61258,61178,946.0,187.0,570,217,200,189,176.5,79,193,185,192
13308,13,61178,61187,871.0,173.0,570,200,184,174,162.5,77,193,185,192
13308,14,61187,61234,697.0,138.0,570,159,148,139,130.0,79,193,185,192
13308,15,61234,61195,735.0,146.0,570,169,155,146,137.0,77,193,185,192
13308,16,61195,61246,1090.0,216.0,570,249.5,231,218,203.0,78,193,185,192
13308,17,61246,61149,750.0,148.0,570,172.0,159,150,140.0,78,193,185,192
13308,18,61149,61203,565.0,112.0,570,129.0,119,113,105.0,78,193,185,192
13308,19,61203,61206,533.0,106.0,570,122,113,107,99.0,77,193,185,192
13308,20,61206,61225,344.0,68.0,570,78.0,73,68,64.5,78,193,185,192
13308,21,61225,61211,795.0,157.0,570,182.0,168,159,148.0,78,193,185,192
13308,22,61211,61251,506.0,101.0,570,116.0,107,101,95.0,76,193,185,192
13308,23,61251,73222,1079.0,214.0,570,246,229,215,200.5,77,193,185,192
13308,24,73222,74254,860.0,170.0,570,197.0,182,172,160.5,76,193,185,192
13308,25,74254,74258,626.0,124.0,570,143.0,132,125,117.0,76,193,185,192
13309,0,61686,61713,3993.0,792,589,927.5,862.0,792,746.0,86,198,199,192
13309,1,61713,73573,877.0,173,589,204.0,189.0,173,164.0,90,198,199,192
13309,2,73573,61621,3809.0,756,589,891.5,822.0,756,711.0,90,198,199,192
13309,3,61621,61646,1400.0,277,589,329,302.0,277,262.0,91,198,199,192
13309,4,61646,61589,1589.0,315,589,373,343.0,315,297.0,93,198,199,192
13309,5,61589,61650,1316.0,261,589,309,284.0,261,245.0,93,198,199,192
13309,6,61650,74246,3201.0,635,589,752.0,690.0,635,598.0,94,198,199,192
13309,7,74246,74116,984.0,195,589,230.5,213.0,195,184.0,96,198,199,192
13309,8,74116,74310,2504.0,496,589,584,540.0,496,468.0,97,198,199,192
13310,0,61354,74115,2505.0,486,569,570.0,489,513,472,90,201,183,185
13310,1,74115,74245,1049.0,203,569,238.0,205,215,197,90,201,183,185
13310,2,74245,61647,3187.0,618,569,725,623,652,601,89,201,183,185
13310,3,61647,61587,1335.0,258,569,304.0,261,274,251,88,201,183,185
13310,4,61587,61643,1571.0,305,569,357,307,321,296,89,201,183,185
13310,5,61643,61617,1339.0,259,569,305.0,262,275,252,88,201,183,185
13310,6,61617,61625,3775.0,732,569,858.0,737,773,711,86,201,183,185
13310,7,61625,61709,809.0,157,569,175,158,165,153,83,201,183,185
13310,8,61709,61686,3622.0,702,569,776.0,708,742,682,82,201,183,185
13311,0,61808,61805,1301.0,249.0,646,277.0,258,247,245.0,86,209,231,206
13311,1,61805,61782,2170.0,415.0,646,464,431,411,408.0,87,209,231,206
13311,2,61782,74074,1447.0,276.0,646,311.0,287,274,272.0,86,209,231,206
13311,3,74074,61797,1800.0,344.0,646,387.0,357,342,338.0,88,209,231,206
13311,4,61797,74182,1916.0,367.0,646,410,381,363,361.0,89,209,231,206
13311,5,74182,74159,1384.0,264.0,646,296,274,263,260.0,89,209,231,206
13311,6,74159,74244,2023.0,387.0,646,434,402,383,380.0,89,209,231,206
13311,7,74244,74114,1157.0,221.0,646,247.5,230,219,218.0,90,209,231,206
13311,8,74114,74106,969.0,185.0,646,208,192,184,182.0,91,209,231,206
13311,9,74106,74310,1441.0,276.0,646,309,286,273,271.0,89,209,231,206
13311,10,74310,61442,3677.0,703.0,646,787,730,698,691.0,91,209,231,206
13311,11,61442,61450,2342.0,448.0,646,502,465,444,441.0,89,209,231,206
13311,12,61450,61419,909.0,174.0,646,195.5,180,172,171.0,88,209,231,206
13311,13,61419,61427,601.0,115.0,646,129.0,119,114,113.0,86,209,231,206
13311,14,61427,61414,1706.0,326.0,646,367,339,323,321.0,87,209,231,206
13311,15,61414,73574,2260.0,432.0,646,487.0,449,429,425.0,86,209,231,206
13311,16,73574,74119,631.0,121.0,646,135.5,125,120,118.0,84,209,231,206
13311,17,74119,61437,983.0,188.0,646,212.0,195,186,185.0,84,209,231,206
13312,0,61437,74120,423.0,82.0,648,105.0,93.0,82.0,80.0,106,230,216,202
13312,1,74120,73575,523.0,102.0,648,130.0,115.0,101.0,99.0,106,230,216,202
13312,2,73575,61417,2315.0,449.0,648,574,508.0,447.0,438.0,107,230,216,202
13312,3,61417,61428,1712.0,332.0,648,425.0,376.0,330.0,324.0,108,230,216,202
13312,4,61428,61420,602.0,117.0,648,150.0,132.0,116.0,114.0,110,230,216,202
13312,5,61420,61453,906.0,176.0,648,225.0,199.0,175.0,172.0,110,230,216,202
13312,6,61453,61445,2331.0,453.0,648,578.0,512.0,450.0,441.0,110,230,216,202
13312,7,61445,74309,3553.0,689.0,648,881.0,780.0,686.0,672.0,114,230,216,202
13312,8,74309,74109,1475.0,287.0,648,366,323.0,285.0,279.0,113,230,216,202
13312,9,74109,74117,991.0,192.0,648,245.0,218.0,191.0,188.0,112,230,216,202
13312,10,74117,74243,1062.0,206.0,648,262,233.0,205.0,201.0,109,230,216,202
13312,11,74243,74160,2032.0,395.0,648,500.5,446.0,392.0,384.0,108,230,216,202
13312,12,74160,74183,1382.0,268.0,648,337,304.0,267.0,262.0,105,230,216,202
13312,13,74183,61794,1907.0,370.0,648,457.5,418.0,368.0,361.0,104,230,216,202
13312,14,61794,74075,1805.0,351.0,648,423,397.0,349.0,342.0,101,230,216,202
13312,15,74075,61780,1460.0,283.0,648,334.0,320.0,281.0,276.0,98,230,216,202
13312,16,61780,61803,2174.0,422.0,648,497,477.0,420.0,411.0,97,230,216,202
13312,17,61803,61808,1087.0,211.0,648,248,239.0,210.0,206.0,95,230,216,202
13313,0,61921,74244,2783.0,539,511,646.0,575,530,536,76,181,151,179
13313,1,74244,74114,1157.0,223,511,269.0,239,221,223,76,181,151,179
13313,2,74114,74106,969.0,188,511,224,200,184,186,77,181,151,179
13313,3,74106,74312,1543.0,299,511,357,319,294,297,77,181,151,179
13313,4,74312,61505,2259.0,437,511,524,466,431,435,77,181,151,179
13313,5,61505,73411,444.0,86,511,102,92,84,85,77,181,151,179
13313,6,73411,73547,3098.0,599,511,716.5,640,590,597,76,181,151,179
13313,7,73547,61492,411.0,80,511,95,85,79,79,77,181,151,179
13313,8,61492,73656,569.0,110,511,131.0,117,108,110,76,181,151,179
13313,9,73656,73651,730.0,141,511,168.0,151,139,140,76,181,151,179
13313,10,73651,73223,997.0,193,511,230,206,190,192,75,181,151,179
13314,0,74239,74310,648.0,113.5,50,114,113.5,,,49,50,0,0
13314,1,74310,61767,12137.0,2125.0,50,2129,2125.0,,,49,50,0,0
13314,2,61767,61746,1837.0,322.0,50,326.0,322.0,,,44,50,0,0
13314,3,61746,74095,1465.0,256.5,50,260,256.5,,,43,50,0,0
13314,4,74095,61723,395.0,69.0,50,71.0,69.0,,,42,50,0,0
13314,5,61723,61770,910.0,159.5,50,161.0,159.5,,,42,50,0,0
13314,6,61770,61742,1602.0,280.5,50,285.0,280.5,,,42,50,0,0
13314,7,61742,61754,883.0,154.5,50,157,154.5,,,41,50,0,0
13314,8,61754,73510,553.0,97.0,50,98.0,97.0,,,40,50,0,0
13363,0,61923,74181,0.0,1441.5,60,1515.0,1441.5,,,42,60,0,0
13363,1,74181,61815,0.0,559.0,60,590.5,559.0,,,40,60,0,0
13363,2,61815,61776,0.0,385.0,60,410.5,385.0,,,38,60,0,0
13363,3,61776,61819,0.0,162.0,60,174,162.0,,,37,60,0,0
13363,4,61819,61840,0.0,142.5,60,153,142.5,,,37,60,0,0
13363,5,61840,61827,0.0,111.5,60,120.0,111.5,,,36,60,0,0
13363,6,61827,74221,0.0,67.0,60,71.0,67.0,,,36,60,0,0
13363,7,74221,73876,0.0,229.0,60,245.0,229.0,,,36,60,0,0
13363,8,73876,61836,0.0,315.5,60,339,315.5,,,35,60,0,0
13475,0,74371,74224,3345.0,448.0,194,,,448.0,,0,0,194,0
13475,1,74224,61842,991.0,132.0,194,,,132.0,,0,0,194,0
13475,2,61842,61801,3076.0,412.0,194,,,412.0,,0,0,194,0
13475,3,61801,61788,935.0,125.0,194,,,125.0,,0,0,194,0
13475,4,61788,61796,738.0,99.0,194,,,99.0,,0,0,194,0
13475,5,61796,72757,2128.0,285.0,194,,,285.0,,0,0,194,0
13475,6,72757,61578,2763.0,370.0,194,,,370.0,,0,0,194,0
13475,7,61578,61570,4064.0,544.0,194,,,544.0,,0,0,194,0
13475,8,61570,61533,1766.0,237.0,194,,,237.0,,0,0,194,0
13475,9,61533,61564,1768.0,236.0,194,,,236.0,,0,0,194,0
13475,10,61564,61234,2799.0,375.0,194,,,375.0,,0,0,194,0
13475,11,61234,61151,2647.0,354.0,194,,,354.0,,0,0,194,0
13475,12,61151,61226,1428.0,192.0,194,,,192.0,,0,0,194,0
13475,13,61226,61251,1243.0,166.0,194,,,166.0,,0,0,194,0
13476,0,61249,61223,1321.0,182,199,,,182,,0,0,199,0
13476,1,61223,61143,1739.0,239,199,,,239,,0,0,199,0
13476,2,61143,61230,2635.0,363,199,,,363,,0,0,199,0
13476,3,61230,61565,2929.0,404,199,,,404,,0,0,199,0
13476,4,61565,61542,1551.0,213,199,,,213,,0,0,199,0
13476,5,61542,61574,1870.0,258,199,,,258,,0,0,199,0
13476,6,61574,61582,4063.0,559,199,,,559,,0,0,199,0
13476,7,61582,72763,2700.0,372,199,,,372,,0,0,199,0
13476,8,72763,61795,2108.0,291,199,,,291,,0,0,199,0
13476,9,61795,61787,729.0,100,199,,,100,,0,0,199,0
13476,10,61787,61798,945.0,130,199,,,130,,0,0,199,0
13476,11,61798,61841,3093.0,426,199,,,426,,0,0,199,0
13476,12,61841,74221,911.0,125,199,,,125,,0,0,199,0
13476,13,74221,74369,2814.0,388,199,,,388,,0,0,199,0
13494,0,74373,73875,2047.0,313,127,,,313,,0,0,127,0
13494,1,73875,61828,1677.0,257,127,,,257,,0,0,127,0
13494,2,61828,61842,508.0,77,127,,,77,,0,0,127,0
13494,3,61842,61823,762.0,117,127,,,117,,0,0,127,0
13494,4,61823,61813,1528.0,234,127,,,234,,0,0,127,0
13494,5,61813,61817,1546.0,236,127,,,236,,0,0,127,0
13494,6,61817,61793,1604.0,246,127,,,246,,0,0,127,0
13494,7,61793,72759,2255.0,345,127,,,345,,0,0,127,0
13494,8,72759,61576,1871.0,286,127,,,286,,0,0,127,0
13494,9,61576,73535,1862.0,285,127,,,285,,0,0,127,0
13494,10,73535,62026,715.0,109,127,,,109,,0,0,127,0
13494,11,62026,61605,2356.0,361,127,,,361,,0,0,127,0
13494,12,61605,61446,2465.0,377,127,,,377,,0,0,127,0
13494,13,61446,61466,1076.0,165,127,,,165,,0,0,127,0
13494,14,61466,73600,280.0,43,127,,,43,,0,0,127,0
13494,15,73600,61438,791.0,121,127,,,121,,0,0,127,0
13494,16,61438,61451,763.0,117,127,,,117,,0,0,127,0
13494,17,61451,61426,1394.0,213,127,,,213,,0,0,127,0
13494,18,61426,61454,3871.0,593,127,,,593,,0,0,127,0
13494,19,61454,61422,624.0,95,127,,,95,,0,0,127,0
13494,20,61422,61432,693.0,106,127,,,106,,0,0,127,0
13497,0,61835,74224,3313.0,639,157,,,639,,0,0,157,0
13497,1,74224,61785,2675.0,516,157,,,516,,0,0,157,0
13497,2,61785,61813,606.0,117,157,,,117,,0,0,157,0
13497,3,61813,74074,723.0,140,157,,,140,,0,0,157,0
13497,4,74074,61817,823.0,158,157,,,158,,0,0,157,0
13497,5,61817,74159,4277.0,825,157,,,825,,0,0,157,0
13497,6,74159,74192,895.0,173,157,,,173,,0,0,157,0
13497,7,74192,74239,4047.0,781,157,,,781,,0,0,157,0
13497,8,74239,73571,2115.0,408,157,,,408,,0,0,157,0
13497,9,73571,61471,2594.0,500,157,,,500,,0,0,157,0
13497,10,61471,61513,735.0,142,157,,,142,,0,0,157,0
13497,11,61513,73779,291.0,56,157,,,56,,0,0,157,0
13497,12,73779,61494,1417.0,274,157,,,274,,0,0,157,0
13497,13,61494,61530,1531.0,295,157,,,295,,0,0,157,0
13497,14,61530,73224,550.0,106,157,,,106,,0,0,157,0
13498,0,73224,61532,657.0,128,191,,,128,,0,0,191,0
13498,1,61532,61496,1536.0,301,191,,,301,,0,0,191,0
13498,2,61496,73780,1366.0,266,191,,,266,,0,0,191,0
13498,3,73780,61515,342.0,67,191,,,67,,0,0,191,0
13498,4,61515,61473,729.0,143,191,,,143,,0,0,191,0
13498,5,61473,73570,2520.0,492,191,,,492,,0,0,191,0
13498,6,73570,74238,2171.0,424,191,,,424,,0,0,191,0
13498,7,74238,74191,4044.0,790,191,,,790,,0,0,191,0
13498,8,74191,74162,977.0,191,191,,,191,,0,0,191,0
13498,9,74162,61814,4196.0,820,191,,,820,,0,0,191,0
13498,10,61814,74075,826.0,162,191,,,162,,0,0,191,0
13498,11,74075,61810,716.0,140,191,,,140,,0,0,191,0
13498,12,61810,61776,606.0,118,191,,,118,,0,0,191,0
13498,13,61776,74225,2693.0,526,191,,,526,,0,0,191,0
13498,14,74225,74375,2722.0,532,191,,,532,,0,0,191,0
13501,0,74374,73877,2115.0,398,195,,,398,,0,0,195,0
13501,1,73877,74223,1176.0,222,195,,,222,,0,0,195,0
13501,2,74223,62294,353.0,67,195,,,67,,0,0,195,0
13501,3,62294,61843,607.0,115,195,,,115,,0,0,195,0
13501,4,61843,61823,712.0,134,195,,,134,,0,0,195,0
13501,5,61823,61789,3308.0,623,195,,,623,,0,0,195,0
13501,6,61789,61797,743.0,140,195,,,140,,0,0,195,0
13501,7,61797,74091,582.0,110,195,,,110,,0,0,195,0
13501,8,74091,74178,1476.0,278,195,,,278,,0,0,195,0
13501,9,74178,74212,3201.0,603,195,,,603,,0,0,195,0
13501,10,74212,74116,1127.0,212,195,,,212,,0,0,195,0
13501,11,74116,74108,990.0,187,195,,,187,,0,0,195,0
13501,12,74108,74308,1409.0,265,195,,,265,,0,0,195,0
13501,13,74308,61217,1221.0,230,195,,,230,,0,0,195,0
13501,14,61217,61177,1845.0,348,195,,,348,,0,0,195,0
13501,15,61177,61248,3506.0,660,195,,,660,,0,0,195,0
13501,16,61248,61201,1202.0,227,195,,,227,,0,0,195,0
13501,17,61201,72906,520.0,98,195,,,98,,0,0,195,0
13501,18,72906,61252,1808.0,340,195,,,340,,0,0,195,0
13501,19,61252,73219,1400.0,264,195,,,264,,0,0,195,0
13503,0,73323,73875,2154.0,415.0,170,,,415.0,,0,0,170,0
13503,1,73875,61828,1677.0,324.0,170,,,324.0,,0,0,170,0
13503,2,61828,61812,2740.0,528.0,170,,,528.0,,0,0,170,0
13503,3,61812,61977,2872.0,554.0,170,,,554.0,,0,0,170,0
13503,4,61977,61961,1300.0,251.0,170,,,251.0,,0,0,170,0
13503,5,61961,61928,933.0,180.0,170,,,180.0,,0,0,170,0
13503,6,61928,61992,1061.0,205.0,170,,,205.0,,0,0,170,0
13503,7,61992,61985,1262.0,243.0,170,,,243.0,,0,0,170,0
13503,8,61985,62316,465.0,90.0,170,,,90.0,,0,0,170,0
13504,0,71424,61986,542.0,113.0,166,,,113.0,,0,0,166,0
13504,1,61986,61994,1273.0,264.0,166,,,264.0,,0,0,166,0
13504,2,61994,61935,1135.0,236.0,166,,,236.0,,0,0,166,0
13504,3,61935,61962,840.0,174.0,166,,,174.0,,0,0,166,0
13504,4,61962,61981,1323.0,275.0,166,,,275.0,,0,0,166,0
13504,5,61981,61811,2857.0,594.0,166,,,594.0,,0,0,166,0
13504,6,61811,61826,2751.0,571.0,166,,,571.0,,0,0,166,0
13504,7,61826,73876,1646.0,342.0,166,,,342.0,,0,0,166,0
13504,8,73876,74375,1567.0,326.0,166,,,326.0,,0,0,166,0
13543,0,73236,61889,930.0,155.0,122,,,155.0,,0,0,122,0
13543,1,61889,74093,1715.0,287.0,122,,,287.0,,0,0,122,0
13543,2,74093,61883,657.0,110.0,122,,,110.0,,0,0,122,0
13543,3,61883,61917,821.0,137.0,122,,,137.0,,0,0,122,0
13543,4,61917,61859,529.0,88.0,122,,,88.0,,0,0,122,0
13543,5,61859,61912,1167.0,195.0,122,,,195.0,,0,0,122,0
13543,6,61912,61879,576.0,97.0,122,,,97.0,,0,0,122,0
13543,7,61879,61875,846.0,141.0,122,,,141.0,,0,0,122,0
13543,8,61875,74092,662.0,111.0,122,,,111.0,,0,0,122,0
13543,9,74092,74181,3379.0,564.0,122,,,564.0,,0,0,122,0
13543,10,74181,61791,1408.0,236.0,122,,,236.0,,0,0,122,0
13543,11,61791,61815,1616.0,270.0,122,,,270.0,,0,0,122,0
13543,12,61815,61776,2079.0,347.0,122,,,347.0,,0,0,122,0
13543,13,61776,74225,2693.0,450.0,122,,,450.0,,0,0,122,0
13543,14,74225,73874,1247.0,208.0,122,,,208.0,,0,0,122,0
13543,15,73874,74368,1577.0,264.0,122,,,264.0,,0,0,122,0
13545,0,61432,61425,993.0,160.0,110,,,160.0,,0,0,110,0
13545,1,61425,61457,629.0,101.0,110,,,101.0,,0,0,110,0
13545,2,61457,61429,3859.0,622.0,110,,,622.0,,0,0,110,0
13545,3,61429,61452,1391.0,224.0,110,,,224.0,,0,0,110,0
13545,4,61452,61441,773.0,125.0,110,,,125.0,,0,0,110,0
13545,5,61441,73599,796.0,128.0,110,,,128.0,,0,0,110,0
13545,6,73599,61469,272.0,44.0,110,,,44.0,,0,0,110,0
13545,7,61469,61449,1064.0,171.0,110,,,171.0,,0,0,110,0
13545,8,61449,61610,2571.0,415.0,110,,,415.0,,0,0,110,0
13545,9,61610,61614,2291.0,369.0,110,,,369.0,,0,0,110,0
13545,10,61614,61546,650.0,104.0,110,,,104.0,,0,0,110,0
13545,11,61546,61582,1939.0,313.0,110,,,313.0,,0,0,110,0
13545,12,61582,72761,1881.0,303.0,110,,,303.0,,0,0,110,0
13545,13,72761,61790,2233.0,360.0,110,,,360.0,,0,0,110,0
13545,14,61790,61814,1613.0,260.0,110,,,260.0,,0,0,110,0
13545,15,61814,61810,1542.0,248.0,110,,,248.0,,0,0,110,0
13545,16,61810,61819,1484.0,239.0,110,,,239.0,,0,0,110,0
13545,17,61819,61841,822.0,133.0,110,,,133.0,,0,0,110,0
13545,18,61841,61826,502.0,81.0,110,,,81.0,,0,0,110,0
13545,19,61826,73874,1738.0,280.0,110,,,280.0,,0,0,110,0
13545,20,73874,74370,1585.0,255.0,110,,,255.0,,0,0,110,0
13547,0,73219,74096,929.0,167.0,178,,,167.0,,0,0,178,0
13547,1,74096,72907,1817.0,327.0,178,,,327.0,,0,0,178,0
13547,2,72907,61197,206.0,37.0,178,,,37.0,,0,0,178,0
13547,3,61197,61242,1485.0,268.0,178,,,268.0,,0,0,178,0
13547,4,61242,61171,3506.0,631.0,178,,,631.0,,0,0,178,0
13547,5,61171,61216,1826.0,328.0,178,,,328.0,,0,0,178,0
13547,6,61216,74309,1146.0,207.0,178,,,207.0,,0,0,178,0
13547,7,74309,74109,1475.0,265.0,178,,,265.0,,0,0,178,0
13547,8,74109,74117,991.0,179.0,178,,,179.0,,0,0,178,0
13547,9,74117,74243,1062.0,191.0,178,,,191.0,,0,0,178,0
13547,10,74243,74181,3345.0,602.0,178,,,602.0,,0,0,178,0
13547,11,74181,61791,1408.0,253.0,178,,,253.0,,0,0,178,0
13547,12,61791,61794,568.0,102.5,178,,,102.5,,0,0,178,0
13547,13,61794,61786,739.0,133.0,178,,,133.0,,0,0,178,0
13547,14,61786,61819,3266.0,588.0,178,,,588.0,,0,0,178,0
13547,15,61819,61840,769.0,138.0,178,,,138.0,,0,0,178,0
13547,16,61840,61827,604.0,109.0,178,,,109.0,,0,0,178,0
13547,17,61827,74221,360.0,64.0,178,,,64.0,,0,0,178,0
13547,18,74221,73876,1237.0,223.0,178,,,223.0,,0,0,178,0
13547,19,73876,74370,1677.0,302.0,178,,,302.0,,0,0,178,0
13552,0,74181,61791,1408.0,248,3,,,248,,0,0,3,0
13552,1,61791,61794,568.0,101,3,,,101,,0,0,3,0
13552,2,61794,61786,739.0,130,3,,,130,,0,0,3,0
13552,3,61786,61819,3266.0,576,3,,,576,,0,0,3,0
13552,4,61819,61840,769.0,136,3,,,136,,0,0,3,0
13552,5,61840,61827,604.0,106,3,,,106,,0,0,3,0
13552,6,61827,74221,360.0,64,3,,,64,,0,0,3,0
13552,7,74221,73876,1237.0,218,3,,,218,,0,0,3,0
13552,8,73876,74370,1677.0,296,3,,,296,,0,0,3,0
13719,0,73511,61740,1760.0,256,45,,,256,,0,0,45,0
13719,1,61740,61768,1599.0,232,45,,,232,,0,0,45,0
13719,2,61768,61721,1026.0,149,45,,,149,,0,0,45,0
13719,3,61721,61733,469.0,68,45,,,68,,0,0,45,0
13719,4,61733,61764,3177.0,461,45,,,461,,0,0,45,0
13719,5,61764,61548,3207.0,466,45,,,466,,0,0,45,0
13719,6,61548,61871,1759.0,256,45,,,256,,0,0,45,0
13719,7,61871,61911,1332.0,193,45,,,193,,0,0,45,0
13719,8,61911,61856,1168.0,170,45,,,170,,0,0,45,0
13719,9,61856,61851,2012.0,292,45,,,292,,0,0,45,0
13719,10,61851,73233,2629.0,382,45,,,382,,0,0,45,0
