{"type":"FeatureCollection","features":[{"type":"Feature","id":113186,"geometry":{"type":"Polygon","coordinates":[[[-74.14395691799996,4.630962937000049],[-74.14395951599994,4.6309632180000335],[-74.14396092499999,4.6309633700000745],[-74.14402609299998,4.630970416000025],[-74.14415896347458,4.630982938470126],[-74.14429206899996,4.6309926490000635],[-74.14441201099999,4.631002600000045],[-74.14441280780656,4.6310023672515515],[-74.14441355961023,4.631002015308637],[-74.14441424870067,4.631001552462064],[-74.14441485884487,4.6310009896151705],[-74.14441537566961,4.631000340027013],[-74.14441578699996,4.630999619000022],[-74.14441608499884,4.630998842687109],[-74.14441626120579,4.6309980300271665],[-74.14441631150417,4.630997200005995],[-74.14441623471889,4.630996372014997],[-74.14441603264382,4.6309955653981465],[-74.14441570999998,4.630994799000064],[-74.14441524370156,4.630994050620569],[-74.14441466201846,4.6309933879359955],[-74.14441398040518,4.630992828552941],[-74.1444132169712,4.630992387333428],[-74.14441239199994,4.630992076000041],[-74.14429454799995,4.6309716030000345],[-74.14407228699997,4.630932960000052],[-74.14396438599994,4.63091438400005],[-74.14396345699998,4.630914225000026],[-74.14396173599994,4.630913928000041],[-74.14395691799996,4.630962937000049]]]},"properties":{"SEPCODIGO":15002485,"SEPCIV":8004450,"SEPMATERIA":2,"OBJECTID":113186}},{"type":"Feature","id":113673,"geometry":{"type":"Polygon","coordinates":[[[-74.13763336699998,4.633037677000004],[-74.13760147099998,4.633371513999975],[-74.13755874600002,4.633795573999976],[-74.13752343599998,4.634131517000014],[-74.13751278699999,4.634239276000017],[-74.13747131500003,4.634544764999987],[-74.13743668299998,4.634753685000021],[-74.137412627,4.634923302000004],[-74.137461745,4.634791887000006],[-74.13747134900001,4.63475443599998],[-74.137480052,4.6347103780000225],[-74.13748636700001,4.63465779500001],[-74.13754481299998,4.63425285400001],[-74.13757374400001,4.633959713000024],[-74.137601125,4.633690263999995],[-74.137614622,4.633537416000024],[-74.13761693800001,4.633502044000011],[-74.13761145299998,4.6334118390000185],[-74.13761101400002,4.633365180999988],[-74.13761100300002,4.633364083000004],[-74.13761135499999,4.633360664999998],[-74.13761867900001,4.63328948100002],[-74.13764014999998,4.633038508000027],[-74.13763656499998,4.633037179999974],[-74.13763336699998,4.633037677000004]]]},"properties":{"SEPCODIGO":521585,"SEPCIV":8003644,"SEPMATERIA":5,"OBJECTID":113673}},{"type":"Feature","id":113998,"geometry":{"type":"Polygon","coordinates":[[[-74.13739774099997,4.632975629999976],[-74.13739776900002,4.632975827999985],[-74.13740022000002,4.6329925310000135],[-74.13740396600002,4.633057398000005],[-74.137390703,4.633215742999994],[-74.13737266599998,4.633386137000002],[-74.13737494499998,4.633386841999993],[-74.13737598099999,4.633387175999985],[-74.13737944000002,4.633365029999993],[-74.13740953400003,4.633054704000017],[-74.13741682699998,4.632978060000028],[-74.13741687499999,4.632977562999997],[-74.13739774099997,4.632975629999976]]]},"properties":{"SEPCODIGO":91032531,"SEPCIV":8003644,"SEPMATERIA":1,"OBJECTID":113998}},{"type":"Feature","id":114000,"geometry":{"type":"Polygon","coordinates":[[[-74.137053224,4.635434449000002],[-74.13708805300001,4.635443516000009],[-74.137134602,4.635214505000022],[-74.137168874,4.635031663999996],[-74.13718471200002,4.634939569999972],[-74.13722283200002,4.6347147500000005],[-74.13725027499999,4.6345352889999845],[-74.13729672,4.6341959650000035],[-74.13730416200002,4.6341017830000055],[-74.13735702299999,4.63360388000001],[-74.13736096999997,4.633532828999989],[-74.13735491699998,4.633471224999994],[-74.13734824199997,4.633413173000008],[-74.13734580099998,4.633408445999976],[-74.137342026,4.633407911999996],[-74.13732360099999,4.633598382999992],[-74.13727630699998,4.634064837999972],[-74.13721039199999,4.6345603909999795],[-74.137161488,4.634877704000019],[-74.13709889900002,4.635224503000018],[-74.137053224,4.635434449000002]]]},"properties":{"SEPCODIGO":521583,"SEPCIV":8003644,"SEPMATERIA":5,"OBJECTID":114000}},{"type":"Feature","id":114117,"geometry":{"type":"Polygon","coordinates":[[[-74.13794439100002,4.628298982999979],[-74.13804193200002,4.6283064410000065],[-74.13808609400002,4.627867546999994],[-74.13809879799999,4.627741247000017],[-74.13814951400002,4.627242937000005],[-74.13815755799999,4.6271615019999786],[-74.138058221,4.6271529780000265],[-74.13804062399998,4.6273281780000275],[-74.13798888999997,4.6278557219999925],[-74.1379877,4.6278675460000045],[-74.13794439100002,4.628298982999979]]]},"properties":{"SEPCODIGO":521620,"SEPCIV":8005215,"SEPMATERIA":5,"OBJECTID":114117}},{"type":"Feature","id":114198,"geometry":{"type":"Polygon","coordinates":[[[-74.13810298099997,4.628311108999981],[-74.13813488800002,4.628313547999994],[-74.138159873,4.628062727999975],[-74.13817934299999,4.627867547999983],[-74.13821131899999,4.627547008000022],[-74.13824943999998,4.627169385000002],[-74.13821876600002,4.627166753999973],[-74.13820114399999,4.627332389999992],[-74.13819349200003,4.627426366999998],[-74.138148119,4.627867546999994],[-74.138109918,4.628238979999992],[-74.13810298099997,4.628311108999981]]]},"properties":{"SEPCODIGO":521618,"SEPCIV":8005215,"SEPMATERIA":1,"OBJECTID":114198}},{"type":"Feature","id":114345,"geometry":{"type":"Polygon","coordinates":[[[-74.13785257199999,4.628291961000002],[-74.13788371499999,4.628294342999993],[-74.13790827700001,4.628039702000024],[-74.13792495500002,4.627867545000015],[-74.13793990200003,4.627713196000002],[-74.13796012900002,4.627521504000015],[-74.13796005400002,4.6275200919999975],[-74.13795985000002,4.627519344000007],[-74.13795935399997,4.62751824999998],[-74.13795856899998,4.627518853000026],[-74.137957793,4.627519690999975],[-74.13793162500002,4.627575072000013],[-74.13791888600002,4.627624056999991],[-74.13789377500001,4.627867544000026],[-74.13786974599998,4.628100618000019],[-74.13785257199999,4.628291961000002]]]},"properties":{"SEPCODIGO":521622,"SEPCIV":8005215,"SEPMATERIA":1,"OBJECTID":114345}},{"type":"Feature","id":114378,"geometry":{"type":"Polygon","coordinates":[[[-74.14225836199995,4.6313059080000585],[-74.14226771495865,4.631332351787496],[-74.14227266299997,4.631359961000044],[-74.14227569091575,4.631369831462237],[-74.1422803350938,4.6313790524116545],[-74.14228646333916,4.631387361377099],[-74.1422939012134,4.631394521846685],[-74.14230243699996,4.631400330000076],[-74.14230711999994,4.631402706000074],[-74.14231453013618,4.631405504592848],[-74.14232224099999,4.631407317000026],[-74.14268454499995,4.631444629000043],[-74.14270092499999,4.631447619000028],[-74.14270775099999,4.631372421000037],[-74.14245548299994,4.631349199000056],[-74.14245607999999,4.631343505000075],[-74.14245738999995,4.63133102200004],[-74.14270943299994,4.631353878000027],[-74.14271072199995,4.631339653000055],[-74.14245762899998,4.631316911000056],[-74.14226265199994,4.6312968200000455],[-74.14226158395815,4.631297216309939],[-74.14226059956205,4.631297789667708],[-74.14225972789546,4.6312985231335855],[-74.14225899471167,4.631299395037437],[-74.14225842167244,4.6313003796190015],[-74.14225802570814,4.631301447788973],[-74.14225781851748,4.6313025679884365],[-74.14225780622185,4.631303707121278],[-74.14225798918454,4.631304831531997],[-74.14225836199995,4.6313059080000585]]]},"properties":{"SEPCODIGO":91037089,"SEPCIV":8013658,"SEPMATERIA":1,"OBJECTID":114378}},{"type":"Feature","id":114379,"geometry":{"type":"Polygon","coordinates":[[[-74.14268988499998,4.631044206000013],[-74.14273032300002,4.631045437000012],[-74.14273212500001,4.6310104300000035],[-74.14273416999998,4.630970706000028],[-74.14269426200002,4.630962633000024],[-74.14265435300001,4.63095456100001],[-74.142614444,4.630946488000006],[-74.14257453599998,4.630938415999992],[-74.14253462699997,4.630930342999989],[-74.14249471800002,4.630922270999974],[-74.14245481,4.630914198000028],[-74.14241490199998,4.630906127000003],[-74.14237499299998,4.63089805300001],[-74.14233508500001,4.630889981999985],[-74.142295176,4.6308819089999815],[-74.142255267,4.630873837000024],[-74.142249618,4.630960602000016],[-74.14224954000002,4.6309618039999805],[-74.14224505700003,4.6310306720000085],[-74.14228549500001,4.631031902000018],[-74.14232593499997,4.631033133000017],[-74.14236637300002,4.631034363000026],[-74.14240681199999,4.631035594000025],[-74.14244725100002,4.6310368239999775],[-74.14248769,4.631038054999976],[-74.14252812900003,4.631039284999986],[-74.142568568,4.631040514999995],[-74.14260900699998,4.6310417450000045],[-74.14264944500002,4.631042976000003],[-74.14268988499998,4.631044206000013]]]},"properties":{"SEPCODIGO":91037158,"SEPCIV":8013658,"SEPMATERIA":2,"OBJECTID":114379}},{"type":"Feature","id":114447,"geometry":{"type":"Polygon","coordinates":[[[-74.137967677,4.627145208999991],[-74.13797544800002,4.627145875999986],[-74.13797973700002,4.627116887999989],[-74.13799253899998,4.627061151000021],[-74.13800243999998,4.627015737000022],[-74.138010764,4.626984161999985],[-74.13801840500003,4.626921445999983],[-74.138051894,4.626578379000023],[-74.13808918500001,4.626226626000005],[-74.13810308799998,4.626066310999988],[-74.1381068,4.625999563999983],[-74.13810291300001,4.625930735999987],[-74.13810171099999,4.625909466999985],[-74.138099324,4.625908283000001],[-74.138094153,4.625909358000001],[-74.13808298100003,4.626015202000019],[-74.13801333599997,4.626689645999988],[-74.13797949500002,4.627039907999972],[-74.137967677,4.627145208999991]]]},"properties":{"SEPCODIGO":521633,"SEPCIV":8005344,"SEPMATERIA":1,"OBJECTID":114447}},{"type":"Feature","id":114448,"geometry":{"type":"Polygon","coordinates":[[[-74.14270587800002,4.6308918240000025],[-74.142743182,4.630899370000009],[-74.14274578700002,4.630899897000006],[-74.14275885299998,4.630755867999994],[-74.14275748300003,4.6307557320000114],[-74.142366047,4.630716778000021],[-74.14227323900002,4.630707501000018],[-74.14226944400002,4.630764548000002],[-74.14226688399998,4.6308030280000025],[-74.14230679299999,4.630811100000017],[-74.142346702,4.63081917300002],[-74.14238661000002,4.630827244999978],[-74.14242651900003,4.630835317999981],[-74.14246642799998,4.6308433899999955],[-74.142506336,4.630851462999999],[-74.14254624400002,4.630859535000013],[-74.14258615199998,4.630867608000017],[-74.14262606099999,4.630875679999974],[-74.14266597,4.630883751999988],[-74.14270587800002,4.6308918240000025]]]},"properties":{"SEPCODIGO":900053,"SEPCIV":8013658,"SEPMATERIA":2,"OBJECTID":114448}},{"type":"Feature","id":114470,"geometry":{"type":"Polygon","coordinates":[[[-74.13836794299993,4.625915408000026],[-74.13836645885318,4.625913596822874],[-74.13836468864932,4.625912064036995],[-74.13836268382816,4.625910854183129],[-74.13836050264717,4.625910002418044],[-74.13835820848863,4.625909533492915],[-74.13835586801774,4.625909461034092],[-74.13835354924552,4.625909787147132],[-74.13835131955248,4.6259105023556195],[-74.13834924373056,4.625911585876533],[-74.1383473821004,4.625913006224177],[-74.13834578875856,4.625914722125112],[-74.13834451000544,4.625916683717508],[-74.13834358299994,4.6259188340000605],[-74.13831848999996,4.626155210000036],[-74.13829289699999,4.62643618200002],[-74.13824494799997,4.626871325000025],[-74.13824691999997,4.62687687500005],[-74.13824948799999,4.626878845000022],[-74.13825186599996,4.62687743500004],[-74.13826951699997,4.626817780000067],[-74.13827575799996,4.626796686000034],[-74.13829463299999,4.626707023000051],[-74.13829979499997,4.62667549400004],[-74.13832058099996,4.626465832000065],[-74.13834760099996,4.6261540690000515],[-74.13836198099995,4.6259881590000305],[-74.13837019199997,4.625921002000041],[-74.13836971916814,4.625919033824218],[-74.13836896411,4.625917155747218],[-74.13836794299993,4.625915408000026]]]},"properties":{"SEPCODIGO":521629,"SEPCIV":8005344,"SEPMATERIA":1,"OBJECTID":114470}},{"type":"Feature","id":114480,"geometry":{"type":"Polygon","coordinates":[[[-74.137967677,4.627145208999991],[-74.13794802400002,4.627320339999983],[-74.13793297699999,4.627461843999981],[-74.13793283299998,4.627463959000011],[-74.13793291799999,4.627464253000028],[-74.13793293399999,4.627464310999983],[-74.13793300700002,4.627464529000008],[-74.13793303900002,4.627464605],[-74.13793306100001,4.627464655999972],[-74.13793319899997,4.627464941000028],[-74.13793322100003,4.627464986999996],[-74.13793326400003,4.627465066000013],[-74.13793339099999,4.627465260000008],[-74.13793341500002,4.627465298000004],[-74.137933605,4.627465560000019],[-74.137933632,4.627465592000021],[-74.13793386200001,4.627465835999999],[-74.137933884,4.627465858999983],[-74.137934014,4.627465986000004],[-74.13793413500002,4.627466087000016],[-74.13793415599997,4.627466104000007],[-74.137934449,4.6274663230000215],[-74.137934487,4.627466348999974],[-74.137934766,4.627466506000019],[-74.13793501100002,4.627466630000015],[-74.13793509599998,4.627466663999996],[-74.13793544100002,4.627466786000014],[-74.137935573,4.6274668259999885],[-74.13793579600002,4.627466873000003],[-74.13793615700001,4.627466933999983],[-74.137936519,4.627466946000027],[-74.137936691,4.627466944999981],[-74.13793674700003,4.627466944999981],[-74.13793688200002,4.627466932999994],[-74.13793724099997,4.627466883000011],[-74.13793727400002,4.627466877000018],[-74.13793732900001,4.62746686600002],[-74.13793759200001,4.627466794999975],[-74.13793763199999,4.6274667829999885],[-74.137937894,4.627466697999978],[-74.137937937,4.627466680999987],[-74.13793798299997,4.627466659999982],[-74.137938265,4.627466527000024],[-74.137938319,4.6274665000000255],[-74.137938426,4.627466443000003],[-74.13793858000003,4.627466346000006],[-74.137938636,4.627466305999974],[-74.13793887700001,4.627466136999999],[-74.13793891199998,4.627466109000011],[-74.137938937,4.627466088000006],[-74.13793914799999,4.62746589599999],[-74.13793920900002,4.6274658350000095],[-74.13793934,4.627465702999984],[-74.1379394,4.627465633999975],[-74.137939458,4.6274655589999725],[-74.13793962199998,4.627465346999998],[-74.13793968200002,4.627465261999987],[-74.1379397,4.627465234999988],[-74.13793981499998,4.627465039000015],[-74.13793986799999,4.627464939999982],[-74.13793998599999,4.627464717999999],[-74.13796596100002,4.627228715000001],[-74.13797327700001,4.627160548999996],[-74.13797544800002,4.627145875999986],[-74.137967677,4.627145208999991]]]},"properties":{"SEPCODIGO":521616,"SEPCIV":8005215,"SEPMATERIA":1,"OBJECTID":114480}},{"type":"Feature","id":114481,"geometry":{"type":"Polygon","coordinates":[[[-74.13821876599997,4.627166754000029],[-74.13824943999998,4.627169385000059],[-74.13825966599995,4.627068078000036],[-74.13827162699994,4.6269508940000605],[-74.13827148796669,4.62695021846969],[-74.13827123439624,4.626949577085602],[-74.13827087390348,4.626948989108995],[-74.13827041731425,4.626948472197208],[-74.13826987834022,4.6269480418734545],[-74.13826927316718,4.62694771106065],[-74.13826861996887,4.626947489693326],[-74.13826793836128,4.626947384419298],[-74.13826724881356,4.626947398400013],[-74.13826657203329,4.626947531215623],[-74.13826592834464,4.626947778877583],[-74.13826533707801,4.626948133948438],[-74.13826481598957,4.626948585765166],[-74.13826438072793,4.626949120759404],[-74.13826404436432,4.626949722864911],[-74.13826381699994,4.626950374000046],[-74.1382473156251,4.6270063354557465],[-74.13823393499996,4.627063124000074],[-74.13822359199997,4.627121381000052],[-74.13821876599997,4.627166754000029]]]},"properties":{"SEPCODIGO":521627,"SEPCIV":8005344,"SEPMATERIA":1,"OBJECTID":114481}},{"type":"Feature","id":114482,"geometry":{"type":"Polygon","coordinates":[[[-74.138058221,4.6271529780000265],[-74.13815755799999,4.6271615019999786],[-74.13818856199998,4.626847622000014],[-74.13822220499998,4.6265195159999735],[-74.13822039500002,4.6264673680000215],[-74.13821600900002,4.6263260619999755],[-74.13821766699999,4.626275721000013],[-74.138247976,4.625958525999977],[-74.13824952599998,4.6259324200000265],[-74.138249148,4.625921536000021],[-74.13824360799998,4.625908482999989],[-74.13824114599998,4.625906172999976],[-74.13823328400002,4.625898792999976],[-74.13821994199998,4.625894119000009],[-74.13820584299998,4.625895266999976],[-74.13819342,4.6259020279999845],[-74.138184781,4.625913255],[-74.13818140199999,4.625927022999974],[-74.13809800799999,4.626756855999986],[-74.138058221,4.6271529780000265]]]},"properties":{"SEPCODIGO":521631,"SEPCIV":8005344,"SEPMATERIA":5,"OBJECTID":114482}},{"type":"Feature","id":114483,"geometry":{"type":"Polygon","coordinates":[[[-74.13783937199997,4.628467523999973],[-74.13786664000003,4.628469485999972],[-74.13787143600001,4.628421629000002],[-74.13788371499999,4.628294342999993],[-74.13785257199999,4.628291961000002],[-74.13783814800001,4.628452660999983],[-74.137838671,4.628462233999983],[-74.13783937199997,4.628467523999973]]]},"properties":{"SEPCODIGO":522010,"SEPCIV":8012420,"SEPMATERIA":1,"OBJECTID":114483}},{"type":"Feature","id":114484,"geometry":{"type":"Polygon","coordinates":[[[-74.13808756499998,4.628485388999991],[-74.138117556,4.62848754800001],[-74.13813488800002,4.628313547999994],[-74.13810298099997,4.628311108999981],[-74.13808841100001,4.62846258899998],[-74.13808756499998,4.628485388999991]]]},"properties":{"SEPCODIGO":522006,"SEPCIV":8012420,"SEPMATERIA":1,"OBJECTID":114484}},{"type":"Feature","id":114485,"geometry":{"type":"Polygon","coordinates":[[[-74.13808756499998,4.628485389000048],[-74.13808755399998,4.628485691000037],[-74.13808749899994,4.628487169000039],[-74.13808713099996,4.62849708400006],[-74.13808743099997,4.6285089580000545],[-74.13809146332575,4.628538642766154],[-74.13809740999994,4.628568004000044],[-74.13810265399997,4.628595509000036],[-74.13810250841884,4.628595855799016],[-74.13810242485455,4.628596222514721],[-74.13810240581336,4.6285965981486275],[-74.13810245186633,4.628596971434739],[-74.13810256163227,4.6285973311774775],[-74.13810273181906,4.6285976665874555],[-74.13810295732249,4.628597967605072],[-74.13810323137925,4.62859822520222],[-74.13810354576985,4.628598431653058],[-74.1381038910651,4.628598580765724],[-74.13810425690892,4.628598668068036],[-74.13810463232895,4.628598690941628],[-74.1381050060656,4.628598648700475],[-74.13810536690978,4.628598542611472],[-74.13810570403906,4.628598375856437],[-74.1381060073423,4.628598153436678],[-74.13810626772282,4.628597882022999],[-74.1381064773713,4.628597569755625],[-74.13810662999998,4.628597226000068],[-74.13810672899996,4.628596228000049],[-74.13811735799999,4.628489534000039],[-74.13811755599994,4.6284875480000665],[-74.13808756499998,4.628485389000048]]]},"properties":{"SEPCODIGO":91032514,"SEPCIV":8004900,"SEPMATERIA":1,"OBJECTID":114485}},{"type":"Feature","id":114486,"geometry":{"type":"Polygon","coordinates":[[[-74.13792688799998,4.628473822999979],[-74.13802444700002,4.628480845000013],[-74.13803256699998,4.628399520000016],[-74.13804193200002,4.6283064410000065],[-74.13794439100002,4.628298982999979],[-74.13793390299998,4.6284034600000155],[-74.13792688799998,4.628473822999979]]]},"properties":{"SEPCODIGO":522008,"SEPCIV":8012420,"SEPMATERIA":1,"OBJECTID":114486}},{"type":"Feature","id":114531,"geometry":{"type":"Polygon","coordinates":[[[-74.14298410100002,4.630943609999974],[-74.14299775199999,4.630945890000021],[-74.14300102700003,4.630946372999972],[-74.143001921,4.630945118999989],[-74.14300427299997,4.630941946000007],[-74.143006678,4.630938808999986],[-74.14300913699998,4.630935717999989],[-74.143011651,4.63093266300001],[-74.14301421800002,4.630929660999982],[-74.14301683999997,4.630926706000025],[-74.14301950700002,4.630923795000001],[-74.14302222700002,4.630920929000013],[-74.14302499299998,4.6309181089999925],[-74.143027813,4.6309153430000265],[-74.143030678,4.6309126219999825],[-74.14303358699999,4.630909955999982],[-74.143036542,4.630907334000028],[-74.14303955100002,4.630904767000004],[-74.14304259599999,4.630902262999996],[-74.143045686,4.630899804000023],[-74.14304882099998,4.630897399999981],[-74.14305199199998,4.630895049000003],[-74.14305520900001,4.630892753000012],[-74.14305846100001,4.630890521000026],[-74.14306174900003,4.6308883419999916],[-74.14306508200002,4.6308862180000006],[-74.14306844200001,4.630884157000025],[-74.14307184799998,4.630882159000009],[-74.14307528,4.63088021599998],[-74.14307874899998,4.630878336000023],[-74.14308225299999,4.630876510000007],[-74.143085784,4.630874747000007],[-74.14308934299999,4.630873056999974],[-74.143092937,4.630871420000005],[-74.14309655,4.630869847999975],[-74.143100199,4.6308683380000275],[-74.14310387400002,4.630866891999972],[-74.143107568,4.630865518000007],[-74.143111288,4.630864197999983],[-74.14311502700002,4.630862950999983],[-74.14311731499998,4.630862218000004],[-74.143119721,4.630861548999974],[-74.14312214400002,4.630860917000007],[-74.14312457599999,4.630860328999972],[-74.14312701799997,4.630859778000001],[-74.14312945900002,4.630859272000009],[-74.143131918,4.630858810999996],[-74.14313438699998,4.630858395000018],[-74.14313686399998,4.630858015000001],[-74.14313934199998,4.630857690000028],[-74.14314182800001,4.630857400000025],[-74.14314431499997,4.630857146999972],[-74.143146801,4.6308569490000195],[-74.14314930500001,4.630856785999981],[-74.14315180099999,4.630856676999997],[-74.14315429599998,4.6308566050000195],[-74.14315680099998,4.630856578000021],[-74.14315929600002,4.6308565869999825],[-74.14316180100002,4.630856649999998],[-74.14316429600001,4.630856750000021],[-74.143166791,4.630856893999976],[-74.14316928699998,4.630857084000013],[-74.143171773,4.630857318999972],[-74.14317426000002,4.630857590000005],[-74.14317673699998,4.630857916000025],[-74.14317780900001,4.630858061000026],[-74.14320207899999,4.630860826999992],[-74.143214758,4.630862636000018],[-74.14328655499997,4.630872882999995],[-74.14329558899999,4.630809151999983],[-74.143294707,4.630809048999993],[-74.143256248,4.630805149000025],[-74.14310552299997,4.630789865999986],[-74.14278995500001,4.630758082],[-74.14278993699997,4.630758234999973],[-74.14278990999998,4.630758379999975],[-74.142789892,4.630758524999976],[-74.14278985599998,4.6307586780000065],[-74.14278982899998,4.630758823000008],[-74.14278979300002,4.630758968000009],[-74.142789757,4.630759112000021],[-74.14278972099999,4.6307592570000224],[-74.142789676,4.630759402000024],[-74.14278963999999,4.630759545999979],[-74.14278959500001,4.6307596820000185],[-74.14278954000002,4.630759825999974],[-74.14278949499999,4.630759970999975],[-74.14278944099999,4.630760107000015],[-74.14278937799997,4.630760242000008],[-74.14278932399998,4.630760387000009],[-74.14278926100002,4.630760522000003],[-74.142789198,4.630760657999986],[-74.14278913499999,4.630760794000025],[-74.14278907200003,4.63076092],[-74.142789,4.630761055999983],[-74.14278892800002,4.630761190999976],[-74.14278885599998,4.630761317999998],[-74.14278877499999,4.6307614439999725],[-74.14278869399999,4.630761570999994],[-74.142788613,4.630761698000015],[-74.14278853100001,4.63076182399999],[-74.14278845000001,4.630761951000011],[-74.14278836,4.630762068000024],[-74.14278826999998,4.630762186000027],[-74.14278818000003,4.630762302999983],[-74.14278808099999,4.630762420999986],[-74.14278799099998,4.630762537999999],[-74.142787892,4.630762646999983],[-74.14278779300002,4.630762763999996],[-74.14278768499997,4.630762872999981],[-74.142787586,4.630762980999975],[-74.14278747700001,4.630763090000016],[-74.14278736900002,4.6307631889999925],[-74.14278726100002,4.630763297999977],[-74.14278715299997,4.63076339700001],[-74.14278703600002,4.630763495999986],[-74.14278692800002,4.63076358699999],[-74.14278681100001,4.630763686000023],[-74.142786694,4.630763777000027],[-74.14278657699998,4.630763866999985],[-74.14278645000002,4.630763956999999],[-74.142786333,4.630764038999985],[-74.14278620699997,4.630764128999999],[-74.142786081,4.630764210999985],[-74.14278595500002,4.630764291999981],[-74.14278582899999,4.630764364000015],[-74.142785694,4.630764446000001],[-74.14278556800002,4.630764517999978],[-74.14278543199998,4.630764580999994],[-74.14278530600001,4.630764653000028],[-74.14278517100001,4.630764716999977],[-74.14278503600002,4.630764779999993],[-74.14278490100003,4.630764843000009],[-74.14278475700002,4.630764907000014],[-74.14278462200002,4.630764961000011],[-74.14278447700002,4.630765015000009],[-74.14278434200003,4.630765069000006],[-74.14278419800002,4.630765113999985],[-74.142784054,4.63076516000001],[-74.14278391900001,4.630765204999989],[-74.142783775,4.6307652500000245],[-74.14278363099999,4.630765285999985],[-74.14278348699997,4.630765322000002],[-74.14278333300001,4.630765359000009],[-74.142783189,4.630765395000026],[-74.14278304499999,4.6307654220000245],[-74.14278290099998,4.630765449000023],[-74.142782748,4.630765476000022],[-74.14278260399999,4.630765494000002],[-74.14278245100002,4.630765511999982],[-74.14278230600002,4.630765530000019],[-74.14278215299998,4.630765547999999],[-74.14278200899997,4.630765557000018],[-74.142781856,4.63076556599998],[-74.14278171199999,4.63076556599998],[-74.14278155900001,4.630765574999998],[-74.142781415,4.630765574999998],[-74.14278126099998,4.630765574999998],[-74.14278111700003,4.63076556599998],[-74.142780964,4.630765557000018],[-74.14278081100002,4.630765547999999],[-74.14278066700001,4.630765538999981],[-74.14278051399998,4.630765521000001],[-74.14278036899998,4.6307655030000205],[-74.14278022500002,4.6307654849999835],[-74.142780072,4.630765467000003],[-74.14277992799998,4.630765440000005],[-74.14277978400003,4.630765413000006],[-74.142779631,4.630765386000007],[-74.14277948699998,4.630765349000001],[-74.14277934199998,4.6307653129999835],[-74.14277919800003,4.630765277000023],[-74.14277905400002,4.6307652319999875],[-74.14277891,4.630765196000027],[-74.14277876599999,4.630765150999991],[-74.142778631,4.630765096000005],[-74.14277848699999,4.630765051000026],[-74.142778352,4.630764997000028],[-74.14277820699999,4.630764942999974],[-74.142778072,4.630764879000026],[-74.142777937,4.630764825000028],[-74.14277780200001,4.6307647620000125],[-74.14277766700002,4.630764698999997],[-74.14277753200003,4.630764625999973],[-74.142777406,4.630764563000014],[-74.14277727000001,4.630764490999979],[-74.14277714399998,4.6307644180000125],[-74.14277700899999,4.630764337000016],[-74.14277688300001,4.63076425600002],[-74.14277675699998,4.630764182999997],[-74.14277664000002,4.630764092999982],[-74.14277651399999,4.630764011999986],[-74.14277639699998,4.630763920999982],[-74.142776271,4.630763831000024],[-74.142776153,4.63076374000002],[-74.14277603599999,4.630763650000006],[-74.14277592799999,4.630763550999973],[-74.14277581099998,4.630763460000026],[-74.14277570299998,4.6307633609999925],[-74.14277559499999,4.630763261000027],[-74.142775487,4.630763152999975],[-74.142775379,4.630763043999991],[-74.142775271,4.630762945000015],[-74.14277517099998,4.630762835999974],[-74.142775072,4.630762719000018],[-74.14277497299997,4.630762609999977],[-74.142774874,4.63076249300002],[-74.14277478399998,4.6307623850000255],[-74.14277469400002,4.630762267000023],[-74.14277460400001,4.63076214900002],[-74.142774514,4.630762022999988],[-74.14277442399998,4.630761904999986],[-74.14277434299999,4.630761779000011],[-74.14277426199999,4.63076165199999],[-74.14277418,4.630761526000015],[-74.14277410800003,4.630761398999994],[-74.14277402699997,4.630761273000019],[-74.142773955,4.6307611459999976],[-74.14277389199998,4.630761010000015],[-74.14277382,4.630760875000021],[-74.14277375699999,4.630760738999982],[-74.14277369400003,4.630760613000007],[-74.14277363100001,4.630760468000005],[-74.142773568,4.630760333000012],[-74.142773514,4.630760196999972],[-74.14277346,4.6307600609999895],[-74.142773406,4.630759916999978],[-74.14277336100002,4.630759780999995],[-74.14277331599999,4.630759635999993],[-74.14277327100001,4.6307594919999815],[-74.14277322599997,4.63075934699998],[-74.14277319000001,4.630759203000025],[-74.142773154,4.630759058000024],[-74.14277311699999,4.630758913000022],[-74.14277308999999,4.6307587690000105],[-74.14277306299999,4.630758624000009],[-74.142773036,4.630758479000008],[-74.142773009,4.630758325999977],[-74.14277299100002,4.630758180999976],[-74.14277297299998,4.630758027000013],[-74.142772955,4.630757883000001],[-74.14277294599998,4.630757738],[-74.142772928,4.630757585000026],[-74.14277291899998,4.630757440000025],[-74.14277291899998,4.630757268000025],[-74.14275885299998,4.630755867999994],[-74.14274578700002,4.630899897000006],[-74.14277122499999,4.630905041999995],[-74.14278561600003,4.63090784100001],[-74.14282531600003,4.6309154919999855],[-74.14286503099999,4.630923043999985],[-74.14288431699998,4.630926674000023],[-74.14290480400001,4.630930206000016],[-74.14294462700002,4.6309369929999775],[-74.14298410100002,4.630943609999974]]]},"properties":{"SEPCODIGO":24180760,"SEPCIV":8013659,"SEPMATERIA":2,"OBJECTID":114531}},{"type":"Feature","id":114560,"geometry":{"type":"Polygon","coordinates":[[[-74.13737863799997,4.629391553000062],[-74.13735630798998,4.629392590933662],[-74.13733415799999,4.62939560500007],[-74.13733412199997,4.629395612000053],[-74.13729987299996,4.62940435400003],[-74.13721940199997,4.629440652000028],[-74.13706351499997,4.629510965000065],[-74.1370009582697,4.629545505960915],[-74.13694147499996,4.629585106000036],[-74.13666259499996,4.6297974860000295],[-74.1366375123102,4.629827269240031],[-74.13661734306245,4.62986057665896],[-74.13660257362487,4.629896605070301],[-74.13659356015272,4.629934485672597],[-74.13659051999997,4.629973305000021],[-74.13659054699997,4.629977157000042],[-74.13659059599996,4.629984160000049],[-74.13659675699995,4.630021095000075],[-74.13660865699995,4.6300565840000445],[-74.13662599899999,4.630089741000063],[-74.13664833999997,4.630119735000051],[-74.13667513199994,4.630145814000059],[-74.13670367999998,4.630166117000044],[-74.13671619899998,4.630172497000046],[-74.13673393999994,4.630181539000034],[-74.13674881399999,4.630187578000061],[-74.13676185799994,4.630191718000049],[-74.13678141499997,4.630195195000056],[-74.13678733499995,4.630196247000072],[-74.13693697599996,4.630206154000064],[-74.13694849999996,4.630207293000069],[-74.13695872999995,4.6302083030000745],[-74.13696896199997,4.630209313000023],[-74.13697919699996,4.630210324000075],[-74.13698943499998,4.630211336000059],[-74.13699967799994,4.630212347000054],[-74.13700992699995,4.6302133600000275],[-74.13702018199996,4.630214372000069],[-74.13703044299996,4.630215386000032],[-74.13704071199999,4.630216400000052],[-74.13705098899999,4.63021741600005],[-74.13706127399996,4.63021843100006],[-74.13707157099998,4.630219448000048],[-74.13708187599997,4.630220466000026],[-74.13709219299994,4.63022148500005],[-74.13710252199996,4.630222506000052],[-74.13711286299997,4.630223526000066],[-74.13712321699995,4.630224550000037],[-74.13713358599995,4.630225574000065],[-74.13714396799998,4.630226599000025],[-74.13715436699994,4.630227626000021],[-74.13716478099997,4.630228655000053],[-74.13717521299998,4.630229686000064],[-74.13718566199998,4.6302307170000745],[-74.13719612899996,4.6302317510000535],[-74.13720661499997,4.6302327880000576],[-74.13721711999995,4.630233825000062],[-74.13722764699997,4.630234865000034],[-74.13723819499995,4.630235907000042],[-74.13724876399993,4.630236951000029],[-74.13725935599996,4.630237998000041],[-74.13726997099997,4.630239046000042],[-74.13728061099994,4.630240097000069],[-74.13729127399995,4.630241151000064],[-74.13730196399996,4.6302422070000375],[-74.13731267999998,4.630243266000036],[-74.13732342199995,4.630244327000071],[-74.13733419199997,4.630245391000074],[-74.13734499099996,4.630246458000045],[-74.13735581799995,4.630247528000041],[-74.13736667599994,4.630248601000062],[-74.13737756399996,4.630249676000062],[-74.13738848299994,4.630250756000066],[-74.13739441599995,4.630251342000065],[-74.13738212699997,4.630396094000048],[-74.13738210399998,4.630396363000045],[-74.13738139399999,4.630404722000037],[-74.13738103899993,4.630408909000039],[-74.13737900299998,4.630432893000034],[-74.13737889599997,4.630434154000056],[-74.13741014099998,4.630437413000038],[-74.13742709099995,4.630439180000053],[-74.13745443499994,4.630442032000076],[-74.13748733099999,4.630445463000058],[-74.13748933099998,4.630445655000074],[-74.13754127799996,4.630451089000076],[-74.13754133099997,4.630450567000025],[-74.13754223399997,4.630441351000059],[-74.13754495499995,4.6304135660000725],[-74.13754563399993,4.6304066400000465],[-74.13755988999998,4.630261104000056],[-74.13759499999998,4.6299026730000605],[-74.13759568899997,4.62989563900004],[-74.13760100899998,4.629841329000044],[-74.13761222399995,4.629737384000066],[-74.13761341199995,4.62972250200005],[-74.13761395499995,4.6297142280000685],[-74.13761545999995,4.629664536000064],[-74.13761479799996,4.629631558000028],[-74.13761404599995,4.62961638500002],[-74.13761404399997,4.6296163490000595],[-74.13761400699997,4.629615729000022],[-74.13761291399999,4.629599917000064],[-74.13761279299996,4.629598435000048],[-74.13761242799995,4.629594024000028],[-74.13761079699998,4.629577127000061],[-74.13759794810608,4.629538279302208],[-74.13757976899996,4.629501622000021],[-74.13756380313197,4.629477301622474],[-74.13754547999997,4.629454704000068],[-74.13753651699994,4.6294467500000565],[-74.13752164699997,4.629435725000064],[-74.13749947999997,4.629422146000024],[-74.13747734899994,4.629411480000044],[-74.13744543836762,4.6294004297746225],[-74.13741233637566,4.629393747404943],[-74.13737863799997,4.629391553000062]]]},"properties":{"SEPCODIGO":526773,"SEPCIV":8012650,"SEPMATERIA":2,"OBJECTID":114560}},{"type":"Feature","id":114561,"geometry":{"type":"Polygon","coordinates":[[[-74.13525123800002,4.630091323999977],[-74.135291478,4.630095940999979],[-74.13531816199998,4.630098968000027],[-74.13533172400003,4.630100506000019],[-74.13537197099998,4.630105038000011],[-74.13541222200001,4.630109516999994],[-74.13543887899999,4.6301124589999745],[-74.13545250700002,4.630113918999996],[-74.13547135099998,4.630115938000017],[-74.13549284999999,4.630118240999991],[-74.135533194,4.630122562999986],[-74.13557353800002,4.630126883999992],[-74.13561388199997,4.630131206999977],[-74.13565422599999,4.6301355279999825],[-74.13569457,4.630139849999978],[-74.135734915,4.630144171999973],[-74.13577525900001,4.630148494000025],[-74.13581560199998,4.63015281600002],[-74.13585594599999,4.6301571380000155],[-74.13589629,4.630161459000021],[-74.13593571199999,4.6301656819999835],[-74.13593663400002,4.630165782000006],[-74.13597695200002,4.63017044999998],[-74.13601714499998,4.6301752429999965],[-74.13603354000003,4.630177241000013],[-74.136057532,4.630180526000004],[-74.136097614,4.630186131000016],[-74.13609777599999,4.630186155999979],[-74.13613793600001,4.63019290699998],[-74.13616620300002,4.630197658999975],[-74.13616662599998,4.6301938870000185],[-74.136166161,4.630193793999979],[-74.13614428199998,4.6301894009999955],[-74.13611020899998,4.63018255999998],[-74.13588895499998,4.63014059599999],[-74.13556568299998,4.630077273999973],[-74.13549809300002,4.630064033999986],[-74.135324427,4.630035866000014],[-74.13525698199999,4.630024927000022],[-74.13525123800002,4.630091323999977]]]},"properties":{"SEPCODIGO":15002367,"SEPCIV":8012583,"SEPMATERIA":2,"OBJECTID":114561}},{"type":"Feature","id":114562,"geometry":{"type":"Polygon","coordinates":[[[-74.14293301499998,4.631052386000022],[-74.14296588299999,4.631053790999999],[-74.14297408599998,4.631054141999982],[-74.142972327,4.631035235000013],[-74.14297212499997,4.631033074000015],[-74.142976067,4.631015117999993],[-74.14297341100001,4.631014666999988],[-74.14293534299998,4.631008194000003],[-74.14289499199998,4.6310012640000195],[-74.142865944,4.630996274999973],[-74.14285467100001,4.630994110000017],[-74.14281443499999,4.630986381000014],[-74.14277419799998,4.630978653],[-74.142759608,4.6309758510000165],[-74.14273604200002,4.630971084000009],[-74.14273416999998,4.630970706000028],[-74.14273212500001,4.6310104300000035],[-74.14273032300002,4.631045437000012],[-74.142770762,4.631046667000021],[-74.14281120099997,4.63104789800002],[-74.14285164,4.631049126999983],[-74.14285782000002,4.631049314999984],[-74.142892308,4.6310507239999765],[-74.14293301499998,4.631052386000022]]]},"properties":{"SEPCODIGO":91037084,"SEPCIV":8013659,"SEPMATERIA":2,"OBJECTID":114562}},{"type":"Feature","id":114563,"geometry":{"type":"Polygon","coordinates":[[[-74.14272494400001,4.63118283],[-74.142845077,4.631194490999974],[-74.143034919,4.631212751000021],[-74.14303889199999,4.631210237999994],[-74.143038397,4.631207571999994],[-74.143019676,4.631190088999972],[-74.14299947,4.631164624999997],[-74.14298946999997,4.631146753999985],[-74.14298347900001,4.631133465999994],[-74.14298024200002,4.631126677999987],[-74.14297235499998,4.631126323999979],[-74.14293255000001,4.631124551000028],[-74.14289238200001,4.631122874000027],[-74.14285835099997,4.631121531000019],[-74.14285217100002,4.631121343000018],[-74.14281173199998,4.631120113000009],[-74.14277129300001,4.63111888200001],[-74.14273085399998,4.631117652],[-74.14272494400001,4.63118283]]]},"properties":{"SEPCODIGO":91037086,"SEPCIV":8013659,"SEPMATERIA":2,"OBJECTID":114563}},{"type":"Feature","id":114564,"geometry":{"type":"Polygon","coordinates":[[[-74.142709433,4.631353878000027],[-74.14312384800002,4.631391458999985],[-74.14312518000003,4.631376895000017],[-74.142710722,4.631339652999998],[-74.142709433,4.631353878000027]]]},"properties":{"SEPCODIGO":91037088,"SEPCIV":8013659,"SEPMATERIA":1,"OBJECTID":114564}},{"type":"Feature","id":114569,"geometry":{"type":"Polygon","coordinates":[[[-74.13714779200001,4.635459067999989],[-74.13724219400001,4.635483645000022],[-74.13728543600001,4.635273950999988],[-74.13733215899998,4.635020827999995],[-74.13740763200002,4.634562490999997],[-74.137452392,4.634231790999991],[-74.13750148700001,4.633751370000027],[-74.13757654099999,4.632993698000007],[-74.13747790500003,4.632983731000024],[-74.13747775799999,4.632985195999993],[-74.13735549299997,4.634203397000022],[-74.13730210199998,4.634608961000026],[-74.13726089199997,4.634865365999985],[-74.13722776399999,4.635057427999982],[-74.137179978,4.635303201999989],[-74.13714779200001,4.635459067999989]]]},"properties":{"SEPCODIGO":521587,"SEPCIV":8003644,"SEPMATERIA":5,"OBJECTID":114569}},{"type":"Feature","id":114588,"geometry":{"type":"Polygon","coordinates":[[[-74.13087375299995,4.633148750000032],[-74.13087022499997,4.633149601000071],[-74.1308668006267,4.633151042851441],[-74.13086365147457,4.633153014680149],[-74.1308608588936,4.633155465549203],[-74.13085849502275,4.633158332146872],[-74.13085662092638,4.633161540422171],[-74.13085528501682,4.633165007497778],[-74.13085452180377,4.633168643810947],[-74.13085435100284,4.633172355427124],[-74.1308547770262,4.633176046466504],[-74.13085578886867,4.633179621580828],[-74.13085736039196,4.633182988416454],[-74.13085945099994,4.633186060000071],[-74.13101962499996,4.633289863000073],[-74.13102732769609,4.633292977693626],[-74.13103543347766,4.63329480228903],[-74.13104372783964,4.633295288501621],[-74.13105199128653,4.63329442346465],[-74.13106000514094,4.633292230069778],[-74.13106755733048,4.63328876636129],[-74.13107444799994,4.633284124000056],[-74.13111496999994,4.633236769000064],[-74.13111836573646,4.633231240419006],[-74.13112081916357,4.63322523401156],[-74.1311222652238,4.633218909049517],[-74.13112266557198,4.633212433251779],[-74.13112200959209,4.633205978336953],[-74.13112031467875,4.633199715469896],[-74.13111762577593,4.633193810722938],[-74.13111401418523,4.633188420672142],[-74.13110957567511,4.633183688245387],[-74.13110442794148,4.633179738932343],[-74.1310987074867,4.633176677456872],[-74.13109256599995,4.633174585000063],[-74.13087375299995,4.633148750000032]]]},"properties":{"SEPCODIGO":91032526,"SEPCIV":8004022,"SEPMATERIA":3,"OBJECTID":114588}},{"type":"Feature","id":114607,"geometry":{"type":"Polygon","coordinates":[[[-74.14003992799996,4.630830014000026],[-74.14006632199994,4.630832653000027],[-74.14006725999997,4.630832747000056],[-74.14010762199996,4.630836783000063],[-74.14014798499994,4.630840818000024],[-74.14018834799998,4.630844854000031],[-74.14022871099996,4.630848890000038],[-74.14026907399995,4.6308529260000455],[-74.14030943699998,4.630856962000053],[-74.14034979999997,4.63086099700007],[-74.14039016099997,4.6308650330000205],[-74.14043052399995,4.630869068000038],[-74.14047088699994,4.630873105000035],[-74.14051124999997,4.630877140000052],[-74.14055161299996,4.630881176000059],[-74.14059197599994,4.63088521100002],[-74.14063233899998,4.630889247000027],[-74.14067270099997,4.630893283000034],[-74.14071306399995,4.630897318000052],[-74.14072726999996,4.630898739000031],[-74.14075342699994,4.630901355000049],[-74.14076073199993,4.630796908000036],[-74.14077160599999,4.630641457000024],[-74.14074933399996,4.63063820900004],[-74.14073139799996,4.6306355940000685],[-74.14071169099998,4.630632719000062],[-74.14069118999998,4.63062972900002],[-74.14065319899998,4.630624189000059],[-74.14065098099996,4.630623865000075],[-74.14062863199996,4.630620605000047],[-74.14028272699994,4.630580330000043],[-74.14005306099995,4.630561253000053],[-74.14004921499998,4.630560933000027],[-74.14004403999996,4.63071085200005],[-74.14004380599994,4.6307176080000545],[-74.14011250399994,4.630731668000067],[-74.14011279599998,4.630731732000072],[-74.14010854099996,4.630751318000023],[-74.14009194099998,4.630747233000022],[-74.14004556399993,4.63073672400003],[-74.14004316499995,4.630736216000059],[-74.14003992799996,4.630830014000026]]]},"properties":{"SEPCODIGO":91037059,"SEPCIV":8004470,"SEPMATERIA":2,"OBJECTID":114607}},{"type":"Feature","id":114608,"geometry":{"type":"Polygon","coordinates":[[[-74.1400372,4.630909052999982],[-74.14008435800002,4.630916000000013],[-74.14019462499999,4.630932244999997],[-74.14020126899999,4.630932944999984],[-74.14022690299998,4.630935643999976],[-74.14023858600001,4.630936775000009],[-74.14052582300002,4.63096458199999],[-74.14074838599998,4.630986367999981],[-74.14074905400003,4.630973195000024],[-74.14072778100001,4.630971068000008],[-74.14070869099999,4.630969159000017],[-74.140668329,4.63096512300001],[-74.14062796600001,4.630961087000003],[-74.14058760299997,4.630957050999996],[-74.14054723999999,4.630953014999989],[-74.140506878,4.630948977999992],[-74.14046651500001,4.630944941999985],[-74.14042615300002,4.630940905999978],[-74.14038578999998,4.630936870000028],[-74.140345427,4.630932834000021],[-74.14033008400003,4.630931361000023],[-74.14030506400002,4.630928797000024],[-74.14026470099998,4.630924760000028],[-74.140224338,4.6309207240000205],[-74.140183976,4.630916685999978],[-74.140143609,4.630912717000001],[-74.14012452700001,4.63091080800001],[-74.140103264,4.6309083890000124],[-74.14008219200002,4.63090599100002],[-74.140062935,4.630903799999999],[-74.140022606,4.630899210999985],[-74.140013571,4.630898182999999],[-74.140002014,4.630896867999979],[-74.13998706000001,4.630894754999986],[-74.13998699000001,4.630896656999994],[-74.13998693100001,4.630898258000002],[-74.13998681700002,4.630901370999993],[-74.14002474699998,4.630907218999994],[-74.1400372,4.630909052999982]]]},"properties":{"SEPCODIGO":91037058,"SEPCIV":8004470,"SEPMATERIA":1,"OBJECTID":114608}},{"type":"Feature","id":114609,"geometry":{"type":"Polygon","coordinates":[[[-74.13862094399997,4.630532454000047],[-74.13862076999999,4.630534968000063],[-74.13862039699995,4.630540384000028],[-74.13864672999995,4.630543209000052],[-74.13865639399995,4.630544245000067],[-74.13878219499998,4.63055773800005],[-74.13883068199993,4.630562939000072],[-74.13909965099998,4.630592772000057],[-74.13910545799996,4.63059350900005],[-74.13936211899994,4.630626131000042],[-74.13938874299998,4.6306295150000665],[-74.13939245799997,4.63062998700002],[-74.13958518499999,4.630654482000068],[-74.13985405199998,4.630688208000038],[-74.13992775814056,4.63069799914473],[-74.14000116899996,4.630709802000069],[-74.14004363399994,4.630717576000052],[-74.14004380599994,4.6307176080000545],[-74.14004403999996,4.63071085200005],[-74.14004921499998,4.630560933000027],[-74.14001636299997,4.630558205000057],[-74.13975834099995,4.6305468410000685],[-74.13945860599995,4.630541457000049],[-74.13940035499996,4.630541310000069],[-74.13938792299996,4.630541279000056],[-74.13936967999996,4.630541233000031],[-74.13936361799995,4.630541218000076],[-74.13922084499995,4.630540856000039],[-74.13902896699994,4.63053846300005],[-74.13891336399996,4.6305366680000475],[-74.13880021799997,4.630529645000024],[-74.13879775999999,4.630529492000051],[-74.13878530099998,4.630528607000031],[-74.13869341599997,4.630523932000074],[-74.13867217399996,4.63052285200007],[-74.13864089899994,4.630521263000048],[-74.13863892599994,4.6305211600000575],[-74.13862234399994,4.630519512000035],[-74.13861219399996,4.630518503000076],[-74.13860203999997,4.63051749300007],[-74.13859187999998,4.630516484000054],[-74.13858171299995,4.630515474000049],[-74.13857153999999,4.630514463000054],[-74.13856136099997,4.63051345100007],[-74.13855117299994,4.630512438000039],[-74.13854097699993,4.630511425000066],[-74.13853077099998,4.630510411000046],[-74.13852055599995,4.630509395000047],[-74.13851032999997,4.630508379000048],[-74.13850009399994,4.63050736200006],[-74.13848984499998,4.630506343000036],[-74.13847958399998,4.630505323000023],[-74.13846930799997,4.63050430100003],[-74.13845901999997,4.630503279000038],[-74.13844871699996,4.630502255000067],[-74.13843839899994,4.63050123000005],[-74.13842806399998,4.630500203000054],[-74.13841771399996,4.630499173000032],[-74.13840734599995,4.630498142000022],[-74.13839696099996,4.630497111000068],[-74.13838655599994,4.630496076000043],[-74.13837820399993,4.63049524500002],[-74.13837613199996,4.630495039000039],[-74.13836568899995,4.6304940020000345],[-74.13835522599999,4.630492961000073],[-74.13834473999998,4.630491919000065],[-74.13833423399996,4.6304908740000315],[-74.13832370399996,4.630489828000066],[-74.13831315099998,4.630488779000075],[-74.13830257499995,4.630487727000059],[-74.13829197399997,4.630486673000064],[-74.13828134799996,4.630485616000044],[-74.13827069599995,4.630484557000045],[-74.13826001799998,4.630483496000068],[-74.13824931199997,4.630482431000075],[-74.13823857799997,4.6304813640000475],[-74.13822781599998,4.630480293000062],[-74.13822213699996,4.630479729000058],[-74.13821945499996,4.630479462000039],[-74.13821935199996,4.630479452000031],[-74.13821838199993,4.630479355000034],[-74.13821702499996,4.630479220000041],[-74.13820620399997,4.630478144000051],[-74.13819535199997,4.630477065000036],[-74.13818446899995,4.6304759830000535],[-74.13817355499998,4.630474897000056],[-74.13816568799996,4.630474115000027],[-74.13816517799995,4.630481091000036],[-74.13816470099994,4.630487619000064],[-74.13837696999997,4.630508469000063],[-74.13837741099996,4.630508512000063],[-74.13837749599998,4.630507774000023],[-74.13837752199998,4.630507546000047],[-74.13837753699994,4.630507420000072],[-74.13837773099993,4.630505740000046],[-74.13862094399997,4.630532454000047]]]},"properties":{"SEPCODIGO":24180771,"SEPCIV":8014928,"SEPMATERIA":2,"OBJECTID":114609}},{"type":"Feature","id":114610,"geometry":{"type":"Polygon","coordinates":[[[-74.13801413699997,4.630504998000049],[-74.13809319899997,4.630514111000025],[-74.13814106799998,4.630519628000059],[-74.13815630299996,4.630521384000076],[-74.13816218299996,4.630522062000068],[-74.13816306999996,4.630509931000063],[-74.13816470099994,4.630487619000064],[-74.13816517799995,4.630481091000036],[-74.13816568799996,4.630474115000027],[-74.13816583199997,4.630472144000066],[-74.13817631899997,4.6303286640000465],[-74.13818486199995,4.630329509000035],[-74.13819757099998,4.630330767000032],[-74.13821021199993,4.630332018000047],[-74.13822277799994,4.630333262000022],[-74.13823526299996,4.630334496000046],[-74.13824766499994,4.630335724000076],[-74.13825997599997,4.630336943000032],[-74.13827219199999,4.630338152000036],[-74.13828430899997,4.6303393500000425],[-74.13829631999994,4.630340539000031],[-74.13830822199998,4.630341717000022],[-74.13832000899998,4.630342883000026],[-74.13833167499996,4.6303440380000325],[-74.13834321699994,4.630345181000052],[-74.13835462799995,4.63034631000005],[-74.13836590499994,4.630347426000071],[-74.13837704099996,4.63034852800007],[-74.13838803299996,4.630349616000046],[-74.13839887399996,4.630350689000068],[-74.13840955999996,4.63035174700002],[-74.13842008599994,4.630352789000028],[-74.13843044699996,4.6303538140000455],[-74.13844063799996,4.6303548230000615],[-74.13845065299995,4.6303558140000405],[-74.13846048799996,4.630356788000029],[-74.13847013699996,4.630357742000058],[-74.13847959599997,4.6303586790000395],[-74.13848885999994,4.630359596000062],[-74.13849792299999,4.630360493000069],[-74.13850678099993,4.63036137000006],[-74.13851542799995,4.630362226000045],[-74.13852386099995,4.630363060000036],[-74.13853207199998,4.630363874000068],[-74.13854005799993,4.630364664000069],[-74.13854781399993,4.63036543100003],[-74.13855533399999,4.630366176000052],[-74.13856261299998,4.6303668970000444],[-74.13856964699994,4.630367593000074],[-74.13857642899995,4.630368264000026],[-74.13858295699998,4.6303689100000724],[-74.13858922399999,4.630369530000053],[-74.13859522399997,4.630370124000024],[-74.13860095499996,4.630370692000042],[-74.13860640899998,4.630371232000073],[-74.13861158199995,4.630371744000058],[-74.13861646999999,4.630372228000056],[-74.13862106699997,4.6303726830000755],[-74.13862536799996,4.630373109000061],[-74.13862936799995,4.630373505000023],[-74.13863306199994,4.630373871000074],[-74.13863644499997,4.6303742050000665],[-74.13863951199994,4.630374509000035],[-74.13864225799995,4.630374781000057],[-74.13864467799993,4.63037502100002],[-74.13864676699995,4.630375227000059],[-74.13864851999995,4.630375400000048],[-74.13864993199996,4.630375541000035],[-74.13865099799995,4.630375646000061],[-74.13865171199996,4.6303757170000495],[-74.13865211399997,4.630375757000024],[-74.13882455299995,4.630396482000037],[-74.13883305099995,4.630397282000047],[-74.13884235699999,4.630396425000072],[-74.13888026799998,4.630391921000069],[-74.13894965299994,4.630379412000025],[-74.13896233537653,4.63037095452298],[-74.13897342464321,4.630360495089013],[-74.13898260841898,4.630348328336911],[-74.13898962799993,4.630334797000046],[-74.13899762298287,4.630306536900893],[-74.13900157502944,4.630277434765506],[-74.13900140599998,4.630248066000036],[-74.13899741399996,4.630219271000044],[-74.13898923299996,4.630186108000032],[-74.13897820699998,4.63015598100003],[-74.13896506899994,4.630130593000047],[-74.13895599999995,4.630115554000042],[-74.13891859799998,4.630053525000051],[-74.13887724599994,4.629984946000036],[-74.13882727499998,4.629902073000039],[-74.13872303599999,4.629727348000074],[-74.13870448699998,4.629697020000037],[-74.13867409199997,4.6296570020000445],[-74.13863832581477,4.629625506950586],[-74.13859861016029,4.629599166393758],[-74.13855568241101,4.629578469377379],[-74.13851033957826,4.629563800169361],[-74.13846342351265,4.629555431123255],[-74.13841580527395,4.629553517621644],[-74.13836836895874,4.629558095191257],[-74.1383219952859,4.629569078843363],[-74.138277545245,4.629586264651708],[-74.13823584411074,4.629609333538675],[-74.13819766612069,4.629637857199389],[-74.13816372010052,4.629671306053772],[-74.13813463630369,4.6297090590789125],[-74.13811095470997,4.629750415339186],[-74.13809311499995,4.629794607000065],[-74.13808463099997,4.629824884000072],[-74.13807831399998,4.629847430000041],[-74.13807400699994,4.629893233000075],[-74.13806177799995,4.630027811000048],[-74.13805648299996,4.630086081000059],[-74.13805489399994,4.6300999580000735],[-74.13803919299994,4.63023712200004],[-74.13803250399997,4.63030900900003],[-74.13803219499994,4.630312330000038],[-74.13803125199996,4.630322427000067],[-74.13802330599998,4.630407210000044],[-74.13802274699998,4.630413166000039],[-74.13801980699998,4.63044452500003],[-74.13801413699997,4.630504998000049]]]},"properties":{"SEPCODIGO":15002621,"SEPCIV":8012652,"SEPMATERIA":2,"OBJECTID":114610}},{"type":"Feature","id":114613,"geometry":{"type":"Polygon","coordinates":[[[-74.14479231600001,4.63124099800001],[-74.14483269700003,4.631244115000015],[-74.14483496000003,4.631209298999977],[-74.14483722400001,4.631174482000006],[-74.14483699200002,4.631171719000008],[-74.14483676700002,4.631169052000018],[-74.144833065,4.631168789000014],[-74.14479634899999,4.631166177000011],[-74.14475593100002,4.631163301000015],[-74.14471551399998,4.631160425000019],[-74.14467509600001,4.631157550000012],[-74.14463467799999,4.631154674000015],[-74.14459426100001,4.631151799000008],[-74.144553842,4.631148923000012],[-74.14451342500001,4.631146048000005],[-74.14447300699999,4.631143172000009],[-74.14443258900002,4.631140296000012],[-74.14439217099999,4.631137421000005],[-74.14435175400001,4.631134545000009],[-74.14431133599999,4.631131670000002],[-74.14427091800002,4.631128794000006],[-74.14423049999999,4.631125918000009],[-74.14421086300001,4.631124521000004],[-74.14419008300001,4.631123043000002],[-74.14414966499999,4.631120167000006],[-74.14410924700002,4.631117291999999],[-74.14406882899999,4.631114416000003],[-74.14402841100002,4.631111540000006],[-74.14398799399999,4.631108664999999],[-74.14395084300003,4.631106021999983],[-74.14394804400001,4.631105822999984],[-74.14394757600002,4.631105789000003],[-74.143945873,4.631132805999982],[-74.14394417099999,4.631159823000019],[-74.14394701600003,4.631160173000012],[-74.143984466,4.631164780000006],[-74.14402476200002,4.631169737999983],[-74.14406505699998,4.631174693999981],[-74.144105352,4.631179651000025],[-74.144145648,4.631184609000002],[-74.14418594300002,4.631189565],[-74.14420609000001,4.631192043999988],[-74.14422623899998,4.6311945229999765],[-74.144266533,4.631199480000021],[-74.144274644,4.6312004779999825],[-74.14430682900002,4.631204437000008],[-74.14434712399998,4.631209393999995],[-74.14438780699999,4.6312097759999915],[-74.144428258,4.631212898000001],[-74.14446870900002,4.631216020000011],[-74.144509159,4.63121914300001],[-74.14454961000001,4.631222265000019],[-74.14459006099997,4.631225386999972],[-74.14463051199999,4.631228508999982],[-74.14467096200002,4.6312316309999915],[-74.14471141299998,4.6312347539999905],[-74.144751864,4.631237876],[-74.14479231600001,4.63124099800001]]]},"properties":{"SEPCODIGO":15002489,"SEPCIV":8004450,"SEPMATERIA":1,"OBJECTID":114613}},{"type":"Feature","id":114627,"geometry":{"type":"Polygon","coordinates":[[[-74.13846450499994,4.629487238000024],[-74.13848856999994,4.629488226000035],[-74.13852972999996,4.629497790000073],[-74.13855803399997,4.629507975000024],[-74.13860424899997,4.629527058000065],[-74.13864789599995,4.629551502000027],[-74.13868835399995,4.629580944000054],[-74.13872505499995,4.629614987000025],[-74.13875749499994,4.629653143000041],[-74.13883794199995,4.629782571000021],[-74.13892229899994,4.6299278100000265],[-74.13894835299999,4.629969928000037],[-74.13897553999993,4.630013877000067],[-74.13902555799996,4.630093698000053],[-74.13903058099999,4.630102642000054],[-74.13904652199994,4.630142544000023],[-74.13904930499996,4.630151863000037],[-74.13905857399999,4.630192751000038],[-74.13906392699994,4.630240927000045],[-74.13906188265997,4.630282855100817],[-74.13905314699997,4.63032391400003],[-74.13905298499998,4.630324453000071],[-74.13905267799998,4.630325465000055],[-74.13904608099995,4.630344434000051],[-74.13903898399997,4.630359837000071],[-74.13902615704599,4.630379421003345],[-74.13901016999995,4.6303965230000586],[-74.13900684799995,4.630399953000051],[-74.13900507099999,4.630401788000029],[-74.1390048599564,4.6304023680334145],[-74.13900474510604,4.630402974488291],[-74.1390047294488,4.630403591523925],[-74.13900481339367,4.630404203023216],[-74.13900499474798,4.630404793013671],[-74.13900526877472,4.630405346084614],[-74.13900562831626,4.6304058477897145],[-74.13900606398128,4.630406285024328],[-74.13900656439014,4.630406646367795],[-74.13900711647204,4.630406922381744],[-74.13900770580648,4.630407105856634],[-74.13900831699993,4.630407192000064],[-74.13900852899997,4.630407198000057],[-74.13929770899995,4.630408492000072],[-74.13935717899994,4.630408758000044],[-74.13935721099995,4.630408758000044],[-74.13938146899994,4.630408867000028],[-74.13941213699997,4.630409004000057],[-74.13989014799995,4.63041114300006],[-74.13989359799996,4.6304111740000735],[-74.13995904899997,4.630411761000062],[-74.13996284899997,4.630411795000043],[-74.14003229899998,4.630412419000038],[-74.14003913099998,4.630412480000075],[-74.14005062099994,4.630412583000066],[-74.14005137499575,4.630412327501954],[-74.14005208079375,4.630411959211106],[-74.14005272163932,4.630411486870212],[-74.14005328231971,4.630410921691961],[-74.1400537495252,4.630410277092864],[-74.14005411216499,4.630409568374767],[-74.14005436163055,4.630408812361608],[-74.14005449199993,4.630408027000044],[-74.14005450180807,4.630407230561672],[-74.14005438929375,4.630406442049904],[-74.14005415712181,4.630405680140152],[-74.1400538107911,4.630404962877775],[-74.14005335850425,4.630404307250688],[-74.14005281097337,4.6304037287870115],[-74.14005218116642,4.630403241187298],[-74.14005148399997,4.630402856000046],[-74.14003333799997,4.630401191000033],[-74.14002854699999,4.630400751000025],[-74.13990765499994,4.630389656000034],[-74.13942797699997,4.630346670000051],[-74.13941776999997,4.630345756000054],[-74.13938733199996,4.630343028000027],[-74.13938718999998,4.630343015000051],[-74.13937509299996,4.630341931000032],[-74.13937049699996,4.630341757000053],[-74.13935936399997,4.630340974000035],[-74.13934093799998,4.6303383030000305],[-74.13933465299993,4.630337391000069],[-74.13930962299997,4.63033106000006],[-74.13930850399998,4.630330710000067],[-74.13927443077411,4.630317088703525],[-74.13924277599995,4.630298528000026],[-74.13923326399998,4.630291602000057],[-74.13922618799995,4.630286545000047],[-74.13921915899994,4.630280997000057],[-74.13916798662576,4.6302388945923685],[-74.13911984463658,4.630193358085169],[-74.13907496299998,4.630144605000055],[-74.13906428199994,4.630131949000031],[-74.13903201599999,4.630087244000038],[-74.13897266699996,4.629990127000042],[-74.13882102799994,4.629733463000036],[-74.13876834399997,4.629650113000025],[-74.13874325876078,4.629609285479272],[-74.13871271129975,4.629572366536967],[-74.13867730178661,4.629540081524107],[-74.13863772591641,4.629513064748309],[-74.13859476124115,4.62949184701149],[-74.13854925189308,4.629476845181132],[-74.13850209199995,4.629468354000039],[-74.13840832699998,4.629464620000022],[-74.13835932999996,4.6294634240000505],[-74.13834756299997,4.629463137000073],[-74.13826514199997,4.62946112000003],[-74.13821779199998,4.629457992000027],[-74.13820932399994,4.629456916000038],[-74.13817881099999,4.629449260000058],[-74.13815026299994,4.6294360160000565],[-74.13813305799994,4.629423649000046],[-74.13813300599998,4.629423612000039],[-74.13812469599998,4.629417639000053],[-74.13812204699997,4.629416681000066],[-74.13811565099996,4.629418434000058],[-74.13811283999996,4.629424454000059],[-74.13810880599993,4.629460871000049],[-74.13810463199997,4.629498542000022],[-74.13809459499998,4.629637307000053],[-74.13809772999997,4.629639811000061],[-74.13810236999996,4.629640579000068],[-74.13810810799998,4.629635291000056],[-74.13813165699997,4.629608806000022],[-74.13813300199996,4.629607531000033],[-74.13813305499997,4.6296074810000505],[-74.13815876499996,4.629583080000032],[-74.13817785499998,4.629564811000023],[-74.13820935899997,4.629541490000065],[-74.13824400699997,4.629523212000038],[-74.13828100599994,4.629510377000031],[-74.13830620299996,4.629502775000049],[-74.13834756299997,4.629493980000063],[-74.13835828299995,4.6294917020000526],[-74.13841127299997,4.629486505000045],[-74.13846450499994,4.629487238000024]]]},"properties":{"SEPCODIGO":15002619,"SEPCIV":8012652,"SEPMATERIA":2,"OBJECTID":114627}},{"type":"Feature","id":114628,"geometry":{"type":"Polygon","coordinates":[[[-74.13587684699996,4.630042618000061],[-74.13617848399997,4.630101255000056],[-74.13618844499996,4.630103191000046],[-74.13624105599996,4.6301134180000645],[-74.13643269799996,4.630152145000068],[-74.13643680999996,4.6301529760000335],[-74.13651802699997,4.63016938800007],[-74.13652980399996,4.630171551000046],[-74.13653234299994,4.630171775000065],[-74.13653248499998,4.630171788000041],[-74.13653290599996,4.630171842000038],[-74.13653354799999,4.630171885000038],[-74.13653400199996,4.6301719180000305],[-74.13654230699996,4.630172036000033],[-74.13654662899995,4.630171780000069],[-74.13655129099999,4.630171226000073],[-74.13655157899996,4.630171163000057],[-74.13655255299994,4.630170943000053],[-74.13655580099999,4.630170381000028],[-74.13655647799999,4.630170209000028],[-74.13656059220544,4.630168712966681],[-74.13656439222977,4.630166539348197],[-74.13656776746538,4.63016375141226],[-74.13657061966903,4.630160430307537],[-74.1365728658214,4.630156672701682],[-74.13657444054357,4.630152587967621],[-74.13657529799997,4.630148295000026],[-74.13657546799999,4.630147991000058],[-74.13657492864036,4.630143969783241],[-74.13657379621515,4.630140073797273],[-74.13657209599995,4.630136390000075],[-74.13655777388807,4.63011320784675],[-74.13654530399998,4.63008897900005],[-74.13653087801505,4.6300467816659525],[-74.13652213999995,4.630003051000074],[-74.13652126399995,4.629995804000032],[-74.13651924899995,4.629956205000042],[-74.13652363462137,4.629917329305751],[-74.13653272111493,4.629879276856202],[-74.13654637326589,4.629842613904109],[-74.13656438791865,4.629807886025288],[-74.13658649699994,4.629775610000024],[-74.13662264199996,4.62974035000002],[-74.13663012099994,4.629732989000047],[-74.13663839099996,4.629726119000054],[-74.13667013799994,4.6297028340000566],[-74.13668424399998,4.629692071000022],[-74.13671468999996,4.629668840000022],[-74.13682963099996,4.629581137000059],[-74.13683539799996,4.629576877000034],[-74.13691036599994,4.629521505000071],[-74.13698913459324,4.629472198177072],[-74.13707145499995,4.629429082000058],[-74.13707149599998,4.6294290620000424],[-74.13707469599996,4.629427546000045],[-74.13713019199997,4.6294012470000325],[-74.13723198699995,4.629351995000036],[-74.13723484999997,4.629350610000074],[-74.13724032899995,4.629348054000047],[-74.13727220899995,4.629335504000039],[-74.13729336399996,4.629329215000041],[-74.13730395599998,4.629326638000066],[-74.13734102777538,4.629320478388922],[-74.13737856105752,4.62931860487042],[-74.13741606195435,4.629321042097771],[-74.13745303699994,4.629327758000045],[-74.13749184551891,4.6293403350857165],[-74.13752866899995,4.629357894000066],[-74.13754038599996,4.629364801000065],[-74.13755807799998,4.629376617000048],[-74.13757632099998,4.629390785000055],[-74.13757718599999,4.629391518000034],[-74.13759963599995,4.629412460000026],[-74.13761398899999,4.629428304000044],[-74.13761408299996,4.629428413000028],[-74.13761788999994,4.629433006000056],[-74.13763570599997,4.629457260000038],[-74.13763869113586,4.629459700913917],[-74.1376420342997,4.629461622463391],[-74.1376456460225,4.6294629732243875],[-74.13764942964815,4.6294637170481465],[-74.13765328392012,4.629463834028627],[-74.13765710569126,4.629463321035221],[-74.13766079268419,4.629462191796545],[-74.13766424622844,4.629460476533025],[-74.13766737390105,4.629458221148158],[-74.13767009199995,4.62945548600004],[-74.13767100499996,4.629452798000045],[-74.13767249399996,4.629442635000032],[-74.13767574499997,4.629412566000042],[-74.13768850099996,4.629294608000066],[-74.13768988999993,4.629281759000037],[-74.13770606299994,4.629132202000051],[-74.13770908999999,4.629100791000042],[-74.13770782899996,4.629097776000037],[-74.13770562361177,4.629094077770206],[-74.1377028538996,4.629090780902672],[-74.137699591502,4.629087970670835],[-74.13769592080082,4.629085719761274],[-74.13769193673865,4.629084086393709],[-74.13768774236314,4.629083112815152],[-74.13768344616174,4.629082824207191],[-74.1376791592556,4.629083228034662],[-74.1376749925254,4.629084313852578],[-74.13767105374356,4.629086053576285],[-74.13766744478654,4.62908840220787],[-74.13766425899996,4.629091299000038],[-74.13766099899993,4.629095359000075],[-74.13763312799995,4.6291229920000205],[-74.13762546099997,4.6291295210000385],[-74.13762355099993,4.62913114600002],[-74.13761685399999,4.629136849000076],[-74.13760799699998,4.629144391000068],[-74.13759524299996,4.629154887000027],[-74.13755856664154,4.62918122909829],[-74.13751952699994,4.629203922000045],[-74.13746216999994,4.629229756000029],[-74.13746206899998,4.629229801000065],[-74.13719197499995,4.629351449000069],[-74.13706309399998,4.629414360000055],[-74.13705560299996,4.6294180170000345],[-74.13697416420194,4.629461779925758],[-74.13689605827902,4.629511246442654],[-74.13682168399998,4.629566164000039],[-74.13677906399994,4.62960010200004],[-74.13663716599996,4.629707850000045],[-74.13654524899994,4.629773557000021],[-74.13645769999994,4.6298421040000335],[-74.13642191999998,4.6298701190000315],[-74.1363852394227,4.629894369618396],[-74.13634698799996,4.629916058000049],[-74.13629270172292,4.629942931673051],[-74.13623591658423,4.629964018213729],[-74.13617724753344,4.629979089267279],[-74.13611732992182,4.629987981623075],[-74.13605681262176,4.629990598982146],[-74.13599635099996,4.629986913000039],[-74.13599587299996,4.629986866000024],[-74.13598200899997,4.6299855490000255],[-74.13533446799994,4.629920603000073],[-74.13526760799994,4.629914892000045],[-74.13526647338509,4.629915066851892],[-74.13526538636995,4.629915436070139],[-74.13526437998259,4.629915988436397],[-74.13526348480123,4.629916707167477],[-74.13526272802524,4.629917570425327],[-74.13526213264862,4.629918551980573],[-74.1352617167614,4.62991962200947],[-74.13526149299997,4.629920748000075],[-74.13526147299996,4.629920889000061],[-74.13526145699996,4.629921103000072],[-74.13526148684873,4.629922207106705],[-74.13526170040547,4.629923290774516],[-74.13526209168919,4.629924323653725],[-74.13526264974138,4.629925276816961],[-74.13526335893293,4.629926123569427],[-74.13526419940186,4.629926840196516],[-74.13526514760954,4.629927406627988],[-74.13526617699995,4.629927807000058],[-74.13533285899996,4.629939077000074],[-74.13535675199995,4.62994311500006],[-74.13587684699996,4.630042618000061]]]},"properties":{"SEPCODIGO":15002611,"SEPCIV":8012650,"SEPMATERIA":2,"OBJECTID":114628}},{"type":"Feature","id":114629,"geometry":{"type":"Polygon","coordinates":[[[-74.13678528199995,4.63060236900003],[-74.13675855608312,4.630623350482993],[-74.13673535499998,4.630648174000044],[-74.13671523099998,4.630676273000063],[-74.13671129799997,4.63068303700004],[-74.1366957309077,4.63071751571567],[-74.13668620648062,4.630754127209521],[-74.13668299799997,4.630791821000059],[-74.13668588442923,4.6308276026645006],[-74.13669446899996,4.63086245900007],[-74.13680308899995,4.631159622000041],[-74.13680327499998,4.631160130000069],[-74.13680948899997,4.631171521000056],[-74.13681273199995,4.631177128000047],[-74.13681289999994,4.631177411000067],[-74.13681821299997,4.631186129000071],[-74.13682152099994,4.631191283000021],[-74.13682291399994,4.6311933960000715],[-74.13682417199993,4.631195131000027],[-74.13683228199994,4.631206312000074],[-74.13683971399996,4.631216557000073],[-74.13684113899996,4.63121852300003],[-74.13684242399995,4.631220140000039],[-74.13684271799997,4.631220494000047],[-74.13684602399996,4.631224370000041],[-74.13685440699999,4.631234219000021],[-74.13685676099993,4.63123697900005],[-74.13685863499995,4.631239016000052],[-74.13685973199995,4.631240217000027],[-74.13686739999997,4.631248245000052],[-74.13686750599999,4.631248357000061],[-74.13686855199995,4.631249298000057],[-74.13689918099993,4.631276866000064],[-74.13690020399997,4.6312777870000446],[-74.13690292899997,4.631279889000041],[-74.13690783899995,4.631283676000066],[-74.13691009599995,4.631285418000061],[-74.13691119999999,4.631286231000047],[-74.13691300699998,4.631287549000035],[-74.13691566799997,4.631289409000033],[-74.13692335999997,4.631294784000033],[-74.13692483199998,4.631295812000076],[-74.13692705299997,4.631297267000036],[-74.13692784599994,4.631297792000055],[-74.13693049499994,4.6312994750000485],[-74.13693442099998,4.631301969000049],[-74.13693697699995,4.63130359400003],[-74.13693786299996,4.631304132000025],[-74.13694005799994,4.6313054680000505],[-74.13694130299996,4.631306159000076],[-74.13696077799995,4.631316969000068],[-74.13696193999994,4.6313176130000215],[-74.13696605899997,4.631319682000026],[-74.13697182699997,4.631322483000076],[-74.13697293399997,4.631322960000034],[-74.13699671399996,4.63133321600003],[-74.13702142299996,4.631341775000067],[-74.13702231899998,4.631342085000028],[-74.13702925399997,4.631344118000072],[-74.13703170999997,4.6313447910000605],[-74.13703196699998,4.631344865000074],[-74.13703622399998,4.6313460300000315],[-74.13703813199999,4.631346520000022],[-74.13703972399998,4.631346925000059],[-74.13704323199994,4.631347793000032],[-74.13704434699997,4.631348058000071],[-74.13704623499996,4.631348501000048],[-74.13705380299996,4.631350189000045],[-74.13705696599999,4.631350824000037],[-74.13705701099997,4.631350833000056],[-74.13706088699996,4.6313516110000705],[-74.13706444099995,4.631352260000028],[-74.13706956999994,4.6313531330000615],[-74.13707513699995,4.631354011000042],[-74.13708057599996,4.631354789000056],[-74.13708329899998,4.631355144000054],[-74.13709305899994,4.631356249000021],[-74.13709461599996,4.631356382000035],[-74.13710151499998,4.631356975000074],[-74.13710317199997,4.631357114000025],[-74.13710385899998,4.631357154000057],[-74.13711409899997,4.631357733000073],[-74.13711425499997,4.631357741000045],[-74.13711467899998,4.631357755000067],[-74.13711751599999,4.631357794000053],[-74.13713066799994,4.63135797700005],[-74.13713353299994,4.631358017000025],[-74.13713448799996,4.63135800200007],[-74.13713778999994,4.631357953000077],[-74.13713998099996,4.631357886000046],[-74.13714018699994,4.631357878000074],[-74.13714357099997,4.6313577730000475],[-74.13714641599995,4.6313576520000765],[-74.13714717999994,4.631357612000045],[-74.13715281199995,4.631357291000029],[-74.13715799499994,4.631356925000034],[-74.13715920599998,4.63135683400003],[-74.13716159599994,4.631356634000042],[-74.13716395999995,4.63135640400003],[-74.13716701399994,4.631356106000055],[-74.13716878799994,4.631355934000055],[-74.13717026599994,4.631355738000025],[-74.13718475599995,4.6313538260000655],[-74.13718516199998,4.631353776000026],[-74.13719736999997,4.63135169100002],[-74.13719740399995,4.631351685000027],[-74.13719875199996,4.631351409000047],[-74.13720713199996,4.631349692000072],[-74.13720798799994,4.6313495170000465],[-74.13721032499996,4.631348979000052],[-74.13721502999994,4.631347895000033],[-74.13721539399995,4.631347811000069],[-74.13721628699994,4.631347589000029],[-74.13721708099996,4.63134739700007],[-74.13722250399996,4.631345963000058],[-74.13722857599998,4.631344366000064],[-74.13722901199998,4.631344240000033],[-74.13723479199996,4.6313425580000285],[-74.13724091799997,4.631340660000035],[-74.13724627599998,4.6313389170000505],[-74.13724709699994,4.631338637000056],[-74.13724969599997,4.631337747000032],[-74.13725050599999,4.631337461000044],[-74.13725649799994,4.63133530500005],[-74.13725714299994,4.631335054000033],[-74.13727114299996,4.631329515000061],[-74.13727700399994,4.631326973000057],[-74.13727733099995,4.631326831000024],[-74.13727990399997,4.631325712000034],[-74.13728041099995,4.631325487000026],[-74.13728083399997,4.631325287000038],[-74.13729296699995,4.631319517000065],[-74.13729442899995,4.631318782000051],[-74.13729448499998,4.631318753000073],[-74.13729619299994,4.631317885000044],[-74.13729833999997,4.631316790000028],[-74.13729886599998,4.631316515000037],[-74.13730260199998,4.631314540000062],[-74.13730578099995,4.631312817000037],[-74.13730583499995,4.631312786000024],[-74.13732127199995,4.631303657000046],[-74.13735900067849,4.631276131467812],[-74.13739276789453,4.631243868745815],[-74.13742198326733,4.631207432910426],[-74.13744613599994,4.631167461000075],[-74.13746236378701,4.63113355095679],[-74.13747332795505,4.631097592381623],[-74.13747878099997,4.631060397000056],[-74.13748093799995,4.6310395960000506],[-74.13748224199998,4.631027025000037],[-74.13749712399994,4.630883552000057],[-74.13750083899998,4.630847735000032],[-74.13750307099997,4.630825843000025],[-74.13750399199995,4.630816807000031],[-74.13752112699996,4.630648738000048],[-74.13752201199998,4.630640054000025],[-74.13752838799996,4.630577517000063],[-74.13752931499994,4.63056842900005],[-74.13753677499994,4.630495254000039],[-74.13753859799994,4.6304773740000655],[-74.13754127799996,4.630451089000076],[-74.13748733099999,4.630445463000058],[-74.13748642599995,4.630445376000068],[-74.13747497599996,4.6304441750000365],[-74.13745443499994,4.630442032000076],[-74.13742709099995,4.630439180000053],[-74.13741014099998,4.630437413000038],[-74.13737889599997,4.630434154000056],[-74.13737188399995,4.630433423000056],[-74.13731397999999,4.630427384000029],[-74.13713083299996,4.630408283000065],[-74.13696643999998,4.630392985000071],[-74.13696408199996,4.630417157000068],[-74.13696357999999,4.630422164000038],[-74.13696336699996,4.630424288000029],[-74.13696123499994,4.630445558000076],[-74.13696790799997,4.630446215000063],[-74.13697464599994,4.630446877000054],[-74.13698138299998,4.630447541000024],[-74.13698812099994,4.63044820500005],[-74.13699485799998,4.630448867000041],[-74.13700159499996,4.6304495310000675],[-74.13700833099995,4.630450194000048],[-74.13701506699994,4.630450857000028],[-74.13702180399997,4.630451520000065],[-74.13702853999996,4.630452183000045],[-74.13703527599995,4.630452846000026],[-74.13704201099995,4.630453510000052],[-74.13704874699994,4.630454172000043],[-74.13705548299998,4.630454835000023],[-74.13706221799998,4.63045549900005],[-74.13707568899997,4.630456824000021],[-74.13708915999996,4.630458150000038],[-74.13710262999996,4.630459477000045],[-74.13711610099995,4.630460803000062],[-74.13712957199994,4.630462128000033],[-74.13718345799998,4.630467433000035],[-74.13721040099995,4.630470086000059],[-74.13723734499996,4.630472738000037],[-74.13726428799998,4.630475390000072],[-74.13729123199994,4.630478044000029],[-74.13731817499996,4.630480696000063],[-74.13734511699994,4.63048335000002],[-74.13737205999996,4.630486003000044],[-74.13737447399996,4.630486241000028],[-74.13736194599994,4.6306308450000415],[-74.13734847799998,4.6306295100000625],[-74.13733500899997,4.630628174000037],[-74.13732153999996,4.630626838000069],[-74.13730807099995,4.630625503000033],[-74.13729460299999,4.630624168000054],[-74.13728113399998,4.630622833000075],[-74.13726766599996,4.63062149700005],[-74.13725419699995,4.630620162000071],[-74.13724072799994,4.630618827000035],[-74.13721379099997,4.63061615700002],[-74.13718685299995,4.630613487000062],[-74.13715991599997,4.630610817000047],[-74.13713297799995,4.630608149000068],[-74.13710603999994,4.6306054800000425],[-74.13707910199997,4.630602811000074],[-74.13705216499994,4.630600142000048],[-74.13702522699998,4.630597473000023],[-74.13699828899996,4.630594805000044],[-74.13697135099994,4.630592137000065],[-74.13695788199993,4.630590803000075],[-74.13695619799995,4.630590636000022],[-74.13695535599999,4.630590553000047],[-74.13695450499995,4.630590469000026],[-74.13695362899995,4.630590382000037],[-74.13695272999996,4.630590292000022],[-74.13695180799994,4.630590201000075],[-74.13695086699994,4.630590108000035],[-74.13694990499994,4.630590013000074],[-74.13694892499996,4.63058991500003],[-74.13694792599995,4.630589817000043],[-74.13694691199998,4.630589716000031],[-74.13694588199996,4.63058961400003],[-74.13694483799998,4.630589511000039],[-74.13694378199995,4.63058940600007],[-74.13694271399999,4.630589301000043],[-74.13694163499997,4.6305891930000485],[-74.13694054599995,4.630589085000054],[-74.13693944999994,4.630588977000059],[-74.13693834699995,4.630588867000029],[-74.13693612199995,4.630588647000025],[-74.13693388399997,4.630588425000042],[-74.13692939799995,4.630587981000076],[-74.13692716999998,4.630587761000072],[-74.13692606399997,4.630587651000042],[-74.13692496499993,4.6305875420000575],[-74.13692387299994,4.630587434000063],[-74.13692278999997,4.6305873270000575],[-74.13692171799994,4.630587220000052],[-74.13692065699996,4.630587115000026],[-74.13691960799997,4.6305870110000455],[-74.13691857199996,4.630586909000044],[-74.13691755299999,4.630586808000032],[-74.13691654799999,4.630586709000056],[-74.13691555999998,4.630586611000069],[-74.13691458999995,4.630586514000072],[-74.13691364099998,4.630586420000043],[-74.13691271099998,4.630586328000049],[-74.13691180299998,4.630586238000035],[-74.13691091799996,4.6305861510000454],[-74.13691005699997,4.630586066000035],[-74.13690963599998,4.630586023000035],[-74.13690922099994,4.63058598300006],[-74.13690881299993,4.630585942000039],[-74.13690841099998,4.630585902000064],[-74.13690801699994,4.630585863000022],[-74.13690762899995,4.630585825000026],[-74.13690724799994,4.6305857870000295],[-74.13690687499997,4.630585750000023],[-74.13690650999996,4.630585714000063],[-74.13690615099995,4.630585679000035],[-74.13690580099995,4.630585644000064],[-74.13690545799994,4.6305856100000256],[-74.13690512299996,4.6305855770000335],[-74.13690479699994,4.630585544000041],[-74.13690447899995,4.630585512000039],[-74.13690416899993,4.630585482000072],[-74.13690386699994,4.630585452000048],[-74.13690357499996,4.6305854230000705],[-74.13690329199994,4.6305853950000255],[-74.13690301699995,4.630585368000027],[-74.13690275099998,4.630585342000074],[-74.13690249499996,4.630585316000065],[-74.13690224799996,4.630585292000035],[-74.13690201199995,4.630585268000061],[-74.13690178399997,4.6305852460000665],[-74.13690156599995,4.630585224000072],[-74.13690135799999,4.630585204000056],[-74.13690116099997,4.63058518400004],[-74.13690097499995,4.6305851650000704],[-74.13690079799994,4.630585148000023],[-74.13690063099995,4.6305851320000215],[-74.13690047599994,4.63058511600002],[-74.13690033199998,4.630585102000055],[-74.13690019899997,4.630585088000032],[-74.13690007599996,4.630585077000035],[-74.13689996599999,4.630585066000037],[-74.13689986699995,4.6305850560000295],[-74.13689977799999,4.630585047000068],[-74.13689970299998,4.630585040000028],[-74.13689963799999,4.630585033000045],[-74.13689958499998,4.630585028000041],[-74.13689953699998,4.630585024000027],[-74.13689950299994,4.630585020000069],[-74.13686874999996,4.63058275700007],[-74.13683266299995,4.630583767000076],[-74.13683263499996,4.63058376500004],[-74.13682574953837,4.630583755410524],[-74.13681894555276,4.630584811560605],[-74.13681238699996,4.630586908000055],[-74.13679097299996,4.630598687000031],[-74.13678528199995,4.63060236900003]]]},"properties":{"SEPCODIGO":15002543,"SEPCIV":8004480,"SEPMATERIA":2,"OBJECTID":114629}},{"type":"Feature","id":114630,"geometry":{"type":"Polygon","coordinates":[[[-74.13522688499995,4.630425435000063],[-74.13525938899994,4.63042861200006],[-74.13532638299995,4.630434236000042],[-74.13542824299998,4.630440939000039],[-74.13556309799998,4.630448286000046],[-74.13562370899996,4.630451338000057],[-74.13571793652453,4.630454500867529],[-74.13581220899994,4.630455738000023],[-74.13614014599995,4.630457401000058],[-74.13614330399997,4.630430314000023],[-74.13614321299997,4.630430303000026],[-74.13612209599995,4.630428277000021],[-74.13608171899995,4.630424403000063],[-74.13605085199998,4.6304212780000285],[-74.13604136499998,4.630420215000072],[-74.13600103399995,4.630415697000046],[-74.13596070499995,4.630411179000021],[-74.13592037399997,4.630406660000062],[-74.13588004499996,4.630402142000037],[-74.13583971399999,4.630397623000022],[-74.13579938499998,4.630393104000063],[-74.13575905399995,4.630388586000038],[-74.13571872499995,4.630384067000023],[-74.13567839499996,4.630379549000054],[-74.13563806399998,4.630375031000028],[-74.13561705999996,4.630372678000072],[-74.13559773499998,4.630370513000059],[-74.13523521799993,4.630333251000025],[-74.13522688499995,4.630425435000063]]]},"properties":{"SEPCODIGO":15002371,"SEPCIV":8012583,"SEPMATERIA":2,"OBJECTID":114630}},{"type":"Feature","id":114631,"geometry":{"type":"Polygon","coordinates":[[[-74.137539898,4.631436962999999],[-74.13756863499998,4.631440010999995],[-74.13758235400002,4.631301425000004],[-74.13761029400001,4.631016257999988],[-74.137628656,4.6308288430000175],[-74.13763798999997,4.630733565000014],[-74.13764514399998,4.630663302000016],[-74.13764561400001,4.630658682999979],[-74.13765625299999,4.630554210000014],[-74.13765670700002,4.6305497660000015],[-74.13765997399997,4.630517667999982],[-74.13766291000002,4.630488846999981],[-74.13766300399999,4.630487924000022],[-74.13766535899998,4.630464800000027],[-74.13766651499998,4.630453448000026],[-74.13767100799998,4.630409321000002],[-74.137674291,4.630377081999995],[-74.137674936,4.6303707430000145],[-74.13768321100002,4.630289483000013],[-74.137683552,4.630286135999995],[-74.137710664,4.630019925999989],[-74.137714356,4.6299841480000055],[-74.13773201499998,4.629813044999992],[-74.1377602,4.629539921000003],[-74.13777188,4.629423288999988],[-74.13774174899999,4.629419928000004],[-74.13772308300003,4.629606911999986],[-74.13771276699998,4.629706650999992],[-74.13770785700001,4.629754117999994],[-74.13770176999998,4.629812964999985],[-74.13768440199999,4.629980873000022],[-74.137681241,4.630011427999989],[-74.137654655,4.63028396499999],[-74.13765438299998,4.630286753000007],[-74.13764648199998,4.630367765000017],[-74.13764586000002,4.630374137999979],[-74.13764271000002,4.630406444000016],[-74.13763841000002,4.630450526000004],[-74.13763733299999,4.630461570000023],[-74.13763501199998,4.6304853739999885],[-74.13763492499999,4.630486264000012],[-74.137632145,4.630514769999991],[-74.13762899599999,4.630547042999979],[-74.13762855700003,4.630551552999975],[-74.13761830599998,4.630656655999985],[-74.13761794700002,4.630660336000005],[-74.137610811,4.6307334749999995],[-74.13760174100003,4.6308257150000145],[-74.13757813699999,4.631065752999973],[-74.13757747400001,4.631072490999998],[-74.137539898,4.631436962999999]]]},"properties":{"SEPCODIGO":91037047,"SEPCIV":8004500,"SEPMATERIA":2,"OBJECTID":114631}},{"type":"Feature","id":114646,"geometry":{"type":"Polygon","coordinates":[[[-74.14406339899995,4.631707407000022],[-74.14406354699997,4.631707423000023],[-74.14478728299997,4.631780956000057],[-74.14480621599995,4.631557501000032],[-74.14415027799998,4.631501283000034],[-74.14415073199996,4.631495358000052],[-74.14415180299994,4.63148138400004],[-74.14480777199998,4.6315391300000215],[-74.14480895699995,4.631525151000062],[-74.14443802299996,4.631492888000025],[-74.14399157899999,4.631452466000042],[-74.14399068662068,4.631452772718298],[-74.14398985618288,4.631453220814233],[-74.14398910990614,4.6314537982983905],[-74.1439884677582,4.631454489719343],[-74.14398794692065,4.631455276577118],[-74.14398756132925,4.631456137818193],[-74.14398732130107,4.631457050398812],[-74.14398723325841,4.631457989901555],[-74.14398729955697,4.63145893118866],[-74.14398751842285,4.6314598490746235],[-74.14398788399996,4.631460719000074],[-74.14399086299994,4.631464534000031],[-74.14401106409521,4.6314956035499115],[-74.14402627926698,4.631529395556773],[-74.14403615099997,4.631565116000047],[-74.14404748499999,4.631683327000076],[-74.144047866707,4.631687657411284],[-74.14404895402315,4.631691866437899],[-74.14405071745466,4.631695839908769],[-74.14405310916791,4.631699470042263],[-74.14405606428693,4.6317026583698855],[-74.1440595026532,4.631705318407259],[-74.14406333099998,4.631707378000044],[-74.14406339899995,4.631707407000022]]]},"properties":{"SEPCODIGO":91037018,"SEPCIV":8004450,"SEPMATERIA":1,"OBJECTID":114646}},{"type":"Feature","id":114647,"geometry":{"type":"Polygon","coordinates":[[[-74.13778893300002,4.631463379000024],[-74.13781918000001,4.631466588000023],[-74.137846663,4.631188156999997],[-74.137864664,4.631005792999986],[-74.13787959299998,4.630854536000015],[-74.13789544399998,4.630693957999995],[-74.13789579500002,4.630690559000016],[-74.137897157,4.630677359000003],[-74.13790713399999,4.630580655000017],[-74.13790762000002,4.630575936000014],[-74.13791093499998,4.630543809000017],[-74.13791421299999,4.630512038000006],[-74.13791433799997,4.630510822000019],[-74.13791610499999,4.630493699999988],[-74.13791756400002,4.630479556000012],[-74.13792218700002,4.630434751999985],[-74.13792545299998,4.630403091000005],[-74.13792607800002,4.630397032000019],[-74.13793471700001,4.630313286999979],[-74.13793556500002,4.63030507000002],[-74.13794497100002,4.630213906999984],[-74.13796143100001,4.630072385000005],[-74.137966559,4.630015285000013],[-74.13798397,4.6298213989999795],[-74.13798805599998,4.629775898999981],[-74.13801758099999,4.62950748999998],[-74.138022853,4.62945128299998],[-74.13798963400001,4.629447577999997],[-74.13796044399999,4.629741034000006],[-74.13794877100003,4.629855630000009],[-74.13793295800002,4.630010864999974],[-74.13792779300002,4.630061564000016],[-74.13790756600002,4.630255045000013],[-74.13790296600001,4.6303026209999985],[-74.13790223199999,4.630310212999973],[-74.137894158,4.630393690999995],[-74.13789356799998,4.630399789000023],[-74.13789049399998,4.630431578000014],[-74.13788616900001,4.6304762909999795],[-74.13788483399998,4.630490095000027],[-74.13788310400003,4.63050797599999],[-74.13788298999998,4.630509157000006],[-74.13787995000001,4.6305405819999805],[-74.13787684200003,4.63057272399999],[-74.137876388,4.63057741099999],[-74.137866938,4.63067511600002],[-74.13786576000001,4.630687294999973],[-74.13784985299998,4.630851747000008],[-74.13783800700003,4.630974200000026],[-74.13782833200003,4.631074211999987],[-74.13778893300002,4.631463379000024]]]},"properties":{"SEPCODIGO":91037049,"SEPCIV":8004500,"SEPMATERIA":2,"OBJECTID":114647}},{"type":"Feature","id":114648,"geometry":{"type":"Polygon","coordinates":[[[-74.13981994599999,4.630871891000027],[-74.13981987299996,4.630872259000057],[-74.13985350999997,4.6308769000000325],[-74.13985699999995,4.630877639000062],[-74.13998693099995,4.630898258000059],[-74.13998698999995,4.630896657000051],[-74.13998705999995,4.6308947550000426],[-74.13990744699998,4.630881625000029],[-74.13985734999994,4.63087411500004],[-74.13982064999993,4.6308683130000645],[-74.13981994599999,4.630871891000027]]]},"properties":{"SEPCODIGO":24180773,"SEPCIV":8014927,"SEPMATERIA":1,"OBJECTID":114648}},{"type":"Feature","id":114649,"geometry":{"type":"Polygon","coordinates":[[[-74.13762919599998,4.631446435999976],[-74.137665175,4.631450251999979],[-74.13771598599999,4.631455641999992],[-74.13771629500002,4.631414538000001],[-74.13772017899998,4.631295850000015],[-74.13772218000003,4.6312633530000085],[-74.13773789300001,4.631106482000007],[-74.137753976,4.630911491000006],[-74.13775741199998,4.630878676999998],[-74.13775985900003,4.630855284000006],[-74.137761286,4.6308434410000245],[-74.13777407700002,4.630737237000005],[-74.13778008600002,4.63067797399998],[-74.13778110999999,4.630668743000001],[-74.137792214,4.630568531999984],[-74.13779272300002,4.630563945999995],[-74.137796277,4.630531867000002],[-74.13779964600002,4.630501465000009],[-74.137799766,4.630500384000015],[-74.137801964,4.630480544000022],[-74.137803389,4.630467683000006],[-74.13780830899998,4.630423281999981],[-74.13781185099998,4.630391326999984],[-74.13781253600001,4.630385147000027],[-74.137821685,4.630302583000002],[-74.13782282099999,4.630296600000008],[-74.13783111700002,4.630252892999977],[-74.13785255099998,4.630142267999986],[-74.13786686600002,4.630069020999997],[-74.137870803,4.63005565200001],[-74.13787574899999,4.630003338999984],[-74.13788373300002,4.629918877000023],[-74.137905005,4.629693846999999],[-74.137929746,4.629440897999984],[-74.137879597,4.629435304000026],[-74.13783130600001,4.629429916999982],[-74.13782387399999,4.629507053999987],[-74.13782070299999,4.629563650000023],[-74.13782557500002,4.629713949999996],[-74.13782367300001,4.629780073000006],[-74.13780219099999,4.629984225999976],[-74.13780120000001,4.629993645000013],[-74.13779621999998,4.63004096200001],[-74.13779593200002,4.6300435559999755],[-74.13777066400002,4.6302926810000145],[-74.13777015400001,4.630297709999979],[-74.13776042900002,4.630379693000009],[-74.13775969,4.630385924999985],[-74.13775589,4.630417951000027],[-74.13775064200001,4.630462196999986],[-74.137749187,4.630474461999995],[-74.13774668600001,4.630495547999999],[-74.13774656499999,4.630496567000023],[-74.13774303500003,4.630526320000001],[-74.13773923399998,4.630558364000024],[-74.13773869699997,4.630562885000018],[-74.13772661899998,4.6306646979999755],[-74.137725746,4.630672061999974],[-74.137695366,4.630790198999989],[-74.13769222299999,4.630836233000025],[-74.13769139300001,4.630848377000007],[-74.137686154,4.630899494999994],[-74.13766776,4.631078929000012],[-74.13763162999999,4.631421859],[-74.13762919599998,4.631446435999976]]]},"properties":{"SEPCODIGO":91037048,"SEPCIV":8004500,"SEPMATERIA":2,"OBJECTID":114649}},{"type":"Feature","id":114684,"geometry":{"type":"Polygon","coordinates":[[[-74.14073894400002,4.630565417000014],[-74.14075534199998,4.630567271000018],[-74.14076486900001,4.630568347999997],[-74.140779254,4.6305703389999735],[-74.14077991900001,4.630562481000027],[-74.140759178,4.630560665000019],[-74.14075593500002,4.630560270999979],[-74.140627505,4.6305487899999775],[-74.14043167599999,4.630535941000005],[-74.14032150700001,4.630530706000002],[-74.140129484,4.630522378000023],[-74.140055636,4.630518552000012],[-74.140050686,4.630518295999991],[-74.140050685,4.630518341000027],[-74.14005051200002,4.630523349999976],[-74.140055335,4.630523544000027],[-74.14036904800003,4.630536130999985],[-74.14048045499999,4.630541651999977],[-74.14063334399998,4.630553468000016],[-74.14063638699997,4.630553813000006],[-74.14065824800002,4.630556293999973],[-74.140698596,4.630560855999988],[-74.14073894400002,4.630565417000014]]]},"properties":{"SEPCODIGO":91037060,"SEPCIV":8004470,"SEPMATERIA":1,"OBJECTID":114684}},{"type":"Feature","id":114685,"geometry":{"type":"Polygon","coordinates":[[[-74.14178449600001,4.630716570000004],[-74.14182470399999,4.630722434000006],[-74.141828567,4.630664352999986],[-74.14164270600003,4.6306457410000235],[-74.14140954099997,4.630622499000026],[-74.141409523,4.630622615999982],[-74.14140950500001,4.630622725000023],[-74.14140947800001,4.630622833000018],[-74.14140945100002,4.630622942000002],[-74.14140942400002,4.630623049999997],[-74.14140939700002,4.630623158999981],[-74.141409361,4.630623266999976],[-74.141409334,4.630623376000017],[-74.14140929799999,4.630623484000012],[-74.14140926200002,4.630623592999996],[-74.14140921699999,4.63062370099999],[-74.14140918099997,4.6306238000000235],[-74.141409136,4.630623909000008],[-74.14140909100001,4.630624007999984],[-74.14140904599998,4.630624117000025],[-74.141409001,4.630624216000001],[-74.141408947,4.6306243160000236],[-74.14140890200002,4.630624415],[-74.14140884800003,4.630624515000022],[-74.14140879399997,4.6306246139999985],[-74.14140873100001,4.630624712999975],[-74.14140867700002,4.630624812999997],[-74.14140861300001,4.630624903000012],[-74.14140855,4.630625002999977],[-74.14140848699998,4.630625092999992],[-74.14140842400002,4.6306251830000065],[-74.141408361,4.630625282999972],[-74.14140828900003,4.630625372999987],[-74.14140821699999,4.630625454999972],[-74.14140814500001,4.630625544999987],[-74.14140807299998,4.630625635000001],[-74.141408001,4.630625716999987],[-74.14140792900002,4.630625797999983],[-74.14140784799997,4.630625880000025],[-74.14140776699998,4.630625961000021],[-74.141407695,4.630626042000017],[-74.14140761300001,4.630626124000003],[-74.141407523,4.63062619599998],[-74.141407442,4.630626276999976],[-74.141407361,4.63062635],[-74.14140727099999,4.6306264219999775],[-74.14140718099998,4.630626494000012],[-74.14140709100002,4.630626566999979],[-74.141407001,4.630626629999995],[-74.14140691099999,4.630626693000011],[-74.14140682099998,4.630626764999988],[-74.14140673100002,4.6306268289999934],[-74.141406631,4.630626882999991],[-74.14140653200002,4.630626946000007],[-74.141406442,4.6306270090000226],[-74.14140634300003,4.630627064000009],[-74.141406244,4.630627118000007],[-74.14140614500002,4.630627172000004],[-74.14140604599999,4.630627216999983],[-74.14140593799999,4.6306272720000266],[-74.14140583900002,4.630627317000005],[-74.14140573100002,4.630627361999984],[-74.14140563199999,4.63062740700002],[-74.141405523,4.630627451999999],[-74.14140542400003,4.630627489000005],[-74.14140531599998,4.630627533999984],[-74.14140520799998,4.6306275700000015],[-74.14140509999999,4.630627606000019],[-74.14140499199999,4.630627633000017],[-74.141404884,4.630627668999978],[-74.141404776,4.630627695999976],[-74.141404668,4.630627724000021],[-74.14140455900002,4.63062775100002],[-74.14140444200001,4.630627769],[-74.14140433400001,4.630627795999999],[-74.14140422600002,4.630627813999979],[-74.141404109,4.630627832000016],[-74.14140400100001,4.630627849999996],[-74.141403884,4.630627859000015],[-74.141403776,4.630627876999995],[-74.14140365899999,4.630627886000013],[-74.14140355,4.630627894999975],[-74.141403433,4.630627894999975],[-74.141403325,4.630627903999994],[-74.14140320799999,4.630627903999994],[-74.14140309999999,4.630627903999994],[-74.14140298299998,4.630627903999994],[-74.14140287499998,4.630627894999975],[-74.14140275800003,4.630627894999975],[-74.14140264999997,4.630627886000013],[-74.14140253199997,4.630627876999995],[-74.14140242399998,4.630627867999976],[-74.14140231599998,4.630627849999996],[-74.14140219900003,4.630627832000016],[-74.14140209099997,4.6306278229999975],[-74.14140197400002,4.630627795999999],[-74.14140186600002,4.630627778000019],[-74.14140175799997,4.63062775100002],[-74.14140164999998,4.630627732999983],[-74.14140154199998,4.630627704999995],[-74.14140142399998,4.630627668999978],[-74.14140131599999,4.630627641999979],[-74.14140120799999,4.630627606000019],[-74.14140110900001,4.63062757900002],[-74.14140100100002,4.630627543000003],[-74.14140089300003,4.630627498000024],[-74.14140078499997,4.630627461000017],[-74.141400686,4.630627415999982],[-74.141400578,4.630627371000003],[-74.14140047900003,4.630627326000024],[-74.14140036999999,4.630627280999988],[-74.14140027100001,4.63062723500002],[-74.14140017199998,4.630627181000023],[-74.141400073,4.630627127000025],[-74.14139997400002,4.630627073000028],[-74.14139987499999,4.630627017999984],[-74.14139978499998,4.630626963999987],[-74.141399686,4.630626901000028],[-74.14139958700002,4.630626838000012],[-74.14139949700001,4.630626774000007],[-74.141399406,4.630626710999991],[-74.14139931599999,4.630626647999975],[-74.14139922599998,4.630626575999997],[-74.14139913600002,4.630626511999992],[-74.141399046,4.6306264400000146],[-74.14139896500001,4.63062636799998],[-74.141398875,4.630626295000013],[-74.141398794,4.630626214000017],[-74.141398713,4.630626141999983],[-74.141398632,4.630626059999997],[-74.14139855100001,4.630625979000001],[-74.14139847000001,4.630625907000024],[-74.14139839699999,4.63062581600002],[-74.141398316,4.630625735000024],[-74.14139824400002,4.630625652999981],[-74.14139817199998,4.630625563000024],[-74.1413981,4.630625482000028],[-74.14139803699999,4.630625391000024],[-74.14139796500001,4.630625301000009],[-74.141397902,4.630625210999995],[-74.14139783899998,4.630625119999991],[-74.14139777600002,4.630625021000014],[-74.141397713,4.63062493000001],[-74.14139764999999,4.630624830999977],[-74.14139759599999,4.630624739999973],[-74.14139754199999,4.630624640999997],[-74.14139747899998,4.630624542000021],[-74.141397434,4.6306244419999985],[-74.14139738,4.630624343000022],[-74.14139732500001,4.630624243],[-74.14139727999998,4.630624135000005],[-74.141397235,4.6306240349999825],[-74.14139719000002,4.630623936000006],[-74.141397154,4.630623827000022],[-74.14139710900002,4.6306237190000274],[-74.14139707300001,4.630623619999994],[-74.14139703699999,4.63062351100001],[-74.14139700099997,4.6306234030000155],[-74.14139696500001,4.6306232939999745],[-74.14139693800001,4.63062318599998],[-74.14139691100002,4.630623076999996],[-74.14139688400002,4.630622969000001],[-74.14139685700002,4.630622860000017],[-74.14139683000002,4.630622752000022],[-74.14139681199998,4.630622634000019],[-74.141396794,4.630622526000025],[-74.14139677600002,4.630622416999984],[-74.14139675799998,4.630622308999989],[-74.14139674900002,4.630622190999986],[-74.14139673099999,4.630622082999992],[-74.14139672200002,4.630621964999989],[-74.14139672200002,4.630621856999994],[-74.141396713,4.6306217389999915],[-74.141396713,4.630621630999997],[-74.14139670399999,4.630621522000013],[-74.14139670399999,4.630621404999999],[-74.141396713,4.630621296000015],[-74.141396713,4.630621179000002],[-74.14139672200002,4.630621070000018],[-74.14139673099999,4.630620953000005],[-74.14139674,4.6306208440000205],[-74.14139674900002,4.630620727000007],[-74.141396767,4.630620618000023],[-74.14139677600002,4.630620510000028],[-74.141396794,4.630620392000026],[-74.141396821,4.630620283999974],[-74.14139683899998,4.630620175999979],[-74.14139686599998,4.630620066999995],[-74.14139689299998,4.630619959000001],[-74.14139691999998,4.630619840999998],[-74.14139694699998,4.630619733000003],[-74.14139696500001,4.630619668999998],[-74.14119931300002,4.630601796999997],[-74.14096881500001,4.6305790150000234],[-74.14078179400002,4.630562644999998],[-74.14077991900001,4.630562481000027],[-74.140779254,4.6305703389999735],[-74.14078121300003,4.630570610000007],[-74.14081949299998,4.630575909000015],[-74.140830344,4.63057741099999],[-74.14085970999997,4.630581694],[-74.140899918,4.630587558000002],[-74.14094012599998,4.630593422000004],[-74.140980334,4.6305992869999955],[-74.14102054199998,4.6306051509999975],[-74.14106075000001,4.6306110149999995],[-74.14110095900003,4.6306168790000015],[-74.14114116600001,4.630622743999993],[-74.14118137399998,4.630628607999995],[-74.14122158200001,4.630634471999997],[-74.14126178999999,4.630640335999999],[-74.141301999,4.630646200000001],[-74.14134220699998,4.6306520649999925],[-74.14138241500001,4.6306579289999945],[-74.14142262299998,4.630663792000007],[-74.14146283100001,4.630669656000009],[-74.14150303899999,4.630675521000001],[-74.14154324700002,4.630681385000003],[-74.14158345499999,4.630687249000005],[-74.14162366300002,4.630693113000007],[-74.14165846600002,4.630698188999986],[-74.14166387099999,4.630698977000009],[-74.14168641399999,4.630702265000025],[-74.14170408000001,4.630704842],[-74.14174428799998,4.630710706000002],[-74.14178449600001,4.630716570000004]]]},"properties":{"SEPCODIGO":91037102,"SEPCIV":8004464,"SEPMATERIA":1,"OBJECTID":114685}},{"type":"Feature","id":114712,"geometry":{"type":"Polygon","coordinates":[[[-74.142226977,4.630794954999999],[-74.14226688399998,4.6308030280000025],[-74.14226944400002,4.630764548000002],[-74.14227323900002,4.630707501000018],[-74.142093009,4.630689485999994],[-74.14209298200001,4.630689621999977],[-74.14209294599999,4.630689757000027],[-74.14209290999997,4.630689883999992],[-74.142092865,4.630690018999985],[-74.14209282899998,4.630690146000006],[-74.142092784,4.630690281999989],[-74.14209273900002,4.630690408000021],[-74.14209268500002,4.630690534999985],[-74.14209263100003,4.630690661000017],[-74.14209258599999,4.630690787999981],[-74.14209252299997,4.630690914000013],[-74.14209246899998,4.630691040999977],[-74.14209240600002,4.6306911579999905],[-74.142092343,4.630691285000012],[-74.14209227999999,4.630691402000025],[-74.14209221700003,4.630691528999989],[-74.14209214499999,4.6306916460000025],[-74.14209208199998,4.630691764000005],[-74.14209201,4.630691882000008],[-74.14209192800001,4.630691999000021],[-74.14209185599998,4.630692108000005],[-74.14209177499998,4.630692225000018],[-74.14209169399999,4.630692333000013],[-74.14209161299999,4.630692441999997],[-74.142091532,4.630692549999992],[-74.14209144199998,4.630692658999976],[-74.14209135200002,4.630692767000028],[-74.14209126200001,4.630692866999993],[-74.142091172,4.6306929660000264],[-74.14209108199998,4.630693075000011],[-74.14209098200001,4.630693173999987],[-74.142090892,4.630693264999991],[-74.14209079300002,4.630693364000024],[-74.14209069399999,4.630693453999982],[-74.142090586,4.630693554000004],[-74.14209048700002,4.630693644000019],[-74.14209037900002,4.630693726000004],[-74.14209027099997,4.630693816000019],[-74.14209016299998,4.630693897000015],[-74.14209005499998,4.630693988000019],[-74.142089946,4.630694069000015],[-74.142089838,4.630694140999992],[-74.14208972099999,4.630694222999978],[-74.14208960399998,4.630694295000012],[-74.14208948700002,4.63069436699999],[-74.14208937000001,4.630694440000013],[-74.142089253,4.630694511999991],[-74.14208913599998,4.630694575000007],[-74.14208901900003,4.630694639000012],[-74.142088892,4.630694702000028],[-74.14208876599997,4.630694764999987],[-74.14208864900002,4.630694828000003],[-74.14208852299998,4.63069488299999],[-74.14208839700001,4.630694936999987],[-74.14208827099998,4.630694990999984],[-74.14208813599998,4.63069503600002],[-74.14208801000001,4.630695080999999],[-74.14208788299999,4.630695127000024],[-74.142087748,4.630695172000003],[-74.14208762200002,4.630695216999982],[-74.14208748700003,4.630695252999999],[-74.142087361,4.630695289000016],[-74.142087226,4.630695326000023],[-74.14208709100001,4.630695353000021],[-74.14208695600001,4.63069538000002],[-74.14208681999997,4.630695407000019],[-74.14208668499998,4.6306954340000175],[-74.14208654999999,4.630695451999998],[-74.142086415,4.630695478999996],[-74.14208628,4.6306954969999765],[-74.14208614500001,4.630695505999995],[-74.14208601000001,4.630695523999975],[-74.14208587500002,4.630695532999994],[-74.14208573000002,4.630695542000012],[-74.14208559500003,4.630695542000012],[-74.14208545999998,4.63069555200002],[-74.14208532499998,4.63069555200002],[-74.14208518999999,4.63069555200002],[-74.142085055,4.630695542000012],[-74.14208491099998,4.630695532999994],[-74.142084775,4.630695523999975],[-74.14208464000001,4.6306955150000135],[-74.14208450500001,4.630695505999995],[-74.14208437000002,4.630695488000015],[-74.14208423500003,4.630695469999978],[-74.14208409999998,4.630695451999998],[-74.14208396499998,4.630695424999999],[-74.14208382999999,4.630695398],[-74.14208369400001,4.630695371000002],[-74.14208355900001,4.630695344000003],[-74.14208342400002,4.630695306999996],[-74.14208329799999,4.630695270999979],[-74.142083163,4.630695235000019],[-74.14208303700002,4.630695199000002],[-74.14208290200003,4.630695154000023],[-74.142082775,4.630695108999987],[-74.14208264000001,4.630695063000019],[-74.14208251399998,4.630695017999983],[-74.142082388,4.630694963999986],[-74.14208226199997,4.630694909999988],[-74.142082136,4.6306948550000016],[-74.14208201000002,4.630694801000004],[-74.14208189300001,4.630694737999988],[-74.14208176699998,4.630694683999991],[-74.14208164899998,4.630694619999986],[-74.142081523,4.630694548000008],[-74.14208140599999,4.630694484999992],[-74.14208128899998,4.630694413000015],[-74.14208117200002,4.630694339999991],[-74.14208106400002,4.630694268000013],[-74.14208094700001,4.630694195999979],[-74.14208083900002,4.6306941139999935],[-74.14208072100001,4.6306940329999975],[-74.14208061300002,4.630693951000012],[-74.14208050500002,4.630693870000016],[-74.14208039699997,4.630693780000001],[-74.142080298,4.630693698000016],[-74.14208019,4.630693608000001],[-74.14208009100003,4.630693517999987],[-74.14207999199999,4.630693418000021],[-74.14207989300002,4.630693328000007],[-74.14207979399998,4.630693227999984],[-74.142079695,4.630693129000008],[-74.142079604,4.6306930289999855],[-74.14207951399999,4.630692930000009],[-74.14207942399997,4.630692830999976],[-74.14207933400002,4.630692721999992],[-74.142079244,4.630692613999997],[-74.142079163,4.630692505000013],[-74.14207908200001,4.6306923970000184],[-74.14207900100001,4.6306922879999775],[-74.14207892000002,4.630692179999983],[-74.14207884799998,4.63069206199998],[-74.14207876699999,4.630691953999985],[-74.14207869500001,4.630691835999983],[-74.14207862199999,4.630691719000026],[-74.14207855900003,4.630691601000024],[-74.14207848699999,4.63069148400001],[-74.14207842399998,4.630691356999989],[-74.14207836100002,4.630691239999976],[-74.14207830700002,4.630691113000012],[-74.142078244,4.63069098699998],[-74.14207819,4.630690868999977],[-74.14207813600001,4.630690742000013],[-74.14207808200001,4.630690615999981],[-74.14207803699998,4.630690479999998],[-74.142077992,4.6306903540000235],[-74.14207794700002,4.630690227000002],[-74.14207790199998,4.630690101000027],[-74.14207786600002,4.630689964999988],[-74.14207782099999,4.630689839000013],[-74.14207778500003,4.630689702999973],[-74.14207775800003,4.63068956699999],[-74.14207772200001,4.630689431999997],[-74.14207769500001,4.630689304999976],[-74.14207766800001,4.630689169999982],[-74.14207764100001,4.6306890339999995],[-74.14207762299998,4.630688898000017],[-74.14207760400001,4.630688763000023],[-74.14207758600003,4.630688626999984],[-74.14207756799999,4.63068849199999],[-74.14207755899997,4.630688356000007],[-74.14207755000001,4.630688220000025],[-74.14207754099999,4.630688076000013],[-74.14207754099999,4.630687939999973],[-74.14207753199997,4.63068780499998],[-74.14207753199997,4.630687668999997],[-74.14207754099999,4.630687533000014],[-74.14195559900003,4.630677074000005],[-74.141828567,4.630664352999986],[-74.14182470399999,4.630722434000006],[-74.14185825099997,4.630727326999988],[-74.141864956,4.63072839900002],[-74.14190542300003,4.6307348679999905],[-74.14194588800001,4.630741338000007],[-74.14198127499998,4.630746994999981],[-74.14198633799998,4.630747948000021],[-74.142026654,4.630755530999977],[-74.142066968,4.630763113],[-74.14210383900001,4.630770047999988],[-74.14210725100003,4.630770738000024],[-74.14214715899999,4.630778811000027],[-74.142187068,4.630786882999985],[-74.142226977,4.630794954999999]]]},"properties":{"SEPCODIGO":91037103,"SEPCIV":8004446,"SEPMATERIA":2,"OBJECTID":114712}},{"type":"Feature","id":114774,"geometry":{"type":"Polygon","coordinates":[[[-74.13786221499998,4.631682587000057],[-74.13786204599995,4.631684408000069],[-74.1378625897186,4.631685560453599],[-74.13786331909932,4.631686605336231],[-74.1378642134716,4.631687513011399],[-74.1378652474722,4.631688257738658],[-74.13786639177832,4.63168881839855],[-74.13786761393892,4.631689179091515],[-74.13786887929521,4.631689329588788],[-74.13787015196338,4.631689265622469],[-74.13787139585229,4.631688989006555],[-74.1378725756869,4.631688507585504],[-74.13787365799999,4.631687835000037],[-74.13787651899997,4.631684919000065],[-74.13787926299995,4.6316821230000755],[-74.13787937799998,4.6316819460000715],[-74.13789818099997,4.631666195000037],[-74.13791111499995,4.631656518000057],[-74.13794403316992,4.631635524808257],[-74.13797898294011,4.631618122694046],[-74.13801557399995,4.631604506000031],[-74.13802602499999,4.631601403000047],[-74.13804220899993,4.631597246000069],[-74.13805666199994,4.63159418500004],[-74.13813573799996,4.631591196000045],[-74.13829334399998,4.63158523900006],[-74.13844471599998,4.631579518000024],[-74.13848540899994,4.631573615000036],[-74.13852484099993,4.631561910000073],[-74.13856219099995,4.631544654000038],[-74.13859668599997,4.631522191000045],[-74.13859745399998,4.631521516000021],[-74.13862760499995,4.631495001000076],[-74.13869572099998,4.631427838000036],[-74.13889212299995,4.631233762000022],[-74.13903441899998,4.631087595000054],[-74.13906679399997,4.631055502000038],[-74.13907094099994,4.631051392000074],[-74.13907493999994,4.631048234000048],[-74.13910955499995,4.631020898000031],[-74.13911197599998,4.631018986000072],[-74.13911441199997,4.631017476000068],[-74.13912964999997,4.6310073330000705],[-74.13915514099995,4.630992229000071],[-74.13915640699997,4.630991443000028],[-74.13915769499994,4.630990835000034],[-74.13920316399998,4.630969359000062],[-74.13920365899997,4.6309691250000355],[-74.13920416199994,4.630968954000025],[-74.13925312599997,4.6309523220000415],[-74.13930416699998,4.630941238000048],[-74.13930999899998,4.630940358000032],[-74.13935613299998,4.630936033000069],[-74.13935618699998,4.630936038000073],[-74.13950434499998,4.630948193000052],[-74.13966381799997,4.6309625860000665],[-74.13984313899994,4.630980841000053],[-74.13984381999995,4.630980910000062],[-74.13984431906763,4.630980893772717],[-74.13984480891973,4.630980796938811],[-74.13984527662419,4.630980622054752],[-74.13984570983361,4.630980373737468],[-74.13984609711132,4.630980058542517],[-74.13984642823321,4.6309796847910265],[-74.13984669445767,4.630979262350008],[-74.13984688875642,4.630978802371879],[-74.13984700599997,4.630978317000029],[-74.13984704199999,4.630977958000074],[-74.13984702006216,4.630977441271134],[-74.13984691198692,4.630976935494694],[-74.13984672082053,4.630976454926828],[-74.13984645195129,4.630976013113071],[-74.13984611295768,4.630975622506611],[-74.13984571339478,4.630975294117283],[-74.13984526452485,4.630975037201239],[-74.13984477899999,4.630974859000048],[-74.13980169099995,4.630964618000064],[-74.13927667399997,4.630872414000066],[-74.13927594499995,4.630872286000056],[-74.13904175199997,4.6308311570000456],[-74.13900578199997,4.630824840000059],[-74.13900575699995,4.630824793000045],[-74.13900433699996,4.630824586000074],[-74.13898128199997,4.630820537000034],[-74.13898116899998,4.630820394000068],[-74.13898119299995,4.630820521000032],[-74.13890675399995,4.630807448000041],[-74.13890455384349,4.630807519463884],[-74.13890239928342,4.63080797075804],[-74.1389003553906,4.630808788252769],[-74.13889848389357,4.630809947258535],[-74.13889684131428,4.630811412771673],[-74.13889547726102,4.630813140531548],[-74.13889443293017,4.630815078357287],[-74.13889373986208,4.630817167723725],[-74.1388934189884,4.630819345528945],[-74.13889347999998,4.63082154600005],[-74.13891614699997,4.630855293000025],[-74.13892512099994,4.63087250600006],[-74.13893116599996,4.630886166000039],[-74.13893397699997,4.630893289000028],[-74.13893425599997,4.630894029000046],[-74.13893535599993,4.630897006000055],[-74.13893613999994,4.630899193000062],[-74.13893790099996,4.630904291000036],[-74.13894742636833,4.630940198521909],[-74.13895227331653,4.630977030435554],[-74.13895236197267,4.631014179795034],[-74.13894769087578,4.631051034423285],[-74.13893833699996,4.63108698700006],[-74.13892706113582,4.6311200756002835],[-74.13891194050859,4.631151593328774],[-74.13889318856205,4.631181095279186],[-74.13887106999994,4.631208165000032],[-74.13864224399998,4.6314407560000745],[-74.13860324655022,4.631474161605663],[-74.13856052056727,4.631502643634248],[-74.13851468413414,4.631525790058827],[-74.13846640033032,4.63154326603836],[-74.13841636763944,4.631554818761659],[-74.13836530984491,4.631560281104603],[-74.13831396555952,4.631559574047793],[-74.13826307754046,4.631552707819661],[-74.13821338194451,4.631539781748503],[-74.1381655976786,4.631520982825581],[-74.13812041599994,4.631496583000057],[-74.13808831518257,4.63147697925189],[-74.13805836499995,4.631454225000027],[-74.13803305771239,4.631430808532186],[-74.13801002999998,4.631405147000066],[-74.13800977599993,4.631404830000065],[-74.13800131799997,4.631394061000037],[-74.13798426762438,4.631369504493863],[-74.13796924099995,4.631343660000027],[-74.13795335887222,4.631310101309214],[-74.13794056386949,4.63127524853866],[-74.13793095999995,4.631239385000072],[-74.13792628599998,4.631214512000042],[-74.13792165099994,4.63116698500005],[-74.13792157859103,4.631166708816765],[-74.13792145960653,4.6311664492730396],[-74.13792129761677,4.63116621415695],[-74.13792109748256,4.631166010523576],[-74.13792086520927,4.6311658444833],[-74.13792060776667,4.631165721018459],[-74.1379203328798,4.631165643833836],[-74.13792004879713,4.631165615245495],[-74.13791976404306,4.6311656361112785],[-74.13791948716216,4.631165705805072],[-74.13791922646274,4.63116582223559],[-74.13791898976754,4.631165981909124],[-74.13791878417902,4.631166180034385],[-74.13791861586624,4.631166410666269],[-74.13791848987974,4.631166666884254],[-74.13791840999994,4.63116694100006],[-74.13791840299996,4.631166973000063],[-74.13791566899994,4.631182102000025],[-74.13790862799993,4.631221062000066],[-74.13790698199995,4.631230171000027],[-74.13790620199995,4.63123788200005],[-74.13790569599996,4.631242887000042],[-74.13789517999999,4.631346860000065],[-74.13789534499995,4.631347214000073],[-74.13788468399997,4.631445829000029],[-74.13788280799997,4.631463186000076],[-74.13788172299996,4.631473222000068],[-74.13788111699995,4.631478824000055],[-74.13787792799997,4.6315131990000395],[-74.13786221499998,4.631682587000057]]]},"properties":{"SEPCODIGO":91032423,"SEPCIV":8012644,"SEPMATERIA":2,"OBJECTID":114774}},{"type":"Feature","id":114775,"geometry":{"type":"Polygon","coordinates":[[[-74.13520457299995,4.630679020000059],[-74.13554217399997,4.6307132640000646],[-74.13559071699996,4.630719192000072],[-74.13578624699994,4.630743066000036],[-74.13632533399993,4.630808890000026],[-74.1363389489273,4.6308126493863275],[-74.13635190002971,4.6308182857130715],[-74.13636392999996,4.630825687000026],[-74.13637450824233,4.630834421451889],[-74.13638379982172,4.63084451384573],[-74.13639163195539,4.630855776507183],[-74.13639785899994,4.630868000000021],[-74.13639887099998,4.630870458000061],[-74.13640012799993,4.630873803000043],[-74.13640289699998,4.630882940000049],[-74.13640418699998,4.630888792000064],[-74.13640484199993,4.630892647000053],[-74.13640595199996,4.63090614500004],[-74.13640589799996,4.630911256000047],[-74.13642658399993,4.630912986000055],[-74.13645110499994,4.6309150370000225],[-74.13654195799995,4.630922635000047],[-74.13655633599996,4.630923838000058],[-74.13655494099999,4.630916139000021],[-74.13655286099998,4.6309046620000345],[-74.13655185699997,4.630900289000067],[-74.13654963099998,4.630890591000025],[-74.13654849899996,4.6308856090000745],[-74.13654298713993,4.630867511251417],[-74.13653544999994,4.630850159000033],[-74.13652477599999,4.630827277000037],[-74.13650952947586,4.63080309065285],[-74.13649119199994,4.630781155000022],[-74.13648892699996,4.630778973000076],[-74.1364600904015,4.63075408426067],[-74.13642888699997,4.6307322360000285],[-74.13642597099994,4.630730425000024],[-74.13640734184115,4.6307200169984934],[-74.13638754499993,4.630712051000046],[-74.1363721183413,4.630707757438092],[-74.13635635299994,4.6307049520000305],[-74.13635271399994,4.63070452300002],[-74.13631381899995,4.630699930000048],[-74.13629145199997,4.630697288000022],[-74.13628366999995,4.630696428000022],[-74.13622876099998,4.630691211000055],[-74.13607879099999,4.630675188000055],[-74.13607019399996,4.630674266000028],[-74.13606403399996,4.630673600000023],[-74.13592476099996,4.630658470000071],[-74.13580007699994,4.630645526000023],[-74.13574277999999,4.630640005000032],[-74.13564579899997,4.630629347000024],[-74.13562006899997,4.630626520000021],[-74.13557651099995,4.630621733000055],[-74.13554722599997,4.630618514000048],[-74.13554709299996,4.6306185000000255],[-74.13554043599999,4.6306176000000505],[-74.13554020299995,4.630617569000037],[-74.13547033099996,4.630608127000073],[-74.13521335399997,4.6305826770000635],[-74.13520457299995,4.630679020000059]]]},"properties":{"SEPCODIGO":91035682,"SEPCIV":8012583,"SEPMATERIA":2,"OBJECTID":114775}},{"type":"Feature","id":114776,"geometry":{"type":"Polygon","coordinates":[[[-74.142204618,4.631029441999999],[-74.14224505700003,4.6310306720000085],[-74.14224954000002,4.6309618039999805],[-74.142249618,4.630960602000016],[-74.142255267,4.630873837000024],[-74.14221535899998,4.630865764000021],[-74.14217545000002,4.630857692000006],[-74.142135542,4.630849619000003],[-74.14209563399999,4.630841546999989],[-74.14209222199997,4.63084085700001],[-74.142055959,4.630833915999972],[-74.14201629399997,4.63082641699998],[-74.14197660399998,4.63081908800001],[-74.141971619,4.630818173000023],[-74.14193681199998,4.630812492000018],[-74.14190110099997,4.630806742999994],[-74.14189699899998,4.630806081999992],[-74.14185716399999,4.630799845000013],[-74.14185056399998,4.630798819000006],[-74.141817016,4.630793927000013],[-74.14180937100002,4.6309088570000085],[-74.141802891,4.631006286000002],[-74.14180734500002,4.631006731000014],[-74.14184299800002,4.631009674999973],[-74.141882942,4.631012972999997],[-74.14188306699998,4.6310129839999945],[-74.141923136,4.63101629099998],[-74.141960138,4.631019346000016],[-74.14196321399999,4.631019510999977],[-74.14200332600001,4.631021411000006],[-74.14204343300003,4.631023328000026],[-74.14208354099998,4.631025410999996],[-74.14211307400001,4.631026656000017],[-74.14212373999999,4.631026980999991],[-74.14216417900002,4.63102821199999],[-74.142204618,4.631029441999999]]]},"properties":{"SEPCODIGO":91037105,"SEPCIV":8004446,"SEPMATERIA":2,"OBJECTID":114776}},{"type":"Feature","id":114777,"geometry":{"type":"Polygon","coordinates":[[[-74.13867633899997,4.630624363000038],[-74.13867636399993,4.630624576000059],[-74.13894397162653,4.6306683752784314],[-74.13921081599995,4.630716607000068],[-74.13929364899997,4.630732739000052],[-74.13935105399997,4.630743920000043],[-74.13936537999996,4.6307467100000395],[-74.13937892699994,4.630749348000052],[-74.13940363199998,4.630754159000048],[-74.13960391599994,4.630786201000035],[-74.13973806999996,4.630802913000025],[-74.13988039799995,4.6308171380000545],[-74.13998962399995,4.630824984000071],[-74.14002689699998,4.630828711000049],[-74.14003992799996,4.630830014000026],[-74.14004316499995,4.630736216000059],[-74.14004231799998,4.63073603600003],[-74.14003853999998,4.630735245000039],[-74.14003101599997,4.63073369600005],[-74.14002757899993,4.630733000000021],[-74.14002421299995,4.630732325000054],[-74.14002079799997,4.630731648000051],[-74.14001753299993,4.630731007000065],[-74.14001483999994,4.630730483000036],[-74.14001406899996,4.63073033400002],[-74.14001158299999,4.630729855000027],[-74.14000961899995,4.6307294800000705],[-74.14000718399996,4.6307290170000215],[-74.14000463999997,4.630728538000028],[-74.14000305999997,4.630728242000032],[-74.14000116199998,4.63072788900007],[-74.13999938899997,4.630727562000061],[-74.13999324699995,4.6307264380000674],[-74.13992313309885,4.6307152237839375],[-74.13985262199998,4.630706863000057],[-74.13958375499993,4.630673855000055],[-74.13938971399995,4.630660796000029],[-74.13938541699997,4.630660507000073],[-74.13938482999998,4.630660467000041],[-74.13935921499996,4.630658744000073],[-74.13910394099997,4.630641562000051],[-74.13910122899995,4.630641419000028],[-74.13883364399999,4.6306272090000675],[-74.13867643099996,4.630615298000066],[-74.13867527499997,4.63061521000003],[-74.13867462999997,4.630615169000066],[-74.13867309099999,4.630615011000032],[-74.13862944099998,4.630610543000046],[-74.13867633899997,4.630624363000038]]]},"properties":{"SEPCODIGO":24180777,"SEPCIV":8014927,"SEPMATERIA":2,"OBJECTID":114777}},{"type":"Feature","id":114788,"geometry":{"type":"Polygon","coordinates":[[[-74.14479873200003,4.631094109000003],[-74.14483915,4.631096984999999],[-74.14483975299999,4.631092276999993],[-74.14483426999999,4.631091895999987],[-74.14466157999999,4.631079698000008],[-74.14446197299998,4.631067003999988],[-74.14443513600003,4.631065142000011],[-74.14440829,4.6310632889999965],[-74.144381453,4.631061435999982],[-74.14435461599999,4.631059583000024],[-74.14432777000002,4.631057720000001],[-74.14430093300001,4.631055866999986],[-74.144274086,4.631054013999972],[-74.14424724899999,4.631052151999995],[-74.14422633999999,4.631050705000007],[-74.14421284500003,4.631049765],[-74.14419935000001,4.6310488249999935],[-74.14418586300002,4.631047884999987],[-74.144172368,4.63104694499998],[-74.14415887299998,4.631046004999973],[-74.14414537800002,4.631045063999977],[-74.144131883,4.631044124000027],[-74.14411838799998,4.631043184000021],[-74.14410415399999,4.6310420180000165],[-74.14408844299999,4.631040390999999],[-74.14407272199998,4.631038773],[-74.14406372100001,4.631037841000023],[-74.14405701099997,4.631037145999983],[-74.14404129100001,4.6310355269999945],[-74.14402557,4.631033899999977],[-74.144009859,4.631032281999978],[-74.14399413899997,4.631030655000018],[-74.14397842699998,4.631029037000019],[-74.143965176,4.631027680999978],[-74.14396057200003,4.631027274000019],[-74.14395643400002,4.631026909000013],[-74.14395596000003,4.631026867000003],[-74.14395440700002,4.631026729999974],[-74.143951356,4.631026459999987],[-74.143950679,4.6310264009999855],[-74.143949959,4.631033722999973],[-74.14395382200001,4.631033998000021],[-74.14395592300002,4.63103414699998],[-74.14399037700002,4.63103659799998],[-74.14403079499999,4.6310394739999765],[-74.14407121199997,4.631042349999973],[-74.14411163,4.63104522499998],[-74.14415204800002,4.631048100999976],[-74.14419246599999,4.631050975999983],[-74.14423288299997,4.6310538519999795],[-74.144273301,4.631056727999976],[-74.14431371900002,4.631059602999983],[-74.144354137,4.63106247799999],[-74.14439455399997,4.631065352999997],[-74.144434972,4.631068228999993],[-74.14447539000003,4.6310711049999895],[-74.144515808,4.6310739799999965],[-74.14455622499997,4.631076855999993],[-74.144596643,4.631079731],[-74.14463706100003,4.631082606999996],[-74.144677479,4.631085482999993],[-74.14471789700002,4.6310883579999995],[-74.144758314,4.631091233999996],[-74.14479873200003,4.631094109000003]]]},"properties":{"SEPCODIGO":15002487,"SEPCIV":8004450,"SEPMATERIA":1,"OBJECTID":114788}},{"type":"Feature","id":114791,"geometry":{"type":"Polygon","coordinates":[[[-74.14393317600002,4.631289568999989],[-74.14393784399999,4.631289974000026],[-74.14394813000001,4.631290864999983],[-74.14398691299999,4.631294228000002],[-74.14402569600003,4.6312975910000205],[-74.144039954,4.631298827000023],[-74.14406448699998,4.6313009539999825],[-74.14410327000002,4.631304307999983],[-74.144142053,4.631307671000002],[-74.144180845,4.6313110329999745],[-74.14421962699998,4.631314395999993],[-74.14426073499999,4.631318111999974],[-74.14430277899999,4.631321972000023],[-74.144344822,4.631325832000016],[-74.14438685699997,4.63132968299999],[-74.14442890100003,4.6313335429999825],[-74.144470936,4.631337402999975],[-74.14451298,4.631341263000024],[-74.144555024,4.631345113000009],[-74.14459592399999,4.631348874000025],[-74.14462997700002,4.63135201099999],[-74.14466403099999,4.6313551480000115],[-74.14469809299999,4.631358283999987],[-74.14473214600002,4.631361421000008],[-74.144766199,4.631364557999973],[-74.144800261,4.631367685999976],[-74.14482212799999,4.631369699999993],[-74.144824594,4.6313405880000005],[-74.144784297,4.631335631000013],[-74.14474400099999,4.631330674000026],[-74.14470370499998,4.6313257169999815],[-74.14466341000002,4.631320759999994],[-74.144623115,4.631315802000017],[-74.14458281999998,4.631310846000019],[-74.14454252500002,4.631305887999986],[-74.14450222900001,4.631300930999998],[-74.14446193399999,4.6312959750000005],[-74.14442163899997,4.631291017000024],[-74.14438134300002,4.631286059999979],[-74.144341048,4.631281102999992],[-74.14430075299998,4.631276146000005],[-74.14426045699997,4.631271189000017],[-74.14422016200001,4.631266230999984],[-74.14417986699999,4.631261274999986],[-74.14413957099998,4.631256317000009],[-74.14409927600002,4.631251360000022],[-74.14405898000001,4.631246402999977],[-74.14401868499999,4.63124144599999],[-74.14397838999997,4.631236489000003],[-74.14394193999999,4.631232005000015],[-74.14393809400002,4.631231532000015],[-74.14393317600002,4.631289568999989]]]},"properties":{"SEPCODIGO":91037009,"SEPCIV":8004450,"SEPMATERIA":2,"OBJECTID":114791}},{"type":"Feature","id":114802,"geometry":{"type":"Polygon","coordinates":[[[-74.14074838599998,4.630986367999981],[-74.14082470900001,4.630993839999974],[-74.140901606,4.63100136700001],[-74.140950089,4.631006173000003],[-74.14096664700003,4.631007813999986],[-74.14127101000003,4.631037979999974],[-74.141655604,4.631076328000006],[-74.14179261200002,4.631089927000005],[-74.14179342599999,4.631090008000001],[-74.14179701500001,4.631090363999988],[-74.14179845199999,4.631078132000027],[-74.14179450699999,4.631077736999998],[-74.14175809,4.63107409700001],[-74.14171772700001,4.631070061999992],[-74.14167736399997,4.63106602900001],[-74.14163700199998,4.631061993999992],[-74.141596671,4.631057952999981],[-74.14155630900001,4.6310539180000205],[-74.14151594600003,4.631049881000024],[-74.14147558299999,4.631045845000017],[-74.141435221,4.63104180900001],[-74.14139485800001,4.631037773000003],[-74.14135449600002,4.631033736999996],[-74.14131413299998,4.631029700999989],[-74.14127377,4.631025663999992],[-74.14123340700002,4.631021628999974],[-74.14119304399998,4.631017591999978],[-74.141152681,4.631013556000028],[-74.141112319,4.6310095200000205],[-74.14107195600002,4.631005484000013],[-74.14103159299998,4.631001448000006],[-74.14099123,4.630997411999999],[-74.14096769999998,4.630995058999986],[-74.140950868,4.630993375999992],[-74.14091050500002,4.630989339999985],[-74.14087014299997,4.630985303999978],[-74.14082977999999,4.6309812669999815],[-74.14082058700001,4.63098034799998],[-74.14078941700001,4.630977232000021],[-74.14074905400003,4.630973195000024],[-74.14074838599998,4.630986367999981]]]},"properties":{"SEPCODIGO":91037100,"SEPCIV":8004464,"SEPMATERIA":1,"OBJECTID":114802}},{"type":"Feature","id":114803,"geometry":{"type":"Polygon","coordinates":[[[-74.14179701500001,4.631090363999988],[-74.14212837500003,4.631123254999977],[-74.142243006,4.631135054000026],[-74.14224558799998,4.631102886999997],[-74.142205149,4.631101656999988],[-74.14216470999997,4.631100425999989],[-74.142124271,4.63109919599998],[-74.14211360500002,4.631098871000006],[-74.14208359100002,4.6310974709999755],[-74.14204283100003,4.631095569000024],[-74.14200207099998,4.631093667000016],[-74.14196835799999,4.631092093999996],[-74.14196130900001,4.631091535999985],[-74.14192057899999,4.631088313000021],[-74.14187985299998,4.631085089999999],[-74.14183912300001,4.631081865999988],[-74.14182322800002,4.631080607999991],[-74.14179845199999,4.631078132000027],[-74.14179701500001,4.631090363999988]]]},"properties":{"SEPCODIGO":15002457,"SEPCIV":8004446,"SEPMATERIA":1,"OBJECTID":114803}},{"type":"Feature","id":114804,"geometry":{"type":"Polygon","coordinates":[[[-74.14176252800002,4.6310022499999945],[-74.14180081400002,4.631006077999984],[-74.141802891,4.631006286000002],[-74.14180937100002,4.6309088570000085],[-74.141817016,4.630793927000013],[-74.14177680799997,4.630788062000022],[-74.1417366,4.63078219800002],[-74.14169639099998,4.630776334000018],[-74.14165618300001,4.630770470000016],[-74.14165077799998,4.630769681000004],[-74.14161597499998,4.630764606000014],[-74.141575768,4.630758741000022],[-74.14153556000002,4.63075287700002],[-74.141495351,4.630747013000018],[-74.14145514299997,4.630741149000016],[-74.141414935,4.630735285000014],[-74.14137472700003,4.630729420000023],[-74.141334519,4.630723556000021],[-74.14129431100002,4.630717692000019],[-74.141254102,4.630711828000017],[-74.14121389500002,4.630705963000025],[-74.14117368699999,4.630700099000023],[-74.14113347900002,4.630694235000021],[-74.14109327099999,4.630688371000019],[-74.14105306200003,4.630682507000017],[-74.141012854,4.630676642000026],[-74.14097264600002,4.630670778000024],[-74.140932438,4.630664914000022],[-74.14089223000002,4.63065905000002],[-74.14085202199999,4.630653186000018],[-74.14081181400002,4.630647322000016],[-74.14077599500001,4.63064209700002],[-74.14077160599999,4.630641457000024],[-74.14076073199999,4.630796907999979],[-74.14075342699999,4.630901354999992],[-74.14079378899999,4.6309053900000094],[-74.14079781100003,4.630905792000021],[-74.14083415200002,4.6309094260000165],[-74.14087451500001,4.630913460999977],[-74.14091487799999,4.6309174969999845],[-74.14095523999998,4.6309215329999915],[-74.14099560300002,4.630925568999999],[-74.141035966,4.630929604000016],[-74.14107632899999,4.630933640000023],[-74.14111669200003,4.630937675999974],[-74.14115705500001,4.630941711999981],[-74.141197417,4.630945746999998],[-74.141237779,4.6309497830000055],[-74.14127814199998,4.630953819000013],[-74.14131850500002,4.630957853999973],[-74.141358868,4.6309618899999805],[-74.14139923099998,4.630965925999988],[-74.14143959400002,4.630969961999995],[-74.141479957,4.630973997000012],[-74.141520319,4.630978033000019],[-74.14156068199998,4.63098206799998],[-74.14160104500002,4.630986103999987],[-74.14164143900001,4.6309901430000195],[-74.141681802,4.63099417799998],[-74.14172216499998,4.630998214999977],[-74.14176252800002,4.6310022499999945]]]},"properties":{"SEPCODIGO":91037101,"SEPCIV":8004464,"SEPMATERIA":1,"OBJECTID":114804}},{"type":"Feature","id":114805,"geometry":{"type":"Polygon","coordinates":[[[-74.13720947999997,4.631460673000049],[-74.13724441439345,4.63146050128724],[-74.13727921153784,4.631463599686003],[-74.13731356599999,4.631469941000034],[-74.13731961099995,4.6314713700000425],[-74.13734791499996,4.631478491000053],[-74.13735802499997,4.6314815530000715],[-74.13736340099996,4.631483507000041],[-74.13738197699996,4.631491768000046],[-74.13740843636883,4.63150695356714],[-74.13743283099996,4.6315252730000225],[-74.13744290455227,4.631536095248232],[-74.13745129358124,4.631548269881923],[-74.13745781899996,4.631561537000039],[-74.13745852899996,4.631563344000028],[-74.13745868614686,4.631563850620645],[-74.13745892636616,4.63156432354165],[-74.13745924279634,4.631564749254639],[-74.13745962639891,4.631565115599641],[-74.13746006621676,4.631565412112464],[-74.13746054968703,4.6315656303235855],[-74.13746106299999,4.631565764000072],[-74.13746107399999,4.631565630000068],[-74.13746330899994,4.6315538240000365],[-74.13746340099993,4.6315524790000495],[-74.13746461799997,4.631534762000058],[-74.13746920799997,4.631467929000053],[-74.13747291699997,4.631429858000047],[-74.13748336299994,4.631281128000069],[-74.13748320741145,4.631279809141348],[-74.13748284884312,4.631278530460442],[-74.13748229599997,4.631277323000063],[-74.13748153302758,4.631276176951964],[-74.13748059425717,4.631275169845596],[-74.13747950455506,4.631274328357368],[-74.13747829278547,4.631273674776769],[-74.13747699104599,4.631273226415957],[-74.13747563381729,4.631272995151193],[-74.1374742570499,4.631272987108257],[-74.1374728972119,4.631273202500195],[-74.13747159032287,4.631273635621665],[-74.13747037099995,4.631274275000067],[-74.13741296899997,4.6313188470000455],[-74.13740901399996,4.63132205900007],[-74.13739151199997,4.631334992000063],[-74.13738567599995,4.631338871000025],[-74.13734709999994,4.6313627670000415],[-74.13731743399995,4.631379211000024],[-74.13729198699997,4.631390986000042],[-74.13727701799996,4.631396993000067],[-74.13725277499998,4.631405363000056],[-74.13720279515346,4.631417688864715],[-74.13715169199997,4.631423884000071],[-74.13711565999995,4.631424520000053],[-74.13710957899997,4.631424329000026],[-74.13707921959148,4.631422160720232],[-74.13704909699999,4.631417799000076],[-74.13699581381208,4.6314039397944065],[-74.13694465614496,4.631383591114114],[-74.13689641099995,4.631357066000021],[-74.13689138199999,4.631353779000051],[-74.13688992399995,4.631352810000067],[-74.13688968499997,4.631352651000043],[-74.13684857199996,4.631321412000034],[-74.13682491084606,4.631299524021119],[-74.13680294299996,4.631275937000055],[-74.13679789799994,4.631269993000046],[-74.13679782599996,4.631269906000057],[-74.13679039099998,4.63126072700004],[-74.13679025699997,4.631260559000054],[-74.13678694399994,4.631256293000035],[-74.13676147169494,4.631219261072739],[-74.13673996099999,4.631179796000026],[-74.13671104799994,4.631100226000058],[-74.13670950799997,4.631095986000048],[-74.13666326799995,4.6309687330000315],[-74.13665383299997,4.630942767000022],[-74.13665113499997,4.630935343000033],[-74.13662567799997,4.630850762000023],[-74.13662271299995,4.630839276000074],[-74.13661900678053,4.630814353800544],[-74.13661776799995,4.630789188000051],[-74.13662112299994,4.630747875000054],[-74.13662419499997,4.6307321730000695],[-74.136633381723,4.6306973900319335],[-74.13664663424825,4.630663944235082],[-74.13666376499998,4.6306323090000205],[-74.13667177499997,4.630620084000043],[-74.13667945799995,4.630609458000038],[-74.13669052799997,4.63059567800002],[-74.13671164599998,4.630577238000058],[-74.1367119774506,4.6305766713463745],[-74.1367122109509,4.630576057804596],[-74.13671234011136,4.6305754141637925],[-74.13671236139758,4.630574758036668],[-74.13671227422712,4.630574107377606],[-74.13671208098529,4.630573479991357],[-74.13671178696002,4.630572893045835],[-74.13671140019706,4.630572362602324],[-74.13671093127986,4.6305719031759764],[-74.13671039303996,4.630571527338619],[-74.13670980020586,4.630571245374733],[-74.13670916899997,4.6305710650000265],[-74.13670913599998,4.630571059000033],[-74.13670875665397,4.630571006465572],[-74.13670837399997,4.63057099100007],[-74.13670185899997,4.630570915000021],[-74.13668309199994,4.630570694000028],[-74.13667093699996,4.630570177000038],[-74.13664370699996,4.630569019000063],[-74.13655611799999,4.630565586000046],[-74.13648156699998,4.63056266500007],[-74.13648089599997,4.630562638000072],[-74.13641170699998,4.630559927000036],[-74.13640718599999,4.6305598280000595],[-74.13639992199995,4.630559669000036],[-74.13639930699998,4.63055965500007],[-74.13617644799996,4.630554774000075],[-74.13615343699996,4.6305542700000615],[-74.13613419499995,4.630554084000039],[-74.13613125199998,4.6305540550000615],[-74.13603999799994,4.6305531750000455],[-74.13601995799996,4.63055298200004],[-74.13585022899997,4.630551344000025],[-74.13561657699995,4.630547742000033],[-74.13561652099997,4.630547742000033],[-74.13559235099996,4.630547935000038],[-74.13557981199995,4.630548034000071],[-74.13555316199995,4.630547637000063],[-74.13555240683402,4.630548041395318],[-74.13555172701386,4.630548562601274],[-74.13555114043957,4.630549186894237],[-74.13555066255604,4.630549897836167],[-74.13555030594625,4.630550676707502],[-74.13555007999997,4.630551503000049],[-74.13555000899999,4.630552155000032],[-74.13554998899997,4.63055236200006],[-74.13555003834401,4.630553220225015],[-74.13555022605645,4.630554059122473],[-74.13555054717912,4.630554856533999],[-74.13555099322996,4.6305555913969565],[-74.13555155242706,4.630556244300854],[-74.13555220999996,4.630556798000043],[-74.13555482099997,4.630557066000051],[-74.13556755499997,4.630558378000046],[-74.13556889399996,4.630558507000046],[-74.13558321299996,4.63055988900004],[-74.13572558199996,4.630573626000057],[-74.13594401299997,4.630594704000032],[-74.13595932099997,4.630596181000044],[-74.13600361299996,4.630600455000035],[-74.13626245799998,4.630625432000045],[-74.13626578699996,4.630625753000061],[-74.13632119499994,4.630631099000027],[-74.13634225299995,4.630633132000071],[-74.13636782745314,4.630638260153305],[-74.13639292299996,4.630645371000071],[-74.13643494578453,4.630662301671159],[-74.13647429364626,4.630684758470236],[-74.13651024399996,4.630712329000062],[-74.13653008037296,4.63073130110128],[-74.13654830199994,4.630751829000076],[-74.13657538099994,4.630790132000072],[-74.13658394099997,4.630808518000038],[-74.13659053299995,4.630823955000039],[-74.13659085499995,4.630824745000041],[-74.13660559899995,4.6308651290000284],[-74.13661876699996,4.630912808000062],[-74.13662125099995,4.630924098000037],[-74.13662646499995,4.6309525800000415],[-74.13662812699994,4.630963860000065],[-74.13664900699996,4.631082543000048],[-74.13665905999994,4.631129233000024],[-74.1366810336009,4.6311846985784575],[-74.13670927078036,4.631237252657524],[-74.13674339304085,4.631286190790602],[-74.13678294299996,4.631330857000023],[-74.13679137299994,4.631338944000049],[-74.13680352799997,4.631349856000043],[-74.13683211699998,4.631372467000062],[-74.13687144296745,4.63139771836505],[-74.1369133194189,4.63141846748469],[-74.13695723299998,4.631434460000037],[-74.13700571799995,4.631447620000074],[-74.13700589899997,4.631447663000074],[-74.13700606099997,4.631447692000052],[-74.13704084356746,4.631453692520977],[-74.13707598499997,4.631456996000054],[-74.13711616399996,4.631459758000062],[-74.13718005799996,4.631461212000033],[-74.13720947999997,4.631460673000049]]]},"properties":{"SEPCODIGO":15002545,"SEPCIV":8004480,"SEPMATERIA":2,"OBJECTID":114805}},{"type":"Feature","id":114846,"geometry":{"type":"Polygon","coordinates":[[[-74.13536083299994,4.629858527000067],[-74.13544804499998,4.629867300000058],[-74.13599864999998,4.6299227960000735],[-74.13604295164897,4.629926246462162],[-74.13608737499999,4.629925194000066],[-74.13614328721779,4.629919997357477],[-74.1361982042011,4.629908279587251],[-74.13625136806597,4.629890202400921],[-74.13630204512248,4.6298660152733895],[-74.13634953599995,4.62983605200003],[-74.13637136799997,4.62981945100006],[-74.13646516899996,4.629749491000041],[-74.13647122999998,4.629674333000025],[-74.13645825199995,4.62965693600006],[-74.13636849599999,4.629647956000042],[-74.13634348199997,4.6296454540000695],[-74.13634039596312,4.629665907300242],[-74.13633409701254,4.629685609694335],[-74.13632474542132,4.6297040598665085],[-74.13631257913522,4.629720788362974],[-74.13629790771824,4.629735369536968],[-74.13628110447596,4.629747432379089],[-74.13626259695698,4.629756669957407],[-74.13624285607429,4.62976284722717],[-74.13622238412302,4.6297658070113785],[-74.13620170199994,4.629765474000067],[-74.13611454099998,4.629756647000022],[-74.13610508699998,4.6297556900000245],[-74.13610416399996,4.629755596000052],[-74.13592428699997,4.629737379000062],[-74.13562490799995,4.629707059000054],[-74.13537832399999,4.629682101000071],[-74.13537671699999,4.6296983150000415],[-74.13610260399997,4.6297713500000555],[-74.13610344199998,4.629771434000077],[-74.13619942699995,4.629781091000041],[-74.13622239745474,4.629781463199282],[-74.13624513538149,4.6297781818866435],[-74.13626706338343,4.629771330386316],[-74.13628762463064,4.629761082682246],[-74.13630629699998,4.629747699000063],[-74.13631916799994,4.629759897000042],[-74.1362981474355,4.629775222756889],[-74.13627485564315,4.629786808755422],[-74.13624995152054,4.629794327241265],[-74.13622413957623,4.629797565525227],[-74.13619814999998,4.629796432000035],[-74.13610184199996,4.629786742000022],[-74.13610108799998,4.6297866660000295],[-74.13537519799996,4.629713632000062],[-74.13536083299994,4.629858527000067]]]},"properties":{"SEPCODIGO":91037405,"SEPCIV":8012583,"SEPMATERIA":1,"OBJECTID":114846}},{"type":"Feature","id":114867,"geometry":{"type":"Polygon","coordinates":[[[-74.14390387600002,4.631154865999974],[-74.14394363999997,4.631159756999978],[-74.14394417099999,4.631159823000019],[-74.143945873,4.631132805999982],[-74.14394757600002,4.631105789000003],[-74.14390715899998,4.631102913999996],[-74.14386674000002,4.631100038],[-74.14382632299998,4.631097162000003],[-74.14378590500002,4.631094286999996],[-74.14374548699999,4.631091411],[-74.14370506900002,4.6310885350000035],[-74.143664651,4.631085660999986],[-74.14362423400001,4.631082784],[-74.14358381599999,4.631079908999993],[-74.14354339800002,4.631077033999986],[-74.14350298099998,4.63107415799999],[-74.14346256300001,4.631071282999983],[-74.14345676800002,4.631070868999984],[-74.14342193700003,4.631067797000014],[-74.143381282,4.631064208999987],[-74.14334063000001,4.631060622000007],[-74.143299974,4.631057035000026],[-74.14327255799998,4.631054614999982],[-74.14325934300001,4.631052995999994],[-74.143218778,4.631048025999974],[-74.143178218,4.63104305600001],[-74.14313765700001,4.63103808599999],[-74.14313600999998,4.631037884000023],[-74.14309709100002,4.631033116000026],[-74.143090239,4.631032124000001],[-74.14308860599999,4.63104580800001],[-74.14308860300002,4.631047243000012],[-74.14308857200001,4.631061416000023],[-74.14309580999998,4.631061902999988],[-74.14313647300003,4.631065373000013],[-74.14317713399998,4.631068841999991],[-74.14321779800002,4.631072313000004],[-74.14322182699999,4.631072656000015],[-74.143258409,4.63107669599998],[-74.14329900899997,4.631081180000024],[-74.14333961099999,4.631085664000011],[-74.14335666699998,4.631087547999982],[-74.14338003699999,4.631090422999989],[-74.143420332,4.631095379999977],[-74.14346062800001,4.631100337000021],[-74.14350092199999,4.631105294999998],[-74.143541218,4.6311102509999955],[-74.14358151300002,4.631115208999972],[-74.14362180799998,4.6311201660000165],[-74.14366210399999,4.631125123000004],[-74.143702399,4.631130079999991],[-74.14374269400003,4.631135036999979],[-74.14378298999998,4.631139994000023],[-74.143823285,4.63114495100001],[-74.14386358000002,4.631149908999987],[-74.14390387600002,4.631154865999974]]]},"properties":{"SEPCODIGO":24180757,"SEPCIV":8013651,"SEPMATERIA":2,"OBJECTID":114867}},{"type":"Feature","id":114917,"geometry":{"type":"Polygon","coordinates":[[[-74.143198681,4.631222505999972],[-74.14320067199998,4.631222777000005],[-74.14320266300001,4.631223047999981],[-74.14320465399999,4.631223319000014],[-74.14320664500002,4.6312235899999905],[-74.14320862599999,4.631223862000013],[-74.14322732,4.631225715000028],[-74.14326829200002,4.631229664999978],[-74.14330925399997,4.631233624999993],[-74.14335021699998,4.631237575],[-74.14339117999998,4.631241525999997],[-74.14343214299998,4.631245476000004],[-74.14347310599999,4.631249436000019],[-74.14351406899999,4.631253386000026],[-74.14355504100001,4.631257335999976],[-74.14359462499999,4.631260763],[-74.14363398500001,4.631264106999993],[-74.14367334399998,4.631267451999975],[-74.143712704,4.631270787999995],[-74.14375206300002,4.631274132999977],[-74.14379142199999,4.6312774680000075],[-74.14383078200001,4.631280812999989],[-74.14387015,4.631284158000028],[-74.14390933800001,4.63128750300001],[-74.14393288299999,4.631289544000026],[-74.14393317600002,4.631289568999989],[-74.14393809400002,4.631231532000015],[-74.14393769499998,4.631231483000022],[-74.143897799,4.631226575000028],[-74.14385750500003,4.631221616999994],[-74.14381720900002,4.631216660000007],[-74.143776914,4.6312117030000195],[-74.14373661899998,4.631206745999975],[-74.14369632299997,4.6312017879999985],[-74.14365602800001,4.6311968320000005],[-74.143615732,4.631191875000013],[-74.14357543699998,4.6311869169999795],[-74.14353514200002,4.631181960999982],[-74.14349484600001,4.631177003000005],[-74.14345455099999,4.631172046000017],[-74.14341425600003,4.631167088999973],[-74.14337396000002,4.631162131999986],[-74.14334976499998,4.6311591549999775],[-74.14333376799999,4.631157320999989],[-74.14329370899998,4.631152799000006],[-74.14325364500002,4.631148376999988],[-74.14322640199998,4.631145423000021],[-74.143213559,4.631144253999992],[-74.14317344400001,4.631140653999978],[-74.14313332299997,4.631137153999987],[-74.14310286300002,4.631134556999996],[-74.143094034,4.631133952000027],[-74.14309358499997,4.631135835000009],[-74.14309454900001,4.63113780499998],[-74.14309553999999,4.631139766999979],[-74.14309655800002,4.631141719000027],[-74.143097603,4.631143654000027],[-74.14309867499998,4.631145587999981],[-74.143099774,4.63114751400002],[-74.143100909,4.631149420999975],[-74.14310207099999,4.631151327999987],[-74.14310325999998,4.631153218000009],[-74.14310447600002,4.6311550890000035],[-74.143105719,4.63115695099998],[-74.14310698999998,4.631158803999995],[-74.14310828700002,4.631160638999972],[-74.143109611,4.631162456000027],[-74.14311096300003,4.631164264000006],[-74.143112341,4.631166054000005],[-74.14311374599998,4.631167816000016],[-74.143115179,4.631169579000016],[-74.14311663799998,4.631171315000017],[-74.143118115,4.631173031999992],[-74.14311962,4.631174731999977],[-74.143121151,4.631176403999973],[-74.14312271,4.631178067000008],[-74.14312428599999,4.631179702999987],[-74.14312589000002,4.6311813209999855],[-74.143127521,4.631182921000004],[-74.14312916900002,4.631184494000024],[-74.14313083600001,4.631186049000007],[-74.14313252900001,4.6311875769999915],[-74.14313424099998,4.631189076999988],[-74.14313598000001,4.631190559999993],[-74.14313773700002,4.6311920150000105],[-74.14313951100002,4.631193451999991],[-74.14314130399998,4.631194854],[-74.14314311499999,4.631196236999983],[-74.14314494299998,4.631197593000024],[-74.14314679,4.631198921000021],[-74.143148655,4.6312002230000076],[-74.14315052900002,4.631201497999996],[-74.14315242999999,4.6312027540000145],[-74.14315434000002,4.631203975000005],[-74.143156267,4.631205168000008],[-74.14315820399997,4.631206334000012],[-74.14316015899999,4.631207463999999],[-74.14316212300002,4.631208576000006],[-74.14316409600002,4.631209651000006],[-74.143166087,4.631210709000015],[-74.14316808699999,4.631211730000018],[-74.143170096,4.631212725000012],[-74.143172123,4.631213682999999],[-74.14317415,4.631214623000005],[-74.143176186,4.631215526999995],[-74.14317823099998,4.631216403999986],[-74.14318028500003,4.631217245000016],[-74.14318233900002,4.631218058000002],[-74.14318440199997,4.631218844999978],[-74.143186474,4.631219604000023],[-74.14318854599998,4.631220326999994],[-74.14319062700002,4.631221031999985],[-74.14319270800002,4.631221691999997],[-74.14319469899999,4.631221962999973],[-74.14319669000002,4.631222234000006],[-74.143198681,4.631222505999972]]]},"properties":{"SEPCODIGO":24180756,"SEPCIV":8013651,"SEPMATERIA":2,"OBJECTID":114917}},{"type":"Feature","id":114923,"geometry":{"type":"Polygon","coordinates":[[[-74.142243006,4.631135054000026],[-74.14225179800002,4.631135959000005],[-74.142413116,4.6311525630000006],[-74.14272494400001,4.63118283],[-74.14273085399998,4.631117652],[-74.142690415,4.6311164210000015],[-74.14264997599997,4.631115190999992],[-74.14260953799999,4.631113960999983],[-74.14256909800002,4.631112729999984],[-74.14252865999998,4.6311114999999745],[-74.14248822100001,4.631110268999976],[-74.14244778199998,4.631109039000023],[-74.142407343,4.631107808000024],[-74.14236690400003,4.631106579000004],[-74.14232646599999,4.6311053480000055],[-74.14228602600002,4.631104117999996],[-74.14224558799998,4.631102886999997],[-74.142243006,4.631135054000026]]]},"properties":{"SEPCODIGO":91037085,"SEPCIV":8013658,"SEPMATERIA":2,"OBJECTID":114923}},{"type":"Feature","id":114933,"geometry":{"type":"Polygon","coordinates":[[[-74.14310350599999,4.631613968000067],[-74.14362224299998,4.631663235000076],[-74.14394259599999,4.631696720000036],[-74.14394539874071,4.631696590978576],[-74.14394816257591,4.631696108053085],[-74.14395084299997,4.631695279000041],[-74.14395396627636,4.63169380006098],[-74.14395682274032,4.631691855136897],[-74.14395934342531,4.631689491186115],[-74.14396146747181,4.631686765283949],[-74.14396314359674,4.631683743244686],[-74.1439643313317,4.631680498032553],[-74.14396500199996,4.631677108000076],[-74.14397072299994,4.631612533000066],[-74.14397059999999,4.63160444500005],[-74.14396697620768,4.63157503853008],[-74.14395839808223,4.631546678556341],[-74.14394511617034,4.631520193406471],[-74.14392751840522,4.631496356648946],[-74.14390611877586,4.631475864498977],[-74.14388154231476,4.631459315483712],[-74.14385450684209,4.631447192960675],[-74.14382580199998,4.631439851000039],[-74.14312517999997,4.6313768950000735],[-74.14312384799996,4.631391459000042],[-74.14382102499997,4.631454680000047],[-74.14382365699998,4.631454919000021],[-74.14382222599994,4.631475009000042],[-74.14312210199995,4.631410563000031],[-74.14310350599999,4.631613968000067]]]},"properties":{"SEPCODIGO":2502914,"SEPCIV":8013651,"SEPMATERIA":1,"OBJECTID":114933}},{"type":"Feature","id":114947,"geometry":{"type":"Polygon","coordinates":[[[-74.14328655499997,4.630872882999995],[-74.143290374,4.630873427999973],[-74.14352283599999,4.6309066040000175],[-74.14389380799997,4.630956115000004],[-74.14395691800001,4.6309629369999925],[-74.143961736,4.630913927999984],[-74.143494675,4.63083352000001],[-74.143494594,4.630833672999984],[-74.14349450399999,4.630833817999985],[-74.14349442299999,4.630833962999986],[-74.14349433299998,4.630834106999998],[-74.14349424300002,4.630834242999981],[-74.143494143,4.6308343879999825],[-74.14349404400002,4.630834522999976],[-74.14349394499999,4.630834659000016],[-74.14349384600001,4.630834794000009],[-74.14349373800002,4.630834929999992],[-74.14349363899998,4.6308350560000235],[-74.14349353099999,4.630835182999988],[-74.14349341399998,4.630835310000009],[-74.14349330599998,4.630835435999984],[-74.14349318799998,4.630835563000005],[-74.14349307100002,4.630835680000018],[-74.14349295400001,4.630835798000021],[-74.14349282799998,4.630835914999977],[-74.143492702,4.63083603299998],[-74.14349258499999,4.630836140999975],[-74.14349245,4.630836258999977],[-74.14349232400002,4.630836366999972],[-74.14349219799999,4.630836466999995],[-74.143492062,4.630836574999989],[-74.14349192700001,4.630836675000012],[-74.14349179200002,4.630836773999988],[-74.14349164800001,4.630836873000021],[-74.14349151300001,4.630836964000025],[-74.143491369,4.630837053999983],[-74.14349122499999,4.630837144999987],[-74.14349107999999,4.630837225999983],[-74.14349093599998,4.630837315999997],[-74.143490783,4.630837397999983],[-74.14349063899999,4.630837470000017],[-74.14349048600002,4.630837551000013],[-74.14349033299999,4.63083762399998],[-74.14349018000001,4.630837696000015],[-74.143490026,4.630837758999974],[-74.14348987300002,4.630837831999997],[-74.14348971999999,4.630837895000013],[-74.143489558,4.630837949000011],[-74.14348940500003,4.6308380120000265],[-74.14348924299998,4.630838067000013],[-74.14348908,4.630838111999992],[-74.143488918,4.6308381659999895],[-74.14348875600001,4.630838211000025],[-74.14348859400002,4.630838256000004],[-74.14348843200003,4.630838293000011],[-74.14348826999998,4.630838329000028],[-74.14348809799998,4.630838364999988],[-74.14348793599999,4.630838391999987],[-74.14348776499997,4.630838428000004],[-74.14348760299998,4.630838455000003],[-74.14348743199997,4.630838472999983],[-74.14348726999998,4.63083849100002],[-74.14348709900003,4.63083850999999],[-74.14348692700003,4.630838528000027],[-74.14348676499998,4.630838536999988],[-74.14348659400002,4.630838546000007],[-74.14348642300001,4.630838555000025],[-74.14348626100002,4.630838555000025],[-74.14348609000001,4.630838555000025],[-74.14348591800001,4.630838546000007],[-74.143485747,4.630838546000007],[-74.14348558500001,4.630838536999988],[-74.143485414,4.630838519000008],[-74.14348524299999,4.63083850999999],[-74.143485081,4.63083849100002],[-74.143484909,4.630838464000021],[-74.143484747,4.630838445999984],[-74.14348457599999,4.630838418999986],[-74.143484414,4.630838383000025],[-74.14348424299999,4.630838356000027],[-74.143484081,4.630838320000009],[-74.14348391800002,4.630838273999984],[-74.143483747,4.630838238000024],[-74.14348358500001,4.630838192999988],[-74.14348342300002,4.630838148000009],[-74.14348326099997,4.630838094000012],[-74.143483108,4.630838039000025],[-74.14348294500002,4.630837985000028],[-74.14348278300002,4.630837930999974],[-74.14348263,4.630837868000015],[-74.143482468,4.630837804000009],[-74.14348231500003,4.6308377409999935],[-74.143482162,4.630837669000016],[-74.14348200900002,4.6308375969999815],[-74.143481855,4.630837524000015],[-74.14348171099999,4.6308374430000185],[-74.14348155800002,4.630837370999984],[-74.14348141400001,4.63083727999998],[-74.14348126099998,4.630837198999984],[-74.14348111700002,4.63083710799998],[-74.14348098200003,4.6308370180000225],[-74.14348083700003,4.630836928000008],[-74.14348069300001,4.630836837000004],[-74.14348055800002,4.630836738000028],[-74.14348042300003,4.630836638000005],[-74.14348028799998,4.630836538999972],[-74.14348015299998,4.630836429999988],[-74.14348002700001,4.630836321999993],[-74.14347989200002,4.630836213000009],[-74.143479765,4.630836105000014],[-74.14347963900002,4.630835987000012],[-74.14347951299999,4.630835879000017],[-74.14347939599998,4.630835761000014],[-74.14347927900002,4.630835634999983],[-74.143479162,4.63083551699998],[-74.14347904499999,4.630835391000005],[-74.14347892799998,4.630835263999984],[-74.143478819,4.630835138000009],[-74.143478711,4.630835010999988],[-74.143478603,4.630834875999994],[-74.14347850399997,4.630834748999973],[-74.143478405,4.63083461299999],[-74.14347830600002,4.6308344689999785],[-74.14347820699999,4.630834332999996],[-74.14347810800001,4.630834198000002],[-74.143478018,4.630834053000001],[-74.14347792799998,4.630833908],[-74.14347784699999,4.630833763999988],[-74.14347775599998,4.630833618999986],[-74.14347767499999,4.630833465000023],[-74.14347759399999,4.630833321000011],[-74.14347752200001,4.630833166999992],[-74.14347744999998,4.630833012999972],[-74.143477378,4.630832869000017],[-74.14347730600002,4.630832705999978],[-74.143477243,4.630832552000015],[-74.14347717999999,4.630832398999985],[-74.14347711699997,4.630832236000003],[-74.14347706299998,4.6308320819999835],[-74.14347700899998,4.630831919999991],[-74.14347695499998,4.63083175700001],[-74.14347690099999,4.63083160299999],[-74.143476856,4.630831440999998],[-74.14347681100003,4.6308312780000165],[-74.14347677500001,4.6308311060000165],[-74.143476738,4.630830942999978],[-74.14347670199999,4.630830780999986],[-74.14347666600003,4.6308306180000045],[-74.14347663900003,4.6308304460000045],[-74.14329565600002,4.6308091600000125],[-74.14329558899999,4.630809151999983],[-74.14328655499997,4.630872882999995]]]},"properties":{"SEPCODIGO":24180759,"SEPCIV":8013651,"SEPMATERIA":2,"OBJECTID":114947}},{"type":"Feature","id":115016,"geometry":{"type":"Polygon","coordinates":[[[-74.14390954100003,4.631030846999977],[-74.143949959,4.631033722999973],[-74.143950679,4.6310264009999855],[-74.143946744,4.631026054000017],[-74.14394213999998,4.631025647000001],[-74.14393752799998,4.631025239999985],[-74.14393292400001,4.631024833000026],[-74.14392831200001,4.631024416999992],[-74.14392330300001,4.6310239379999985],[-74.143915042,4.631022825999992],[-74.143906781,4.631021723999993],[-74.14389852,4.631020611999986],[-74.14389025899999,4.631019508999998],[-74.14388199799998,4.63101840600001],[-74.14387373599999,4.631017294000003],[-74.14386547499998,4.631016191000015],[-74.14385721399998,4.631015079000008],[-74.14384895299997,4.631013977000009],[-74.143812261,4.63100885099999],[-74.14377556800002,4.631003716000009],[-74.14373886599998,4.63099859099998],[-74.14370217300001,4.630993465000017],[-74.14366548100003,4.630988339999988],[-74.14362877899998,4.630983214000025],[-74.14359208600001,4.630978088999996],[-74.14355538400002,4.630972954000015],[-74.14351869199999,4.630967828999985],[-74.14348575600002,4.630963479999991],[-74.14345328799999,4.630959222999991],[-74.14342082000002,4.630954974000019],[-74.14338834400002,4.6309507159999725],[-74.14335587599999,4.6309464679999905],[-74.143323409,4.630942210000001],[-74.14329094099998,4.630937952000011],[-74.143285133,4.630937191999976],[-74.14327758000002,4.630936204000022],[-74.143258473,4.630933702999982],[-74.14322600600002,4.630929445999982],[-74.14321732100001,4.630928487000006],[-74.14321543800003,4.630928469000025],[-74.14321355599998,4.630928450999988],[-74.143211673,4.630928433000008],[-74.14320979000001,4.630928415000028],[-74.14320790699998,4.630928396999991],[-74.14320603300001,4.630928379000011],[-74.14320414999997,4.630928360999974],[-74.14320226799998,4.630928333999975],[-74.14320121399999,4.6309283879999725],[-74.14320058300001,4.630928469000025],[-74.14319994300001,4.630928551000011],[-74.14319931300003,4.630928641000025],[-74.14319867299997,4.630928730999983],[-74.14319804299998,4.630928821999987],[-74.143197412,4.63092892100002],[-74.14319677200001,4.630929012000024],[-74.14319614200002,4.630929111],[-74.14319551099999,4.630929209999977],[-74.14319487099999,4.630929309999999],[-74.143194241,4.630929417999994],[-74.14319361000003,4.630929526999978],[-74.14319297999998,4.630929634999973],[-74.143192349,4.630929744000014],[-74.143191709,4.630929852000008],[-74.14319107900002,4.630929970000011],[-74.14319044799998,4.630930087000024],[-74.143189818,4.630930205000027],[-74.14318918700002,4.630930321999983],[-74.14318855599998,4.6309304490000045],[-74.143187926,4.630930574999979],[-74.14318729500002,4.630930702000001],[-74.14318666399998,4.6309308279999755],[-74.143186034,4.630930964000015],[-74.14318540300002,4.6309310909999795],[-74.14318477299997,4.630931225999973],[-74.143184142,4.630931370999974],[-74.14318351100002,4.6309315060000245],[-74.14318288999999,4.630931651000026],[-74.14318225900001,4.630931796000027],[-74.14318162900003,4.630931939999982],[-74.14318100700001,4.6309320849999835],[-74.14318037599998,4.630932239000003],[-74.14317974599999,4.630932383000015],[-74.14317912400003,4.630932536999978],[-74.143178493,4.630932700000017],[-74.14317787200002,4.63093285299999],[-74.14317725000001,4.630933015999972],[-74.14317662000002,4.63093317900001],[-74.143175998,4.630933341000002],[-74.14317537599999,4.630933503999984],[-74.14317524799998,4.6309335390000115],[-74.14317475500002,4.630933675999984],[-74.143174133,4.630933847999984],[-74.14317351199998,4.630934018999994],[-74.14317289000002,4.630934190999994],[-74.143172268,4.630934372000013],[-74.14317164699997,4.630934552999975],[-74.14317102500002,4.630934733000004],[-74.14317040399999,4.630934914000022],[-74.14316979099999,4.630935094999984],[-74.14316916899998,4.630935285000021],[-74.14316855700002,4.630935475000001],[-74.14316793500001,4.630935663999992],[-74.143167323,4.630935853999972],[-74.14316670099998,4.630936053000028],[-74.14316608799999,4.630936252000026],[-74.14316547599998,4.630936451000025],[-74.14316486299998,4.630936650000024],[-74.14316425099997,4.6309368490000224],[-74.14316363799998,4.630937056999983],[-74.14316302499998,4.630937264000011],[-74.14316241300003,4.630937472000028],[-74.14316179999997,4.630937679999988],[-74.14316118800002,4.630937897000024],[-74.14316058399999,4.630938104999984],[-74.14315997099999,4.63093832200002],[-74.143159368,4.630938548000017],[-74.14315876400002,4.630938764999996],[-74.14315815200001,4.630938990999994],[-74.14315754799998,4.630939216999991],[-74.143156944,4.630939442999988],[-74.14315634100001,4.630939668999986],[-74.14315573699997,4.630939894999983],[-74.14315513399998,4.630940129999999],[-74.14315453900002,4.630940365000015],[-74.14315393599998,4.630940599999974],[-74.143153332,4.63094083499999],[-74.14315273699998,4.630941079000024],[-74.14315214300001,4.630941323000002],[-74.14315153899997,4.630941566999979],[-74.143150945,4.630941811000014],[-74.14315034999998,4.630942054999991],[-74.14314975500002,4.630942307999987],[-74.143149161,4.630942561999973],[-74.143148575,4.630942815000026],[-74.14314798100003,4.630943068000022],[-74.14314739500003,4.630943321000018],[-74.143146801,4.630943582999976],[-74.143146215,4.63094384499999],[-74.143145629,4.630944107000005],[-74.14314503499997,4.630944369000019],[-74.14314444899998,4.630944640999985],[-74.14314386400002,4.630944903],[-74.14314328699999,4.630945173999976],[-74.14314270199998,4.630945445000009],[-74.14314211599998,4.630945725000004],[-74.143141539,4.63094599599998],[-74.14314096300001,4.630946277000021],[-74.14314038600003,4.630946557000016],[-74.14313980100002,4.63094683700001],[-74.14313922399998,4.630947117000005],[-74.14313865700001,4.630947407000008],[-74.14313808000003,4.630947687000003],[-74.14313750299999,4.630947976000016],[-74.14313693600002,4.630948264999972],[-74.14313635899998,4.630948563999993],[-74.14313579200001,4.630948853000007],[-74.14313522399999,4.630949150999982],[-74.14313423300001,4.630949810999994],[-74.14313238599999,4.630951212000014],[-74.14313054000002,4.630952612999977],[-74.143128693,4.630954013999997],[-74.14312684599997,4.630955416000006],[-74.14312499900001,4.630956817000026],[-74.14312315199999,4.630958217999989],[-74.14312130600001,4.630959619000009],[-74.14311945899999,4.6309610199999725],[-74.14311761200003,4.6309624209999924],[-74.14311640099999,4.6309633340000005],[-74.14314422899997,4.630966858000022],[-74.14315973700002,4.630968639000002],[-74.143184281,4.630971459000023],[-74.14322431400001,4.630976257999976],[-74.14326434100002,4.630981162000012],[-74.14328668500002,4.6309837349999725],[-74.14330442099998,4.630985371000008],[-74.14334454599998,4.6309887900000035],[-74.143384663,4.630992294999999],[-74.14342389699999,4.630995940999981],[-74.143424772,4.630996021999977],[-74.14342961300002,4.630996413999981],[-74.143459151,4.630998803000011],[-74.143464946,4.630999214999974],[-74.14350536400002,4.631002091000028],[-74.143545781,4.631004967000024],[-74.14358619900003,4.631007841999974],[-74.143626617,4.631010718000027],[-74.14366703500002,4.631013592999977],[-74.143707452,4.631016468999974],[-74.14374787000003,4.631019345000027],[-74.143788288,4.631022219999977],[-74.14382870600002,4.6310250959999735],[-74.14386912399999,4.631027972000027],[-74.14390954100003,4.631030846999977]]]},"properties":{"SEPCODIGO":24180758,"SEPCIV":8013651,"SEPMATERIA":2,"OBJECTID":115016}},{"type":"Feature","id":115057,"geometry":{"type":"Polygon","coordinates":[[[-74.14288142699996,4.6315578170000435],[-74.14291065606619,4.631575200408437],[-74.14294175555672,4.631588960600639],[-74.14297427838436,4.631598899759724],[-74.14300775699996,4.6316048750000505],[-74.14310350599999,4.631613968000067],[-74.14312210199995,4.631410563000031],[-74.14270775099999,4.631372421000037],[-74.14270092499999,4.631447619000028],[-74.1427275746517,4.6314552752739235],[-74.14275307310184,4.631466168001163],[-74.14277702899994,4.631480130000057],[-74.14279394199997,4.63149304600006],[-74.14279851599997,4.631496456000036],[-74.14279943299994,4.631497247000027],[-74.14283588699993,4.631524305000028],[-74.14286903199996,4.63154890800007],[-74.14288142699996,4.6315578170000435]]]},"properties":{"SEPCODIGO":91037087,"SEPCIV":8013659,"SEPMATERIA":1,"OBJECTID":115057}},{"type":"Feature","id":115092,"geometry":{"type":"Polygon","coordinates":[[[-74.14397129099996,4.630816761000062],[-74.1439713239038,4.630817229259877],[-74.1439714353009,4.630817685264925],[-74.14397162200056,4.630818115954086],[-74.14397187865524,4.630818508991349],[-74.14397219791371,4.630818853119149],[-74.14397257063163,4.630819138480808],[-74.1439729861334,4.630819356902857],[-74.14397343251804,4.630819502129145],[-74.14397389699997,4.630819570000028],[-74.14418765652456,4.63085857894269],[-74.1444019968022,4.6308942591521545],[-74.14461686599998,4.630926602000045],[-74.14485735899996,4.630954815000052],[-74.14485851599994,4.630945782000026],[-74.14461388699993,4.630915241000025],[-74.14429408374757,4.630865702849151],[-74.14397461199997,4.630814070000042],[-74.14397417875313,4.630814016574461],[-74.14397374249204,4.630814031850973],[-74.1439733140434,4.630814115450468],[-74.14397290404003,4.63081426529825],[-74.14397252265702,4.630814477675542],[-74.14397217935917,4.630814747311767],[-74.1439718826661,4.630815067515352],[-74.14397163994086,4.630815430339789],[-74.14397145720717,4.63081582678085],[-74.14397133899996,4.630816247000041],[-74.14397130149173,4.630816502738583],[-74.14397129099996,4.630816761000062]]]},"properties":{"SEPCODIGO":15002481,"SEPCIV":8004450,"SEPMATERIA":1,"OBJECTID":115092}},{"type":"Feature","id":115093,"geometry":{"type":"Polygon","coordinates":[[[-74.13801413699997,4.630504998000049],[-74.13801275099996,4.630519788000072],[-74.13801262599998,4.630521120000026],[-74.13800953499998,4.630554080000024],[-74.13800651799994,4.630586256000072],[-74.13800606399997,4.6305910920000315],[-74.13799719599996,4.630685680000056],[-74.13799580099999,4.630700549000039],[-74.13799577099996,4.630700690000026],[-74.13799514499993,4.630708287000061],[-74.13799472799997,4.630716892000066],[-74.13799306499999,4.63075118200004],[-74.13799168599996,4.63077959900005],[-74.13798886599994,4.630837744000075],[-74.13798712399995,4.630873664000035],[-74.13797938199997,4.6311259290000635],[-74.13798019499995,4.63114575000003],[-74.13798188599998,4.6311869450000245],[-74.13798980657603,4.631223904323362],[-74.13800152692298,4.631259839829117],[-74.13801691999998,4.631294362000062],[-74.1380378435196,4.631330176549374],[-74.13806272793609,4.631363361507282],[-74.13809124632022,4.6313934808927755],[-74.13812302399998,4.631420139000056],[-74.13814394799994,4.631434816000024],[-74.13818974499998,4.631458513000041],[-74.13823489730544,4.6314766378789844],[-74.13828206521562,4.63148857229029],[-74.13833040420734,4.631494102552937],[-74.13837904878962,4.631493129649709],[-74.13842712799999,4.631485671000064],[-74.13846626822652,4.631474549206462],[-74.13850392369702,4.631459131127206],[-74.13853962447033,4.631439609180283],[-74.13857292499995,4.631416227000045],[-74.13867780299995,4.631312706000074],[-74.13870671499996,4.631284168000036],[-74.13878669799993,4.6312020310000435],[-74.13881059399995,4.631177493000052],[-74.13883700599996,4.631149296000046],[-74.13885879655754,4.631116686585166],[-74.13887497499996,4.63108095900003],[-74.13887498799994,4.63108092300007],[-74.13888544409086,4.631041278560598],[-74.13888900099994,4.631000433000054],[-74.13888784471638,4.630976559756363],[-74.13888431899994,4.630952920000027],[-74.13888377099994,4.63095026000002],[-74.13887498999998,4.630919275000053],[-74.13887497699994,4.630919238000047],[-74.13887438399996,4.630917621000037],[-74.13885817131417,4.63088238480084],[-74.13883648009781,4.630850229987084],[-74.13880987999994,4.63082200100007],[-74.13879242599995,4.630807247000064],[-74.13879232099998,4.630807168000047],[-74.13878687799996,4.630803209000021],[-74.13878147399998,4.63079953700003],[-74.13876004490542,4.630787262178547],[-74.13873729199997,4.630777661000025],[-74.13873724699994,4.630777647000059],[-74.13870804999993,4.63076944200003],[-74.13861387499998,4.630755713000042],[-74.13861384899997,4.630755709000027],[-74.13861381499999,4.63075570500007],[-74.13861376499995,4.630755699000076],[-74.13861370199999,4.630755690000058],[-74.13861362599994,4.630755683000075],[-74.13861353599998,4.630755674000056],[-74.13861343199994,4.630755663000059],[-74.13861331599998,4.630755652000062],[-74.13861318699998,4.630755639000029],[-74.13861304599999,4.630755625000063],[-74.13861289199997,4.630755610000051],[-74.13861272599996,4.63075559300006],[-74.13861254799997,4.630755575000023],[-74.13861235699994,4.630755556000054],[-74.13861215499998,4.630755536000038],[-74.13861194199995,4.630755514000043],[-74.13861171699995,4.630755492000048],[-74.13861148099994,4.630755469000064],[-74.13861123499998,4.6307554440000445],[-74.13861097699998,4.630755418000035],[-74.13861070899998,4.6307553910000365],[-74.13861042999997,4.630755363000048],[-74.13861014199995,4.630755334000071],[-74.13860984299998,4.630755304000047],[-74.13860953499994,4.630755274000023],[-74.13860921699995,4.630755242000021],[-74.13860888899995,4.630755209000029],[-74.13860855299998,4.630755175000047],[-74.13860820699995,4.630755141000066],[-74.13860785199995,4.630755105000048],[-74.13860748899998,4.630755069000031],[-74.13860711699994,4.630755031000035],[-74.13860673699998,4.630754993000039],[-74.13860634899999,4.630754955000043],[-74.13860595199998,4.630754916000058],[-74.13860554899998,4.6307548750000365],[-74.13860513699996,4.630754833000026],[-74.13860471799995,4.630754792000062],[-74.13860429199997,4.630754749000062],[-74.13860385899994,4.630754706000062],[-74.13860341899994,4.630754662000072],[-74.13860297199994,4.630754617000036],[-74.13860251899996,4.630754571000068],[-74.13860205999998,4.6307545260000325],[-74.13860112299994,4.63075443200006],[-74.13860016299998,4.630754336000052],[-74.13859918299994,4.6307542380000655],[-74.13859818199995,4.630754137000054],[-74.13859716299999,4.630754036000042],[-74.13859612699997,4.6307539320000615],[-74.13859507699993,4.630753827000035],[-74.13859401199994,4.63075372000003],[-74.13859293499996,4.630753613000024],[-74.13859184599994,4.63075350400004],[-74.13859074899995,4.630753394000067],[-74.13858964499997,4.630753283000047],[-74.13858853299996,4.630753172000027],[-74.13858629699996,4.630752948000065],[-74.13858405299999,4.630752723000057],[-74.13858181399996,4.630752500000028],[-74.13857959199999,4.630752278000045],[-74.13857848999999,4.630752167000026],[-74.13857739699995,4.630752058000041],[-74.13857631399998,4.630751949000057],[-74.13857524299993,4.630751842000052],[-74.13857418499998,4.630751736000036],[-74.13857314199998,4.630751632000056],[-74.13857211499999,4.630751529000065],[-74.13857110499998,4.630751428000053],[-74.13857011399995,4.63075132900002],[-74.13856914399997,4.630751232000023],[-74.13856819599994,4.630751137000061],[-74.13856727199999,4.6307510440000215],[-74.13856681899995,4.630750999000043],[-74.13856637299995,4.630750954000064],[-74.13856593299994,4.630750911000064],[-74.13856549999997,4.630750867000074],[-74.13856465299995,4.630750782000064],[-74.13856381199997,4.630750698000043],[-74.13856044499994,4.630750361000025],[-74.13850658599995,4.63074497100007],[-74.13847965699995,4.630742277000024],[-74.13845272699996,4.6307395820000465],[-74.13842579699997,4.630736887000069],[-74.13839886699998,4.630734193000023],[-74.13837193699999,4.630731499000035],[-74.13834500699994,4.630728805000047],[-74.13831807599996,4.630726111000058],[-74.13829114599997,4.630723418000059],[-74.13827768199997,4.630722070000047],[-74.13826421599998,4.630720724000071],[-74.13825075099999,4.630719377000048],[-74.13824846999995,4.630719149000072],[-74.13815649399999,4.630709954000054],[-74.13814302899993,4.630708609000067],[-74.13813662299998,4.6307079690000705],[-74.13813751799995,4.630703641000025],[-74.13815741399998,4.630557732000057],[-74.13815773899995,4.630555345000062],[-74.13815848699994,4.630549640000027],[-74.13815890499995,4.630546455000058],[-74.13815993499998,4.630538602000058],[-74.13816012299998,4.630537168000046],[-74.13816045099998,4.630534762000025],[-74.13816218299996,4.630522062000068],[-74.13815630299996,4.630521384000076],[-74.13814106799998,4.630519628000059],[-74.13809319899997,4.630514111000025],[-74.13801413699997,4.630504998000049]]]},"properties":{"SEPCODIGO":15002601,"SEPCIV":8012644,"SEPMATERIA":2,"OBJECTID":115093}},{"type":"Feature","id":115094,"geometry":{"type":"Polygon","coordinates":[[[-74.135320073,4.630268924000006],[-74.13533623299998,4.630270447999976],[-74.13535112099999,4.6302719789999855],[-74.13536051800003,4.6302729450000015],[-74.13540095299999,4.630277132999993],[-74.13544138399999,4.630281356000012],[-74.135481814,4.630285615999981],[-74.13552224099999,4.630289914000002],[-74.135562666,4.630294247999984],[-74.13557642699999,4.63029573099999],[-74.13560302799999,4.630298711000023],[-74.13564335699999,4.630303229999981],[-74.13568368699998,4.630307748000007],[-74.13572401699997,4.630312267000022],[-74.13576434700002,4.630316784999991],[-74.13580467700001,4.6303213030000165],[-74.135845007,4.630325821999975],[-74.13588533799998,4.63033034],[-74.13592566699998,4.6303348590000155],[-74.13596599700003,4.630339376999984],[-74.13600632700002,4.63034389500001],[-74.13604665700001,4.630348412999979],[-74.13608698799999,4.630352931999994],[-74.13612731699999,4.6303574500000195],[-74.13615048100002,4.630360044999975],[-74.13615941900002,4.63036123400002],[-74.13618303099997,4.630364375999989],[-74.13628214800002,4.630377563000025],[-74.136413253,4.630393274000028],[-74.13691402299997,4.630440910999994],[-74.136914048,4.630440911999983],[-74.13691410000001,4.630440917999977],[-74.13691420499998,4.6304409279999845],[-74.13691441600002,4.63044094899999],[-74.136914837,4.630440990000011],[-74.13691568000002,4.630441072999986],[-74.136917364,4.6304412389999925],[-74.13692073499999,4.630441571000006],[-74.136927475,4.630442233999986],[-74.13693421400001,4.6304428980000125],[-74.13694095400001,4.630443560999993],[-74.13694769300002,4.630444225000019],[-74.13695443199998,4.6304448879999995],[-74.13696117,4.63044555099998],[-74.136961235,4.6304455580000194],[-74.13696336700002,4.630424287999972],[-74.13696357999999,4.630422163999981],[-74.13696408200002,4.630417157000011],[-74.13696643999998,4.6303929850000145],[-74.13696327899999,4.6303926659999775],[-74.136961955,4.63039253300002],[-74.13692068400002,4.6303883699999915],[-74.13687029800002,4.630383310000013],[-74.13677862499998,4.630374103000008],[-74.13641817899997,4.630339224000011],[-74.13641761600002,4.630339169000024],[-74.136342786,4.6303319279999755],[-74.13594404499997,4.630292327999996],[-74.13593595499998,4.630291086],[-74.135936356,4.630273139999986],[-74.13593646499999,4.630268258000001],[-74.136419155,4.6303200890000085],[-74.13642008400001,4.630320180000012],[-74.13696814100001,4.630369922999989],[-74.13696820400003,4.63036907999998],[-74.13696825800002,4.630368343999976],[-74.136968491,4.630365186000006],[-74.13696875,4.630361678999975],[-74.136969013,4.630358102000002],[-74.13696895999999,4.6303580969999985],[-74.13696920199999,4.630354925999995],[-74.13696703599999,4.630354710000006],[-74.136961901,4.6303541980000205],[-74.13695705999999,4.6303537150000125],[-74.13695251799999,4.630353262000028],[-74.13694900299998,4.630352911999978],[-74.13694827799998,4.630352839000011],[-74.13694434799999,4.630352447000007],[-74.13694073200003,4.630352086000016],[-74.136937435,4.6303517580000175],[-74.13693446299999,4.6303514620000215],[-74.13693182100002,4.630351198000028],[-74.13692951399997,4.630350968000016],[-74.13692754700003,4.630350771999986],[-74.136925927,4.630350609999994],[-74.13692465700001,4.630350482999972],[-74.136923744,4.630350392000025],[-74.13692319199998,4.630350336999982],[-74.136923008,4.630350312000019],[-74.13678799500002,4.630330851999986],[-74.13642306000003,4.630290428000023],[-74.13642155999997,4.630290262000017],[-74.13617025899998,4.630262425000012],[-74.13615909700002,4.63026118800002],[-74.13613295599998,4.63025847900002],[-74.13609260200002,4.6302542959999755],[-74.13605223399998,4.630250279999984],[-74.13601222699998,4.630246078000027],[-74.13597153400002,4.63024180299999],[-74.13593101499998,4.630237548000025],[-74.13589084,4.630233243000021],[-74.135850495,4.630228921000025],[-74.13581015099999,4.63022460000002],[-74.13576980699997,4.630220278000024],[-74.13572946300002,4.630215955999972],[-74.135689119,4.630211633999977],[-74.13564877599998,4.630207311999982],[-74.13560843200003,4.630202989999987],[-74.13556808800001,4.630198668999981],[-74.13552774300001,4.630194345999996],[-74.135487399,4.63019002499999],[-74.13544705499999,4.630185702000006],[-74.13543392999998,4.630184297000028],[-74.135406665,4.630181272000016],[-74.13536625500001,4.630176757000015],[-74.135325846,4.630172205000008],[-74.13528544000002,4.630167615999994],[-74.135245037,4.63016299100002],[-74.13524180399997,4.630217055000003],[-74.13523915399998,4.630261384999983],[-74.135279615,4.630265135999991],[-74.135320073,4.630268924000006]]]},"properties":{"SEPCODIGO":91036980,"SEPCIV":8012583,"SEPMATERIA":2,"OBJECTID":115094}},{"type":"Feature","id":115101,"geometry":{"type":"Polygon","coordinates":[[[-74.13696895999999,4.6303580969999985],[-74.136969013,4.630358102000002],[-74.13696875,4.630361678999975],[-74.136968491,4.630365186000006],[-74.13696825800002,4.630368343999976],[-74.13696820299998,4.63036907999998],[-74.13696814100001,4.630369922999989],[-74.137132522,4.630383017999975],[-74.13719544899999,4.630389573999992],[-74.13720122000001,4.630390175000002],[-74.13721925099998,4.630392051999991],[-74.137219539,4.630392087000018],[-74.137220474,4.630392180999991],[-74.13722067200001,4.630392197999981],[-74.13722125200002,4.630392262999976],[-74.13722456699998,4.630392608000022],[-74.13722849200002,4.630393017000017],[-74.13723190399998,4.6303933720000146],[-74.13723786600002,4.630393992999984],[-74.13724166399999,4.630394389000003],[-74.13724701699999,4.630394947000013],[-74.13725297299999,4.630395566999994],[-74.137256277,4.630395910999994],[-74.13726534300002,4.630396856000004],[-74.137274537,4.630397813999991],[-74.13728343100001,4.6303987399999755],[-74.137293333,4.630399771999976],[-74.13729389399998,4.630399829999988],[-74.13729823300002,4.630400281999982],[-74.13730152800002,4.630400625999982],[-74.137309545,4.6304014610000195],[-74.13731248300002,4.6304017670000235],[-74.13731865699998,4.630402409999988],[-74.13738103899999,4.630408908999982],[-74.13738139399999,4.63040472199998],[-74.13738210399998,4.6303963629999885],[-74.13738212700002,4.630396093999991],[-74.13737772000002,4.6303956549999725],[-74.13736502400002,4.630394389000003],[-74.1373524,4.630393131000005],[-74.137339854,4.63039188099998],[-74.137327389,4.630390637999994],[-74.13731501299998,4.630389404000027],[-74.13730273099998,4.630388180000011],[-74.13729054599997,4.630386966000003],[-74.137278466,4.630385762000003],[-74.137266495,4.630384569],[-74.13725463700001,4.630383386000005],[-74.13724289999999,4.630382215999987],[-74.13723128800001,4.630381058000012],[-74.13721980499997,4.630379914000002],[-74.13720845799998,4.630378783000026],[-74.13719725099998,4.630377665000026],[-74.13718619100001,4.630376561999981],[-74.13717528000001,4.630375474999994],[-74.13716452699998,4.630374401999973],[-74.137153936,4.630373345999999],[-74.13714351099998,4.630372308000005],[-74.137133258,4.630371285000024],[-74.13712318199998,4.630370281000012],[-74.13711329,4.6303692939999905],[-74.13710358600002,4.630368325999996],[-74.137094074,4.630367378000017],[-74.13708476099998,4.630366449000007],[-74.13707565200002,4.630365541999993],[-74.13706675200001,4.6303646540000045],[-74.13705806500002,4.630363788000011],[-74.13704959900002,4.630362943000023],[-74.13704135799998,4.630362121000019],[-74.13703334500002,4.630361321999999],[-74.137025569,4.630360547000009],[-74.137018033,4.630359795000004],[-74.13701074300002,4.630359068000018],[-74.137003704,4.630358366999985],[-74.13699692099999,4.630357690999972],[-74.1369904,4.6303570399999785],[-74.13698414599997,4.630356415999984],[-74.13697816299998,4.630355819999977],[-74.13697245899999,4.63035524999998],[-74.13696920199999,4.630354925999995],[-74.13696895999999,4.6303580969999985]]]},"properties":{"SEPCODIGO":91037082,"SEPCIV":8013650,"SEPMATERIA":1,"OBJECTID":115101}},{"type":"Feature","id":116241,"geometry":{"type":"Polygon","coordinates":[[[-74.13653685899999,4.626913108000053],[-74.13653705678551,4.626915116616095],[-74.13653756846693,4.6269170690094015],[-74.13653838127107,4.6269189164419355],[-74.13653947490766,4.62692061279582],[-74.13654082207604,4.626922115724584],[-74.13654238914653,4.626923387710279],[-74.13654413699999,4.626924397000039],[-74.13654620776698,4.62692516567888],[-74.13654838025657,4.6269255647179515],[-74.13655058902118,4.626925582095965],[-74.13655276752051,4.626925217289398],[-74.13655485012596,4.626924481288263],[-74.13655677409783,4.626923396265029],[-74.1365584814753,4.626921994906662],[-74.13655992082266,4.6269203194299084],[-74.13656104877869,4.6269184203094955],[-74.13656183136305,4.6269163547575465],[-74.13656224499994,4.626914185000032],[-74.13665158999999,4.6260133220000625],[-74.13664767299997,4.6260129300000585],[-74.13656057599997,4.626898161000042],[-74.13654145199996,4.626896434000059],[-74.13663027599995,4.626011188000064],[-74.13662738499994,4.62601089900005],[-74.13653685899999,4.626913108000053]]]},"properties":{"SEPCODIGO":91032515,"SEPCIV":8005520,"SEPMATERIA":1,"OBJECTID":116241}},{"type":"Feature","id":119549,"geometry":{"type":"Polygon","coordinates":[[[-74.13640628899998,4.628239763000067],[-74.13640655539292,4.628241673242025],[-74.13640710127211,4.62824352310836],[-74.13640791464022,4.62824527194279],[-74.13640897762107,4.628246881309508],[-74.13641026685254,4.628248315837921],[-74.13641175399994,4.6282495440000275],[-74.13641368810325,4.628250671970614],[-74.13641578760705,4.628251449889029],[-74.13641798973494,4.6282518544950575],[-74.13642022864198,4.628251873690741],[-74.13642243738356,4.628251506902116],[-74.136424549917,4.62825076509638],[-74.1364265030763,4.628249670453959],[-74.13642823846084,4.628248255705309],[-74.13642970418161,4.628246563152244],[-74.1364308564127,4.628244643403098],[-74.13643166070172,4.628242553859502],[-74.13643209299994,4.628240357000038],[-74.13654219999995,4.627102894000075],[-74.13654165910516,4.627100831421068],[-74.13654079155171,4.627098883563178],[-74.13653962021084,4.6270971017775855],[-74.13653817596249,4.6270955330373225],[-74.1365364968812,4.627094218698928],[-74.13653462723248,4.627093193412173],[-74.13653261630563,4.627092484206587],[-74.13653051711454,4.627092109778886],[-74.13652838499996,4.627092080000068],[-74.13652619025358,4.627092420983335],[-74.13652408437346,4.62709312699345],[-74.13652212761036,4.627094177830964],[-74.13652037594865,4.62709554343067],[-74.1365188795046,4.6270971847217925],[-74.13651768109256,4.627099054745827],[-74.13651681499994,4.627101100000061],[-74.13640628899998,4.628239763000067]],[[-74.13641004599998,4.628217790000065],[-74.13651589099999,4.627143044000036],[-74.13653476899998,4.627144384000076],[-74.13642949599995,4.628219226000056],[-74.13641004599998,4.628217790000065]]]},"properties":{"SEPCODIGO":91034322,"SEPCIV":8005259,"SEPMATERIA":1,"OBJECTID":119549}},{"type":"Feature","id":123761,"geometry":{"type":"Polygon","coordinates":[[[-74.13485445299995,4.629807586000027],[-74.13485751099995,4.629807895000056],[-74.13526863599998,4.629849253000032],[-74.13534005899999,4.629856437000058],[-74.13536083299994,4.629858527000067],[-74.13537519799996,4.629713632000062],[-74.13535269699997,4.629711368000073],[-74.13528311199997,4.629704367000045],[-74.13512912599998,4.6296888730000205],[-74.13512167312533,4.629688427871917],[-74.13511424151721,4.6296891452844156],[-74.1351070114153,4.6296910078380265],[-74.13510015817205,4.629693970360027],[-74.13509384799994,4.6296979610000335],[-74.13509075999997,4.629700554000067],[-74.13504298899994,4.629734965000068],[-74.13503424899994,4.629724155000076],[-74.13503265899999,4.629722189000063],[-74.13503205699999,4.62972144400004],[-74.13508134499995,4.629684610000027],[-74.13508424299994,4.629682176000074],[-74.13509130832752,4.6296781393474005],[-74.13509887005581,4.629675133738685],[-74.1351067786408,4.629673218614148],[-74.13511487767887,4.629672431848125],[-74.13512300699995,4.62967278900004],[-74.13528464199999,4.629689051000071],[-74.13536819499996,4.6296974580000665],[-74.13537671699999,4.6296983150000415],[-74.13537832399999,4.629682101000071],[-74.13528624799994,4.6296729830000345],[-74.13487186299994,4.629631948000053],[-74.13436426299995,4.629581683000026],[-74.13434994499994,4.629725431000054],[-74.13485757199999,4.629776118000052],[-74.13491675599994,4.629782027000033],[-74.13492120699993,4.629782477000049],[-74.13491936899999,4.629800802000034],[-74.13485861899994,4.62979467200006],[-74.13485576199997,4.629794383000046],[-74.13434817899997,4.629743158000053],[-74.13434685799996,4.629756421000025],[-74.13485445299995,4.629807586000027]]]},"properties":{"SEPCODIGO":91037424,"SEPCIV":8013741,"SEPMATERIA":1,"OBJECTID":123761}},{"type":"Feature","id":123762,"geometry":{"type":"Polygon","coordinates":[[[-74.132930397,4.630192271999988],[-74.13293161299998,4.630192387000022],[-74.13309940699997,4.630208353],[-74.13329485700001,4.630228681999995],[-74.13329613399998,4.630190358999982],[-74.13325571799999,4.63018747000001],[-74.13321530000002,4.630184579999991],[-74.13317488299998,4.630181691000018],[-74.13313446500001,4.630178801],[-74.13309404799998,4.630175912000027],[-74.133053631,4.630173022999998],[-74.13301321400002,4.630170134000025],[-74.13297279699998,4.6301672449999955],[-74.13293293800001,4.630164395000008],[-74.13293237900001,4.630164354999977],[-74.132930397,4.630192271999988]]]},"properties":{"SEPCODIGO":91037062,"SEPCIV":8013648,"SEPMATERIA":2,"OBJECTID":123762}},{"type":"Feature","id":123763,"geometry":{"type":"Polygon","coordinates":[[[-74.133318713,4.6298400960000095],[-74.133358982,4.629845363000015],[-74.133361767,4.629817401000025],[-74.13335219099997,4.629816478000009],[-74.13334779600001,4.629815989999997],[-74.13304046500002,4.62978549799999],[-74.13295796300002,4.629776042999993],[-74.132956304,4.629792690999977],[-74.13299657200002,4.629797957999983],[-74.13303683999999,4.629803224999989],[-74.13307710700002,4.629808491999995],[-74.13311737499998,4.629813759000001],[-74.13315764200001,4.629819026000007],[-74.13319791100002,4.629824294000002],[-74.133238178,4.629829561000008],[-74.13327844600002,4.629834828000014],[-74.133318713,4.6298400960000095]]]},"properties":{"SEPCODIGO":91037063,"SEPCIV":8013648,"SEPMATERIA":2,"OBJECTID":123763}},{"type":"Feature","id":123764,"geometry":{"type":"Polygon","coordinates":[[[-74.13325812,4.630115402999991],[-74.13329853699997,4.6301182930000095],[-74.133304339,4.630026418999989],[-74.133311585,4.629911666999988],[-74.13327131699998,4.629906399999982],[-74.13323105,4.629901132999976],[-74.13319078199999,4.62989586499998],[-74.13315051400002,4.6298905979999745],[-74.133110246,4.629885331000025],[-74.13306997900003,4.629880062999973],[-74.133029711,4.629874796000024],[-74.13298944299999,4.629869529000018],[-74.13294917500002,4.629864261000023],[-74.132940985,4.629993913000021],[-74.132934782,4.630092289000004],[-74.132936347,4.630092401000013],[-74.13297519899999,4.630095179000023],[-74.13301561700001,4.630098067999995],[-74.13305603399999,4.630100957000025],[-74.13309644999998,4.630103846999987],[-74.13313686800001,4.630106736000016],[-74.13317728499999,4.630109624999989],[-74.13321770300001,4.630112514000018],[-74.13325812,4.630115402999991]]]},"properties":{"SEPCODIGO":91037150,"SEPCIV":8013648,"SEPMATERIA":2,"OBJECTID":123764}},{"type":"Feature","id":123765,"geometry":{"type":"Polygon","coordinates":[[[-74.13124319100001,4.629915911000012],[-74.13128346600001,4.629920815999981],[-74.13129234500002,4.629828320000001],[-74.13130600300002,4.629686022999977],[-74.13128311399998,4.629683316000012],[-74.13126562100001,4.629681247999997],[-74.13122550499997,4.629676503999974],[-74.13118523600002,4.6296726159999935],[-74.13114470199997,4.629668493999986],[-74.13110433700001,4.629664387999981],[-74.131064202,4.6296603270000105],[-74.13105051600002,4.629658942999981],[-74.131023889,4.629656250999972],[-74.13098352999998,4.6296522729999765],[-74.13094335099998,4.629648384999996],[-74.130902902,4.629644315999997],[-74.13086236200002,4.629640247999987],[-74.130833155,4.629637480999975],[-74.13082227400002,4.629636450000021],[-74.13079239199999,4.6296331770000165],[-74.130781824,4.629632019999974],[-74.13076936800002,4.6297596269999985],[-74.13076922900001,4.6297610579999855],[-74.13076013199998,4.629854245999979],[-74.13076055900001,4.629854299999977],[-74.13080055799998,4.62985936299998],[-74.130840917,4.629864516999987],[-74.130881096,4.629869670000005],[-74.13092118499998,4.629874733000008],[-74.13096163400002,4.629879976999973],[-74.13100181300001,4.6298850399999765],[-74.13102190199999,4.629887571999973],[-74.13104199200001,4.62989010299998],[-74.13108198999998,4.629895165999983],[-74.131122388,4.629900202999977],[-74.131162529,4.6299056540000265],[-74.13120294499998,4.629910842000015],[-74.13124319100001,4.629915911000012]]]},"properties":{"SEPCODIGO":91037068,"SEPCIV":8013654,"SEPMATERIA":2,"OBJECTID":123765}},{"type":"Feature","id":123766,"geometry":{"type":"Polygon","coordinates":[[[-74.13283680199999,4.630632998000067],[-74.13283773350093,4.6306379858164695],[-74.13283950375353,4.630642741046457],[-74.1328420606664,4.630647123762857],[-74.13284532899996,4.630651005000061],[-74.13284907135215,4.630654171454204],[-74.13285328746706,4.630656672655277],[-74.13285786032382,4.630658439180901],[-74.13286266299997,4.630659422000065],[-74.13294191299997,4.630667197000037],[-74.13294713355526,4.630668472988414],[-74.13295249480137,4.630668846330224],[-74.13295784182333,4.630668306237632],[-74.13296302011722,4.630666868316787],[-74.13296788005452,4.6306645741168815],[-74.1329722812058,4.630661489929569],[-74.13297609639834,4.630657704873447],[-74.13297921539089,4.630653328318944],[-74.13298154805918,4.630648486728029],[-74.13298302699997,4.630643320000047],[-74.13298303999994,4.630643251000038],[-74.13298515599996,4.630618321000043],[-74.13298565699995,4.630612431000031],[-74.13299153599996,4.630543190000026],[-74.13291532299996,4.630536416000041],[-74.13284565999999,4.6305302250000295],[-74.13283680199999,4.630632998000067]]]},"properties":{"SEPCODIGO":91037070,"SEPCIV":8004530,"SEPMATERIA":2,"OBJECTID":123766}},{"type":"Feature","id":123767,"geometry":{"type":"Polygon","coordinates":[[[-74.12931276500001,4.6296700419999866],[-74.129352944,4.62967510499999],[-74.129361443,4.629589929000019],[-74.12937060500002,4.629498112000022],[-74.12933015599998,4.629495760999987],[-74.12929015700001,4.629493771],[-74.12924961800002,4.629491600999984],[-74.12920907900002,4.629489701000011],[-74.12918927800001,4.629488770000023],[-74.129168719,4.629487802000028],[-74.12912818000001,4.629485811999984],[-74.12908782099998,4.629483913000001],[-74.12904710100003,4.629481742999985],[-74.12900692199997,4.6294801149999785],[-74.12896647299999,4.62947830600001],[-74.12892566300002,4.629476678000003],[-74.12892538900002,4.629476662999991],[-74.12892112499998,4.62955856100001],[-74.12891754499998,4.629627316999972],[-74.128951965,4.629630711000004],[-74.12898754999998,4.629634237000005],[-74.129030161,4.6296384870000225],[-74.12907060999999,4.629642465000018],[-74.129110519,4.629646804999993],[-74.129151148,4.629651235999972],[-74.129171283,4.629653451000024],[-74.12919141700002,4.629655666000019],[-74.12923186699999,4.629660367999975],[-74.12927231600003,4.629665068999998],[-74.12931276500001,4.6296700419999866]]]},"properties":{"SEPCODIGO":91037097,"SEPCIV":8013655,"SEPMATERIA":1,"OBJECTID":123767}},{"type":"Feature","id":123768,"geometry":{"type":"Polygon","coordinates":[[[-74.13060605399994,4.630419337000035],[-74.13060663381115,4.630422944634671],[-74.1306077729489,4.630426416460403],[-74.13060944314718,4.630429666329083],[-74.13061160296252,4.630432613600093],[-74.13061419880235,4.630435185141324],[-74.1306171662548,4.630437317143837],[-74.13062043168696,4.630438956705188],[-74.13062391407207,4.630440063142119],[-74.13062752699994,4.630440609000061],[-74.13071243799999,4.630448983000065],[-74.13072639799998,4.6304506080000465],[-74.1307302043016,4.630450660688116],[-74.1307339741806,4.630450132748361],[-74.13073761958502,4.63044903651172],[-74.13074105537017,4.630447397582675],[-74.13074420128744,4.630445254241218],[-74.13074698385854,4.630442656548755],[-74.13074933809177,4.630439665178836],[-74.13075120899998,4.630436350000025],[-74.13076211099997,4.630329603000064],[-74.13068470599995,4.630321241000047],[-74.13061379999994,4.630313582000042],[-74.13060666099994,4.630411038000034],[-74.13060605399994,4.630419337000035]]]},"properties":{"SEPCODIGO":91037090,"SEPCIV":8013652,"SEPMATERIA":2,"OBJECTID":123768}},{"type":"Feature","id":123769,"geometry":{"type":"Polygon","coordinates":[[[-74.13030961300001,4.630199659000027],[-74.130328625,4.630201542000009],[-74.13035661599997,4.6302043150000145],[-74.13058219800001,4.630226655999991],[-74.130601265,4.6302285520000055],[-74.13069725000003,4.630238100999975],[-74.130716076,4.6302399740000055],[-74.130718091,4.6302223289999915],[-74.13069990499997,4.630220510000015],[-74.13055190099999,4.630205703999991],[-74.130359053,4.6301864120000005],[-74.13033003599998,4.630183509000005],[-74.13031180600001,4.6301816860000145],[-74.13030961300001,4.630199659000027]]]},"properties":{"SEPCODIGO":91037071,"SEPCIV":8013653,"SEPMATERIA":2,"OBJECTID":123769}},{"type":"Feature","id":123770,"geometry":{"type":"Polygon","coordinates":[[[-74.13034781099998,4.629886503000023],[-74.13035321199999,4.629887242999985],[-74.13039893299998,4.629893502000016],[-74.130622975,4.629924173000006],[-74.13074219999999,4.629940195000017],[-74.13075019299998,4.6299412700000175],[-74.13075226900003,4.629923091000023],[-74.130744919,4.629922170999976],[-74.13071181999999,4.62991802800002],[-74.13067155099998,4.62991260299998],[-74.13063128200002,4.6299075399999765],[-74.13059083299999,4.6299023870000156],[-74.13055083400002,4.629897233000008],[-74.13051038499998,4.629892351000024],[-74.13047038600001,4.629886746000011],[-74.13043002699999,4.629882043999999],[-74.13040101600001,4.629878210000015],[-74.13038966699997,4.629876710000019],[-74.13035436000001,4.629872568999986],[-74.13034957899998,4.629872008999996],[-74.13034781099998,4.629886503000023]]]},"properties":{"SEPCODIGO":91037078,"SEPCIV":8013653,"SEPMATERIA":1,"OBJECTID":123770}},{"type":"Feature","id":123771,"geometry":{"type":"Polygon","coordinates":[[[-74.13031413300001,4.630162600000006],[-74.130331533,4.630164378000018],[-74.13036163499999,4.630167453000013],[-74.13044510200001,4.6301759790000006],[-74.130545745,4.630185890000007],[-74.13070266199998,4.630202236999992],[-74.13072017799999,4.630204060999972],[-74.13073196900001,4.630100829000014],[-74.13071824399998,4.630098960999987],[-74.13067034599999,4.630092440999988],[-74.13037731700001,4.630052272],[-74.13034069499997,4.630047251999997],[-74.13032840900001,4.630045567000025],[-74.13031413300001,4.630162600000006]]]},"properties":{"SEPCODIGO":91037077,"SEPCIV":8013653,"SEPMATERIA":2,"OBJECTID":123771}},{"type":"Feature","id":123772,"geometry":{"type":"Polygon","coordinates":[[[-74.13072010899998,4.629849147000016],[-74.13075526199998,4.629853625999999],[-74.13076013199998,4.629854245999979],[-74.13076922900001,4.6297610579999855],[-74.13076936800002,4.6297596269999985],[-74.130781824,4.629632019999974],[-74.130741645,4.629627770000013],[-74.13073810499998,4.629627445999972],[-74.13070119600002,4.629624062999994],[-74.13066092700001,4.6296199949999846],[-74.130620298,4.629616016],[-74.13058002899999,4.629612038000005],[-74.13053994,4.629607878999991],[-74.13049940000002,4.629603809999992],[-74.13045913100001,4.629599831999997],[-74.13041895200001,4.6295957629999975],[-74.13037850299997,4.629591694999988],[-74.130367326,4.629706817999988],[-74.13035795799999,4.62980330900001],[-74.13035976100002,4.629803530999993],[-74.130398227,4.62980828100001],[-74.130410326,4.629809825999985],[-74.13043858600003,4.629813435000017],[-74.13047876500002,4.62981849800002],[-74.13051903399997,4.629823650999981],[-74.130559033,4.629828713999984],[-74.13059957299998,4.6298338679999915],[-74.130639842,4.629838930999995],[-74.13068002099999,4.629843993999998],[-74.13072010899998,4.629849147000016]]]},"properties":{"SEPCODIGO":91037091,"SEPCIV":8013653,"SEPMATERIA":1,"OBJECTID":123772}},{"type":"Feature","id":123773,"geometry":{"type":"Polygon","coordinates":[[[-74.130748944,4.629559522000022],[-74.13078853000002,4.629563318999999],[-74.13078932000002,4.629555227000026],[-74.13057025500001,4.62953324099999],[-74.130379226,4.629514455999981],[-74.130365558,4.629513111999984],[-74.13036480099998,4.6295208720000005],[-74.13037874000003,4.629522306000013],[-74.13038544099999,4.629522995000002],[-74.130425801,4.629526972999997],[-74.13046643000001,4.629531041999996],[-74.13050642899998,4.629535110000006],[-74.13054696799998,4.629539179000005],[-74.13058759699999,4.6295431570000005],[-74.13062786699999,4.629547226],[-74.13066822600001,4.629551294999999],[-74.13070885500002,4.629555272999994],[-74.130748944,4.629559522000022]]]},"properties":{"SEPCODIGO":91037160,"SEPCIV":8013653,"SEPMATERIA":1,"OBJECTID":123773}},{"type":"Feature","id":123774,"geometry":{"type":"Polygon","coordinates":[[[-74.12892899799999,4.629407345000004],[-74.12896944800002,4.62940951500002],[-74.12900980699999,4.629411323999989],[-74.12905034599999,4.629413043],[-74.12909052499998,4.629415123000001],[-74.129131245,4.629417021999984],[-74.12917205399998,4.6294188310000095],[-74.12921259400002,4.6294208209999965],[-74.12925313300002,4.62942271999998],[-74.129294303,4.6294246190000194],[-74.12933439199998,4.629426879999983],[-74.129375111,4.629429322000021],[-74.129375482,4.62942366599998],[-74.12917984699999,4.62941370599998],[-74.12892927799999,4.629401972999972],[-74.12892899799999,4.629407345000004]]]},"properties":{"SEPCODIGO":91037093,"SEPCIV":8013655,"SEPMATERIA":1,"OBJECTID":123774}},{"type":"Feature","id":123775,"geometry":{"type":"Polygon","coordinates":[[[-74.12890703800002,4.629712327999982],[-74.12896125100002,4.629717950999975],[-74.12934324000003,4.629760744000009],[-74.12934438399998,4.629743442999995],[-74.12930456499998,4.629738651000025],[-74.129264116,4.629733588000022],[-74.12922402700002,4.629728977000013],[-74.12918420900002,4.629724184999986],[-74.12914366899997,4.629719936000015],[-74.12910340000002,4.629715776000012],[-74.12906313100001,4.629711256000007],[-74.12902277199998,4.629707277000023],[-74.128980791,4.629703118000009],[-74.12894484600002,4.6296993209999755],[-74.128909082,4.629695793999986],[-74.12890703800002,4.629712327999982]]]},"properties":{"SEPCODIGO":91037098,"SEPCIV":8013655,"SEPMATERIA":1,"OBJECTID":123775}},{"type":"Feature","id":123823,"geometry":{"type":"Polygon","coordinates":[[[-74.13611899199998,4.629714310000054],[-74.13611913557871,4.6297147679076],[-74.13611934828306,4.629715198083178],[-74.13611962498933,4.6297155901645555],[-74.13611995903213,4.629715934707125],[-74.13612034236489,4.629716223411412],[-74.13612076575376,4.629716449322998],[-74.13612121899996,4.629716607000034],[-74.13616471799997,4.62971989600004],[-74.1361843485435,4.629719902896105],[-74.13620375429448,4.629716940614008],[-74.13622248875397,4.6297110773116845],[-74.13624012086848,4.629702447895451],[-74.13625624494792,4.629691250916004],[-74.13627048999996,4.629677744000048],[-74.13627848700943,4.629667938489103],[-74.13628473658568,4.629656936534639],[-74.13628906365493,4.629645046342165],[-74.13629134699994,4.629632601000026],[-74.13629502699996,4.629589346000046],[-74.13630272999995,4.629498785000067],[-74.13631006399999,4.6294727090000265],[-74.13631041799994,4.629469965000055],[-74.13634840799995,4.629085770000074],[-74.13634872699998,4.629082543000038],[-74.13634569799996,4.6290822480000315],[-74.13634397899995,4.6290820810000355],[-74.13633028799995,4.6292189770000505],[-74.13631232499995,4.629217209000046],[-74.13631316899995,4.629208574000074],[-74.13632570499993,4.629080302000034],[-74.13632177099998,4.6290799190000484],[-74.13630348499998,4.629265928000052],[-74.13628360299998,4.629468171000042],[-74.13628289599995,4.629478993000021],[-74.13628461499997,4.629504046000022],[-74.13627596399994,4.62958517900006],[-74.13627138499999,4.629628116000049],[-74.13626805167995,4.629642756506761],[-74.13626228555015,4.629656620388121],[-74.13625425340639,4.629669306606082],[-74.13624418759312,4.629680448188658],[-74.1362323792823,4.6296897228452565],[-74.13621917005088,4.629696862289524],[-74.13620494199995,4.629701660000023],[-74.13612002699995,4.629711225000051],[-74.1361197008004,4.629711540305497],[-74.13611942415565,4.629711899876542],[-74.13611920299996,4.6297122960000365],[-74.13611902472582,4.629712779252751],[-74.13611892876453,4.629713285322203],[-74.136118917755,4.629713800291763],[-74.13611899199998,4.629714310000054]],[[-74.13628783399997,4.629467813000076],[-74.13631075099994,4.629233314000032],[-74.13632867799998,4.629235078000022],[-74.13630523299997,4.629469487000051],[-74.13628783399997,4.629467813000076]]]},"properties":{"SEPCODIGO":91034323,"SEPCIV":8004759,"SEPMATERIA":1,"OBJECTID":123823}},{"type":"Feature","id":123824,"geometry":{"type":"Polygon","coordinates":[[[-74.13634971099998,4.628920995000044],[-74.13635998299998,4.628922063000061],[-74.13634416199994,4.629080253000041],[-74.13634397899995,4.6290820810000355],[-74.13634569799996,4.6290822480000315],[-74.13634872699998,4.629082543000038],[-74.13641298599998,4.628432685000064],[-74.13641292214697,4.6284304073028375],[-74.13641248284252,4.628428171459943],[-74.13641168016206,4.628426038929532],[-74.13641053616945,4.628424068329935],[-74.1364090823104,4.628422313828381],[-74.13640735854811,4.628420823652059],[-74.13640541226485,4.628419638762473],[-74.13640329695943,4.628418791729497],[-74.13640107077671,4.62841830583611],[-74.13639879490933,4.628418194438399],[-74.13639653191558,4.628418460598426],[-74.13639434399994,4.628419097000062],[-74.13639405799995,4.628419216000054],[-74.13639212525037,4.62842019745611],[-74.1363903703953,4.628421469957826],[-74.13638883688955,4.628423001994723],[-74.13638756270674,4.628424755629553],[-74.136386579399,4.6284266874377185],[-74.13638591131557,4.628428749582588],[-74.13638557499996,4.6284308910000505],[-74.13632371699998,4.6290601200000765],[-74.13632177099998,4.6290799190000484],[-74.13632570499993,4.629080302000034],[-74.13632739099995,4.629063047000045],[-74.13634135899997,4.628920127000072],[-74.13634971099998,4.628920995000044]],[[-74.13638895999998,4.628476890000059],[-74.13640435699995,4.628478391000044],[-74.13636142299998,4.628907671000036],[-74.13635098499998,4.628906586000028],[-74.13634276599998,4.628905732000021],[-74.13638471699994,4.628476477000049],[-74.13638895999998,4.628476890000059]]]},"properties":{"SEPCODIGO":91034324,"SEPCIV":8004927,"SEPMATERIA":1,"OBJECTID":123824}},{"type":"Feature","id":123825,"geometry":{"type":"Polygon","coordinates":[[[-74.13299535999994,4.628919697000072],[-74.13299003173964,4.628927675298708],[-74.13298615206388,4.628936449791455],[-74.13298383614116,4.628945760006757],[-74.13298315271986,4.628955329570086],[-74.13298412208738,4.628964874408146],[-74.13298671546798,4.628974111181611],[-74.13299085587693,4.628982765696082],[-74.13299642040583,4.628990581041565],[-74.1330032438712,4.628997325218868],[-74.13301112371786,4.6290027980265185],[-74.13301982603191,4.629006837003759],[-74.13302909248442,4.629009322253208],[-74.13303864799997,4.629010180000023],[-74.13304764623904,4.629009435661464],[-74.13305640476416,4.629007242357179],[-74.13306469183735,4.6290036581188545],[-74.13307228819448,4.628998777780298],[-74.13307899284686,4.6289927304682745],[-74.13308462839898,4.628985676185995],[-74.13308904574221,4.6289778015796585],[-74.13309212799999,4.628969315000063],[-74.13309379157998,4.628960664565276],[-74.13309407116543,4.628951860057772],[-74.13309295976946,4.628943121504151],[-74.13309048516608,4.628934667282809],[-74.13308670919619,4.628926708666613],[-74.1330817262221,4.6289194445431505],[-74.13307566076946,4.62891305644448],[-74.13306866441526,4.628907704010606],[-74.13306091199996,4.628903521000041],[-74.13305234044435,4.628900566288375],[-74.13304340154593,4.628899050378822],[-74.13303433509357,4.628899013936154],[-74.13302538429778,4.628900457937957],[-74.13301678926655,4.628903343648415],[-74.1330087805644,4.628907593657408],[-74.13300157302736,4.628913093957066],[-74.13299535999994,4.628919697000072]]]},"properties":{"SEPCODIGO":91035341,"SEPCIV":8013071,"SEPMATERIA":3,"OBJECTID":123825}},{"type":"Feature","id":123827,"geometry":{"type":"Polygon","coordinates":[[[-74.12848060899995,4.63001851100006],[-74.12848219777379,4.630018651637529],[-74.12848378795314,4.630018527900488],[-74.12848533584784,4.630018143188615],[-74.1284867989295,4.630017508071865],[-74.12848813699998,4.630016640000065],[-74.12848934938138,4.630015523367868],[-74.12849035523088,4.630014217610278],[-74.12849112551271,4.630012760420509],[-74.12849163799119,4.630011193863158],[-74.12849187787263,4.6300095631599305],[-74.12849183823239,4.630007915384226],[-74.12849152021478,4.630006298102273],[-74.12849093299997,4.630004758000041],[-74.12849085899995,4.630004611000061],[-74.12849015999996,4.630003434000059],[-74.12849012499998,4.630003388000034],[-74.12848918999998,4.630002248000039],[-74.12848131699997,4.629996040000037],[-74.12840910399996,4.629939105000062],[-74.12840660299997,4.629937373000075],[-74.12840656599997,4.62993735200007],[-74.12840386299996,4.629936056000076],[-74.12840379799997,4.629936033000035],[-74.12840095099995,4.629935187000058],[-74.12840087999996,4.629935175000071],[-74.12839793899997,4.629934787000025],[-74.12839490630178,4.629934869100475],[-74.12839192428052,4.629935427265275],[-74.12838906719688,4.629936447594558],[-74.12838640620028,4.629937904679257],[-74.12838400755699,4.629939762233872],[-74.12838193099998,4.629941974000076],[-74.12838039999997,4.629947624000067],[-74.12837802899998,4.629954944000076],[-74.12837799699997,4.629955034000034],[-74.12837055499995,4.629972174000045],[-74.12837053899995,4.629972206000048],[-74.12836085499998,4.629988154000046],[-74.12836082399997,4.6299881990000245],[-74.12834903599997,4.630002723000075],[-74.12834846599998,4.630004309000071],[-74.12834817399994,4.63000597000007],[-74.12834816999998,4.630007656000032],[-74.12834845299994,4.63000931800002],[-74.12834901599996,4.630010907000042],[-74.12834968125622,4.630012133167368],[-74.12835051374294,4.630013252550271],[-74.12835149661878,4.630014242503465],[-74.12835260999998,4.630015083000046],[-74.12835409604321,4.630015875249675],[-74.12835569612385,4.630016400345726],[-74.12835736263668,4.630016642665659],[-74.12835904599996,4.630016595000029],[-74.12836983699998,4.630014553000024],[-74.12840528899994,4.6300108560000695],[-74.12848060899995,4.63001851100006]]]},"properties":{"SEPCODIGO":91032525,"SEPCIV":8004666,"SEPMATERIA":1,"OBJECTID":123827}},{"type":"Feature","id":123828,"geometry":{"type":"Polygon","coordinates":[[[-74.12623459899999,4.629421157000024],[-74.12697056299999,4.629507680000074],[-74.12748813299999,4.629566981000039],[-74.12781141799996,4.629600723000067],[-74.12781280899998,4.6295858460000545],[-74.12729160199996,4.629535915000076],[-74.12697268099998,4.6294910620000564],[-74.1267903221257,4.629457110221158],[-74.12660700386319,4.629428792436159],[-74.12642290023268,4.629406135526549],[-74.12623818599997,4.629389161000063],[-74.12623459899999,4.629421157000024]]]},"properties":{"SEPCODIGO":91037123,"SEPCIV":8004705,"SEPMATERIA":5,"OBJECTID":123828}},{"type":"Feature","id":123829,"geometry":{"type":"Polygon","coordinates":[[[-74.13181622799999,4.630313243999979],[-74.13292037000002,4.63042982799999],[-74.132948182,4.630432765000023],[-74.133002208,4.630438469000012],[-74.13302073400001,4.630433600999993],[-74.13318483900002,4.630381508000028],[-74.133175365,4.630380435000006],[-74.13312482600003,4.630374712999981],[-74.13292395799999,4.63035404499999],[-74.13291894999998,4.63035352899999],[-74.13272379,4.630333447999988],[-74.132611166,4.630322682999974],[-74.13223575400002,4.630283811000027],[-74.131823247,4.630241044000002],[-74.13181622799999,4.630313243999979]]]},"properties":{"SEPCODIGO":15002345,"SEPCIV":8013647,"SEPMATERIA":2,"OBJECTID":123829}},{"type":"Feature","id":123830,"geometry":{"type":"Polygon","coordinates":[[[-74.12891619999999,4.629627185000004],[-74.12891754499998,4.629627316999972],[-74.12892112499998,4.62955856100001],[-74.12892538900002,4.629476662999991],[-74.12892465099998,4.629476624999995],[-74.12890775400001,4.629475753999998],[-74.12889894199998,4.629475300000024],[-74.128885304,4.629474597000012],[-74.128844765,4.629472788999976],[-74.12880431600001,4.629470889000004],[-74.12876404600001,4.629468900000006],[-74.12872314700002,4.629467180999995],[-74.128682878,4.629465100999994],[-74.12864251799999,4.629463020999992],[-74.12860170900001,4.629461031000005],[-74.12856107900001,4.629459854999993],[-74.12852099000003,4.6294581359999825],[-74.12848009099997,4.629456327000014],[-74.128439732,4.629454427999974],[-74.12839928199998,4.629452528999991],[-74.12837176900001,4.629451114000005],[-74.128358833,4.6294504489999895],[-74.12835145100001,4.629509919999975],[-74.12834820299997,4.629536085999973],[-74.128343965,4.6295702209999945],[-74.12834665399998,4.62957049900001],[-74.12835980199998,4.629571853000016],[-74.12838432500001,4.629574380999998],[-74.12842450400001,4.629578449000007],[-74.12846486299998,4.6295825180000065],[-74.128505582,4.629586496999991],[-74.12854558100003,4.629591016999996],[-74.12858540000002,4.6295938210000145],[-74.12862458799998,4.62959779900001],[-74.128663415,4.629601596999976],[-74.128702783,4.629605575000028],[-74.12874143099998,4.629609553000023],[-74.12878179,4.629613622000022],[-74.12881692399998,4.6296171480000226],[-74.128852058,4.629620675000012],[-74.12888710200002,4.629624201000013],[-74.12891619999999,4.629627185000004]]]},"properties":{"SEPCODIGO":91037109,"SEPCIV":8004666,"SEPMATERIA":3,"OBJECTID":123830}},{"type":"Feature","id":123831,"geometry":{"type":"Polygon","coordinates":[[[-74.12932323199999,4.630063373999974],[-74.129335825,4.630064607999998],[-74.12933733599999,4.630064756000024],[-74.12944891900003,4.630075695000016],[-74.12966729599998,4.630097669999998],[-74.13014479700001,4.630145302000017],[-74.13031413300001,4.630162600000006],[-74.13032840900001,4.630045567000025],[-74.13008577599999,4.630012306000026],[-74.129351638,4.629921404000015],[-74.12935087300002,4.629921320999983],[-74.12934467000002,4.629920645000027],[-74.12933275400002,4.629919347999987],[-74.12932323199999,4.630063373999974]]]},"properties":{"SEPCODIGO":15002030,"SEPCIV":8013656,"SEPMATERIA":2,"OBJECTID":123831}},{"type":"Feature","id":123832,"geometry":{"type":"Polygon","coordinates":[[[-74.12783605700002,4.629355792000013],[-74.12784301900001,4.629356181999981],[-74.12786010399998,4.6293571420000035],[-74.12787632599998,4.629358051999986],[-74.12791650499997,4.6293603130000065],[-74.12795704500002,4.6293623939999975],[-74.12799731400003,4.629364382999995],[-74.12803821300002,4.629366372999982],[-74.12807776199998,4.629367910999974],[-74.12811818,4.629370074999997],[-74.12815893099997,4.629371890000016],[-74.12819938000001,4.629373970000017],[-74.12824018999999,4.629375599000014],[-74.128280744,4.629377364999982],[-74.12832090799998,4.629379668000013],[-74.12836171800001,4.629381567999985],[-74.128362122,4.629371903999981],[-74.12800460199998,4.629354883000019],[-74.12786067600001,4.629345897000007],[-74.12784438900002,4.629344880000019],[-74.12784415700003,4.629344865999997],[-74.12783677800002,4.6293444049999835],[-74.12783605700002,4.629355792000013]]]},"properties":{"SEPCODIGO":91037111,"SEPCIV":8004679,"SEPMATERIA":1,"OBJECTID":123832}},{"type":"Feature","id":123833,"geometry":{"type":"Polygon","coordinates":[[[-74.129375111,4.629429322000021],[-74.12941483999998,4.629431582999985],[-74.12945645999997,4.62943429500001],[-74.12949681999999,4.629437370000005],[-74.12953735899998,4.629440262999992],[-74.12957807800001,4.629443519000006],[-74.12961843800002,4.629446863999988],[-74.129659247,4.629450571000007],[-74.129700147,4.629454458999987],[-74.12974014600002,4.629458166000006],[-74.12978068500001,4.629462326000009],[-74.12982122400001,4.629466394000019],[-74.12986077300002,4.629470373000004],[-74.12990167200002,4.629474893000008],[-74.12994167099998,4.629478600000027],[-74.12998194,4.629482579000012],[-74.13002229900002,4.629486557000007],[-74.130062839,4.629490626000006],[-74.13010274700002,4.629494695000005],[-74.130143196,4.629498943999977],[-74.13018328499999,4.629502650999996],[-74.13022382499997,4.629506719999995],[-74.13026427400001,4.629510788999994],[-74.130304723,4.629514675999985],[-74.130344992,4.629518835999988],[-74.13036480099998,4.6295208720000005],[-74.130365558,4.629513111999984],[-74.130234529,4.6295002279999835],[-74.129927049,4.629469367000013],[-74.12972754399999,4.629450349000024],[-74.12953760699997,4.6294319900000005],[-74.129535638,4.629431819999979],[-74.129375482,4.62942366599998],[-74.129375111,4.629429322000021]]]},"properties":{"SEPCODIGO":91037094,"SEPCIV":8013656,"SEPMATERIA":1,"OBJECTID":123833}},{"type":"Feature","id":123834,"geometry":{"type":"Polygon","coordinates":[[[-74.12781920699996,4.629517417000045],[-74.12783164099994,4.62942494400005],[-74.12679388399994,4.62933442700006],[-74.12624717599994,4.629286741000044],[-74.12624520799994,4.629309161000037],[-74.12645010009432,4.629333246946451],[-74.1266543758874,4.629362096617483],[-74.1268579246382,4.6293956943733],[-74.12706063599995,4.629434022000055],[-74.12724949498143,4.62946152197502],[-74.12743894566461,4.629484595816378],[-74.12762888433224,4.629503230892058],[-74.12781920699996,4.629517417000045]]]},"properties":{"SEPCODIGO":15001988,"SEPCIV":8004705,"SEPMATERIA":3,"OBJECTID":123834}},{"type":"Feature","id":123835,"geometry":{"type":"Polygon","coordinates":[[[-74.12625299999996,4.629220389000068],[-74.1265235296979,4.629239946048656],[-74.12679345099997,4.629266616000052],[-74.12714046574601,4.629302231752087],[-74.12748803437377,4.62933195993316],[-74.12783605699997,4.629355792000069],[-74.12783677799996,4.62934440500004],[-74.12765408099995,4.629332998000052],[-74.12720292699998,4.629290854000033],[-74.12672776399995,4.629242050000073],[-74.12625501599996,4.629197419000036],[-74.12625299999996,4.629220389000068]]]},"properties":{"SEPCODIGO":91037127,"SEPCIV":8004705,"SEPMATERIA":1,"OBJECTID":123835}},{"type":"Feature","id":123836,"geometry":{"type":"Polygon","coordinates":[[[-74.13127177400003,4.630011409000019],[-74.13130163099999,4.630015429000025],[-74.13159098199998,4.63005437999999],[-74.13160349499998,4.630056061999994],[-74.13183261799998,4.630080820999979],[-74.13183331099998,4.630080894999992],[-74.13183875800001,4.630081484000016],[-74.13184049099999,4.630063661999998],[-74.13183474099998,4.630062983000016],[-74.131834116,4.630062909000003],[-74.13180010000002,4.630058893000012],[-74.131759698,4.6300542270000165],[-74.13173228900001,4.630050897999979],[-74.13172898900001,4.630050497000013],[-74.131719342,4.630049267999993],[-74.131679061,4.630044135999981],[-74.13163878099999,4.630039004000025],[-74.13159850099998,4.630033871000023],[-74.13155822200002,4.630028738000021],[-74.13151794200002,4.630023606999998],[-74.13147766200001,4.630018473999996],[-74.131437382,4.630013341999984],[-74.13139535599998,4.630006439999988],[-74.131355224,4.629999849000001],[-74.13131477500002,4.629994515000021],[-74.13130385099998,4.629993162999995],[-74.13127459600003,4.629989541999976],[-74.13127177400003,4.630011409000019]]]},"properties":{"SEPCODIGO":15002063,"SEPCIV":8004615,"SEPMATERIA":1,"OBJECTID":123836}},{"type":"Feature","id":123837,"geometry":{"type":"Polygon","coordinates":[[[-74.13291603599998,4.629787422999982],[-74.132956304,4.629792690999977],[-74.13295796300002,4.629776042999993],[-74.13282129599997,4.629760380999983],[-74.132514173,4.62972916199999],[-74.13204008100001,4.629681439000024],[-74.13186849200002,4.629664967999986],[-74.13186689899999,4.629664815000012],[-74.13186626100003,4.629671063999979],[-74.13186793800003,4.629671229999985],[-74.13187846,4.629672269000025],[-74.13190659399999,4.629675041999974],[-74.13191881900002,4.62967624700002],[-74.13194689300002,4.629679008999972],[-74.131959268,4.629680226000005],[-74.13198719899998,4.629683085000011],[-74.131999898,4.629684385000019],[-74.13202779,4.629687095999998],[-74.13203989700003,4.62968827200001],[-74.13206804599997,4.629692673000022],[-74.13210840900001,4.629696710000019],[-74.132148772,4.629700746000026],[-74.132189133,4.629704783000022],[-74.13222949599998,4.629708820000019],[-74.13226985900002,4.629712856000026],[-74.132310222,4.6297168930000225],[-74.13231928099998,4.6297177980000015],[-74.13235063600001,4.6297210899999754],[-74.132391063,4.629725366999992],[-74.13243158699999,4.629729893999979],[-74.13247194299998,4.629734070999973],[-74.13251228299998,4.629738444999987],[-74.13255275,4.629742836999981],[-74.13259314499999,4.629747294000026],[-74.13263354999998,4.629752161999988],[-74.132673915,4.629757236999978],[-74.13271428899998,4.629762206000009],[-74.132754664,4.629767175999973],[-74.13279505399998,4.62977198599998],[-74.13283542300002,4.629777032999982],[-74.13286655799999,4.629780949999997],[-74.13287576900001,4.629782154999987],[-74.13291603599998,4.629787422999982]]]},"properties":{"SEPCODIGO":91037064,"SEPCIV":8013647,"SEPMATERIA":1,"OBJECTID":123837}},{"type":"Feature","id":123838,"geometry":{"type":"Polygon","coordinates":[[[-74.13428513899999,4.629966509999974],[-74.134325407,4.62997177699998],[-74.13433100700001,4.629915552],[-74.13427810000002,4.629910434999999],[-74.13405965499999,4.629888904999973],[-74.133436706,4.629824627000005],[-74.13337078400002,4.6298182709999764],[-74.13337052100002,4.6298182460000135],[-74.133361767,4.629817401000025],[-74.133358982,4.629845363000015],[-74.133368195,4.629846568000005],[-74.13339924899998,4.629850630000021],[-74.133439517,4.629855897000027],[-74.13347978399997,4.6298611650000225],[-74.133520052,4.629866431999972],[-74.13356032000002,4.6298716989999775],[-74.13360058799998,4.629876965999983],[-74.13364085500001,4.629882233999979],[-74.13368112299997,4.629887500999985],[-74.133721391,4.629892767999991],[-74.13376165900002,4.629898035999986],[-74.13380192599999,4.629903302999992],[-74.13384219400001,4.629908569999998],[-74.13388246099998,4.629913837000004],[-74.13392273,4.62991910400001],[-74.13396299700003,4.629924372000005],[-74.13400326499999,4.629929639000011],[-74.13404353200002,4.629934906000017],[-74.13408380099997,4.629940173000023],[-74.134124068,4.629945441000018],[-74.13416433600003,4.629950708000024],[-74.134204603,4.629955974999973],[-74.13424487200001,4.629961241999979],[-74.13428513899999,4.629966509999974]]]},"properties":{"SEPCODIGO":91037034,"SEPCIV":8013629,"SEPMATERIA":2,"OBJECTID":123838}},{"type":"Feature","id":123903,"geometry":{"type":"Polygon","coordinates":[[[-74.12836171800001,4.629381567999985],[-74.12837859500002,4.629382247000024],[-74.12840216699999,4.629383195999992],[-74.12844225600003,4.629385366000008],[-74.12848306500001,4.629386722999982],[-74.12852279399999,4.6293891650000205],[-74.128563784,4.6293911550000075],[-74.12860450300002,4.629392150000001],[-74.12864477199997,4.629393959000026],[-74.12868513199999,4.629395858000009],[-74.12872603099999,4.629397939],[-74.12876657100003,4.629399657000022],[-74.12880738000001,4.62940146599999],[-74.128847469,4.629403455999977],[-74.12888818900001,4.629405355000017],[-74.12891097599999,4.629406465999978],[-74.12892763600001,4.629407277999974],[-74.12892899799999,4.629407345000004],[-74.12892927799999,4.629401972999972],[-74.12892786700002,4.629401906999988],[-74.12891122399998,4.629401127999984],[-74.128905605,4.62940086499998],[-74.12880261499998,4.629396041999996],[-74.12841322999998,4.629374337999991],[-74.12837953799999,4.629372733000025],[-74.128362122,4.629371903999981],[-74.12836171800001,4.629381567999985]]]},"properties":{"SEPCODIGO":91037112,"SEPCIV":8004666,"SEPMATERIA":1,"OBJECTID":123903}},{"type":"Feature","id":123904,"geometry":{"type":"Polygon","coordinates":[[[-74.13289436399998,4.630089401000021],[-74.132934782,4.630092289000004],[-74.132940985,4.629993913000021],[-74.13294917500002,4.629864261000023],[-74.13290890799999,4.629858994000017],[-74.13286864000003,4.629853727000011],[-74.13285993099998,4.629852588999995],[-74.13282842199999,4.629848617999983],[-74.13278739999998,4.629843628999993],[-74.13274696000002,4.629838710999991],[-74.13270666,4.62983380899999],[-74.13266627000002,4.629828896999982],[-74.13262635699999,4.629824042999985],[-74.13258621,4.629819160000011],[-74.13255174900002,4.629814968999995],[-74.13254568500003,4.629814893999992],[-74.13253015800001,4.629814703000022],[-74.13250899000002,4.629818210999986],[-74.13250725,4.629818734000025],[-74.13250599700001,4.629819110000028],[-74.132488889,4.629825384000014],[-74.13248030900002,4.629830330999994],[-74.132470464,4.629836006000005],[-74.13245427700002,4.62984975400002],[-74.13244081900001,4.629866208999999],[-74.132438348,4.629870679000021],[-74.13243049900001,4.629884871999991],[-74.13242684900001,4.629895660999978],[-74.13242363,4.6299051760000225],[-74.13242196300001,4.629916266000009],[-74.132420422,4.629926504000025],[-74.13242067800002,4.629936618999977],[-74.13242094999998,4.629947389999984],[-74.13242097099999,4.629948206999984],[-74.13242282200002,4.629957445999992],[-74.13242526099998,4.62996962699998],[-74.13243155499998,4.629985943000008],[-74.13243316299997,4.629990113000019],[-74.132442056,4.630005046999997],[-74.13244443399998,4.630009041999983],[-74.13245873400001,4.630025837999995],[-74.13246812,4.630033702999981],[-74.13247562700002,4.630039991999979],[-74.13249136799999,4.630049186000008],[-74.13249459999997,4.630051073999994],[-74.13251316700001,4.630058030999976],[-74.13251507799998,4.630058747000021],[-74.13253266200002,4.630062064000015],[-74.132536437,4.630062776999978],[-74.13257137,4.630065541000022],[-74.13261169700002,4.630068687000005],[-74.13265202500003,4.630071788999999],[-74.13269235500002,4.630074843999978],[-74.13272836499999,4.630077534000009],[-74.132732696,4.630077842999981],[-74.13277311299998,4.630080733],[-74.13281353100001,4.630083621999972],[-74.132853947,4.630086511000002],[-74.13289436399998,4.630089401000021]]]},"properties":{"SEPCODIGO":91037149,"SEPCIV":8013647,"SEPMATERIA":2,"OBJECTID":123904}},{"type":"Feature","id":123905,"geometry":{"type":"Polygon","coordinates":[[[-74.13123550400002,4.6302924429999734],[-74.13127363400002,4.630296294000004],[-74.131407212,4.630309785999998],[-74.13157495500002,4.630327427999987],[-74.131781134,4.630335504000016],[-74.13180854500001,4.630338794000011],[-74.13181101999999,4.630339041000013],[-74.13181268199997,4.630339208000009],[-74.131813695,4.630339309000021],[-74.13181450000002,4.630331022000007],[-74.131813346,4.630330902000026],[-74.13181225300002,4.630330787999981],[-74.13177957800002,4.630327492999982],[-74.13165099499997,4.630316342000015],[-74.13142202799997,4.630292746999999],[-74.131291116,4.630281482999976],[-74.13127527500001,4.630279829000017],[-74.131237639,4.6302759010000045],[-74.13123550400002,4.6302924429999734]]]},"properties":{"SEPCODIGO":15002067,"SEPCIV":8004615,"SEPMATERIA":2,"OBJECTID":123905}},{"type":"Feature","id":123906,"geometry":{"type":"Polygon","coordinates":[[[-74.13075019299998,4.6299412700000175],[-74.131079962,4.629985588000011],[-74.13127177400003,4.630011409000019],[-74.13127459600003,4.629989541999976],[-74.131234657,4.629984659999991],[-74.131194418,4.629979506999973],[-74.13115396900002,4.629974263000008],[-74.13111423999999,4.629969200000005],[-74.131073791,4.629964137000002],[-74.13103379199998,4.62995889299998],[-74.13099325299999,4.6299535590000005],[-74.130953164,4.629948677000016],[-74.13091298500001,4.629943523999998],[-74.130872716,4.629938279999976],[-74.130832537,4.6299333069999875],[-74.13079253799998,4.6299281540000266],[-74.13075226900003,4.629923091000023],[-74.13075019299998,4.6299412700000175]]]},"properties":{"SEPCODIGO":91037079,"SEPCIV":8013654,"SEPMATERIA":2,"OBJECTID":123906}},{"type":"Feature","id":123907,"geometry":{"type":"Polygon","coordinates":[[[-74.13124017799998,4.630256223999993],[-74.13127726300002,4.630259889999991],[-74.131781596,4.6303097470000125],[-74.13181402999999,4.630313010999998],[-74.13181476800003,4.630313089000026],[-74.13181622799999,4.630313243999979],[-74.131823247,4.630241044000002],[-74.13182054399999,4.630240764999996],[-74.13182041699997,4.63024075200002],[-74.13181925100002,4.6302406209999845],[-74.13152008700001,4.63020726100001],[-74.13128561500002,4.630176102000007],[-74.13125908699999,4.630172576000007],[-74.13125111400001,4.630171490999999],[-74.13124017799998,4.630256223999993]]]},"properties":{"SEPCODIGO":15002065,"SEPCIV":8004615,"SEPMATERIA":2,"OBJECTID":123907}},{"type":"Feature","id":123908,"geometry":{"type":"Polygon","coordinates":[[[-74.13072017799999,4.630204060999972],[-74.13072466,4.630204527999979],[-74.13093766200001,4.630224845999976],[-74.13110135300002,4.6302425000000085],[-74.13124017799998,4.630256223999993],[-74.13125111400001,4.630171490999999],[-74.13073196900001,4.630100829000014],[-74.13072017799999,4.630204060999972]]]},"properties":{"SEPCODIGO":91037076,"SEPCIV":8013654,"SEPMATERIA":2,"OBJECTID":123908}},{"type":"Feature","id":123909,"geometry":{"type":"Polygon","coordinates":[[[-74.13314087499998,4.6304689510000685],[-74.13313998899997,4.630469334000054],[-74.13313842399998,4.630470021000065],[-74.13313923562775,4.630470905662811],[-74.13314016676313,4.630471663524772],[-74.13314119779295,4.630472278622587],[-74.13314230699996,4.630472738000037],[-74.13318429399999,4.630476661000046],[-74.13325985599994,4.630484308000064],[-74.13326371599999,4.630484698000032],[-74.13350339499993,4.630508955000039],[-74.13378405999998,4.63053706200003],[-74.13404774299994,4.630564273000061],[-74.13427106699999,4.630586416000028],[-74.13427503399998,4.630586809000022],[-74.13427538799993,4.630586845000039],[-74.13427578399995,4.63058271400007],[-74.13427600199998,4.630580443000042],[-74.13427165399997,4.6305800090000275],[-74.13367230899996,4.630520175000072],[-74.13340625199999,4.630493614000045],[-74.13326474099995,4.63047948600007],[-74.13314434199998,4.630467467000074],[-74.13314087499998,4.6304689510000685]]]},"properties":{"SEPCODIGO":15002358,"SEPCIV":8013629,"SEPMATERIA":1,"OBJECTID":123909}},{"type":"Feature","id":123910,"geometry":{"type":"Polygon","coordinates":[[[-74.13183875800001,4.630081484000016],[-74.13203239299997,4.630102406999981],[-74.132449264,4.630144341000005],[-74.13284719799998,4.630184358000008],[-74.13285223399998,4.630184837000002],[-74.13286841399997,4.630186374000004],[-74.132930397,4.630192271999988],[-74.13293237900001,4.630164354999977],[-74.13289196199997,4.630161466000004],[-74.132851544,4.630158576999975],[-74.13281112700002,4.630155687000013],[-74.13277071099998,4.630152797999983],[-74.13273029300001,4.630149909000011],[-74.13272595900003,4.630149598999992],[-74.13268981099998,4.630146798999988],[-74.13264933200003,4.630143409000027],[-74.13260884900001,4.630140138999991],[-74.13256836699998,4.630136869000012],[-74.13253720900002,4.630134352000027],[-74.132527885,4.630133597999986],[-74.13248740400002,4.630130328000007],[-74.13244691199998,4.630127225000024],[-74.13240643300003,4.630123834000017],[-74.132393278,4.630122723999989],[-74.132365972,4.630120104000014],[-74.13232553099999,4.630115989999979],[-74.132285088,4.630111968999984],[-74.13224464400002,4.630107948999978],[-74.13220817199999,4.630104324000001],[-74.13220420099998,4.630103928999972],[-74.13218960699999,4.630102478000026],[-74.132163757,4.630099909000023],[-74.13212331300002,4.630095888000028],[-74.132082863,4.630091944000014],[-74.13206091699999,4.630089686000019],[-74.13204244100001,4.630087570000001],[-74.132001995,4.630082882000011],[-74.131984337,4.630080731000021],[-74.131961579,4.630077958000015],[-74.13192126899997,4.63007319899998],[-74.13188088099997,4.630068429999994],[-74.13184049099999,4.630063661999998],[-74.13183875800001,4.630081484000016]]]},"properties":{"SEPCODIGO":91037061,"SEPCIV":8013647,"SEPMATERIA":1,"OBJECTID":123910}},{"type":"Feature","id":123911,"geometry":{"type":"Polygon","coordinates":[[[-74.13182597000002,4.6296670099999915],[-74.13183819099999,4.629668290999973],[-74.13186626100003,4.629671063999979],[-74.13186689899999,4.629664815000012],[-74.131785874,4.629657038000005],[-74.13134183900002,4.629612074000022],[-74.131326919,4.629610563000028],[-74.13131367699998,4.629609221999999],[-74.13131304199999,4.629615670000021],[-74.13132627599998,4.629616973999987],[-74.13134120400002,4.629618444000016],[-74.13135342999999,4.629619648000016],[-74.13139363900001,4.629623717000015],[-74.13143393299998,4.6296277910000185],[-74.13146270599998,4.629630684999995],[-74.13147432800002,4.629631854000024],[-74.13148329,4.629632764000007],[-74.131503065,4.629634770999985],[-74.131514417,4.6296359230000235],[-74.13154342500002,4.629638854000007],[-74.13155468600002,4.629639990999976],[-74.13158378499998,4.629642918000002],[-74.131595135,4.6296440599999755],[-74.13162413399999,4.629647158000012],[-74.13163576400001,4.629648400000008],[-74.13164073500002,4.629648863999989],[-74.13166450400001,4.629651079999974],[-74.13167648400002,4.629652196999984],[-74.13168163099999,4.6296527029999766],[-74.13170487600001,4.6296549840000125],[-74.131711999,4.62965568300001],[-74.13171702300002,4.629656176000026],[-74.13174502099997,4.629659011000001],[-74.13175720200002,4.629660243999979],[-74.131785611,4.629662911000025],[-74.131797651,4.629664042000002],[-74.13182597000002,4.6296670099999915]]]},"properties":{"SEPCODIGO":15002059,"SEPCIV":8004615,"SEPMATERIA":1,"OBJECTID":123911}},{"type":"Feature","id":123912,"geometry":{"type":"Polygon","coordinates":[[[-74.131813695,4.630339309000021],[-74.132050477,4.630363015],[-74.132394605,4.6303988970000205],[-74.13268778399998,4.630428200999972],[-74.13282299299999,4.630441835999989],[-74.132828071,4.63044232499999],[-74.13291648699999,4.630450833999987],[-74.132919362,4.6304511110000135],[-74.13292679099999,4.630451826000012],[-74.13294479299998,4.630453557999999],[-74.13295289199999,4.630451429999994],[-74.13295955900003,4.630449677000001],[-74.13291962599999,4.630445538999993],[-74.13181450000002,4.630331022000007],[-74.131813695,4.630339309000021]]]},"properties":{"SEPCODIGO":900099,"SEPCIV":8013647,"SEPMATERIA":1,"OBJECTID":123912}},{"type":"Feature","id":123913,"geometry":{"type":"Polygon","coordinates":[[[-74.134325407,4.62997177699998],[-74.13436567399998,4.629977043999986],[-74.134405942,4.629982310999992],[-74.13444621000002,4.629987577999998],[-74.13448647799999,4.629992845000004],[-74.13452674500002,4.629998112999999],[-74.13456701299998,4.630003380000005],[-74.134607281,4.630008647000011],[-74.13464754900002,4.630013915000006],[-74.134687816,4.630019182000012],[-74.13472808400002,4.630024449000018],[-74.13476835199998,4.630029716000024],[-74.13480862,4.630034982999973],[-74.13483161300002,4.630037990999995],[-74.13484888699998,4.630040249999979],[-74.134852351,4.63004070300002],[-74.134889155,4.630045516999985],[-74.13492942300002,4.630050783999991],[-74.13496969099998,4.630056051999986],[-74.13500995800001,4.630061318999992],[-74.13502007400001,4.630062640999995],[-74.135050175,4.630066479999982],[-74.135090376,4.6300715859999855],[-74.13513058199999,4.6300766360000125],[-74.13517079299999,4.630081615999984],[-74.13521100899999,4.630086548999998],[-74.13522937699997,4.630088778000015],[-74.135244532,4.630090542999994],[-74.13525123800002,4.630091323999977],[-74.13525698199999,4.630024927000022],[-74.13525117799998,4.630023986000026],[-74.13524502299998,4.6300229880000074],[-74.13513407599999,4.630004992000011],[-74.13511320600003,4.630002294000008],[-74.13484414200002,4.629967514999976],[-74.13483867000002,4.629966807000017],[-74.134582351,4.62993985899999],[-74.13433100700001,4.629915552],[-74.134325407,4.62997177699998]]]},"properties":{"SEPCODIGO":91037427,"SEPCIV":8013741,"SEPMATERIA":2,"OBJECTID":123913}},{"type":"Feature","id":123914,"geometry":{"type":"Polygon","coordinates":[[[-74.13430008299997,4.6303300040000295],[-74.13482913899998,4.630385625000031],[-74.13522688499995,4.630425435000063],[-74.13523521799993,4.630333251000025],[-74.13519491699998,4.63032954800002],[-74.13515461299994,4.630325910000067],[-74.13511430799997,4.630322300000046],[-74.13509150899995,4.63032030200003],[-74.13507399499997,4.630318862000024],[-74.13503367299995,4.630315625000037],[-74.13499334899996,4.630312412000023],[-74.13495302299998,4.630309261000036],[-74.13491269399998,4.630306175000044],[-74.13487236499998,4.630303108000021],[-74.13485144899994,4.630301539000072],[-74.13483198999995,4.63030014800006],[-74.13479157299997,4.630297259000031],[-74.13475115499995,4.630294369000069],[-74.13471073799997,4.630291480000039],[-74.13467031999994,4.630288591000067],[-74.13462990299996,4.630285702000037],[-74.13458948599998,4.630282813000065],[-74.13454906899995,4.630279923000046],[-74.13450865199997,4.630277035000063],[-74.13446823499999,4.630274146000033],[-74.13442781699996,4.630271256000071],[-74.13438739999998,4.630268367000042],[-74.13434698199995,4.630265478000069],[-74.13430656599996,4.63026258900004],[-74.13430008299997,4.6303300040000295]]]},"properties":{"SEPCODIGO":91037426,"SEPCIV":8013741,"SEPMATERIA":2,"OBJECTID":123914}},{"type":"Feature","id":123915,"geometry":{"type":"Polygon","coordinates":[[[-74.13431276900002,4.630130426999983],[-74.13431251999998,4.6301343750000115],[-74.13430896800003,4.63019052300001],[-74.13434938500001,4.630193411999983],[-74.13438980199999,4.630196301000012],[-74.13443022000001,4.630199190999974],[-74.13447063699999,4.630202079000014],[-74.13451105500002,4.630204968999976],[-74.134551472,4.630207858000006],[-74.13459188899998,4.630210746999978],[-74.13463230600001,4.630213636999997],[-74.134672723,4.63021652499998],[-74.13471314100002,4.630219414999999],[-74.134753558,4.630222303999972],[-74.13479397499998,4.630225193000001],[-74.134834393,4.630228081999974],[-74.13485530399998,4.630229577000023],[-74.13487484500001,4.630231057000003],[-74.134915337,4.630234152000014],[-74.13494838999998,4.630236707999984],[-74.13495582600001,4.630237282999985],[-74.13499631399998,4.63024045100002],[-74.13503680000002,4.630243655000015],[-74.13507728600001,4.630246897000006],[-74.13509584399998,4.630248395000024],[-74.135117761,4.630250350999972],[-74.13515822800002,4.630253992999997],[-74.13519869200002,4.630257670999981],[-74.13523915399998,4.630261384999983],[-74.13524180399997,4.630217055000003],[-74.135245037,4.63016299100002],[-74.13522358900002,4.630160521999983],[-74.13520464700002,4.630158197000014],[-74.135164272,4.630153215000007],[-74.13512390099999,4.630148196999983],[-74.13508353399999,4.6301431420000085],[-74.13504316900003,4.630138052000007],[-74.135013448,4.630134279999993],[-74.13500283000002,4.630132890000027],[-74.134962562,4.630127623000021],[-74.13492229500002,4.630122356000015],[-74.13488202600001,4.630117089000009],[-74.13484175899998,4.6301118220000035],[-74.13480149100002,4.630106554999998],[-74.13476122399999,4.630101287999992],[-74.13472095499998,4.630096019999996],[-74.134680688,4.63009075299999],[-74.13464041999998,4.6300854859999845],[-74.13460015300001,4.630080218999979],[-74.134559884,4.630074950999983],[-74.13451961700002,4.630069683999977],[-74.134479349,4.630064417000028],[-74.13443908199997,4.630059150000022],[-74.13439881300002,4.630053882000027],[-74.13435854599999,4.630048615000021],[-74.13431827800002,4.630043348000015],[-74.13431276900002,4.630130426999983]]]},"properties":{"SEPCODIGO":91037423,"SEPCIV":8013741,"SEPMATERIA":1,"OBJECTID":123915}},{"type":"Feature","id":123917,"geometry":{"type":"Polygon","coordinates":[[[-74.13341325199997,4.629664453000032],[-74.13378299599998,4.6297009220000405],[-74.1337843017747,4.629700831387274],[-74.13378557917873,4.629700545910104],[-74.13378679929997,4.629700072029876],[-74.13378793452279,4.629699420472156],[-74.13378895915311,4.629698605983977],[-74.13378984999997,4.629697647000057],[-74.13379058999993,4.62969656000007],[-74.1337911361685,4.629695434679849],[-74.13379151662392,4.629694243084542],[-74.13379172362083,4.6296930094727795],[-74.13379175294517,4.629691758958572],[-74.13379160399995,4.629690517000029],[-74.13379147999996,4.6296899680000365],[-74.13379019599995,4.629685550000033],[-74.13378724499995,4.629675417000044],[-74.13378096784828,4.629656179585718],[-74.13377762976096,4.62963622118107],[-74.1337773053934,4.629615988150435],[-74.13378000199998,4.6295959330000755],[-74.13378583221792,4.629575936666727],[-74.13379401514382,4.629556782437105],[-74.13380443299997,4.629538746000037],[-74.13380502199993,4.6295376270000475],[-74.13380622899996,4.629534296000031],[-74.13380625018475,4.629533581473615],[-74.13380620599997,4.629532868000069],[-74.1338059694503,4.629531606113957],[-74.13380553127352,4.629530399335838],[-74.13380490308403,4.6295292796527265],[-74.13380410153268,4.629528276743084],[-74.13380314786549,4.62952741719016],[-74.13380206736052,4.6295267237773725],[-74.13380088865772,4.629526214884409],[-74.13379964299997,4.629525904000047],[-74.13366959499996,4.629512317000035],[-74.13348405799996,4.62949356300004],[-74.13347599591131,4.6294931754973945],[-74.13346797712401,4.629494095542014],[-74.13346021230784,4.629496298962464],[-74.13345290546023,4.629499727870431],[-74.13344624854685,4.629504292181564],[-74.13344041645828,4.629509871982174],[-74.13343556241531,4.62951632067961],[-74.13343181394345,4.629523468853539],[-74.13342926952264,4.629531128706971],[-74.13342799599997,4.629539099000056],[-74.13342375499997,4.629562941000074],[-74.13341696999998,4.629582931000073],[-74.13341695099996,4.629582980000066],[-74.13340740099994,4.629601857000068],[-74.13340275199994,4.629609787000049],[-74.13340272999994,4.629609823000067],[-74.13339486999996,4.629621357000076],[-74.13339347399994,4.629623209000044],[-74.13339210608328,4.629628072418484],[-74.13339143556183,4.629633079856542],[-74.13339147575725,4.62963813182836],[-74.13339222587095,4.629643127963301],[-74.13339367099996,4.629647969000075],[-74.13339612552775,4.629652096910885],[-74.13339916747978,4.629655813210408],[-74.13340272899995,4.6296590350000315],[-74.13340276499997,4.62965906200003],[-74.13340602954453,4.629661286712867],[-74.13340954300796,4.629663092861562],[-74.13341325199997,4.629664453000032]],[[-74.13375563499994,4.629666102000044],[-74.13376035899995,4.629666584000063],[-74.13375978699997,4.629682943000034],[-74.13341698199997,4.62964921400004],[-74.13341733499993,4.629645597000035],[-74.13341857199998,4.629632938000043],[-74.13375563499994,4.629666102000044]]]},"properties":{"SEPCODIGO":15002352,"SEPCIV":8013629,"SEPMATERIA":1,"OBJECTID":123917}},{"type":"Feature","id":123918,"geometry":{"type":"Polygon","coordinates":[[[-74.130317779,4.629797973999985],[-74.13035795799999,4.62980330900001],[-74.130367326,4.629706817999988],[-74.13037850299997,4.629591694999988],[-74.13037447300002,4.6295912869999825],[-74.13033823400002,4.629587625999989],[-74.13030921699999,4.629584706999992],[-74.13029778499998,4.6295835569999895],[-74.13025742600001,4.62957948899998],[-74.13021697599999,4.629575509999995],[-74.13017697800001,4.629571441999985],[-74.13013652799998,4.629567463000001],[-74.13009616900001,4.629563303999987],[-74.13005571999997,4.629559416000006],[-74.13001563099999,4.629555347000007],[-74.129975452,4.6295512789999975],[-74.129934913,4.629547209999998],[-74.12989464399999,4.629543232000003],[-74.12985419500001,4.629539163000004],[-74.12981338499998,4.62953500399999],[-74.12977302600001,4.629530934999991],[-74.12973320700002,4.629526956999996],[-74.12969284799999,4.629522797999982],[-74.129652669,4.629519270999992],[-74.12961231000003,4.629515654999977],[-74.12957204100002,4.629512399000021],[-74.12953186200002,4.6295091439999965],[-74.12949141299998,4.629506160000005],[-74.12945114399997,4.629503356999976],[-74.12941087399997,4.629500554000003],[-74.12937060500002,4.629498112000022],[-74.129361443,4.629589929000019],[-74.129352944,4.62967510499999],[-74.12935713899998,4.629675639000027],[-74.12939339299999,4.629680258000008],[-74.12943348200002,4.629685230999996],[-74.129473571,4.6296902939999995],[-74.12951392999997,4.629695448000007],[-74.12955410900003,4.62970051100001],[-74.12959437799998,4.629705574000013],[-74.12963464699999,4.629710726999974],[-74.12967482599998,4.62971570000002],[-74.12971500499998,4.629720943999985],[-74.12975518399998,4.629726367999979],[-74.129795543,4.629731160000006],[-74.12983563199998,4.629736314000013],[-74.12987544999999,4.629741466999974],[-74.129915719,4.629746710999996],[-74.12995589799999,4.629751773999999],[-74.129996258,4.629756928000006],[-74.130036437,4.629761991000009],[-74.13007661500001,4.629767144000027],[-74.130116885,4.629772297999978],[-74.13015706300001,4.62977754100001],[-74.13019706199998,4.629782604000013],[-74.13023751100002,4.62978775800002],[-74.13027769000001,4.629792910999981],[-74.130317779,4.629797973999985]]]},"properties":{"SEPCODIGO":91037092,"SEPCIV":8013656,"SEPMATERIA":1,"OBJECTID":123918}},{"type":"Feature","id":123919,"geometry":{"type":"Polygon","coordinates":[[[-74.13192683099999,4.630002186000013],[-74.13192953999999,4.630002220999984],[-74.131948593,4.630002456999989],[-74.13196461899997,4.629999914999985],[-74.13196745300002,4.629999466000015],[-74.13196992799999,4.629998920999981],[-74.13199018900002,4.6299916909999865],[-74.13199806699998,4.629987151000023],[-74.132008762,4.629980988999989],[-74.132011465,4.629978721999976],[-74.13202342099999,4.629968694000013],[-74.13202507300002,4.629967129000022],[-74.13203863799998,4.629950543000007],[-74.13203951100002,4.629949152999984],[-74.13204904000003,4.629931732999978],[-74.13205141700001,4.6299247069999865],[-74.13205482400002,4.629914634999977],[-74.13205596300003,4.62991126899999],[-74.13205708800001,4.629903786999989],[-74.132059196,4.629889772000013],[-74.13205893499998,4.629879462000019],[-74.132058643,4.629867896999997],[-74.13205686600003,4.6298590279999985],[-74.13205431799997,4.62984630699998],[-74.13204742699997,4.629828072999999],[-74.132046355,4.6298256599999945],[-74.13203499399998,4.629806582000015],[-74.13203331099999,4.629804395000008],[-74.13202792800001,4.6297981609999965],[-74.132020582,4.629789652999989],[-74.13201009599999,4.629780867000022],[-74.13200355499998,4.629775386000006],[-74.13198443200002,4.629764217999991],[-74.13198161700001,4.629763002999994],[-74.13196379300001,4.629756483999984],[-74.13194226500002,4.629752424999992],[-74.13190164999997,4.629748364000022],[-74.13186147800002,4.629744345999995],[-74.13186128799998,4.629744327000026],[-74.131820925,4.6297402899999724],[-74.131780563,4.629736252999976],[-74.13174020000002,4.629732215999979],[-74.13169983699999,4.629728178999983],[-74.13165947499999,4.629724142999976],[-74.13161911200001,4.629720105999979],[-74.13157874900003,4.629716068999983],[-74.13153838699998,4.629712031999986],[-74.13149802499998,4.62970799499999],[-74.131457662,4.629703957999993],[-74.13142724099998,4.629700361000005],[-74.13140351499999,4.629697555000007],[-74.13138647900001,4.62969554099999],[-74.131366146,4.629693136000014],[-74.13136353800002,4.629692827999975],[-74.13134618200002,4.629690774999972],[-74.131335842,4.629689552000002],[-74.13131920000001,4.62968758400001],[-74.13131908399998,4.629687569999987],[-74.13130600300002,4.629686022999977],[-74.13129234500002,4.629828320000001],[-74.13128346600001,4.629920815999981],[-74.13131071499998,4.629924308999989],[-74.13132387500002,4.629925995999997],[-74.13136384699999,4.629931118000002],[-74.13140423300001,4.6299364829999945],[-74.13144379900001,4.629941292000012],[-74.13144376399998,4.629941670999983],[-74.131444364,4.629941748000022],[-74.13148404399999,4.629946803999985],[-74.13152432499999,4.629951935999998],[-74.131564605,4.62995706800001],[-74.131604885,4.629962201000012],[-74.13164516500001,4.629967333000025],[-74.13168174200001,4.629972000999999],[-74.131685307,4.629972459999976],[-74.13168544400003,4.629972477000024],[-74.13169377899999,4.629973527000004],[-74.13172573600002,4.629977598999972],[-74.13173537699998,4.629978827999992],[-74.13173816099999,4.629979172999981],[-74.13176595200002,4.629982622],[-74.13180616599999,4.629987566000011],[-74.13184043000001,4.629991743000005],[-74.13184638500002,4.629992469000001],[-74.13188660600002,4.629997338999999],[-74.13192683099999,4.630002186000013]]]},"properties":{"SEPCODIGO":91037069,"SEPCIV":8004615,"SEPMATERIA":2,"OBJECTID":123919}},{"type":"Feature","id":123920,"geometry":{"type":"Polygon","coordinates":[[[-74.13127217200002,4.629611692000026],[-74.13131304199999,4.629615670000021],[-74.13131367699998,4.629609221999999],[-74.13130749200002,4.6296085960000255],[-74.130927789,4.629569124999989],[-74.13078932000002,4.629555227000026],[-74.13078853000002,4.629563318999999],[-74.130789483,4.629563410000003],[-74.13082948200002,4.629567297999984],[-74.130869931,4.629571456999997],[-74.13091011,4.629575435999982],[-74.13095064999999,4.629579413999977],[-74.13099082899998,4.629582669000001],[-74.13103091800002,4.629587461000028],[-74.13107161800002,4.629591646999984],[-74.131111546,4.62959559799998],[-74.13115187,4.629599563999989],[-74.13119208400002,4.629603555000017],[-74.131232334,4.629607561],[-74.13127217200002,4.629611692000026]]]},"properties":{"SEPCODIGO":91037159,"SEPCIV":8013654,"SEPMATERIA":1,"OBJECTID":123920}},{"type":"Feature","id":123921,"geometry":{"type":"Polygon","coordinates":[[[-74.13329485700001,4.630228681999995],[-74.13331372599998,4.630230644999983],[-74.13332053300002,4.630231352999999],[-74.13333193199998,4.630232533000026],[-74.13342819100001,4.630242436999993],[-74.13364600599999,4.630267188000005],[-74.13374749399998,4.630277924999973],[-74.133979108,4.6302996219999955],[-74.13404573999998,4.630306861999998],[-74.13417489,4.630318708999994],[-74.13429463,4.6303294599999845],[-74.13429709399998,4.630329682000024],[-74.13430008300003,4.630330003999973],[-74.13430656600002,4.630262588999983],[-74.13430287300002,4.63026232499999],[-74.1343008,4.63026217700002],[-74.134266148,4.6302597000000105],[-74.13422573100002,4.630256809999992],[-74.13418531399998,4.630253921000019],[-74.13414489600001,4.63025103199999],[-74.13410447899997,4.630248143000017],[-74.134064062,4.630245252999998],[-74.13402364500001,4.630242364000026],[-74.13398322799998,4.630239474999996],[-74.13394281000001,4.630236586000024],[-74.13390239300003,4.630233696999994],[-74.13386197599999,4.630230808000022],[-74.13382155800002,4.630227918000003],[-74.13378114199998,4.630225028999973],[-74.133740724,4.630222140000001],[-74.13370030700003,4.630219251000028],[-74.133659889,4.630216361999999],[-74.13361947200002,4.63021347199998],[-74.13357905499998,4.630210583000007],[-74.133538638,4.630207693999978],[-74.13349822100002,4.630204805000005],[-74.133457803,4.630201915999976],[-74.13341738600002,4.630199026000014],[-74.13337696899998,4.6301961369999844],[-74.13333655100001,4.630193247000022],[-74.133324416,4.630192379999983],[-74.13332130200001,4.630192158],[-74.13329613399998,4.630190358999982],[-74.13329485700001,4.630228681999995]]]},"properties":{"SEPCODIGO":900083,"SEPCIV":8013741,"SEPMATERIA":2,"OBJECTID":123921}},{"type":"Feature","id":123922,"geometry":{"type":"Polygon","coordinates":[[[-74.13482062899999,4.630640862000064],[-74.13511915799995,4.630670423000026],[-74.13520457299995,4.630679020000059],[-74.13521335399997,4.6305826770000635],[-74.13516355399997,4.630577745000039],[-74.13486650099998,4.630549040000062],[-74.13482382699993,4.630544961000055],[-74.13463499599999,4.63052691300004],[-74.13428457899994,4.630491253000059],[-74.13427752699994,4.630564593000031],[-74.13482138299997,4.630618253000023],[-74.13482994799995,4.630619098000068],[-74.13483417299994,4.630619291000073],[-74.13484344376594,4.630618851887319],[-74.13485258299994,4.630617235000045],[-74.13485692999996,4.6306346810000605],[-74.13484471768363,4.630637228327743],[-74.13483229099995,4.630638327000042],[-74.13483042499996,4.630638132000058],[-74.13482075399997,4.630637123000042],[-74.13481563199997,4.630636589000062],[-74.13427600199998,4.630580443000042],[-74.13427578399995,4.63058271400007],[-74.13427538799993,4.630586845000039],[-74.13437041799995,4.630596267000044],[-74.13467223899994,4.630626169000038],[-74.13482062899999,4.630640862000064]]]},"properties":{"SEPCODIGO":91037425,"SEPCIV":8013741,"SEPMATERIA":2,"OBJECTID":123922}},{"type":"Feature","id":123923,"geometry":{"type":"Polygon","coordinates":[[[-74.130716076,4.6302399740000055],[-74.130814418,4.630249757000001],[-74.13085273299998,4.63025356899999],[-74.13112595000001,4.6302813780000065],[-74.13123550400002,4.6302924429999734],[-74.131237639,4.6302759010000045],[-74.13086844600002,4.630237369999975],[-74.130718091,4.6302223289999915],[-74.130716076,4.6302399740000055]]]},"properties":{"SEPCODIGO":91037072,"SEPCIV":8013654,"SEPMATERIA":1,"OBJECTID":123923}},{"type":"Feature","id":123924,"geometry":{"type":"Polygon","coordinates":[[[-74.13426855099999,4.630187633999981],[-74.13430738099999,4.6301904100000115],[-74.13430896800003,4.63019052300001],[-74.13431251999998,4.6301343750000115],[-74.13431276900002,4.630130426999983],[-74.13431827800002,4.630043348000015],[-74.13427801099999,4.630038081000009],[-74.13423774300003,4.630032814000003],[-74.13419747500001,4.630027546999997],[-74.13415720699999,4.6300222799999915],[-74.13411694000001,4.630017011999996],[-74.13407667199999,4.630011744000001],[-74.13403640400003,4.630006476999995],[-74.13399613600001,4.630001209999989],[-74.13395586899998,4.629995942999983],[-74.13391560100001,4.629990675999977],[-74.13387533299999,4.629985409000028],[-74.13383506500003,4.629980142000022],[-74.133794798,4.629974874000027],[-74.13375452999998,4.629969607000021],[-74.13371426200001,4.629964339000026],[-74.13367399399999,4.62995907200002],[-74.13363372700002,4.629953805000014],[-74.133593459,4.629948538000008],[-74.13355319200002,4.629943271000002],[-74.13351292300001,4.629938003999996],[-74.13347265599998,4.629932736000001],[-74.13343238800002,4.629927468999995],[-74.13339212099999,4.629922200999999],[-74.13336230499999,4.629918300999975],[-74.13335185199998,4.6299169339999935],[-74.133311585,4.629911666999988],[-74.133304339,4.630026418999989],[-74.13329853699997,4.6301182930000095],[-74.13333532500002,4.630120922999993],[-74.13333895400001,4.630121181999982],[-74.13337937099999,4.630124072000001],[-74.13341978900002,4.630126960999974],[-74.133460206,4.630129849000014],[-74.13350062400002,4.630132738999976],[-74.133541041,4.630135628000005],[-74.13358145699999,4.630138518000024],[-74.13362041699997,4.630141303000016],[-74.13362187500002,4.630141406999996],[-74.133662292,4.630144296000026],[-74.13370270899998,4.6301471849999984],[-74.133743127,4.630150074000028],[-74.13378354399998,4.6301529630000005],[-74.13382396100002,4.630155853000019],[-74.133864378,4.630158741999992],[-74.13390479499998,4.630161631000021],[-74.133945213,4.630164519999994],[-74.13398562999998,4.630167409000023],[-74.13402604800001,4.630170298999985],[-74.13406646499999,4.630173188000015],[-74.13410688200003,4.630176076999987],[-74.134147299,4.630178966000017],[-74.13418771599999,4.630181854999989],[-74.13422813400001,4.630184745000008],[-74.13426855099999,4.630187633999981]]]},"properties":{"SEPCODIGO":91037033,"SEPCIV":8013629,"SEPMATERIA":1,"OBJECTID":123924}},{"type":"Feature","id":123974,"geometry":{"type":"Polygon","coordinates":[[[-74.13392326899998,4.629714462000038],[-74.13409557299997,4.629731091000053],[-74.13434685799996,4.629756421000025],[-74.13434817899997,4.629743158000053],[-74.13389538799998,4.6296974630000705],[-74.13389589899998,4.6296923650000394],[-74.13389711799994,4.629680216000054],[-74.13434994499994,4.629725431000054],[-74.13436426299995,4.629581683000026],[-74.13394527699995,4.629540193000025],[-74.13393940399999,4.629539611000041],[-74.13392084599997,4.6295406260000505],[-74.13390619272171,4.629544265047614],[-74.13389237552862,4.629550351623491],[-74.13387979988082,4.6295587071194895],[-74.13386883480578,4.629569086346844],[-74.13385980206937,4.629581184731185],[-74.13385296673367,4.62959464725015],[-74.13384852937897,4.629609078851382],[-74.13384662021768,4.629624056045182],[-74.13384729527341,4.629639139331649],[-74.13385053473691,4.629653886097638],[-74.1338562435474,4.629667863605063],[-74.13386425418204,4.629680661689431],[-74.1338743315719,4.629691904795956],[-74.13388617999993,4.629701263000072],[-74.13389604299994,4.629706875000068],[-74.13389780299997,4.629707708000069],[-74.13391405099998,4.629712844000039],[-74.13392326899998,4.629714462000038]]]},"properties":{"SEPCODIGO":91037036,"SEPCIV":8013629,"SEPMATERIA":1,"OBJECTID":123974}},{"type":"Feature","id":123975,"geometry":{"type":"Polygon","coordinates":[[[-74.12934324000003,4.629760744000009],[-74.12935275400002,4.6297618090000014],[-74.129363163,4.6297629750000056],[-74.12943767799999,4.629771323],[-74.12996625699998,4.629834269000014],[-74.13034781099998,4.629886503000023],[-74.13034957899998,4.629872008999996],[-74.13030949,4.629866584000013],[-74.130269581,4.629861611000024],[-74.13022949200001,4.629856458000006],[-74.13018931300002,4.629851395000003],[-74.13014886399998,4.629846422000014],[-74.13010895500003,4.629841177999992],[-74.13006868600002,4.629836024999975],[-74.13002823699998,4.629830962000028],[-74.12998787800001,4.629825718000006],[-74.12994733900001,4.629820203000008],[-74.12990706900001,4.62981523000002],[-74.12986707099998,4.629810077000002],[-74.12982671200001,4.629805013999999],[-74.12978653300001,4.629799950999995],[-74.129746173,4.629794887999992],[-74.12970653500003,4.629789733999985],[-74.12966590600001,4.629784581000024],[-74.12962572700002,4.629779337000002],[-74.12958554800002,4.6297743640000135],[-74.129545549,4.629769210999996],[-74.12950546000002,4.6297640569999885],[-74.12946474099999,4.6297589040000275],[-74.12942501200001,4.629753841000024],[-74.12938465299999,4.6297485970000025],[-74.129364479,4.629746015000023],[-74.12935362799999,4.62974462599999],[-74.12934438399998,4.629743442999995],[-74.12934324000003,4.629760744000009]]]},"properties":{"SEPCODIGO":900127,"SEPCIV":8013656,"SEPMATERIA":1,"OBJECTID":123975}},{"type":"Feature","id":123976,"geometry":{"type":"Polygon","coordinates":[[[-74.128864825,4.630053877000023],[-74.12902306000001,4.630068241999993],[-74.12932079400002,4.630100244999994],[-74.12932204499998,4.6300813189999985],[-74.12931547300002,4.630080688000021],[-74.12928041499998,4.630077459999995],[-74.129262573,4.630075115000011],[-74.12925379900003,4.630073444000004],[-74.12924502599998,4.6300717710000185],[-74.129227577,4.630067444000019],[-74.129223019,4.630066118999991],[-74.129210366,4.630062265999982],[-74.12919715100003,4.630058501000008],[-74.12919488699998,4.630057697999973],[-74.12917561,4.630052578000004],[-74.12915784400002,4.630048809000016],[-74.129145032,4.630046658000026],[-74.129115651,4.630042100000026],[-74.12907823400002,4.630039420000003],[-74.12902092000002,4.630041738999978],[-74.12902110700003,4.630033249999997],[-74.12902132900001,4.630023169000026],[-74.129079198,4.630020361999982],[-74.12911814,4.63002366500001],[-74.12914258699999,4.630027917000007],[-74.129161195,4.630031040999995],[-74.129179782,4.6300349840000194],[-74.12920020299998,4.630040409000003],[-74.12920262,4.630041265999978],[-74.12921544300002,4.6300449189999995],[-74.12922814199999,4.630048784999985],[-74.129232247,4.630049978999978],[-74.12924887100002,4.63005410300002],[-74.12926542600002,4.630057256999976],[-74.129267906,4.630057582999996],[-74.12929198299997,4.630060309999976],[-74.12932323199999,4.630063373999974],[-74.12933275400002,4.629919347999987],[-74.12903849700001,4.629887313999973],[-74.12888733900002,4.629871714999979],[-74.128864825,4.630053877000023]]]},"properties":{"SEPCODIGO":91037156,"SEPCIV":8013655,"SEPMATERIA":2,"OBJECTID":123976}},{"type":"Feature","id":123977,"geometry":{"type":"Polygon","coordinates":[[[-74.12932079400002,4.630100244999994],[-74.129335449,4.630101819999993],[-74.12933685299998,4.630101970999988],[-74.12943570099998,4.630112424999993],[-74.12969998,4.630138142000021],[-74.13008224499998,4.630177316000015],[-74.130289317,4.630197649000024],[-74.13030961300001,4.630199659000027],[-74.13031180600001,4.6301816860000145],[-74.13017739499998,4.630168239],[-74.13009300099998,4.630159240000012],[-74.12984709199998,4.630135198000005],[-74.12946542399999,4.630095095999991],[-74.129336422,4.630082700999992],[-74.12933408499998,4.630082475999984],[-74.12932204499998,4.6300813189999985],[-74.12932079400002,4.630100244999994]]]},"properties":{"SEPCODIGO":15002389,"SEPCIV":8013656,"SEPMATERIA":1,"OBJECTID":123977}},{"type":"Feature","id":123978,"geometry":{"type":"Polygon","coordinates":[[[-74.128335676,4.629654150000022],[-74.12834285600002,4.629654866999999],[-74.12835148800002,4.629655727999989],[-74.12840225500003,4.629660794000017],[-74.12861169400003,4.6296816939999985],[-74.12890703800002,4.629712327999982],[-74.128909082,4.629695793999986],[-74.128880434,4.62969271999998],[-74.12884494000002,4.629689283999994],[-74.12880962499997,4.6296854870000175],[-74.12877485199999,4.629682050999975],[-74.12873440200002,4.629678253000009],[-74.12869647600002,4.629674455999975],[-74.12865701700002,4.629670476999991],[-74.12861728899998,4.629666408999981],[-74.128578011,4.629662429999996],[-74.12853851400001,4.6296587489999865],[-74.12849846400002,4.629655016000015],[-74.128458104,4.6296507659999975],[-74.12841765500002,4.629646969000021],[-74.12840356599997,4.629645509999989],[-74.12837747600003,4.629642809000018],[-74.12835301899997,4.629640283000015],[-74.128343557,4.629639306000001],[-74.12833720700002,4.629638650000004],[-74.128335676,4.629654150000022]]]},"properties":{"SEPCODIGO":91037099,"SEPCIV":8004666,"SEPMATERIA":1,"OBJECTID":123978}},{"type":"Feature","id":123979,"geometry":{"type":"Polygon","coordinates":[[[-74.13326783399998,4.630463775000067],[-74.13331085099998,4.630468286000053],[-74.13360450599998,4.630497231000049],[-74.13407645299998,4.63054459500006],[-74.13427310799995,4.630564155000059],[-74.13427596599996,4.630564439000068],[-74.13427752699994,4.630564593000031],[-74.13428457899994,4.630491253000059],[-74.13428324299997,4.630491118000066],[-74.13427983699995,4.630490771000041],[-74.13420893399996,4.630483556000058],[-74.13390562399996,4.630453654000064],[-74.13388685399997,4.630453354000053],[-74.13381085904966,4.630459760170481],[-74.13373460199995,4.630460825000057],[-74.13365326299999,4.630454546000067],[-74.13339136799993,4.630427336000025],[-74.13333270669591,4.630425966682125],[-74.13327425799997,4.630431141000031],[-74.1332319331489,4.6304390617945055],[-74.13319039799995,4.630450418000066],[-74.13318027199995,4.630453752000051],[-74.13317839299998,4.630454397000051],[-74.13318019599996,4.630454584000063],[-74.13326783399998,4.630463775000067]]]},"properties":{"SEPCODIGO":900085,"SEPCIV":8013629,"SEPMATERIA":2,"OBJECTID":123979}},{"type":"Feature","id":124042,"geometry":{"type":"Polygon","coordinates":[[[-74.13766018799998,4.633002149999982],[-74.137662132,4.633023874000003],[-74.13766230300001,4.6330338440000105],[-74.13766380800001,4.633036005000008],[-74.13766730399999,4.633001558999979],[-74.13768065599999,4.632870013000002],[-74.13772830099998,4.632387286999972],[-74.13774417799999,4.632226434000017],[-74.137716017,4.632223619000001],[-74.13770035499999,4.632387285999982],[-74.13769322899998,4.632461735999982],[-74.137650296,4.63289875800001],[-74.137652404,4.632915137999987],[-74.13766018799998,4.633002149999982]]]},"properties":{"SEPCODIGO":91032528,"SEPCIV":8014092,"SEPMATERIA":5,"OBJECTID":124042}},{"type":"Feature","id":124043,"geometry":{"type":"Polygon","coordinates":[[[-74.13746290199998,4.632198322000022],[-74.13749413400001,4.632201443999975],[-74.137497145,4.632171142000004],[-74.13749729400001,4.632169641000019],[-74.13749730699999,4.632169506000025],[-74.137520951,4.631931558000019],[-74.137524439,4.631895239000016],[-74.13753762900001,4.631757886000003],[-74.13755255799998,4.6316024220000145],[-74.137565166,4.631475061999993],[-74.13756863499998,4.631440010999995],[-74.137539898,4.631436962999999],[-74.13753619200003,4.631472907999978],[-74.13752867699998,4.631545807000009],[-74.13751147099998,4.631717154],[-74.137493769,4.6318934340000055],[-74.13748294200002,4.632001252000009],[-74.13746616200001,4.632166268999981],[-74.13746596300001,4.632168223000008],[-74.13746290199998,4.632198322000022]]]},"properties":{"SEPCODIGO":91032529,"SEPCIV":8014093,"SEPMATERIA":2,"OBJECTID":124043}},{"type":"Feature","id":124044,"geometry":{"type":"Polygon","coordinates":[[[-74.13755433400001,4.632207460000018],[-74.13759704699999,4.632211729000005],[-74.13765317399998,4.632217339000022],[-74.137654467,4.632204226999988],[-74.137655381,4.632194911999989],[-74.13765621700003,4.63218638799998],[-74.137656252,4.632186026999989],[-74.13768392399999,4.631903786000009],[-74.13768750999998,4.631867215999989],[-74.13769761600003,4.631764139999973],[-74.13771085100001,4.631628819000014],[-74.13771536600001,4.631537908999974],[-74.137715727,4.631489961999989],[-74.13771598599999,4.631455641999992],[-74.137665175,4.631450251999979],[-74.13762919599998,4.631446435999976],[-74.13762591300002,4.631479576999993],[-74.13759436499998,4.631798000999993],[-74.13759026899999,4.63183985500001],[-74.13758450199998,4.631898773999978],[-74.13755739300001,4.632175752000023],[-74.13755735400002,4.632176146999996],[-74.13755729299999,4.632176773000026],[-74.13755719,4.632177822000017],[-74.13755433400001,4.632207460000018]]]},"properties":{"SEPCODIGO":91032530,"SEPCIV":8014093,"SEPMATERIA":2,"OBJECTID":124044}},{"type":"Feature","id":124045,"geometry":{"type":"Polygon","coordinates":[[[-74.13747790500003,4.632983731000024],[-74.13751491699998,4.6329874709999785],[-74.13757654099999,4.632993698000007],[-74.13758654100002,4.632892745999982],[-74.13763641100002,4.632387285999982],[-74.13765317399998,4.632217339000022],[-74.13759704699999,4.632211729000005],[-74.13755433400001,4.632207460000018],[-74.13753700799998,4.6323872840000035],[-74.137518736,4.632576914000026],[-74.13747790500003,4.632983731000024]]]},"properties":{"SEPCODIGO":91032532,"SEPCIV":8014092,"SEPMATERIA":5,"OBJECTID":124045}},{"type":"Feature","id":124119,"geometry":{"type":"Polygon","coordinates":[[[-74.12839999899995,4.629822423000064],[-74.12839589906837,4.629823410038508],[-74.12839202388166,4.629825073352032],[-74.12838848410563,4.629827365440497],[-74.12838538082755,4.629830220847499],[-74.12838280266944,4.629833558029638],[-74.12838082325712,4.629837281685207],[-74.12837949911776,4.6298412854757665],[-74.1283788680655,4.6298454550629105],[-74.12837894812164,4.629849671373492],[-74.12837973699999,4.629853814000057],[-74.12838622388911,4.6298609139683435],[-74.12839344299994,4.629867268000055],[-74.12840452699999,4.62987636400004],[-74.12842165199999,4.629890243000034],[-74.12842851299996,4.629895742000031],[-74.12843334999997,4.629899599000055],[-74.12851386799997,4.629961338000044],[-74.12852088699998,4.629966509000042],[-74.12854824799996,4.629986353000049],[-74.12857131299995,4.63000270200007],[-74.12860707999994,4.630020076000051],[-74.12863744799995,4.630030195000074],[-74.12866010099998,4.63003529100007],[-74.12886482499994,4.630053877000023],[-74.12888733899996,4.629871715000036],[-74.12861541299998,4.629843655000059],[-74.12842667899997,4.629825052000058],[-74.12839999899995,4.629822423000064]]]},"properties":{"SEPCODIGO":91037157,"SEPCIV":8004666,"SEPMATERIA":1,"OBJECTID":124119}},{"type":"Feature","id":124155,"geometry":{"type":"Polygon","coordinates":[[[-74.12830351600002,4.629566061999981],[-74.128343965,4.6295702209999945],[-74.12834820299997,4.629536085999973],[-74.12835145100001,4.629509919999975],[-74.128358833,4.6294504489999895],[-74.12831811299998,4.629448549000017],[-74.12827775400001,4.629446739999992],[-74.12823739499999,4.629444841000009],[-74.12819676599997,4.629442942000026],[-74.12815613599997,4.629440862000024],[-74.12811586700002,4.629439052999999],[-74.12807523800001,4.629437153000026],[-74.12803469800002,4.629435435000005],[-74.12799424899998,4.629433445000018],[-74.12795370999999,4.629431365000016],[-74.12791290000001,4.629429285000015],[-74.12787245099997,4.629427204000024],[-74.12783615500001,4.629425194000021],[-74.12783608000001,4.629425190000006],[-74.127831641,4.629424943999993],[-74.12781920700002,4.629517416999988],[-74.127859205,4.629521305000026],[-74.127899565,4.629525374000025],[-74.12794030700002,4.629529140999978],[-74.12798065800001,4.629533288000005],[-74.12802146799999,4.629537448000008],[-74.128061016,4.6295415160000175],[-74.12810155599999,4.629545585000017],[-74.12814207999998,4.629549876999988],[-74.12818250499998,4.629553929999986],[-74.12822305499998,4.629557996000017],[-74.12826331899998,4.629562032000024],[-74.12830351600002,4.629566061999981]]]},"properties":{"SEPCODIGO":91037110,"SEPCIV":8004679,"SEPMATERIA":3,"OBJECTID":124155}},{"type":"Feature","id":124156,"geometry":{"type":"Polygon","coordinates":[[[-74.12781141800002,4.62960072300001],[-74.128053738,4.629626014999985],[-74.128335676,4.629654150000022],[-74.12833720700002,4.629638650000004],[-74.12829684799999,4.629634672000009],[-74.12825657899998,4.629630784000028],[-74.12821613,4.629626625000014],[-74.12817577099997,4.629622556000015],[-74.12813541100002,4.629618487000016],[-74.12809523200002,4.629614418000017],[-74.12805469300002,4.629610259000003],[-74.128013974,4.629606190000004],[-74.12797406499999,4.629602212000009],[-74.127933616,4.629598052000006],[-74.12789343700001,4.629593983999996],[-74.12785334799997,4.629590005000011],[-74.12781280899998,4.629585845999998],[-74.12781141800002,4.62960072300001]]]},"properties":{"SEPCODIGO":91037124,"SEPCIV":8004679,"SEPMATERIA":1,"OBJECTID":124156}},{"type":"Feature","id":124186,"geometry":{"type":"Polygon","coordinates":[[[-74.137716017,4.632223619000001],[-74.13774417799999,4.632226434000017],[-74.13774502199999,4.632217884999989],[-74.13774723300003,4.632195484000022],[-74.13777563299999,4.6319077609999795],[-74.137785366,4.631809163000014],[-74.13781546299998,4.631504249999978],[-74.13781918000001,4.631466588000023],[-74.13778893300002,4.631463379000024],[-74.13778577900001,4.631494539000016],[-74.137785264,4.6314999229999785],[-74.13775388699997,4.631827837999992],[-74.13774636099998,4.631906491999985],[-74.13771899,4.632192547999978],[-74.137718979,4.632192659999987],[-74.13771724600002,4.632210767000004],[-74.137716017,4.632223619000001]]]},"properties":{"SEPCODIGO":91032420,"SEPCIV":8014093,"SEPMATERIA":2,"OBJECTID":124186}},{"type":"Feature","id":124216,"geometry":{"type":"Polygon","coordinates":[[[-74.13798963399995,4.629447578000054],[-74.13802285299994,4.629451283000037],[-74.13803566399997,4.6293147320000685],[-74.13803624299999,4.629309656000032],[-74.13803980599994,4.629237441000043],[-74.13804951499998,4.629040661000033],[-74.13804682899996,4.62900499400007],[-74.13804895599998,4.628962680000029],[-74.13806332699994,4.628804589000026],[-74.13807881499997,4.628646118000063],[-74.13807879399997,4.628645573000028],[-74.13807867102368,4.628644912194738],[-74.13807844122042,4.628644280548277],[-74.13807811082738,4.628643695204578],[-74.13807768881202,4.628643172050842],[-74.13807718662852,4.628642725286331],[-74.13807661790698,4.628642367036973],[-74.13807599808344,4.628642107026253],[-74.13807534398093,4.628641952311293],[-74.1380746733529,4.628641907091313],[-74.1380740044013,4.62864197259366],[-74.1380733552826,4.628642147040489],[-74.13807274361493,4.628642425697026],[-74.13807218599999,4.628642801000069],[-74.13807175729079,4.6286431979335845],[-74.13807138936754,4.628643651784094],[-74.13807108970461,4.628644153331629],[-74.13807086438966,4.628644692387255],[-74.13807071799994,4.628645258000063],[-74.13804496599994,4.628902830000072],[-74.13803096499998,4.629039533000025],[-74.13801519399993,4.629193642000075],[-74.13800437799995,4.629299341000035],[-74.13798963399995,4.629447578000054]]]},"properties":{"SEPCODIGO":502715,"SEPCIV":8004900,"SEPMATERIA":1,"OBJECTID":124216}},{"type":"Feature","id":124217,"geometry":{"type":"Polygon","coordinates":[[[-74.13774174899999,4.629419928000004],[-74.13777188,4.629423288999988],[-74.13777902200002,4.629351960000008],[-74.137787033,4.629271958999993],[-74.137808989,4.629050759999984],[-74.13781142800002,4.629026179999983],[-74.13781381400003,4.629001850999998],[-74.137821197,4.628926564999972],[-74.13782007999998,4.6289131949999955],[-74.13781714100003,4.628897187000007],[-74.13781437199998,4.6288821080000275],[-74.13781364800002,4.628878166999982],[-74.13781110500003,4.628857876999973],[-74.13780612699998,4.628818163000005],[-74.13780606900002,4.628817785000024],[-74.13780594899998,4.628817421999997],[-74.13780577300003,4.628817082000012],[-74.137805544,4.628816776000008],[-74.13780526699998,4.628816512000014],[-74.137804953,4.628816297000014],[-74.13780460700002,4.628816136000012],[-74.13780423899999,4.62881603400001],[-74.13780386600001,4.628815993999979],[-74.13780349299998,4.628816013000005],[-74.13780312699998,4.628816093000012],[-74.13780277799998,4.628816229999984],[-74.13780245599997,4.628816422],[-74.13780216800001,4.628816663000009],[-74.13780192299998,4.628816945999972],[-74.13780172700001,4.628817265999999],[-74.13780158399999,4.628817613000024],[-74.137801497,4.628817980000008],[-74.13780149000002,4.628818036999974],[-74.13780146900001,4.628818261999982],[-74.13778287100001,4.629007359000013],[-74.137781201,4.62902434099999],[-74.13776901799997,4.629146567000021],[-74.13776436400002,4.629193267000005],[-74.13775636399998,4.629273527000009],[-74.137750805,4.629329208999991],[-74.13774174899999,4.629419928000004]]]},"properties":{"SEPCODIGO":502719,"SEPCIV":8004900,"SEPMATERIA":2,"OBJECTID":124217}},{"type":"Feature","id":124220,"geometry":{"type":"Polygon","coordinates":[[[-74.13783130600001,4.629429916999982],[-74.137879597,4.629435304000026],[-74.137929746,4.629440897999984],[-74.13794503399998,4.629284599000016],[-74.13796183199997,4.629112851999992],[-74.13796197200003,4.629111427999987],[-74.13796301299999,4.629100777000019],[-74.13796670099998,4.629063077000012],[-74.13796937000001,4.6290357859999745],[-74.137985292,4.628872999000009],[-74.138024315,4.628482167000016],[-74.13802435399998,4.62848177799998],[-74.13802444700002,4.628480845000013],[-74.13792688799998,4.628473822999979],[-74.13792682600001,4.62847444800002],[-74.137926698,4.628475734000006],[-74.13788653799998,4.628878547999989],[-74.13787513199998,4.62899093599998],[-74.137871185,4.629029815000024],[-74.13787115600002,4.629030092999983],[-74.13786915399999,4.629049822000013],[-74.13784650100001,4.629273013999978],[-74.137844976,4.629288035999991],[-74.13783439600002,4.629397847000007],[-74.13783130600001,4.629429916999982]]]},"properties":{"SEPCODIGO":17441940,"SEPCIV":8004900,"SEPMATERIA":5,"OBJECTID":124220}},{"type":"Feature","id":124221,"geometry":{"type":"Polygon","coordinates":[[[-74.13782876599998,4.62875980900003],[-74.13782890409837,4.628760554242251],[-74.13782916776464,4.628761264831603],[-74.13782954921072,4.628761919778945],[-74.13783003716958,4.628762499738672],[-74.13783061722806,4.628762987580133],[-74.1378312722526,4.628763368893638],[-74.1378319828953,4.628763632416079],[-74.13783272816546,4.628763770363624],[-74.13783348604953,4.628763778661625],[-74.13783423416142,4.6287636570649795],[-74.13783495040363,4.628763409165367],[-74.13783561362007,4.628763042285159],[-74.13783620422087,4.628762567261136],[-74.13783670476109,4.628761998124393],[-74.13783710045591,4.628761351685893],[-74.13783737961747,4.628760647039912],[-74.13783753399997,4.628759905000038],[-74.13783755299994,4.628759712000033],[-74.13786638799996,4.628472001000034],[-74.13786661999995,4.62846968100007],[-74.13786663999997,4.628469486000029],[-74.13783937199997,4.62846752400003],[-74.13783974699999,4.628470352000022],[-74.13784064299995,4.628477113000031],[-74.13784142099996,4.628572930000075],[-74.13784145299996,4.62857690900006],[-74.13783508299997,4.628666671000076],[-74.13782964099994,4.628734666000071],[-74.13782850499996,4.628752934000033],[-74.13782874599997,4.628759260000038],[-74.13782876599998,4.62875980900003]]]},"properties":{"SEPCODIGO":502717,"SEPCIV":8004900,"SEPMATERIA":1,"OBJECTID":124221}},{"type":"Feature","id":124222,"geometry":{"type":"Polygon","coordinates":[[[-74.13739774099997,4.632975629999976],[-74.13741687499999,4.632977562999997],[-74.137436041,4.632776153000009],[-74.13747429799997,4.632401023999989],[-74.13747566699999,4.6323872840000035],[-74.13749413400001,4.632201443999975],[-74.13746290199998,4.632198322000022],[-74.13744368599998,4.632387283000014],[-74.13743240500003,4.632498188],[-74.13739333799998,4.632897435000018],[-74.13739451800001,4.632953660999988],[-74.13739774099997,4.632975629999976]]]},"properties":{"SEPCODIGO":91032426,"SEPCIV":8014092,"SEPMATERIA":5,"OBJECTID":124222}},{"type":"Feature","id":125018,"geometry":{"type":"Polygon","coordinates":[[[-74.13861916500002,4.630558237999992],[-74.13857427300002,4.630554220000022],[-74.13837418999998,4.630536312000004],[-74.1383745,4.630533635999996],[-74.13816285399997,4.630512876000012],[-74.13816218300002,4.630522062000011],[-74.13816045099998,4.630534762000025],[-74.13816012299998,4.630537167999989],[-74.13815993499998,4.6305386020000014],[-74.138274738,4.63055403300001],[-74.138385659,4.630565531000002],[-74.13857427300002,4.630584237999983],[-74.13861707799998,4.630588483999986],[-74.13861916500002,4.630558237999992]]]},"properties":{"SEPCODIGO":91037081,"SEPCIV":8013650,"SEPMATERIA":2,"OBJECTID":125018}},{"type":"Feature","id":125019,"geometry":{"type":"Polygon","coordinates":[[[-74.13861707799998,4.630588484000043],[-74.13863317999994,4.630590081000037],[-74.13869683899998,4.630595989000028],[-74.13871010499997,4.630597220000027],[-74.13872597199997,4.6305986930000245],[-74.13873520999994,4.630599550000056],[-74.13883221399993,4.630608553000059],[-74.13900104999993,4.630617255000061],[-74.13909678999994,4.630622190000054],[-74.1390976585389,4.630622220625547],[-74.139098519825,4.630622104504456],[-74.13909934924182,4.630621844955642],[-74.1391001230838,4.630621449397266],[-74.13910081923378,4.630620929134779],[-74.13910141779509,4.630620299037802],[-74.13910190166025,4.630619577115131],[-74.13910225699993,4.630618784000035],[-74.13910246399996,4.6306180020000625],[-74.13910254111535,4.630617341719265],[-74.13910253299997,4.6306166770000345],[-74.13910239337393,4.63061581140217],[-74.13910210904558,4.630614981997269],[-74.13910168824376,4.630614212789291],[-74.13910114314693,4.630613526040026],[-74.13910048953088,4.630612941624815],[-74.139099746312,4.630612476457324],[-74.13909893499994,4.630612144000054],[-74.13879698999995,4.630578384000046],[-74.13862182299994,4.630558539000049],[-74.13861916499997,4.630558238000049],[-74.13861707799998,4.630588484000043]]]},"properties":{"SEPCODIGO":91037117,"SEPCIV":8013638,"SEPMATERIA":2,"OBJECTID":125019}}]}