{"type":"FeatureCollection","features":[{"type":"Feature","id":637324,"geometry":{"type":"Polygon","coordinates":[[[-74.12881421999998,4.6329385090000414],[-74.12881836399998,4.632939836000048],[-74.12901554899997,4.633021132000067],[-74.12903984499997,4.632961542000032],[-74.12896903499995,4.632932346000075],[-74.12895979658575,4.632930707523545],[-74.12895096767751,4.632927532105193],[-74.12894280199998,4.632922911000037],[-74.12873449599994,4.632836995000048],[-74.12871306799997,4.632889957000032],[-74.12871051799993,4.632896260000052],[-74.12871038399999,4.63289659000003],[-74.12881421999998,4.6329385090000414]]]},"properties":{"CALCODIGO":151458,"CALCIV":8004087,"CALFUNCION":1,"CALTSUPERF":2,"CALANCHO":7.04,"CALLONGITU":36.58,"OBJECTID":637324}},{"type":"Feature","id":637799,"geometry":{"type":"Polygon","coordinates":[[[-74.13576984599996,4.626967981000064],[-74.13600681499997,4.626990657000022],[-74.13606213499997,4.626995954000051],[-74.13607796999997,4.626997510000024],[-74.13614736599999,4.6270042890000695],[-74.13622668399995,4.627011989000039],[-74.13629382699997,4.627018558000032],[-74.13639264099999,4.627029437000033],[-74.13643247399995,4.627034852000065],[-74.13644091267412,4.627041182568452],[-74.13644822726874,4.627048784148762],[-74.13645422855375,4.627057460086527],[-74.13645876127462,4.627066985933428],[-74.13646170816895,4.627077115253821],[-74.13646299299995,4.627087586000073],[-74.13647155799998,4.627003084000023],[-74.13647855099998,4.626934092000056],[-74.13647173273655,4.626943351809593],[-74.13646346556877,4.6269513447268045],[-74.13645398109122,4.626957846839879],[-74.13644354499996,4.626962676000062],[-74.13643361279684,4.626965467015677],[-74.13642337389969,4.626966733274767],[-74.13641306099998,4.62696644600004],[-74.13608427399998,4.626934665000022],[-74.13608314399994,4.6269345560000374],[-74.13608231717771,4.626934298931975],[-74.13608154754976,4.626933902205629],[-74.13608085849651,4.626933377873101],[-74.13608027095063,4.626932741863023],[-74.1360798027611,4.626932013496668],[-74.13607946815101,4.626931214900988],[-74.1360792772854,4.6269303703364235],[-74.1360792359626,4.626929505459897],[-74.13607934543792,4.626928646545387],[-74.13607960238562,4.626927819685753],[-74.13607999899995,4.626927050000063],[-74.13608384599996,4.626886978000073],[-74.13593321999997,4.626872688000049],[-74.13592939099993,4.626910295000073],[-74.13592923425738,4.626911707950229],[-74.13592885127028,4.6269130770072975],[-74.1359282521038,4.626914366191502],[-74.13592745250448,4.626915541622183],[-74.13592647348631,4.626916572408202],[-74.1359253407786,4.626917431459781],[-74.13592408414969,4.626918096200448],[-74.13592273662466,4.6269185491603535],[-74.13592133361742,4.626918778435393],[-74.13591991199996,4.626918778000061],[-74.13591968199995,4.6269187550000765],[-74.13578201299998,4.626905448000059],[-74.13576660345669,4.626902648036947],[-74.13575188273838,4.626897300675885],[-74.13573826875572,4.626889557724631],[-74.13572614799995,4.6268796390000375],[-74.13572601899995,4.626879516000031],[-74.13571650346351,4.626868707186904],[-74.13570876042193,4.626856565474426],[-74.13570297351785,4.62684337882906],[-74.13569927999998,4.626829460000067],[-74.13569028099994,4.6269195740000555],[-74.13567988399996,4.62702371000006],[-74.13568193899994,4.627017697000042],[-74.13568630199995,4.627008657000033],[-74.13569165199993,4.627000465000037],[-74.13569819699995,4.626993262000042],[-74.13570431999995,4.626987048000046],[-74.13570530599998,4.626986059000046],[-74.13570847399996,4.626983941000049],[-74.13571332799995,4.626980622000076],[-74.13571498199997,4.6269795660000455],[-74.13572184499998,4.6269751840000595],[-74.13573092399997,4.626971583000056],[-74.13574042599998,4.626968828000031],[-74.13575013799993,4.626967063000052],[-74.13576006199997,4.626967063000052],[-74.13576984599996,4.626967981000064]]]},"properties":{"CALCODIGO":147225,"CALCIV":8005286,"CALFUNCION":1,"CALTSUPERF":2,"CALANCHO":7.62,"CALLONGITU":87.24,"OBJECTID":637799}},{"type":"Feature","id":637919,"geometry":{"type":"Polygon","coordinates":[[[-74.13407282199995,4.632579744000054],[-74.13415184599995,4.632588895000026],[-74.13414183160123,4.632583871769351],[-74.13413280365216,4.632577237226111],[-74.13412501887838,4.632569180035207],[-74.1341186986536,4.632559929317029],[-74.13411402270451,4.6325497481320115],[-74.13411112399996,4.632538926000052],[-74.13411021561723,4.63253152858034],[-74.13411013799998,4.632524076000038],[-74.13412441299994,4.632387232000042],[-74.13415084999997,4.632125785000028],[-74.13415211799997,4.632113239000034],[-74.13415322220847,4.632106992049273],[-74.13415499499996,4.632100901000058],[-74.13416182499998,4.632034120000071],[-74.13409899099997,4.632027650000055],[-74.13406221699995,4.6323872310000525],[-74.13404615799993,4.632543189000046],[-74.13404576499994,4.632546651000041],[-74.13404498499995,4.6325512620000495],[-74.13404403109273,4.632559681649272],[-74.13404201999352,4.632567913047208],[-74.13403898399997,4.632575824000071],[-74.13407282199995,4.632579744000054]]]},"properties":{"CALCODIGO":151407,"CALCIV":8004249,"CALFUNCION":1,"CALTSUPERF":2,"CALANCHO":7.04,"CALLONGITU":61.06,"OBJECTID":637919}},{"type":"Feature","id":638098,"geometry":{"type":"Polygon","coordinates":[[[-74.13555461599998,4.627576211000019],[-74.135587848,4.627579320999985],[-74.13561937499998,4.627582270000005],[-74.13562780400002,4.627510346000008],[-74.13563618199998,4.6274271539999745],[-74.13563864499997,4.6274027200000205],[-74.13565913000002,4.627198485000008],[-74.13566835300003,4.627111693000018],[-74.13567504000002,4.62704841599998],[-74.13567525100001,4.6270465800000125],[-74.13567637800003,4.627036622999981],[-74.13567855899998,4.627027582999972],[-74.13567988400001,4.627023710000003],[-74.135690281,4.626919573999999],[-74.13561926199998,4.626912435000008],[-74.13561374099999,4.626967060000027],[-74.13561057300001,4.626998696999976],[-74.13559790199997,4.627123413999982],[-74.13558565300002,4.627245446000018],[-74.13558339899998,4.6272671259999925],[-74.13558058400002,4.627295162999985],[-74.13557044599997,4.627395514999989],[-74.13556196500002,4.627485025999988],[-74.13555466000003,4.62757566099998],[-74.13555461599998,4.627576211000019]]]},"properties":{"CALCODIGO":147296,"CALCIV":8005285,"CALFUNCION":1,"CALTSUPERF":2,"CALANCHO":7.640000000000001,"CALLONGITU":73.76,"OBJECTID":638098}},{"type":"Feature","id":638175,"geometry":{"type":"Polygon","coordinates":[[[-74.13024903599995,4.6270855670000515],[-74.13048376299997,4.627107805000037],[-74.13049418799994,4.6271087900000225],[-74.13051128605422,4.6271201715278245],[-74.13052618999996,4.627134305000027],[-74.13053823060035,4.627150393560981],[-74.13054742639238,4.627168261276579],[-74.13055352099997,4.627187410000033],[-74.13055484099993,4.627173156000026],[-74.13056380299997,4.62707640800005],[-74.13057003899996,4.627009084000065],[-74.13057142099996,4.626994153000055],[-74.13056344611786,4.627005915682875],[-74.13055374464295,4.627016300327115],[-74.13054255099996,4.627025056000036],[-74.13053071960056,4.627031695005441],[-74.13051803304074,4.627036502250494],[-74.13050477299998,4.6270393710000235],[-74.13038772299996,4.627030582000032],[-74.13022863699996,4.627014595000048],[-74.13018466699998,4.6270107620000545],[-74.13016413399998,4.627008605000071],[-74.13012951799993,4.626967618000037],[-74.12989909199996,4.626946169000064],[-74.12987301999993,4.626978014000031],[-74.12962875499994,4.626953753000066],[-74.12962189299998,4.627022989000068],[-74.12973091499998,4.627033867000023],[-74.13024903599995,4.6270855670000515]]]},"properties":{"CALCODIGO":147204,"CALCIV":8005266,"CALFUNCION":1,"CALTSUPERF":2,"CALANCHO":7.96,"CALLONGITU":104.64,"OBJECTID":638175}},{"type":"Feature","id":638505,"geometry":{"type":"Polygon","coordinates":[[[-74.14306045500001,4.630991506999976],[-74.143056441,4.631027227999994],[-74.143090239,4.631032124000001],[-74.14309709100002,4.631033116000026],[-74.14313600999998,4.631037884000023],[-74.14313765700001,4.63103808599999],[-74.143178218,4.63104305600001],[-74.143218778,4.631048025999974],[-74.14325934300001,4.631052995999994],[-74.14327255799998,4.631054614999982],[-74.143299974,4.631057035000026],[-74.14334063000001,4.631060622000007],[-74.143381282,4.631064208999987],[-74.14342193700003,4.631067797000014],[-74.14345676800002,4.631070868999984],[-74.14346256300001,4.631071282999983],[-74.14350298099998,4.63107415799999],[-74.14354339800002,4.631077033999986],[-74.14358381599999,4.631079908999993],[-74.14362423400001,4.631082784],[-74.143664651,4.631085660999986],[-74.14370506900002,4.6310885350000035],[-74.14374548699999,4.631091411],[-74.14378590500002,4.631094286999996],[-74.14382632299998,4.631097162000003],[-74.14386674000002,4.631100038],[-74.14390715899998,4.631102913999996],[-74.14394757600002,4.631105789000003],[-74.14394876799997,4.631069755999988],[-74.143949959,4.631033722999973],[-74.14390954100003,4.631030846999977],[-74.14386912399999,4.631027972000027],[-74.14382870600002,4.6310250959999735],[-74.143788288,4.631022219999977],[-74.14374787000003,4.631019345000027],[-74.143707452,4.631016468999974],[-74.14366703500002,4.631013592999977],[-74.143626617,4.631010718000027],[-74.14358619900003,4.631007841999974],[-74.143545781,4.631004967000024],[-74.14350536400002,4.631002091000028],[-74.143464946,4.630999214999974],[-74.143459151,4.630998803000011],[-74.14342961300002,4.630996413999981],[-74.143424772,4.630996021999977],[-74.14342389699999,4.630995940999981],[-74.143384663,4.630992294999999],[-74.14334454599998,4.6309887900000035],[-74.14330442099998,4.630985371000008],[-74.14328668500002,4.6309837349999725],[-74.14326434100002,4.630981162000012],[-74.14322431400001,4.630976257999976],[-74.143184281,4.630971459000023],[-74.14315973700002,4.630968639000002],[-74.14314422899997,4.630966858000022],[-74.14311640099999,4.6309633340000005],[-74.143114583,4.630963103999989],[-74.14310433100002,4.630961637999974],[-74.14306452,4.630955755999992],[-74.14306045500001,4.630991506999976]]]},"properties":{"CALCODIGO":91026988,"CALCIV":8013651,"CALFUNCION":1,"CALTSUPERF":1,"CALANCHO":7.96,"CALLONGITU":99,"OBJECTID":638505}},{"type":"Feature","id":638513,"geometry":{"type":"Polygon","coordinates":[[[-74.13038071399995,4.62935793500003],[-74.13038276999998,4.629358149000041],[-74.13038885599997,4.6293587810000645],[-74.13051095299994,4.629371458000037],[-74.13049928810136,4.629368970563273],[-74.13048798299997,4.629365169000039],[-74.13047468743724,4.62935870621165],[-74.13046243413855,4.629350436006502],[-74.13045146717617,4.629340523118015],[-74.13044200499996,4.629329165000058],[-74.1304329862313,4.6293141439685375],[-74.13042658410086,4.629297835004677],[-74.13042297599998,4.62928069000003],[-74.13042152243665,4.629268795916101],[-74.13042164799998,4.62925681400003],[-74.13042197899995,4.629253365000068],[-74.13045435399994,4.628915756000026],[-74.13045590416559,4.628910780682295],[-74.13045815622036,4.628906081208985],[-74.13046106299998,4.628901756000062],[-74.13046168599993,4.628900995000038],[-74.13046205399996,4.628900548000047],[-74.13046231699997,4.628900243000032],[-74.13046652399998,4.628854605000072],[-74.13046679699994,4.6288516430000755],[-74.13042058399998,4.628847520000022],[-74.13039018199999,4.6288448080000535],[-74.13039001199996,4.628846726000063],[-74.13038491199995,4.628904288000058],[-74.13038595321643,4.628910494034723],[-74.13038611461117,4.628916784738163],[-74.13038539299998,4.62892303600006],[-74.13037088899995,4.629086735000044],[-74.13036793199996,4.629120067000031],[-74.13035758199999,4.6292367330000275],[-74.13035396499998,4.629252786000052],[-74.13035209199995,4.62926109600005],[-74.13035168299996,4.6292617770000675],[-74.13034890299997,4.629271860000074],[-74.13034107412852,4.629287996646084],[-74.13033077051371,4.6293026771806085],[-74.13031825623365,4.629315525346519],[-74.13030385202514,4.629326211849672],[-74.13028792706315,4.6293344627986075],[-74.13027088949909,4.629340066724296],[-74.13025317599994,4.629342880000024],[-74.13024658499995,4.629343190000043],[-74.13023443499998,4.629342741000073],[-74.13038071399995,4.62935793500003]]]},"properties":{"CALCODIGO":147261,"CALCIV":8004813,"CALFUNCION":1,"CALTSUPERF":2,"CALANCHO":8.66,"CALLONGITU":56.64,"OBJECTID":638513}},{"type":"Feature","id":638878,"geometry":{"type":"Polygon","coordinates":[[[-74.13515100499995,4.632693618000076],[-74.13523215399994,4.632702320000021],[-74.13522388167478,4.632699191976185],[-74.13521606599994,4.63269505300002],[-74.13520555954183,4.632686548239807],[-74.13519668065463,4.632676355989307],[-74.13518969643931,4.632664782859026],[-74.13518481699998,4.632652177000068],[-74.13518293991952,4.632644166449031],[-74.13518191499998,4.632636003000073],[-74.13518228699996,4.632632308000041],[-74.13518723399994,4.632583240000031],[-74.13519342799998,4.632520883000041],[-74.13519997499998,4.6324549230000684],[-74.13520645199998,4.632389811000053],[-74.13520687399995,4.632385291000048],[-74.13521018299997,4.632351817000028],[-74.13522018099997,4.632250618000057],[-74.13522778199996,4.632173783000042],[-74.13523117399995,4.632139384000027],[-74.13517787299998,4.632134093000047],[-74.13517119699998,4.632201811000073],[-74.13516975999994,4.632218086000023],[-74.13515482099996,4.632387250000022],[-74.13512987199994,4.632637338000052],[-74.13512896099996,4.632642705000023],[-74.13512643804371,4.632651142813925],[-74.13512266394068,4.632659100084692],[-74.13511772609687,4.632666392526679],[-74.13511173886977,4.632672851251279],[-74.13510484092001,4.63267832667828],[-74.13509719199999,4.63268269200006],[-74.1350916798157,4.6326849574353295],[-74.13508596299994,4.632686641000021],[-74.13515100499995,4.632693618000076]]]},"properties":{"CALCODIGO":151545,"CALCIV":8004223,"CALFUNCION":1,"CALTSUPERF":2,"CALANCHO":6.11,"CALLONGITU":61.9,"OBJECTID":638878}},{"type":"Feature","id":638879,"geometry":{"type":"Polygon","coordinates":[[[-74.13370962499994,4.6259379960000615],[-74.13370727699998,4.625959377000072],[-74.13370916499997,4.625970248000044],[-74.13369948699994,4.62606482700005],[-74.13369033499998,4.626169700000048],[-74.13368582799995,4.62622125300004],[-74.13368259099997,4.626257410000051],[-74.13367759199997,4.6263052920000405],[-74.13367266399996,4.626352324000038],[-74.13366675099996,4.626409245000048],[-74.13366062599994,4.626467083000023],[-74.13364985499999,4.626569271000051],[-74.13364443399996,4.626620754000044],[-74.13363605599994,4.626700343000039],[-74.13363017599994,4.62675839000002],[-74.13362941668983,4.626765004307509],[-74.13362762699995,4.626771417000043],[-74.13362047899994,4.626843350000058],[-74.13366861199995,4.6268479880000655],[-74.13369121899996,4.626850166000054],[-74.13369411699995,4.626820542000075],[-74.13369714499999,4.626789822000035],[-74.13369869299999,4.626773578000041],[-74.13371587099994,4.6266144700000496],[-74.13374704899996,4.62658827100006],[-74.13374972499997,4.626561153000068],[-74.13376486099997,4.626407482000047],[-74.13376697299998,4.626385731000028],[-74.13374086299996,4.626352326000074],[-74.13375402799994,4.626217653000026],[-74.13376022299997,4.626154376000045],[-74.13377085399998,4.626045904000023],[-74.13377775199996,4.625981042000035],[-74.13378024599996,4.625957590000041],[-74.13378793599998,4.625885279000045],[-74.13378875799998,4.625877555000045],[-74.13371709899997,4.6258698820000745],[-74.13370962499994,4.6259379960000615]]]},"properties":{"CALCODIGO":147278,"CALCIV":8005549,"CALFUNCION":1,"CALTSUPERF":2,"CALANCHO":7.7,"CALLONGITU":108.21000000000001,"OBJECTID":638879}},{"type":"Feature","id":639105,"geometry":{"type":"Polygon","coordinates":[[[-74.12916862599997,4.631098947000055],[-74.12917838758474,4.631108108660878],[-74.12918645614003,4.631118791496733],[-74.12919259845162,4.631130686730014],[-74.12919663698159,4.631143450539871],[-74.12919845499994,4.631156714000042],[-74.12920777199997,4.6310651580000695],[-74.12921607299995,4.630983567000044],[-74.12921308673218,4.630993169025032],[-74.12920857230597,4.631002154381739],[-74.12920265095892,4.631010281763117],[-74.12919548171226,4.631017332903555],[-74.12918725710034,4.631023118440524],[-74.12917819799998,4.631027483000025],[-74.12917075411816,4.631029804436322],[-74.12916307500046,4.63103115780039],[-74.12915528599996,4.631031521000068],[-74.12869752899996,4.630984070000068],[-74.12864929099999,4.630978663000064],[-74.12860386299997,4.630974199000036],[-74.12859587965521,4.6309735172839215],[-74.12858808762152,4.630971651073424],[-74.12858066163224,4.630968642217579],[-74.12857376821223,4.6309645581888],[-74.12856756194375,4.630959490569831],[-74.12856218199994,4.63095355300004],[-74.12855779207611,4.630946970519913],[-74.12855441442134,4.630939815666721],[-74.12855212199997,4.630932243000075],[-74.1285509835774,4.630924692047512],[-74.12855092299998,4.630917056000044],[-74.12852900399997,4.630981395000049],[-74.12851291399994,4.631028624000066],[-74.12851579999995,4.631027394000057],[-74.12852445922182,4.6310248477582725],[-74.12853342830185,4.631023837276271],[-74.12854243699996,4.631024393000075],[-74.12860774099994,4.631030395000039],[-74.12860842599997,4.631030467000073],[-74.12912808299996,4.631082521000053],[-74.12913899315471,4.631084421446514],[-74.129149525732,4.631087843140405],[-74.12915946974579,4.631092717539179],[-74.12916862599997,4.631098947000055]]]},"properties":{"CALCODIGO":151421,"CALCIV":8004435,"CALFUNCION":1,"CALTSUPERF":2,"CALANCHO":6.5200000000000005,"CALLONGITU":76.22,"OBJECTID":639105}},{"type":"Feature","id":639432,"geometry":{"type":"Polygon","coordinates":[[[-74.12901554899997,4.633021132000067],[-74.12914870199995,4.633076028000062],[-74.12915098299999,4.633070333000035],[-74.12917210499995,4.633017600000073],[-74.12912790599995,4.632999193000046],[-74.12911953399998,4.632994394000036],[-74.12903984499997,4.632961542000032],[-74.12901554899997,4.633021132000067]]]},"properties":{"CALCODIGO":472005,"CALCIV":8012501,"CALFUNCION":1,"CALTSUPERF":2,"CALANCHO":7.07,"CALLONGITU":15.96,"OBJECTID":639432}},{"type":"Feature","id":639972,"geometry":{"type":"Polygon","coordinates":[[[-74.13307115199996,4.63275225700005],[-74.13307707096884,4.63275391906558],[-74.13308311599997,4.632755039000074],[-74.13318653699997,4.632766031000074],[-74.13319786999995,4.632767236000063],[-74.13340833299998,4.632790254000042],[-74.13346152999998,4.6327942070000745],[-74.13347394142498,4.632795132406978],[-74.13348636318621,4.632794358005938],[-74.13349856357193,4.632791898242399],[-74.13351031499997,4.6327877990000275],[-74.13351889199998,4.632705242000043],[-74.1335154266024,4.632712903695804],[-74.13351087729633,4.632719975780128],[-74.13350534203484,4.632726305980954],[-74.13349893999998,4.632731758000034],[-74.13349219336165,4.632736006709245],[-74.13348491982794,4.63273927234332],[-74.13347726174379,4.632741490992937],[-74.13346936897999,4.632742619238537],[-74.13346139599997,4.6327426350000565],[-74.13346061199996,4.632742610000037],[-74.13319163299997,4.632717755000044],[-74.13313275199994,4.6327123140000595],[-74.13312401312383,4.632710460919183],[-74.13311564358966,4.632707337977958],[-74.13310782682633,4.632703013619592],[-74.1331007341481,4.632697582617865],[-74.13309452099998,4.63269116400005],[-74.1330894893484,4.632684179213127],[-74.13308549634525,4.632676552897376],[-74.13308262229539,4.632668438428604],[-74.13308092499994,4.6326599990000545],[-74.13307115199996,4.63275225700005]]]},"properties":{"CALCODIGO":151517,"CALCIV":8004106,"CALFUNCION":1,"CALTSUPERF":2,"CALANCHO":5.74,"CALLONGITU":49.6,"OBJECTID":639972}},{"type":"Feature","id":640112,"geometry":{"type":"Polygon","coordinates":[[[-74.12896287399997,4.628146881000021],[-74.12896867803937,4.628151350082283],[-74.12897391399997,4.628156473000047],[-74.12897773620868,4.628161117449257],[-74.12898109099996,4.628166110000052],[-74.12898444488357,4.6281724672691364],[-74.12898704299994,4.6281791690000205],[-74.12898812899994,4.628182938000066],[-74.12898956099997,4.628190496000059],[-74.12899714499997,4.628115819000072],[-74.12900346499998,4.628053602000023],[-74.12899923925639,4.628062316834856],[-74.12899359600674,4.628070188238066],[-74.1289866989262,4.628076987909768],[-74.1289787480557,4.628082518634264],[-74.12896997399997,4.628086620000033],[-74.12896112579531,4.6280890730507025],[-74.12895199737567,4.62809006306977],[-74.12894282899998,4.6280895640000494],[-74.12805042399998,4.627998656000045],[-74.12804237996501,4.627995539092525],[-74.12803490299996,4.627991236000071],[-74.1280285210063,4.627986176580296],[-74.12802292706095,4.627980257513897],[-74.12801823586487,4.627973600168264],[-74.1280145436086,4.627966341048816],[-74.12801192599994,4.627958629000034],[-74.12800528799994,4.628046023000024],[-74.12800695199996,4.628045893000035],[-74.12896287399997,4.628146881000021]]]},"properties":{"CALCODIGO":147177,"CALCIV":8004992,"CALFUNCION":1,"CALTSUPERF":2,"CALANCHO":6.0600000000000005,"CALLONGITU":110.4,"OBJECTID":640112}},{"type":"Feature","id":640204,"geometry":{"type":"Polygon","coordinates":[[[-74.129113969,4.626937366999982],[-74.12914177599998,4.626940031999993],[-74.129169144,4.626942655999983],[-74.12917837399999,4.626845087999982],[-74.12920233400001,4.626605611000002],[-74.12920945399998,4.626534439000011],[-74.12921238000001,4.626505194999993],[-74.12921529099998,4.626476098000012],[-74.12922339599999,4.626400722000028],[-74.12920296800002,4.626398155999993],[-74.12919440000002,4.626397079000014],[-74.129167252,4.626393670000027],[-74.12916343699999,4.626432724999972],[-74.12912493900001,4.626826913999992],[-74.12912246100001,4.626852290999977],[-74.129113969,4.626937366999982]]]},"properties":{"CALCODIGO":147244,"CALCIV":8005417,"CALFUNCION":1,"CALTSUPERF":2,"CALANCHO":6.16,"CALLONGITU":60.34,"OBJECTID":640204}},{"type":"Feature","id":640274,"geometry":{"type":"Polygon","coordinates":[[[-74.13514196799997,4.632169841000064],[-74.13515015598834,4.6321777160826025],[-74.13515715491063,4.63218666455541],[-74.13516282561031,4.632196508499932],[-74.13516705533937,4.632207052193345],[-74.13516975999994,4.632218086000023],[-74.13517119699998,4.632201811000073],[-74.13517787299998,4.632134093000047],[-74.13518446099994,4.632067278000022],[-74.13518015368258,4.6320749753292105],[-74.13517477638935,4.632081967222856],[-74.13516844264112,4.632088106073954],[-74.1351612861507,4.632093262284219],[-74.13515345799993,4.632097327000054],[-74.1351444705507,4.632100377646943],[-74.1351351163072,4.6321019835170025],[-74.13512562599993,4.632102105000058],[-74.13422166999999,4.63201697300002],[-74.13421420737461,4.632015893131715],[-74.1342069427071,4.63201387285973],[-74.13419999399997,4.632010945000047],[-74.13419164341428,4.6320058774551285],[-74.13418423428146,4.631999512155169],[-74.13417796621087,4.631992020587655],[-74.13417300807055,4.631983604582829],[-74.13416949343768,4.631974490876196],[-74.13416751699998,4.631964925000034],[-74.13416182499998,4.632034120000071],[-74.13415499499996,4.632100901000058],[-74.13415322220847,4.632106992049273],[-74.13415211799997,4.632113239000034],[-74.13415084999997,4.632125785000028],[-74.1341573304234,4.632113174765212],[-74.13416573368961,4.632101755525872],[-74.13417584593586,4.632091817901112],[-74.13418740980595,4.632083614803014],[-74.13420013099994,4.632077355000035],[-74.13421255396732,4.632073466608101],[-74.13422541299997,4.632071443000029],[-74.13512189199997,4.632157591000066],[-74.13513238156077,4.632162975956433],[-74.13514196799997,4.632169841000064]]]},"properties":{"CALCODIGO":151537,"CALCIV":8004250,"CALFUNCION":1,"CALTSUPERF":2,"CALANCHO":6.43,"CALLONGITU":113.34,"OBJECTID":640274}},{"type":"Feature","id":640381,"geometry":{"type":"Polygon","coordinates":[[[-74.12811199399994,4.633858559000032],[-74.1281133804887,4.6338729173504465],[-74.12811269099996,4.6338873260000355],[-74.12812243199994,4.6338723920000575],[-74.12816169599995,4.633812184000021],[-74.12816452699997,4.633807842000067],[-74.12819836199998,4.633755957000062],[-74.12821530299993,4.6337299760000406],[-74.12819942315173,4.633739410121224],[-74.12818226699994,4.633746254000073],[-74.12816583771652,4.633750095052223],[-74.1281490284424,4.633751552220303],[-74.1281321832633,4.633750595676095],[-74.12811564699996,4.633747245000052],[-74.12789973399998,4.633607030000064],[-74.12760803099997,4.633420317000059],[-74.12751620099993,4.633360301000039],[-74.12748013799995,4.633412711000062],[-74.12781974799998,4.633630732000029],[-74.12789277099995,4.633678531000044],[-74.12790830199998,4.63368870000005],[-74.12808419599997,4.633804671000064],[-74.12809419357237,4.633816366289991],[-74.12810227842239,4.633829456991276],[-74.12810825910478,4.63384363312256],[-74.12811199399994,4.633858559000032]]]},"properties":{"CALCODIGO":151477,"CALCIV":8003946,"CALFUNCION":1,"CALTSUPERF":2,"CALANCHO":7.48,"CALLONGITU":87.42,"OBJECTID":640381}},{"type":"Feature","id":640551,"geometry":{"type":"Polygon","coordinates":[[[-74.13020265099993,4.631202828000028],[-74.13020675663593,4.631206070877718],[-74.13021033415171,4.631209888453324],[-74.13021330392789,4.631214195764803],[-74.13021559987061,4.631218896950796],[-74.13021717088252,4.6312238873840705],[-74.13021798199998,4.631229056000052],[-74.13022344399997,4.63117207800002],[-74.13022892799995,4.631114869000044],[-74.13022644877265,4.631119555053658],[-74.13022331253327,4.631123829357015],[-74.13021958636857,4.631127600479282],[-74.13021534998423,4.63113078775308],[-74.13021069399997,4.631133323000029],[-74.13020978499998,4.631133718000058],[-74.13020503631697,4.63113533448608],[-74.13020010929847,4.631136276561604],[-74.1301950992292,4.6311365260076265],[-74.13019010299996,4.631136078000054],[-74.12995869499997,4.631112481000059],[-74.12948397899999,4.631065526000043],[-74.12935263099996,4.63105375300006],[-74.12934235974828,4.631052302087542],[-74.12933241766514,4.631049342570532],[-74.12932302504308,4.631044940024777],[-74.12931438999993,4.63103919200006],[-74.12930623390773,4.631031729917343],[-74.12929935191264,4.631023078751981],[-74.12929391505807,4.631013453517905],[-74.12929005847029,4.631003093438313],[-74.12928787799996,4.63099225600007],[-74.12928741499996,4.630984420000061],[-74.12927864499994,4.631070604000058],[-74.12926981499999,4.631157404000021],[-74.12928008610815,4.631143719876541],[-74.12929238219455,4.631131822097015],[-74.12930639699994,4.6311220070000445],[-74.1293192188073,4.63111556771823],[-74.12933278122296,4.631110885413699],[-74.12934684473943,4.631108042774304],[-74.12936116099996,4.631107090000057],[-74.12949966199994,4.631120360000068],[-74.13018751899995,4.631197142000076],[-74.13019283929319,4.631198239528668],[-74.13019792446025,4.631200150330919],[-74.13020265099993,4.631202828000028]]]},"properties":{"CALCODIGO":151422,"CALCIV":8004426,"CALFUNCION":1,"CALTSUPERF":2,"CALANCHO":6.58,"CALLONGITU":105.51,"OBJECTID":640551}},{"type":"Feature","id":640585,"geometry":{"type":"Polygon","coordinates":[[[-74.13315887099998,4.625846428000045],[-74.13317170791483,4.625852421272464],[-74.1331836291478,4.625860075676515],[-74.13319442099998,4.625869254000065],[-74.13320514537979,4.625881417764022],[-74.13321389396476,4.625895071764774],[-74.13322046299999,4.625909898000032],[-74.13321034399996,4.626040449000072],[-74.13320618999995,4.626083811000058],[-74.13320302199998,4.626116367000066],[-74.13317964799995,4.6263585960000455],[-74.13317387499995,4.626418271000034],[-74.13316106299999,4.626550259000055],[-74.13314246099998,4.62671541800006],[-74.13313723589754,4.626724276390408],[-74.13313095399292,4.62673241951323],[-74.13312371199999,4.626739722000025],[-74.13311680080498,4.626745243680491],[-74.13310933899999,4.626749995000068],[-74.13310877199996,4.626750311000023],[-74.1330990579462,4.626754887606159],[-74.13308883144616,4.626758162794836],[-74.13307826599998,4.626760081000043],[-74.13317301099994,4.626769528000068],[-74.13326404799994,4.6267786020000585],[-74.13325293159679,4.626774724433568],[-74.13324248145197,4.626769301849833],[-74.13323291099994,4.626762445000054],[-74.13323140299997,4.626761161000047],[-74.13322543065595,4.626755400919793],[-74.13322006599998,4.626749071000063],[-74.1332136537738,4.626739331832135],[-74.13320867105092,4.626728789512211],[-74.1332052163561,4.62671765249644],[-74.13320335799995,4.6267061410000565],[-74.13320842699994,4.626633454000057],[-74.13321180599996,4.626585502000069],[-74.13321750899996,4.626528581000059],[-74.13322806899998,4.626422791000039],[-74.13323384199998,4.6263649530000635],[-74.13324419099996,4.626261918000068],[-74.13324954099994,4.626208600000041],[-74.13325559599997,4.62614800700004],[-74.13326052299993,4.626100973000064],[-74.13326650699997,4.626044053000044],[-74.13327650399998,4.625945537000064],[-74.13327978201971,4.625931058096289],[-74.13328534061414,4.625917292701422],[-74.13329303576097,4.625904597474638],[-74.13330266808019,4.625893301347234],[-74.13331398799994,4.625883697000063],[-74.13331401099998,4.6258836780000365],[-74.1333257497419,4.625876526055892],[-74.13333842569256,4.625871209229605],[-74.13335175399999,4.625867847000052],[-74.13333131299999,4.625865575000034],[-74.13325656099994,4.6258572740000545],[-74.13318734899997,4.62584958900004],[-74.13315887099998,4.625846428000045]]]},"properties":{"CALCODIGO":147271,"CALCIV":8005564,"CALFUNCION":1,"CALTSUPERF":2,"CALANCHO":6.86,"CALLONGITU":101.34,"OBJECTID":640585}},{"type":"Feature","id":640652,"geometry":{"type":"Polygon","coordinates":[[[-74.12816452699997,4.633807842000067],[-74.12821527699998,4.633841163000056],[-74.12825795799995,4.633775640000067],[-74.12827125299998,4.63375522900003],[-74.12843146099993,4.633503827000027],[-74.12843533799997,4.633497972000043],[-74.12843841699998,4.6334950820000245],[-74.12848042199994,4.6334286320000615],[-74.12843459099997,4.633399463000046],[-74.12839512399995,4.633461898000064],[-74.12826937399996,4.6336554440000555],[-74.12822852699998,4.633719143000064],[-74.12821530299993,4.6337299760000406],[-74.12819836199998,4.633755957000062],[-74.12816452699997,4.633807842000067]]]},"properties":{"CALCODIGO":151498,"CALCIV":8003936,"CALFUNCION":1,"CALTSUPERF":2,"CALANCHO":6.18,"CALLONGITU":54.26,"OBJECTID":640652}},{"type":"Feature","id":640703,"geometry":{"type":"Polygon","coordinates":[[[-74.14020202799998,4.626930603000062],[-74.1402075928958,4.62693401490656],[-74.14021257962062,4.626938227001892],[-74.1402168741149,4.626943142944356],[-74.14022037815228,4.62694865029341],[-74.14022301158617,4.6269546230814855],[-74.14022471418303,4.626960924695201],[-74.14022544699998,4.6269674110000665],[-74.14023320399997,4.62690501700007],[-74.14023995299993,4.6268507140000565],[-74.14023622064246,4.62685742566501],[-74.1402314239001,4.626863423014554],[-74.14022569641533,4.626868538956007],[-74.1402191977621,4.626872630953674],[-74.14021210899995,4.62687558500005],[-74.1402062958049,4.6268770403521655],[-74.14020034236886,4.626877724373912],[-74.1401943505843,4.626877625358329],[-74.14018842299998,4.626876745000061],[-74.14000210799998,4.626856211000074],[-74.13993918799997,4.626849642000025],[-74.13992222599995,4.626847805000068],[-74.13972241599998,4.6268283100000644],[-74.13965421799998,4.626821670000027],[-74.13944068499995,4.626800832000072],[-74.13936796799999,4.626792392000027],[-74.13936161617802,4.626791696176852],[-74.13935543778649,4.626790066057168],[-74.13934956946608,4.626787537692543],[-74.13934414099998,4.626784167000039],[-74.13933862253272,4.626779374757096],[-74.13933398999379,4.626773721558307],[-74.13933037572887,4.6267673689082685],[-74.13932788299284,4.6267604982939945],[-74.13932658299996,4.626753306000069],[-74.13932059299998,4.62681184500002],[-74.13931580899998,4.62685859000004],[-74.139319420525,4.626854228833057],[-74.1393237075008,4.62685052954544],[-74.13932855035237,4.626847595320017],[-74.13933381399994,4.626845508000031],[-74.13933925355147,4.62684434156694],[-74.13934481077415,4.62684408356866],[-74.13935033499996,4.62684474100007],[-74.14018478299994,4.626925947000075],[-74.14019073025456,4.626926687410697],[-74.14019651624452,4.62692824957765],[-74.14020202799998,4.626930603000062]]]},"properties":{"CALCODIGO":145720,"CALCIV":8005313,"CALFUNCION":1,"CALTSUPERF":2,"CALANCHO":5.9,"CALLONGITU":101.82000000000001,"OBJECTID":640703}},{"type":"Feature","id":641238,"geometry":{"type":"Polygon","coordinates":[[[-74.14397461199997,4.630814070000042],[-74.14429408374757,4.630865702849149],[-74.14461388699993,4.630915241000025],[-74.14485851599994,4.630945782000026],[-74.14486041099997,4.63093098500002],[-74.14486663999998,4.630882351000025],[-74.14486487699997,4.630882145000044],[-74.14472831999996,4.6308661330000405],[-74.14472822399995,4.630866121000054],[-74.14469848099998,4.630862634000039],[-74.14466385799994,4.630858572000022],[-74.14466374799997,4.630858562000071],[-74.14466333099995,4.630858525000065],[-74.14465696999997,4.630857780000042],[-74.14431945499996,4.630807553000068],[-74.14399857599994,4.630754337000042],[-74.14398198999999,4.630751586000031],[-74.14397776499999,4.6307508850000545],[-74.14397196299996,4.630809903000056],[-74.14397133899996,4.630816247000041],[-74.1439714572072,4.630815826780868],[-74.1439716399409,4.630815430339825],[-74.14397188266615,4.630815067515405],[-74.14397217935922,4.630814747311835],[-74.14397252265708,4.630814477675617],[-74.14397290404007,4.630814265298327],[-74.14397331404342,4.630814115450539],[-74.14397374249205,4.63081403185103],[-74.14397417875314,4.630814016574493],[-74.14397461199997,4.630814070000042]]]},"properties":{"CALCODIGO":24119991,"CALCIV":8004450,"CALFUNCION":1,"CALTSUPERF":2,"CALANCHO":6.93,"CALLONGITU":99.63,"OBJECTID":641238}},{"type":"Feature","id":641769,"geometry":{"type":"Polygon","coordinates":[[[-74.12926500700001,4.6301454000000035],[-74.129317329,4.6301526519999925],[-74.12932079400002,4.630100244999994],[-74.12902306000001,4.630068241999993],[-74.128864825,4.630053877000023],[-74.12885866099998,4.630103754000004],[-74.129185726,4.630136129999983],[-74.12926500700001,4.6301454000000035]]]},"properties":{"CALCODIGO":91027004,"CALCIV":8013655,"CALFUNCION":1,"CALTSUPERF":5,"CALANCHO":5.63,"CALLONGITU":51.03,"OBJECTID":641769}},{"type":"Feature","id":641897,"geometry":{"type":"Polygon","coordinates":[[[-74.14439415599998,4.627386923000074],[-74.14440020242297,4.627392483534254],[-74.14440529591543,4.627398928307787],[-74.14440930891462,4.627406095916097],[-74.14441214091794,4.6274138068517425],[-74.14441372099998,4.627421868000056],[-74.14441967099998,4.627359108000064],[-74.14442522899998,4.62730048800006],[-74.14442082725785,4.627307746159826],[-74.14441527041657,4.627314163147613],[-74.14440871593789,4.627319557128154],[-74.14440134955304,4.627323775254675],[-74.14439337999994,4.627326698000047],[-74.14438723683558,4.627327970347248],[-74.14438098297747,4.627328466929858],[-74.14437471599996,4.627328180000063],[-74.14386256999995,4.627278061000027],[-74.14385751199995,4.627326923000055],[-74.14392689199997,4.627334154000039],[-74.14393464999995,4.627334003000044],[-74.14396370299994,4.627336850000063],[-74.14399276499995,4.627339687000074],[-74.14402181799994,4.627342534000036],[-74.14405087099993,4.627345375000061],[-74.14407992399998,4.627348222000023],[-74.14410897599998,4.6273510700000315],[-74.14413803999997,4.627353906000053],[-74.14416709299996,4.627356754000061],[-74.14419614599996,4.6273595940000405],[-74.14422519699997,4.627362442000049],[-74.14425425199994,4.627365289000068],[-74.14428331399995,4.627368126000022],[-74.14431236699994,4.62737097400003],[-74.14434141899994,4.627373821000049],[-74.14436342199997,4.6273759720000385],[-74.14437167004587,4.627376807332677],[-74.14437967771903,4.627378953308535],[-74.14438723814403,4.627382354487083],[-74.14439415599998,4.627386923000074]]]},"properties":{"CALCODIGO":145595,"CALCIV":8005175,"CALFUNCION":1,"CALTSUPERF":2,"CALANCHO":5.58,"CALLONGITU":62.440000000000005,"OBJECTID":641897}},{"type":"Feature","id":641976,"geometry":{"type":"Polygon","coordinates":[[[-74.14157044099994,4.629162258000065],[-74.14162093399995,4.629166076000047],[-74.14162622099997,4.629095669000037],[-74.14149646099997,4.629082166000046],[-74.14149125669881,4.629081078918732],[-74.14148618999997,4.629079468000043],[-74.14142499899998,4.629073806000065],[-74.14141888799998,4.629140297000049],[-74.14154516999997,4.629153330000065],[-74.14155404915762,4.629154893783097],[-74.1415625500488,4.6291578970657765],[-74.14157044099994,4.629162258000065]]]},"properties":{"CALCODIGO":145559,"CALCIV":8004737,"CALFUNCION":1,"CALTSUPERF":2,"CALANCHO":7.12,"CALLONGITU":23.75,"OBJECTID":641976}},{"type":"Feature","id":642152,"geometry":{"type":"Polygon","coordinates":[[[-74.13378299599998,4.6297009220000405],[-74.13378422699998,4.629701042000022],[-74.13392326899998,4.629714462000038],[-74.13391405099998,4.629712844000039],[-74.13389780299997,4.629707708000069],[-74.13389604299994,4.629706875000068],[-74.13388617999993,4.629701263000072],[-74.13387433154574,4.62969190480884],[-74.1338642541309,4.629680661707836],[-74.13385624347413,4.6296678636224975],[-74.13385053464577,4.62965388610881],[-74.13384729516969,4.629639139332729],[-74.13384662010733,4.6296240560339905],[-74.13384852926819,4.629609078827479],[-74.13385296662852,4.629594647214842],[-74.13385980197532,4.6295811846874315],[-74.13386883472737,4.62956908629909],[-74.13387979982126,4.6295587070734],[-74.13389237548961,4.629550351585637],[-74.13390619270318,4.629544265025088],[-74.13392084599997,4.6295406260000505],[-74.13393940399999,4.629539611000041],[-74.13386164699995,4.629531985000028],[-74.13379964299997,4.629525904000047],[-74.13380088875546,4.62952621470171],[-74.13380206756159,4.629526723482962],[-74.13380314815566,4.629527416850604],[-74.13380410187965,4.629528276416085],[-74.13380490344016,4.629529279383179],[-74.13380553157933,4.6295303991525545],[-74.13380596963846,4.629531606027213],[-74.13380620599997,4.629532868000069],[-74.13380625027358,4.6295335814721845],[-74.13380622899996,4.629534296000031],[-74.13380502199993,4.6295376270000475],[-74.13380443299997,4.629538746000037],[-74.13379401514153,4.629556782436014],[-74.13378583221555,4.629575936665824],[-74.13378000199998,4.6295959330000755],[-74.13377730538781,4.629615988150386],[-74.13377762975354,4.629636221181747],[-74.1337809678428,4.6296561795867746],[-74.13378724499995,4.629675417000044],[-74.13379019599995,4.629685550000033],[-74.13379147999996,4.6296899680000365],[-74.13379160399995,4.629690517000029],[-74.13379175293801,4.629691758958402],[-74.13379172361016,4.629693009471507],[-74.13379151661341,4.6296942430822625],[-74.13379113616168,4.629695434677675],[-74.13379058999993,4.62969656000007],[-74.13378984999997,4.629697647000057],[-74.13378895914929,4.629698605978902],[-74.1337879345175,4.629699420463449],[-74.13378679929502,4.62970007201953],[-74.13378557917528,4.629700545900522],[-74.13378430177316,4.629700831381112],[-74.13378299599998,4.6297009220000405]]]},"properties":{"CALCODIGO":145463,"CALCIV":8013743,"CALFUNCION":1,"CALTSUPERF":2,"CALANCHO":8.84,"CALLONGITU":19.46,"OBJECTID":642152}},{"type":"Feature","id":642193,"geometry":{"type":"Polygon","coordinates":[[[-74.13797544800002,4.627145875999986],[-74.138058221,4.6271529780000265],[-74.13809800799999,4.626756855999986],[-74.13818140199999,4.625927022999974],[-74.138184781,4.625913255],[-74.13819342,4.6259020279999845],[-74.13820584299998,4.625895266999976],[-74.13821994199998,4.625894119000009],[-74.13823328400002,4.625898792999976],[-74.13824114599998,4.625906172999976],[-74.13825155699999,4.625805676000027],[-74.138247568,4.625805328000013],[-74.13823632600003,4.625804347999974],[-74.13811836999997,4.625792046000015],[-74.138117292,4.625791934000006],[-74.13810291300001,4.625930735999987],[-74.1381068,4.625999563999983],[-74.13810308799998,4.626066310999988],[-74.13808918500001,4.626226626000005],[-74.138051894,4.626578379000023],[-74.13801840500003,4.626921445999983],[-74.138010764,4.626984161999985],[-74.13800243999998,4.627015737000022],[-74.13799253899998,4.627061151000021],[-74.13797973700002,4.627116887999989],[-74.13797544800002,4.627145875999986]]]},"properties":{"CALCODIGO":521632,"CALCIV":8005344,"CALFUNCION":1,"CALTSUPERF":2,"CALANCHO":7.82,"CALLONGITU":150.8,"OBJECTID":642193}},{"type":"Feature","id":642213,"geometry":{"type":"Polygon","coordinates":[[[-74.13060412299996,4.632621684000071],[-74.13058675334312,4.632633903925262],[-74.13057155952295,4.632648742367856],[-74.13055893199999,4.632665818000021],[-74.13054822499998,4.632678015000067],[-74.13054407799996,4.632682372000033],[-74.13053068699998,4.632695235000028],[-74.13050067999995,4.632728964000023],[-74.13049040699997,4.6327405110000655],[-74.13048977299997,4.6327469340000675],[-74.13048925399994,4.632752192000055],[-74.13045635099996,4.633085496000035],[-74.13050466499999,4.633090259000028],[-74.13056220799996,4.633095487000048],[-74.13056894499994,4.633025589000056],[-74.13056750549175,4.633016940858364],[-74.13056730599999,4.633008176000033],[-74.13059116099998,4.632757756000046],[-74.13059530199996,4.632714286000066],[-74.13059644999998,4.632702236000057],[-74.13060412299996,4.632621684000071]]]},"properties":{"CALCODIGO":472004,"CALCIV":8012500,"CALFUNCION":1,"CALTSUPERF":2,"CALANCHO":6,"CALLONGITU":49.92,"OBJECTID":642213}},{"type":"Feature","id":642298,"geometry":{"type":"Polygon","coordinates":[[[-74.13167820599995,4.631308140000044],[-74.13171733099995,4.63131140400003],[-74.13175850999994,4.631314838000037],[-74.13176308099997,4.631253771000047],[-74.13176256347452,4.631248725707086],[-74.13176258799996,4.631243654000059],[-74.13179012399996,4.630959162000067],[-74.13179081530635,4.630951318817406],[-74.13179221699994,4.630943571000046],[-74.13180067099995,4.6308521320000295],[-74.13180100199997,4.630848545000049],[-74.13176280799996,4.6308456230000274],[-74.13175515099994,4.630845038000075],[-74.13172233299997,4.630842528000073],[-74.13171437799997,4.630922023000039],[-74.13171648059262,4.630931473585433],[-74.13171748499997,4.630941103000055],[-74.13168816099994,4.631222366000031],[-74.13168783770617,4.631227198511205],[-74.13168702999997,4.631231974000059],[-74.13167820599995,4.631308140000044]]]},"properties":{"CALCODIGO":151389,"CALCIV":8004452,"CALFUNCION":1,"CALTSUPERF":2,"CALANCHO":8.49,"CALLONGITU":51.78,"OBJECTID":642298}},{"type":"Feature","id":642453,"geometry":{"type":"Polygon","coordinates":[[[-74.13618050899998,4.632890752000037],[-74.13618015099996,4.632894333000024],[-74.13618076499995,4.6328944070000375],[-74.13673400899995,4.632951245000072],[-74.13673457699997,4.6329457210000555],[-74.13674389499994,4.632855001000053],[-74.13667540999995,4.632846713000049],[-74.13666714199996,4.632846781000069],[-74.13628767699998,4.632809466000026],[-74.13618976599997,4.632798194000031],[-74.13618050899998,4.632890752000037]]]},"properties":{"CALCODIGO":151535,"CALCIV":8004083,"CALFUNCION":1,"CALTSUPERF":2,"CALANCHO":10.66,"CALLONGITU":61.82,"OBJECTID":642453}},{"type":"Feature","id":642528,"geometry":{"type":"Polygon","coordinates":[[[-74.14273834299996,4.633505648000039],[-74.14274144099994,4.633508480000046],[-74.14274405299994,4.633511768000062],[-74.14274611299999,4.633515429000056],[-74.14274756999998,4.633519371000034],[-74.14274838699998,4.63352349500002],[-74.14274854199994,4.633527697000034],[-74.14274803299998,4.63353187000007],[-74.14274687199998,4.633535910000035],[-74.14279478999998,4.633540746000051],[-74.14279440899998,4.633536588000027],[-74.14279468399997,4.633532421000041],[-74.14279560899996,4.633528350000063],[-74.14279715999999,4.633524475000058],[-74.14279929899999,4.633520893000025],[-74.14280178299998,4.633517920000031],[-74.14280275199997,4.633512152000037],[-74.14280948899994,4.633444495000049],[-74.14271558199994,4.633434837000038],[-74.14254909899995,4.633417715000064],[-74.14238262599997,4.633400593000033],[-74.14230246399995,4.633392349000076],[-74.14227113799996,4.633389127000044],[-74.14226884299995,4.633388891000038],[-74.14225268099995,4.6333872280000605],[-74.14225107899995,4.633386663000067],[-74.14224958299997,4.633385855000029],[-74.14224822999995,4.633384825000064],[-74.14224705199996,4.633383598000023],[-74.14224607699998,4.633382202000064],[-74.14224532999998,4.633380672000044],[-74.14224482699996,4.633379044000037],[-74.14224458099994,4.633377358000075],[-74.14224613199997,4.633362082000076],[-74.14221401899994,4.633358801000043],[-74.14221234999997,4.633375249000039],[-74.14221177699994,4.633376799000075],[-74.14221098299998,4.633378248000042],[-74.14220998599995,4.633379564000052],[-74.14220880699997,4.633380719000058],[-74.14220747199994,4.633381689000032],[-74.14220600999994,4.633382451000045],[-74.14218658399994,4.63338049500004],[-74.14215466599995,4.633377283000073],[-74.14215325999999,4.6333771410000395],[-74.14207955099994,4.633369721000065],[-74.14196285999998,4.633358231000045],[-74.14184616899996,4.633346742000072],[-74.14172948699996,4.633335252000052],[-74.14159286799998,4.63332164600007],[-74.14158707566884,4.633319427305688],[-74.14158163811686,4.633316442890589],[-74.14157665599998,4.633312748000037],[-74.14157110892623,4.633307123135406],[-74.14156661199996,4.633300628000029],[-74.14156453562252,4.633295477598561],[-74.14156330417381,4.63329006266434],[-74.14156294895649,4.633284520841608],[-74.14156347899996,4.633278993000033],[-74.14154858199998,4.633318621000058],[-74.14153908999998,4.633343874000047],[-74.14152011099998,4.633394366000061],[-74.14151488299996,4.633408280000026],[-74.14152038916903,4.633402135136357],[-74.14152673554156,4.633396862489648],[-74.14153378538678,4.633392575657523],[-74.14154138681789,4.633389366998518],[-74.14154937606428,4.633387305642246],[-74.14155758099997,4.633386436000023],[-74.14273834299996,4.633505648000039]]]},"properties":{"CALCODIGO":151868,"CALCIV":8003955,"CALFUNCION":1,"CALTSUPERF":2,"CALANCHO":7.86,"CALLONGITU":141.45000000000002,"OBJECTID":642528}},{"type":"Feature","id":642614,"geometry":{"type":"Polygon","coordinates":[[[-74.13201009599999,4.629780867000022],[-74.132020582,4.629789652999989],[-74.13202792800001,4.6297981609999965],[-74.13203331099999,4.629804395000008],[-74.13203499399998,4.629806582000015],[-74.132046355,4.6298256599999945],[-74.13204742699997,4.629828072999999],[-74.13205431799997,4.62984630699998],[-74.13205686600003,4.6298590279999985],[-74.132058643,4.629867896999997],[-74.13205893499998,4.629879462000019],[-74.132059196,4.629889772000013],[-74.13205708800001,4.629903786999989],[-74.13205596300003,4.62991126899999],[-74.13205482400002,4.629914634999977],[-74.13205141700001,4.6299247069999865],[-74.13204904000003,4.629931732999978],[-74.13203951100002,4.629949152999984],[-74.13203863799998,4.629950543000007],[-74.13202507300002,4.629967129000022],[-74.13202342099999,4.629968694000013],[-74.132011465,4.629978721999976],[-74.132008762,4.629980988999989],[-74.13199806699998,4.629987151000023],[-74.13199018900002,4.6299916909999865],[-74.13196992799999,4.629998920999981],[-74.13196745300002,4.629999466000015],[-74.13196743399999,4.629999730000009],[-74.131966982,4.630005787000016],[-74.13200781900002,4.630010077999998],[-74.13204764400001,4.630014781],[-74.13208792400002,4.6300187979999805],[-74.13212819699999,4.630022812999982],[-74.13216848000002,4.63002683000002],[-74.132208763,4.6300308470000004],[-74.13224904600003,4.630034862999992],[-74.132289329,4.630038879999972],[-74.13232961099999,4.63004289700001],[-74.13236987800002,4.630046912000012],[-74.13241015800003,4.630050928999992],[-74.13245044199999,4.6300549449999835],[-74.13246812,4.630033702999981],[-74.13245873400001,4.630025837999995],[-74.13244443399998,4.630009041999983],[-74.132442056,4.630005046999997],[-74.13243316299997,4.629990113000019],[-74.13243155499998,4.629985943000008],[-74.13242526099998,4.62996962699998],[-74.13242282200002,4.629957445999992],[-74.13242097099999,4.629948206999984],[-74.13242094999998,4.629947389999984],[-74.13242067800002,4.629936618999977],[-74.132420422,4.629926504000025],[-74.13242196300001,4.629916266000009],[-74.13242363,4.6299051760000225],[-74.13242684900001,4.629895660999978],[-74.13243049900001,4.629884871999991],[-74.132438348,4.629870679000021],[-74.13244081900001,4.629866208999999],[-74.13245427700002,4.62984975400002],[-74.132470464,4.629836006000005],[-74.13248030900002,4.629830330999994],[-74.132488889,4.629825384000014],[-74.13250599700001,4.629819110000028],[-74.13250725,4.629818734000025],[-74.13250899000002,4.629818210999986],[-74.13253015800001,4.629814703000022],[-74.13250986399999,4.629810882000015],[-74.13250668199998,4.629810281999994],[-74.13246631499999,4.629805894000015],[-74.132425953,4.629801785999973],[-74.13238579400002,4.629797700999973],[-74.13234552400002,4.629793602999996],[-74.132305228,4.629789502999984],[-74.13226486899998,4.629785395999988],[-74.132224511,4.629781289999983],[-74.13218415300003,4.629777182999987],[-74.13214381099999,4.629772831000025],[-74.13210343499998,4.629768969999986],[-74.13206307600001,4.629764863999981],[-74.13203195699998,4.629761594999991],[-74.13202272799998,4.629760626000007],[-74.13201009599999,4.629780867000022]]]},"properties":{"CALCODIGO":900098,"CALCIV":8013647,"CALFUNCION":1,"CALTSUPERF":1,"CALANCHO":31.36,"CALLONGITU":40.300000000000004,"OBJECTID":642614}},{"type":"Feature","id":643103,"geometry":{"type":"Polygon","coordinates":[[[-74.13630532799993,4.628380120000031],[-74.13631300699996,4.628388360000031],[-74.13631303299996,4.628388389000065],[-74.13631946699996,4.628397618000065],[-74.13631949899997,4.628397667000058],[-74.13632457299997,4.628407719000052],[-74.13632459499996,4.628407767000056],[-74.13632820999999,4.628418452000062],[-74.13632821999994,4.628418487000033],[-74.13633030299997,4.628429612000048],[-74.13633986799994,4.62833611800005],[-74.13634004399995,4.6283343900000204],[-74.13634953699994,4.628241590000073],[-74.13634909899997,4.62824426800006],[-74.13634630799999,4.628254331000051],[-74.13634184599994,4.628263742000058],[-74.13634182499999,4.628263783000023],[-74.13633582699998,4.628272268000046],[-74.13633579299994,4.6282723120000355],[-74.13632836818682,4.6282803641302905],[-74.13631974774857,4.628287120808148],[-74.13631015499993,4.62829240700006],[-74.13630128385566,4.628295678154621],[-74.13629204399736,4.628297683814492],[-74.13628261499997,4.6282983850000505],[-74.13563607299994,4.6282346960000496],[-74.13562435073796,4.628230765749426],[-74.13561329480504,4.628225231795738],[-74.13560312333213,4.6282182033225805],[-74.13559403699998,4.6282098190000625],[-74.13558474199993,4.628199811000059],[-74.13557718699997,4.62818842300004],[-74.13557157399998,4.628175957000053],[-74.13556804899997,4.628162742000029],[-74.13556670599996,4.628149128000075],[-74.13555633799996,4.628252318000023],[-74.13555626399994,4.62825306000002],[-74.13554747999996,4.628340484000034],[-74.13554318499996,4.628375379000033],[-74.13554829937725,4.628361518995383],[-74.1355553037376,4.62834851147756],[-74.13556406012354,4.628336612641929],[-74.13557439606974,4.6283260568473095],[-74.13558610799998,4.628317052000057],[-74.13559736865086,4.62831056258271],[-74.13560934599997,4.628305517000058],[-74.13563430938282,4.628304395010332],[-74.13565925199998,4.628305910000051],[-74.13626318799999,4.628364575000035],[-74.13627797363812,4.62836758455325],[-74.13629212997701,4.6283728066768415],[-74.13630532799993,4.628380120000031]]]},"properties":{"CALCODIGO":147200,"CALCIV":8004954,"CALFUNCION":1,"CALTSUPERF":2,"CALANCHO":8.31,"CALLONGITU":87.48,"OBJECTID":643103}},{"type":"Feature","id":643106,"geometry":{"type":"Polygon","coordinates":[[[-74.12847376299999,4.63238696600007],[-74.12846224899994,4.632417836000059],[-74.12844918599995,4.632451047000075],[-74.12854947199997,4.632493588000045],[-74.12855955999999,4.63249786800003],[-74.12856108299997,4.63249851300003],[-74.12857067699997,4.632502584000065],[-74.12861999099994,4.632523503000073],[-74.12862210799995,4.6325184680000575],[-74.12867738699998,4.632386972000063],[-74.12868399299998,4.632371290000037],[-74.12868728399997,4.63233632400005],[-74.12870674599998,4.632129501000065],[-74.12871852299997,4.632017872000063],[-74.12871964775738,4.632012676605516],[-74.12872163624473,4.632007746785872],[-74.12872443099997,4.632003225000062],[-74.12872778792571,4.631999400351485],[-74.12873172358158,4.631996174285754],[-74.12873613261458,4.631993633160951],[-74.12874089699994,4.631991845000073],[-74.12869407199997,4.631987232000029],[-74.12864796699995,4.631982691000076],[-74.128651697852,4.6319854114888885],[-74.12865504866262,4.631988588340247],[-74.12865796399996,4.631992169000057],[-74.1286606305502,4.6319965405410075],[-74.12866264799999,4.632001247000062],[-74.12866391914804,4.632005866831497],[-74.12866456596203,4.632010614493187],[-74.12866457699994,4.6320154060000505],[-74.12863873299995,4.632287247000022],[-74.12863714899999,4.632317484000055],[-74.12863704495375,4.632318291987474],[-74.12863680312178,4.632319069924865],[-74.12863643075094,4.632319794500084],[-74.12863593899993,4.632320444000072],[-74.12863542940833,4.632320930121482],[-74.1286348526293,4.632321334254589],[-74.12863422172909,4.63232164724424],[-74.12863355099995,4.632321862000026],[-74.12863283771996,4.632321974374613],[-74.12863211564287,4.632321975405148],[-74.12863140204504,4.6323218650669755],[-74.12863071399994,4.632321646000037],[-74.12850636799999,4.632307673000071],[-74.12849849399998,4.63232064400006],[-74.12847376299999,4.63238696600007]]]},"properties":{"CALCODIGO":151373,"CALCIV":8004270,"CALFUNCION":1,"CALTSUPERF":2,"CALANCHO":6.36,"CALLONGITU":59.64,"OBJECTID":643106}},{"type":"Feature","id":643215,"geometry":{"type":"Polygon","coordinates":[[[-74.13569645099994,4.631363787000055],[-74.13570456173551,4.631367405307341],[-74.13571192746737,4.631372367380842],[-74.13571832774156,4.631378524707325],[-74.13572357099997,4.631385693000027],[-74.13572749092422,4.631393618136722],[-74.13573000047982,4.631402096092164],[-74.13573102599997,4.631410878000054],[-74.13572919499995,4.631427121000058],[-74.13572652099998,4.631454240000039],[-74.13572025399998,4.631517515000041],[-74.13571800299997,4.6315401140000745],[-74.13571610299994,4.631559111000058],[-74.13571342699998,4.631585311000038],[-74.13570730099997,4.6316467520000515],[-74.13570483799998,4.631671185000073],[-74.13569927699996,4.631727259000058],[-74.13567400399995,4.631980364000071],[-74.13567248099997,4.631995665000034],[-74.13572058399996,4.631999974000053],[-74.13572879799995,4.632000710000057],[-74.13573207199994,4.631967653000061],[-74.13573601299998,4.631927893000068],[-74.13573795599996,4.6319082750000575],[-74.13573806999995,4.631907118000072],[-74.13573807799997,4.6319070560000455],[-74.13574502099993,4.63183698000006],[-74.13574520499998,4.63183495100003],[-74.13574882199998,4.6317986580000365],[-74.13575276499995,4.631758899000033],[-74.13575656599994,4.631720904000076],[-74.13575888999998,4.6316973880000205],[-74.13576607099998,4.63162507200002],[-74.13577001299996,4.631585313000073],[-74.13577479999998,4.631537432000073],[-74.13577930499997,4.631492235000053],[-74.13578641499998,4.631420010000056],[-74.13578722228493,4.631413284385708],[-74.13578900933469,4.631406750470304],[-74.13579173733248,4.631400550177943],[-74.1357953470231,4.631394818186057],[-74.13579975999994,4.631389679000051],[-74.13580469964722,4.631385383985517],[-74.13581020237247,4.631381838949525],[-74.13581615522136,4.631379116660925],[-74.13582243599996,4.631377273000055],[-74.13576613599997,4.6313712460000716],[-74.13576412399993,4.6313710310000715],[-74.13569645099994,4.631363787000055]]]},"properties":{"CALCODIGO":151546,"CALCIV":8004386,"CALFUNCION":1,"CALTSUPERF":2,"CALANCHO":6.4,"CALLONGITU":69.74,"OBJECTID":643215}},{"type":"Feature","id":643360,"geometry":{"type":"Polygon","coordinates":[[[-74.13325578799999,4.630524969000021],[-74.13325549999996,4.630527846000064],[-74.13325460499993,4.630536798000037],[-74.13407232999998,4.63061914900004],[-74.13417458399994,4.630629076000048],[-74.13418218800818,4.630630148995437],[-74.13418962499998,4.630632063000064],[-74.13426619899997,4.630639496000072],[-74.13427047799996,4.630639912000049],[-74.13427132399994,4.630630051000026],[-74.13427503399998,4.630586809000022],[-74.13427106699999,4.630586416000028],[-74.13404774299994,4.630564273000061],[-74.13378405999998,4.63053706200003],[-74.13350339499993,4.630508955000039],[-74.13326371599999,4.630484698000032],[-74.13325985599994,4.630484308000064],[-74.13325578799999,4.630524969000021]]]},"properties":{"CALCODIGO":151415,"CALCIV":8013629,"CALFUNCION":1,"CALTSUPERF":5,"CALANCHO":5.82,"CALLONGITU":113.31,"OBJECTID":643360}},{"type":"Feature","id":643404,"geometry":{"type":"Polygon","coordinates":[[[-74.12814318199997,4.629796773999999],[-74.12831984799999,4.629814418000024],[-74.128335676,4.629654150000022],[-74.128053738,4.629626014999985],[-74.12781141800002,4.62960072300001],[-74.12779647500003,4.6297605369999815],[-74.127872648,4.6297683660000075],[-74.12809998,4.62979169099998],[-74.12814318199997,4.629796773999999]]]},"properties":{"CALCODIGO":91027029,"CALCIV":8004679,"CALFUNCION":1,"CALTSUPERF":2,"CALANCHO":17.77,"CALLONGITU":58.44,"OBJECTID":643404}},{"type":"Feature","id":643479,"geometry":{"type":"Polygon","coordinates":[[[-74.140946181,4.6276579309999875],[-74.14092435200001,4.627671453999994],[-74.14079332699998,4.627751902999989],[-74.140701976,4.627807990999997],[-74.14062943800002,4.62785295499998],[-74.140655503,4.627895653999985],[-74.14068293899999,4.6279406009999775],[-74.14077614799999,4.6278847759999735],[-74.14080427300001,4.627867573999993],[-74.140811327,4.627863252999987],[-74.14081838999999,4.627858941999989],[-74.14082544399997,4.627854620999983],[-74.14083250700003,4.627850299999977],[-74.140839561,4.62784598799999],[-74.14084661499999,4.627841666999984],[-74.140853677,4.627837347000025],[-74.14086073099998,4.6278330349999806],[-74.14086778500001,4.627828713999975],[-74.14087484800001,4.627824393000026],[-74.14088190199999,4.62782007200002],[-74.14088896499999,4.627815759999976],[-74.14089601900002,4.627811448999978],[-74.140903073,4.6278071190000105],[-74.140910136,4.627802807000023],[-74.14091718899999,4.627798486000017],[-74.14092424299997,4.627794165000012],[-74.14093131499999,4.627789862999975],[-74.140937297,4.6277864369999975],[-74.140941333,4.627785062999976],[-74.141003743,4.62774674100001],[-74.14097634699999,4.627702216999978],[-74.14094829300001,4.627656623000007],[-74.140946181,4.6276579309999875]]]},"properties":{"CALCODIGO":145547,"CALCIV":8005087,"CALFUNCION":1,"CALTSUPERF":2,"CALANCHO":11.56,"CALLONGITU":41.54,"OBJECTID":643479}},{"type":"Feature","id":643543,"geometry":{"type":"Polygon","coordinates":[[[-74.14215367199995,4.629221519000055],[-74.14216060853613,4.629227593019874],[-74.14216644896548,4.629234727347873],[-74.14217103350411,4.6292427268013805],[-74.14217423672713,4.629251372529417],[-74.14217597099997,4.629260428000066],[-74.14218148299994,4.629191277000075],[-74.14218706199995,4.629121294000072],[-74.14218297910026,4.629127839162336],[-74.14217796191518,4.629133698946712],[-74.1421721236412,4.629138741146221],[-74.14216559599998,4.6291428520000295],[-74.14215777508883,4.629146189412494],[-74.14214950921283,4.629148184473144],[-74.14214102699998,4.6291487820000725],[-74.14185434099994,4.629119408000065],[-74.14162622099997,4.629095669000037],[-74.14162093399995,4.629166076000047],[-74.14168581999996,4.6291709810000725],[-74.14169262499996,4.629170596000051],[-74.14172849799996,4.62917330800002],[-74.14208281199996,4.629206422000038],[-74.14213006899996,4.629211471000076],[-74.14213842834332,4.629213576610949],[-74.14214635998857,4.629216953180513],[-74.14215367199995,4.629221519000055]]]},"properties":{"CALCODIGO":145560,"CALCIV":8004735,"CALFUNCION":1,"CALTSUPERF":2,"CALANCHO":7.43,"CALLONGITU":62.28,"OBJECTID":643543}},{"type":"Feature","id":644061,"geometry":{"type":"Polygon","coordinates":[[[-74.13517787299998,4.632134093000047],[-74.13523117399995,4.632139384000027],[-74.13523348499996,4.63211594400002],[-74.13524129999996,4.632037273000037],[-74.13524418599997,4.632008319000022],[-74.13524941199995,4.631955459000039],[-74.13519750699999,4.631950347000043],[-74.13518619399997,4.632063196000047],[-74.13518446099994,4.632067278000022],[-74.13517787299998,4.632134093000047]]]},"properties":{"CALCODIGO":151544,"CALCIV":8004272,"CALFUNCION":1,"CALTSUPERF":2,"CALANCHO":5.8500000000000005,"CALLONGITU":20.45,"OBJECTID":644061}},{"type":"Feature","id":644139,"geometry":{"type":"Polygon","coordinates":[[[-74.13781546299998,4.631504249999978],[-74.137785366,4.631809163000014],[-74.13777563299999,4.6319077609999795],[-74.13774723300003,4.632195484000022],[-74.13774502199999,4.632217884999989],[-74.13774417799999,4.632226434000017],[-74.13780023999999,4.632232036999994],[-74.13780771900002,4.632232783999996],[-74.13781050799997,4.632201807000001],[-74.13782974999998,4.631988153999998],[-74.1378307,4.631977608999989],[-74.137840085,4.63191055499999],[-74.13784718699998,4.631859807000012],[-74.13784964000001,4.631851100000006],[-74.13785729199998,4.631748282999979],[-74.137858757,4.631728607000014],[-74.13786204600001,4.631684408000012],[-74.13786221499998,4.631682587],[-74.13787792800002,4.631513198999983],[-74.137881117,4.631478823999998],[-74.13788172300002,4.631473222000011],[-74.13781918000001,4.631466588000023],[-74.13781546299998,4.631504249999978]]]},"properties":{"CALCODIGO":24122335,"CALCIV":8014093,"CALFUNCION":1,"CALTSUPERF":2,"CALANCHO":7.1000000000000005,"CALLONGITU":84.46000000000001,"OBJECTID":644139}},{"type":"Feature","id":644751,"geometry":{"type":"Polygon","coordinates":[[[-74.14341006500001,4.6265884700000015],[-74.14342974200002,4.626636701999985],[-74.143450642,4.626687934000017],[-74.143600762,4.626626532999978],[-74.14394355299999,4.626490336000018],[-74.14400623400002,4.626465359000008],[-74.14398290499997,4.626411099999984],[-74.14396344,4.6263658249999935],[-74.14341006500001,4.6265884700000015]]]},"properties":{"CALCODIGO":145553,"CALCIV":8005405,"CALFUNCION":1,"CALTSUPERF":2,"CALANCHO":11.870000000000001,"CALLONGITU":66.3,"OBJECTID":644751}},{"type":"Feature","id":644765,"geometry":{"type":"Polygon","coordinates":[[[-74.13005187399995,4.633288456000059],[-74.12963007899998,4.633115318000023],[-74.12959850599998,4.633195187000069],[-74.12957626399998,4.633249187000047],[-74.12957457199997,4.633253295000031],[-74.12965672299998,4.633287367000037],[-74.12966834899999,4.63328738000007],[-74.12968246899999,4.6332890860000475],[-74.12992838199995,4.633391071000062],[-74.12993746499995,4.6334012920000305],[-74.12999990899993,4.633426144000055],[-74.13000117799999,4.63342300100004],[-74.13002467399997,4.633364803000063],[-74.13005187399995,4.633288456000059]]]},"properties":{"CALCODIGO":151460,"CALCIV":8003983,"CALFUNCION":1,"CALTSUPERF":2,"CALANCHO":6.7,"CALLONGITU":50.94,"OBJECTID":644765}},{"type":"Feature","id":644805,"geometry":{"type":"Polygon","coordinates":[[[-74.13213093899998,4.626692330000026],[-74.13208990599998,4.6271121990000665],[-74.13208868799995,4.627123164000068],[-74.13208868199996,4.627123208000057],[-74.13208559999998,4.6271338160000255],[-74.13208559099996,4.627133842000035],[-74.13208176379939,4.627143433730009],[-74.13207682799278,4.627152504924045],[-74.13207085299996,4.627160928000023],[-74.13206191002435,4.6271704963293905],[-74.1320516274834,4.627178607993281],[-74.13204024014463,4.6271850777889005],[-74.13202800799996,4.627189758000043],[-74.13201668099998,4.627192318000027],[-74.13211485399995,4.627202365000073],[-74.13212132899997,4.627203028000054],[-74.13222310999998,4.627213443000073],[-74.13221374731403,4.627210768592861],[-74.13220472199998,4.6272071140000435],[-74.13219241835387,4.627200144767808],[-74.1321813310874,4.62719136852557],[-74.13217172330435,4.627180993535899],[-74.13216382299998,4.627169266000067],[-74.13215875226966,4.6271588514050865],[-74.13215502799994,4.627147883000021],[-74.13215321499996,4.627139480000039],[-74.13215321099995,4.627139430000057],[-74.13215281799995,4.627130891000036],[-74.13215282099998,4.62713085300004],[-74.13215384499995,4.62712235500004],[-74.13218216199994,4.62682023900004],[-74.13218379399996,4.626802829000042],[-74.13219495199996,4.626695988000051],[-74.13216153099995,4.626692802000036],[-74.13213117599997,4.626689909000049],[-74.13213093899998,4.626692330000026]]]},"properties":{"CALCODIGO":147781,"CALCIV":8005348,"CALFUNCION":1,"CALTSUPERF":2,"CALANCHO":7.76,"CALLONGITU":56.6,"OBJECTID":644805}},{"type":"Feature","id":645136,"geometry":{"type":"Polygon","coordinates":[[[-74.13196148999998,4.6283791039999755],[-74.13203303900002,4.628386186],[-74.13204034300003,4.628312923999999],[-74.132043651,4.62827944899999],[-74.13204534099998,4.62826228900002],[-74.13204822699998,4.628233405000003],[-74.132053649,4.628179167999974],[-74.132055901,4.628156569999987],[-74.13207448700001,4.627970344000005],[-74.13208448400002,4.627869991000011],[-74.13209018700002,4.627813070000002],[-74.132095187,4.6277626830000145],[-74.13202221099999,4.6277542450000055],[-74.132011551,4.627849577999996],[-74.13197714299997,4.628230648999988],[-74.13196148999998,4.6283791039999755]]]},"properties":{"CALCODIGO":147783,"CALCIV":8005058,"CALFUNCION":1,"CALTSUPERF":2,"CALANCHO":8.07,"CALLONGITU":69.4,"OBJECTID":645136}},{"type":"Feature","id":645445,"geometry":{"type":"Polygon","coordinates":[[[-74.14298572899997,4.62930687000005],[-74.14299181237246,4.629303747893568],[-74.14299825754432,4.629301464315417],[-74.14300494954476,4.6293000600007215],[-74.14301176899994,4.6292995600000495],[-74.14325320199998,4.629321375000075],[-74.14352250799999,4.629348241000059],[-74.14366190599998,4.629363130000058],[-74.14366254099997,4.629363255000044],[-74.14366920099997,4.6292940880000515],[-74.14360641199994,4.62928800100002],[-74.1436007568235,4.6292884789730095],[-74.14359508399997,4.6292883100000495],[-74.14324242799995,4.629254121000031],[-74.14302666699996,4.629233819000035],[-74.14301898148547,4.629232667308263],[-74.14301155065857,4.629230392151408],[-74.14300453779839,4.629227043521966],[-74.14299809699997,4.629222695000067],[-74.14299196593583,4.629217010176229],[-74.14298681002302,4.629210428099611],[-74.14298275877177,4.629203114103931],[-74.14297991394454,4.629195251907823],[-74.14297834699994,4.629187039000044],[-74.14297155399998,4.62926036500005],[-74.14296506299996,4.629330425000035],[-74.1429687920424,4.629323401103184],[-74.14297355900142,4.6293170358077385],[-74.14297924997915,4.62931148120093],[-74.14298572899997,4.62930687000005]]]},"properties":{"CALCODIGO":145562,"CALCIV":8004711,"CALFUNCION":1,"CALTSUPERF":2,"CALANCHO":7.54,"CALLONGITU":77.43,"OBJECTID":645445}},{"type":"Feature","id":645468,"geometry":{"type":"Polygon","coordinates":[[[-74.13265411899994,4.6318861240000615],[-74.13270789199998,4.6318921170000635],[-74.13274922399995,4.63149489500006],[-74.13275128299995,4.63147510400006],[-74.13275259399995,4.63146923100004],[-74.13275881699997,4.631409422000047],[-74.13270053099995,4.631403315000057],[-74.13269577499995,4.631455850000066],[-74.13269204999995,4.631491608000033],[-74.13269205199998,4.631491636000021],[-74.13269297399995,4.631496097000024],[-74.13266344999994,4.631807515000048],[-74.13266287599998,4.631813561000058],[-74.13266225789646,4.631817562453031],[-74.13266127399999,4.63182149000005],[-74.13265411899994,4.6318861240000615]]]},"properties":{"CALCODIGO":151398,"CALCIV":8004370,"CALFUNCION":1,"CALTSUPERF":2,"CALANCHO":6.1000000000000005,"CALLONGITU":53.68,"OBJECTID":645468}},{"type":"Feature","id":646167,"geometry":{"type":"Polygon","coordinates":[[[-74.13656632799996,4.62604071100003],[-74.13648121299997,4.626907839000069],[-74.13648117299994,4.626908225000022],[-74.13647855099998,4.626934092000056],[-74.13647155799998,4.627003084000023],[-74.13652512299996,4.627008446000048],[-74.13653592999998,4.627009527000041],[-74.13653635299994,4.627009569000052],[-74.13654413699999,4.626924397000039],[-74.13654238914653,4.626923387710279],[-74.13654082207604,4.626922115724584],[-74.13653947490766,4.62692061279582],[-74.13653838127107,4.6269189164419355],[-74.13653756846693,4.6269170690094015],[-74.13653705678551,4.626915116616095],[-74.13653685899999,4.626913108000053],[-74.13662738499994,4.62601089900005],[-74.13656997899994,4.626005150000026],[-74.13656632799996,4.62604071100003]]]},"properties":{"CALCODIGO":519175,"CALCIV":8005520,"CALFUNCION":1,"CALTSUPERF":2,"CALANCHO":6.390000000000001,"CALLONGITU":110.94,"OBJECTID":646167}},{"type":"Feature","id":646332,"geometry":{"type":"Polygon","coordinates":[[[-74.13109893899997,4.627703120000035],[-74.13110446504037,4.627702013435945],[-74.13111008579263,4.627701602643559],[-74.13111571399998,4.62770189400004],[-74.13127877199997,4.627717356000062],[-74.13131459599998,4.627720605000036],[-74.13141293899997,4.627730348000057],[-74.13151520199995,4.627740585000026],[-74.13152011099999,4.6276890340000705],[-74.13152252399993,4.6276636890000304],[-74.13134760899999,4.627644977000045],[-74.13131451499999,4.6276693230000205],[-74.13130005699998,4.627667937000069],[-74.13104511199998,4.627639981000073],[-74.13103969499997,4.627697501000057],[-74.13109893899997,4.627703120000035]]]},"properties":{"CALCODIGO":147183,"CALCIV":8005086,"CALFUNCION":1,"CALTSUPERF":2,"CALANCHO":5.82,"CALLONGITU":53.02,"OBJECTID":646332}},{"type":"Feature","id":646566,"geometry":{"type":"Polygon","coordinates":[[[-74.13351151899997,4.627969466000025],[-74.13350842099999,4.628001105000067],[-74.13350053599999,4.6280806230000735],[-74.13349757899994,4.628110496000033],[-74.13349215799997,4.628165651000074],[-74.13348884899995,4.628199054000049],[-74.13347941599994,4.628294887000038],[-74.13347138899996,4.628376241000069],[-74.13346272999996,4.628463952000061],[-74.13345723999998,4.628519954000069],[-74.13345153799997,4.628577793000034],[-74.13344956599997,4.628597708000029],[-74.13344379299997,4.628656464000073],[-74.13344083599998,4.628686265000056],[-74.13342647399998,4.628830897000057],[-74.13341945599996,4.62890055500003],[-74.13348937999996,4.628907575000028],[-74.13349593899994,4.628841774000023],[-74.13349727799994,4.628825532000064],[-74.13350213499996,4.628776662000064],[-74.13350825999999,4.628715223000029],[-74.13351368099995,4.628660986000057],[-74.13351670899993,4.628630266000073],[-74.13353416799998,4.628454914000031],[-74.13353684199996,4.628427797000029],[-74.13355430299998,4.628252375000045],[-74.13355760999997,4.628219043000058],[-74.13357359199995,4.628058028000055],[-74.13357577399995,4.628036346000044],[-74.13357640799995,4.628030061000061],[-74.13357950599993,4.627991150000071],[-74.13358126614204,4.627985423315706],[-74.13358369799994,4.627979948000075],[-74.13358451699997,4.6279712690000565],[-74.13358936399999,4.627919918000032],[-74.13351707099997,4.627913049000028],[-74.13351151899997,4.627969466000025]]]},"properties":{"CALCODIGO":147281,"CALCIV":8005022,"CALFUNCION":1,"CALTSUPERF":2,"CALANCHO":7.8100000000000005,"CALLONGITU":109.8,"OBJECTID":646566}},{"type":"Feature","id":646931,"geometry":{"type":"Polygon","coordinates":[[[-74.13350404799996,4.62741098500004],[-74.13351344014949,4.627413877431554],[-74.13352236799994,4.627417985000022],[-74.13360266499996,4.6274247900000205],[-74.13360349799996,4.627413961000059],[-74.13360606099997,4.62738067600003],[-74.13360828099997,4.627351839000028],[-74.13351774499995,4.627343516000053],[-74.1335051406118,4.627344531098913],[-74.13349253399997,4.627343544000041],[-74.13318124099999,4.627311490000068],[-74.13314936099994,4.627269547000026],[-74.13311448999997,4.627266374000044],[-74.13311047699995,4.627304249000076],[-74.13310355999994,4.627372312000034],[-74.13320884799998,4.627383087000055],[-74.13321468399994,4.62738180100007],[-74.13350404799996,4.62741098500004]]]},"properties":{"CALCODIGO":147210,"CALCIV":8005160,"CALFUNCION":1,"CALTSUPERF":2,"CALANCHO":7.5200000000000005,"CALLONGITU":55.6,"OBJECTID":646931}},{"type":"Feature","id":647176,"geometry":{"type":"Polygon","coordinates":[[[-74.12860296299999,4.632853278000027],[-74.12861965100001,4.632859963999977],[-74.12871038399999,4.632896589999973],[-74.12871051799999,4.632896259999995],[-74.12871306800002,4.632889956999975],[-74.12873449599999,4.632836994999991],[-74.12859593000002,4.6327798440000265],[-74.12849461000002,4.632738999000026],[-74.12846902400003,4.632799621000004],[-74.12859519300002,4.632850166000026],[-74.12860296299999,4.632853278000027]]]},"properties":{"CALCODIGO":151465,"CALCIV":8011862,"CALFUNCION":1,"CALTSUPERF":2,"CALANCHO":7.22,"CALLONGITU":28.8,"OBJECTID":647176}},{"type":"Feature","id":647335,"geometry":{"type":"Polygon","coordinates":[[[-74.14446768899995,4.628704093000067],[-74.14452044499996,4.62870889900006],[-74.14452579599998,4.628649753000047],[-74.14446798199998,4.628644671000075],[-74.14446436472558,4.628644870128227],[-74.14446074399996,4.6286447490000455],[-74.14417559299994,4.628619681000032],[-74.14398893199996,4.628602043000058],[-74.14381261199998,4.6285845340000265],[-74.1438043756505,4.6285828092288686],[-74.14379653697273,4.628579748604934],[-74.14378931101083,4.628575436092564],[-74.14378289599995,4.628569990000074],[-74.14377788915367,4.628564148264087],[-74.14377381555605,4.628557621381883],[-74.14377076744827,4.628550557146046],[-74.14376881385071,4.628543115516822],[-74.14376799899998,4.628535465000027],[-74.14376147999997,4.628605592000042],[-74.14375630099994,4.628661321000038],[-74.14375959141206,4.628655058516347],[-74.14376381172855,4.628649380977909],[-74.14376886017347,4.628644425302594],[-74.14377461499998,4.6286403110000265],[-74.14378170501114,4.628636837098302],[-74.1437892903504,4.628634646463754],[-74.14379714077602,4.6286338055898515],[-74.14380501799997,4.628634340000076],[-74.14409815299996,4.6286635750000755],[-74.14445133199996,4.628698703000055],[-74.14445699400042,4.628699816041922],[-74.14446247448251,4.62870162198424],[-74.14446768899995,4.628704093000067]]]},"properties":{"CALCODIGO":145580,"CALCIV":8004863,"CALFUNCION":1,"CALTSUPERF":2,"CALANCHO":5.9,"CALLONGITU":84.94,"OBJECTID":647335}},{"type":"Feature","id":648429,"geometry":{"type":"Polygon","coordinates":[[[-74.13015342299997,4.631680123000024],[-74.13016012312282,4.63168956126454],[-74.13016534548638,4.631699890804817],[-74.13016897399996,4.63171088200005],[-74.13016967699997,4.631704217000049],[-74.13017721199998,4.6316326320000485],[-74.13018434099996,4.631564896000043],[-74.13018085585921,4.631573458262031],[-74.13017600171352,4.6315813256507985],[-74.1301699124446,4.631588281176683],[-74.13016275599995,4.631594133000021],[-74.13015597673993,4.631598115388881],[-74.1301487015794,4.631601096970124],[-74.13014107733702,4.631603017573017],[-74.1301332578762,4.631603838438232],[-74.13012540099999,4.63160354300004],[-74.12980972399998,4.631571691000033],[-74.12930377199996,4.631523371000071],[-74.12929391499983,4.6315217480917665],[-74.1292843719904,4.631518794237762],[-74.1292753217944,4.631514564789191],[-74.12926693399999,4.631509139000059],[-74.12925819960746,4.631501441232607],[-74.12925079191969,4.631492459506802],[-74.12924489722536,4.6314824196952795],[-74.12924066376439,4.6314715742794395],[-74.12923819799994,4.631460196000035],[-74.12922920999995,4.631537170000058],[-74.12922230399994,4.6316160290000425],[-74.12922150599996,4.631625162000034],[-74.12922851545378,4.631613721711535],[-74.1292370742118,4.631603389223715],[-74.1292470098003,4.631594372754065],[-74.12925812199995,4.631586854000034],[-74.1292724082837,4.631580134248702],[-74.12928761701983,4.631575897822587],[-74.12930331999996,4.631574264000051],[-74.12967366399994,4.631609238000067],[-74.13011421999994,4.631654868000055],[-74.13012536507816,4.6316588394364615],[-74.13013577288942,4.631664466384173],[-74.13014519924933,4.631671616825736],[-74.13015342299997,4.631680123000024]]]},"properties":{"CALCODIGO":151425,"CALCIV":8004350,"CALFUNCION":1,"CALTSUPERF":2,"CALANCHO":6.12,"CALLONGITU":105.75,"OBJECTID":648429}},{"type":"Feature","id":648589,"geometry":{"type":"Polygon","coordinates":[[[-74.12925392399995,4.630589905000022],[-74.12928568599995,4.630592978000038],[-74.12932359099995,4.6305966450000255],[-74.12933075699993,4.630522054000039],[-74.12933130299996,4.630513504000021],[-74.12936261099998,4.630187647000071],[-74.12936593099994,4.630182980000029],[-74.12937105599997,4.630178645000058],[-74.12937926499995,4.630171699000073],[-74.12939306599998,4.630163148000065],[-74.12933275399996,4.630154789000073],[-74.12931732899995,4.630152652000049],[-74.12926500699996,4.63014540000006],[-74.12927687199993,4.6301506270000345],[-74.12927844799998,4.630151321000028],[-74.12928362399998,4.63015819900005],[-74.12928920399997,4.630165613000031],[-74.12929058899994,4.630172117000029],[-74.12929224299995,4.630179887000054],[-74.12929231199996,4.630180205000045],[-74.12929388719681,4.630193357887943],[-74.12929374499998,4.630206604000023],[-74.12926508199996,4.630515591000062],[-74.12926311948179,4.630523950801671],[-74.12925982799999,4.630531882000071],[-74.12925392399995,4.630589905000022]]]},"properties":{"CALCODIGO":151364,"CALCIV":8004559,"CALFUNCION":1,"CALTSUPERF":3,"CALANCHO":7.61,"CALLONGITU":48.76,"OBJECTID":648589}},{"type":"Feature","id":648612,"geometry":{"type":"Polygon","coordinates":[[[-74.12905477100003,4.627532561999999],[-74.12908193999999,4.627535277999982],[-74.12911045800001,4.627538128000026],[-74.12916062099998,4.6270327510000016],[-74.129169144,4.626942655999983],[-74.12914177599998,4.626940031999993],[-74.129113969,4.626937366999982],[-74.12910424400002,4.627034808000019],[-74.12906303400001,4.627455483999995],[-74.12905477100003,4.627532561999999]]]},"properties":{"CALCODIGO":147245,"CALCIV":8005277,"CALFUNCION":1,"CALTSUPERF":2,"CALANCHO":6.18,"CALLONGITU":66.18,"OBJECTID":648612}},{"type":"Feature","id":648648,"geometry":{"type":"Polygon","coordinates":[[[-74.13821131899999,4.627547008000022],[-74.13817934299999,4.627867547999983],[-74.138159873,4.628062727999975],[-74.13813488800002,4.628313547999994],[-74.138197617,4.628318345000025],[-74.13820967200002,4.628221779],[-74.138242945,4.627867548999973],[-74.13830805700002,4.627174416000003],[-74.13824943999998,4.627169385000002],[-74.13821131899999,4.627547008000022]]]},"properties":{"CALCODIGO":521617,"CALCIV":8005215,"CALFUNCION":1,"CALTSUPERF":2,"CALANCHO":6.93,"CALLONGITU":127.17,"OBJECTID":648648}},{"type":"Feature","id":648693,"geometry":{"type":"Polygon","coordinates":[[[-74.13542241099998,4.628939179999975],[-74.135487738,4.628946127000006],[-74.13549848100001,4.628835471999992],[-74.135504605,4.628772196],[-74.13551432100002,4.628671914999984],[-74.13551706700002,4.628643878999981],[-74.13551791200001,4.628634838999972],[-74.13552009300003,4.628612239999995],[-74.1355216,4.628596782999978],[-74.13545120700002,4.628589090999981],[-74.13544234099999,4.628670777000025],[-74.13544149500001,4.628691143000026],[-74.13541466499998,4.628938355999992],[-74.13542241099998,4.628939179999975]]]},"properties":{"CALCODIGO":147299,"CALCIV":8004872,"CALFUNCION":1,"CALTSUPERF":2,"CALANCHO":7.97,"CALLONGITU":38.84,"OBJECTID":648693}},{"type":"Feature","id":649028,"geometry":{"type":"Polygon","coordinates":[[[-74.12916914399995,4.62694265600004],[-74.12916062099998,4.627032751000058],[-74.12916102199995,4.627028715000051],[-74.12916904796866,4.627017348412966],[-74.12917861575511,4.6270072452976905],[-74.12918952899997,4.626998613000069],[-74.12920210967167,4.6269923197751295],[-74.12921543403155,4.626987809851228],[-74.12922925069766,4.626985168314153],[-74.12924329899994,4.626984445000062],[-74.12952206599994,4.627013255000065],[-74.12952668799994,4.627014494000036],[-74.12962189299998,4.627022989000068],[-74.12962875499994,4.626953753000066],[-74.12924473099997,4.626913172000059],[-74.1292354582451,4.626911936562956],[-74.12922653235799,4.626909136772443],[-74.12921821522079,4.626904854773313],[-74.12921075085518,4.626899216197807],[-74.12920435826283,4.626892386479604],[-74.12919922499998,4.626884566000058],[-74.1291902114456,4.626872567166477],[-74.12918320265831,4.626859297160048],[-74.12917837399993,4.626845088000039],[-74.12916914399995,4.62694265600004]]]},"properties":{"CALCODIGO":147203,"CALCIV":8005278,"CALFUNCION":1,"CALTSUPERF":2,"CALANCHO":8.42,"CALLONGITU":50.9,"OBJECTID":649028}},{"type":"Feature","id":649115,"geometry":{"type":"Polygon","coordinates":[[[-74.13538721899994,4.629592377000051],[-74.13549974199998,4.629603002000067],[-74.13548646167013,4.629599646494523],[-74.13547390951915,4.629594162874896],[-74.13546242399997,4.629586699000072],[-74.13546165799994,4.62958610000004],[-74.1354546203296,4.6295798493387075],[-74.13544832899998,4.629572848000066],[-74.13544482999998,4.6295681580000405],[-74.13543762299997,4.629555554000035],[-74.13543511199998,4.62954951200004],[-74.13543286799995,4.629533346000073],[-74.13543272899994,4.62951074700004],[-74.13543315199996,4.62950806300006],[-74.13544955399993,4.629338997000048],[-74.13545173699998,4.629316398000071],[-74.13545659399995,4.629266682000036],[-74.13546236699995,4.629207008000037],[-74.13547229299996,4.629104889000075],[-74.13547820699995,4.629044297000064],[-74.13548773799994,4.628946127000063],[-74.13544590099997,4.6289416780000465],[-74.13542241099998,4.628939180000032],[-74.13536329299995,4.629523182000071],[-74.13535985881569,4.629534299552612],[-74.13535485799997,4.6295448060000695],[-74.13534837581234,4.62955451173044],[-74.13534055174968,4.629563172215521],[-74.1353315519867,4.6295706035158615],[-74.13532156766874,4.629576647798585],[-74.13531081085208,4.629581176689584],[-74.13529950999998,4.629584094000052],[-74.13537679799998,4.629591392000066],[-74.13538721899994,4.629592377000051]]]},"properties":{"CALCODIGO":902223,"CALCIV":8012600,"CALFUNCION":1,"CALTSUPERF":2,"CALANCHO":7.86,"CALLONGITU":72.26,"OBJECTID":649115}},{"type":"Feature","id":649468,"geometry":{"type":"Polygon","coordinates":[[[-74.14227323899996,4.6307075010000744],[-74.14236604699994,4.630716778000021],[-74.14275748299997,4.630755732000068],[-74.14275885299998,4.630755868000051],[-74.14277305799999,4.6305992850000735],[-74.14268711599993,4.630591487000061],[-74.14268704099999,4.630591482000057],[-74.14268684999996,4.63059147000007],[-74.14268350799995,4.630591168000024],[-74.14228364599995,4.630551043000025],[-74.14227323899996,4.6307075010000744]]]},"properties":{"CALCODIGO":91027098,"CALCIV":8013658,"CALFUNCION":1,"CALTSUPERF":2,"CALANCHO":17.32,"CALLONGITU":54.39,"OBJECTID":649468}},{"type":"Feature","id":650576,"geometry":{"type":"Polygon","coordinates":[[[-74.14063100999999,4.630586728000026],[-74.14062922900001,4.630612095999993],[-74.14062863200002,4.63062060499999],[-74.14065098100002,4.630623865000018],[-74.14065319899998,4.630624189000002],[-74.14069118999998,4.63062972900002],[-74.14071169099998,4.630632719000005],[-74.14073139800001,4.630635594000012],[-74.14074933400002,4.630638208999983],[-74.14077160599999,4.630641457000024],[-74.14077599500001,4.63064209700002],[-74.14081181400002,4.630647322000016],[-74.14085202199999,4.630653186000018],[-74.14089223000002,4.63065905000002],[-74.140932438,4.630664914000022],[-74.14097264600002,4.630670778000024],[-74.141012854,4.630676642000026],[-74.14105306200003,4.630682507000017],[-74.14109327099999,4.630688371000019],[-74.14113347900002,4.630694235000021],[-74.14117368699999,4.630700099000023],[-74.14121389500002,4.630705963000025],[-74.141254102,4.630711828000017],[-74.14129431100002,4.630717692000019],[-74.141334519,4.630723556000021],[-74.14137472700003,4.630729420000023],[-74.141414935,4.630735285000014],[-74.14145514299997,4.630741149000016],[-74.141495351,4.630747013000018],[-74.14153556000002,4.63075287700002],[-74.141575768,4.630758741000022],[-74.14161597499998,4.630764606000014],[-74.14165077799998,4.630769681000004],[-74.14165618300001,4.630770470000016],[-74.14169639099998,4.630776334000018],[-74.1417366,4.63078219800002],[-74.14177680799997,4.630788062000022],[-74.141817016,4.630793927000013],[-74.14182086,4.630758180999976],[-74.14182470399999,4.630722434000006],[-74.14178449600001,4.630716570000004],[-74.14174428799998,4.630710706000002],[-74.14170408000001,4.630704842],[-74.14168641399999,4.630702265000025],[-74.14166387099999,4.630698977000009],[-74.14165846600002,4.630698188999986],[-74.14162366300002,4.630693113000007],[-74.14158345499999,4.630687249000005],[-74.14154324700002,4.630681385000003],[-74.14150303899999,4.630675521000001],[-74.14146283100001,4.630669656000009],[-74.14142262299998,4.630663792000007],[-74.14138241500001,4.6306579289999945],[-74.14134220699998,4.6306520649999925],[-74.141301999,4.630646200000001],[-74.14126178999999,4.630640335999999],[-74.14122158200001,4.630634471999997],[-74.14118137399998,4.630628607999995],[-74.14114116600001,4.630622743999993],[-74.14110095900003,4.6306168790000015],[-74.14106075000001,4.6306110149999995],[-74.14102054199998,4.6306051509999975],[-74.140980334,4.6305992869999955],[-74.14094012599998,4.630593422000004],[-74.140899918,4.630587558000002],[-74.14085970999997,4.630581694],[-74.140830344,4.63057741099999],[-74.14081949299998,4.630575909000015],[-74.14078121300003,4.630570610000007],[-74.140779254,4.6305703389999735],[-74.14076486900001,4.630568347999997],[-74.14075534199998,4.630567271000018],[-74.14073894400002,4.630565417000014],[-74.140698596,4.630560855999988],[-74.14065824800002,4.630556293999973],[-74.14063638699997,4.630553813000006],[-74.14063334399998,4.630553468000016],[-74.14063100999999,4.630586728000026]]]},"properties":{"CALCODIGO":91026966,"CALCIV":8004464,"CALFUNCION":1,"CALTSUPERF":1,"CALANCHO":7.91,"CALLONGITU":133.52,"OBJECTID":650576}},{"type":"Feature","id":650832,"geometry":{"type":"Polygon","coordinates":[[[-74.13495684999998,4.628093154000055],[-74.13496280922938,4.628098187801909],[-74.1349678320265,4.6281041563096865],[-74.13497177389534,4.62811088782112],[-74.13497452143605,4.628118188683822],[-74.13497599560726,4.628125848866285],[-74.13497615399996,4.628133648000073],[-74.13498321699996,4.628061634000062],[-74.13499056599994,4.627986668000062],[-74.13498863410148,4.627994260766295],[-74.1349855155753,4.628001448055439],[-74.13498129031204,4.628008045743004],[-74.13497606655481,4.628013884808954],[-74.1349699781262,4.628018815667676],[-74.13496318099999,4.6280227120000745],[-74.13495646989244,4.628025283717148],[-74.13494945321833,4.628026839023373],[-74.13494228399998,4.6280273440000315],[-74.13493489399997,4.628026426000076],[-74.13477259699994,4.628010178000068],[-74.13452665899996,4.627985347000049],[-74.13452126399994,4.628042871000048],[-74.13457747599995,4.628048342000056],[-74.13459605899999,4.628050153000061],[-74.13460626599993,4.62804914000003],[-74.13493665199996,4.6280851820000635],[-74.13494378264336,4.628086746402407],[-74.13495057309771,4.628089426544108],[-74.13495684999998,4.628093154000055]]]},"properties":{"CALCODIGO":147197,"CALCIV":8004996,"CALFUNCION":1,"CALTSUPERF":2,"CALANCHO":6.54,"CALLONGITU":51.26,"OBJECTID":650832}},{"type":"Feature","id":651312,"geometry":{"type":"Polygon","coordinates":[[[-74.14317041899994,4.627770171000066],[-74.14336317499993,4.627791082000044],[-74.14337020899995,4.627793093000037],[-74.14337635418754,4.627795980784047],[-74.1433819867276,4.627799772501238],[-74.14338697468419,4.627804379334856],[-74.14339120121997,4.62780969337496],[-74.14339456733305,4.6278155901460805],[-74.14339699417599,4.627821931522926],[-74.14339842490267,4.6278285689658105],[-74.14339882599995,4.62783534700003],[-74.14339908699998,4.627836940000066],[-74.14339880799997,4.627839686000073],[-74.14339852699999,4.627842434000058],[-74.14339824899997,4.627845182000044],[-74.14339796999997,4.627847932000066],[-74.14339769999998,4.62785068900007],[-74.14339742099997,4.627853426000058],[-74.14339714099998,4.627856174000044],[-74.14339686199997,4.627858924000066],[-74.14339760167539,4.627863975978435],[-74.14339911210814,4.627868853293071],[-74.14340135711136,4.627873439093518],[-74.14340428289935,4.627877623513398],[-74.14340781937626,4.627881306302591],[-74.14341188181534,4.627884399229019],[-74.14341637288888,4.627886828192506],[-74.14342118499997,4.627888535000068],[-74.14349816499998,4.627898880000032],[-74.14350252317499,4.627899141822064],[-74.14350686733734,4.627898705366389],[-74.14351108632327,4.62789758180158],[-74.14351507217215,4.627895799878797],[-74.14351872288918,4.627893405196077],[-74.1435219450553,4.627890459031515],[-74.14352465621776,4.627887036775201],[-74.14352678699998,4.627883226000051],[-74.14352824275399,4.627879292864169],[-74.14352908299998,4.627875184000061],[-74.14353552399996,4.627810058000023],[-74.14353839699999,4.627781011000025],[-74.14353801085275,4.627776817148796],[-74.14353695900184,4.627772739023312],[-74.14353526852132,4.627768881592374],[-74.14353298292329,4.627765344144217],[-74.14353016103783,4.627762217730894],[-74.14352687549878,4.627759582824633],[-74.14352321087419,4.627757507246534],[-74.14351926148957,4.627756044420879],[-74.14351512899998,4.627755232000027],[-74.14317024799993,4.627719839000065],[-74.14316245542564,4.627718459260858],[-74.14315500931353,4.6277157790913],[-74.14314812499998,4.627711876000035],[-74.14314187273926,4.627706736450341],[-74.14313659832123,4.6277005975376],[-74.14313245915157,4.627693642466805],[-74.14312957875649,4.627686078799748],[-74.14312804309627,4.627678132260695],[-74.14312789799999,4.627670040000055],[-74.14312098999994,4.627737724000042],[-74.14311369099994,4.627809237000065],[-74.14311705498072,4.627801142835418],[-74.14312162209472,4.627793661302304],[-74.14312728398652,4.6277869699011545],[-74.14313390632692,4.627781227386408],[-74.14314133199997,4.627776570000037],[-74.14314821803359,4.627773526211237],[-74.14315544710252,4.627771423196336],[-74.14316289132168,4.6277702981584925],[-74.14317041899994,4.627770171000066]]]},"properties":{"CALCODIGO":145589,"CALCIV":8005063,"CALFUNCION":1,"CALTSUPERF":2,"CALANCHO":5.92,"CALLONGITU":46.58,"OBJECTID":651312}},{"type":"Feature","id":651598,"geometry":{"type":"Polygon","coordinates":[[[-74.13185187099998,4.630887524000059],[-74.13268432899997,4.6309689050000316],[-74.13269381187442,4.630971407086766],[-74.1327027994285,4.630975332544367],[-74.13271107942954,4.630980588676831],[-74.13271845635307,4.63098705136551],[-74.13272475599996,4.630994568000062],[-74.13273036512942,4.63100403105062],[-74.13273427699558,4.63101431253701],[-74.1327363768224,4.6310251107955045],[-74.13273660299996,4.631036109000036],[-74.13274553199994,4.630947308000032],[-74.13274845399997,4.630918248000057],[-74.13274676099996,4.630917736000072],[-74.13269172899999,4.630909683000027],[-74.13248135199996,4.630890033000071],[-74.13247884199995,4.630889798000055],[-74.13239224999995,4.63088170900005],[-74.13195204599998,4.6308385000000385],[-74.13187178199996,4.630831330000035],[-74.13185694168719,4.630828540774232],[-74.13184262299995,4.630823746000033],[-74.13183824520937,4.630821073812916],[-74.13183412899997,4.630818014000056],[-74.13182787199997,4.630812063000064],[-74.1318196800429,4.630801687381626],[-74.13181337699996,4.630790067000021],[-74.13181018205609,4.6307813518531695],[-74.13180805299999,4.630772317000037],[-74.13180100199997,4.630848545000049],[-74.13180067099995,4.6308521320000295],[-74.13179221699994,4.630943571000046],[-74.13179592360495,4.6309314645627735],[-74.13180135799996,4.630920029000038],[-74.1318077247882,4.630910037100999],[-74.13181570086616,4.630901276038299],[-74.13182505299994,4.630894002000048],[-74.13182976399997,4.630891207000047],[-74.13183693077522,4.630888922352619],[-74.13184435062978,4.630887686213648],[-74.13185187099998,4.630887524000059]]]},"properties":{"CALCODIGO":151430,"CALCIV":8004453,"CALFUNCION":1,"CALTSUPERF":2,"CALANCHO":6.78,"CALLONGITU":105.42,"OBJECTID":651598}},{"type":"Feature","id":652425,"geometry":{"type":"Polygon","coordinates":[[[-74.14167509999999,4.631237119000048],[-74.14168926519379,4.631240867586057],[-74.14170257812356,4.631246988902383],[-74.14171464466787,4.6312553017310725],[-74.14172510760382,4.631265559975746],[-74.14173365718237,4.6312774599471345],[-74.14174004029832,4.63129064935362],[-74.14174406798325,4.631304737730619],[-74.14174562099998,4.631319308000059],[-74.14174492806842,4.631332151072998],[-74.14174231699997,4.631344745000035],[-74.14170092299997,4.631459360000065],[-74.14138378199993,4.632324905000075],[-74.14138065739996,4.632331885981456],[-74.14137660631887,4.632338373351333],[-74.14137170507429,4.632344244895217],[-74.14136604599997,4.6323493900000585],[-74.14133675499994,4.632428535000031],[-74.14140701199995,4.632435491000024],[-74.14140843878614,4.632435762592235],[-74.14140989066817,4.632435801576296],[-74.14141132997291,4.63243560694066],[-74.14141271935362,4.632435183735687],[-74.14141402275894,4.632434542942608],[-74.14141520636839,4.632433701188579],[-74.14141623946995,4.632432680315249],[-74.14141709525691,4.632431506812011],[-74.14141775152352,4.632430211128671],[-74.14141819124112,4.632428826885331],[-74.14141840299999,4.632427390000032],[-74.14181411099997,4.631348353000021],[-74.14181404799996,4.631348347000028],[-74.14181599899996,4.631343207000043],[-74.14183170099994,4.631301839000059],[-74.14183914534472,4.631291166009372],[-74.14184820863662,4.631281828571854],[-74.1418586551184,4.631274069575915],[-74.14187021305283,4.631268090851037],[-74.14188258179122,4.631264047917719],[-74.14189543959402,4.631262045942037],[-74.14190845199994,4.6312621370000215],[-74.14187745799995,4.631258814000034],[-74.14177949299994,4.631248311000036],[-74.14177846899997,4.631248201000062],[-74.14169984599994,4.631239772000072],[-74.14167509999999,4.631237119000048]]]},"properties":{"CALCODIGO":151559,"CALCIV":8004445,"CALFUNCION":1,"CALTSUPERF":2,"CALANCHO":7.92,"CALLONGITU":139.08,"OBJECTID":652425}},{"type":"Feature","id":652426,"geometry":{"type":"Polygon","coordinates":[[[-74.142262652,4.631296819999989],[-74.14245762899998,4.631316910999999],[-74.142710722,4.631339652999998],[-74.14272494400001,4.63118283],[-74.142413116,4.6311525630000006],[-74.14225179800002,4.631135959000005],[-74.142243006,4.631135054000026],[-74.14223027600002,4.631293632999984],[-74.142262652,4.631296819999989]]]},"properties":{"CALCODIGO":91026983,"CALCIV":8013658,"CALFUNCION":1,"CALTSUPERF":2,"CALANCHO":17.55,"CALLONGITU":53.67,"OBJECTID":652426}},{"type":"Feature","id":652877,"geometry":{"type":"Polygon","coordinates":[[[-74.14008355799996,4.628134300000056],[-74.14008224699995,4.628147575000071],[-74.14008074140838,4.628160788667651],[-74.14007713064777,4.628173588285793],[-74.14007150869197,4.628185640730775],[-74.14006402185844,4.628196632324854],[-74.14005486499997,4.628206277000061],[-74.14012992099998,4.628160144000049],[-74.14020145599994,4.62811617400007],[-74.14019366890291,4.628116827935401],[-74.14018587129492,4.628116314300124],[-74.14017823726034,4.6281146445613315],[-74.14017093723172,4.628111855996536],[-74.14016413418477,4.628108010861439],[-74.14015797999997,4.628103195000051],[-74.1401532421247,4.628095612357485],[-74.14014968104006,4.628087410979147],[-74.14014737548653,4.628078772208784],[-74.1401463764431,4.628069887061482],[-74.14014670599994,4.628060952000055],[-74.14016656799998,4.627870187000042],[-74.14019493599994,4.627636998000071],[-74.14021337899999,4.627481492000072],[-74.14021626399995,4.627457057000072],[-74.14022710599994,4.627365791000045],[-74.14017541799996,4.627359322000075],[-74.14016898599994,4.627411074000065],[-74.14017077898238,4.627417352554114],[-74.14017170831593,4.627423815631255],[-74.14017175699996,4.62743034500005],[-74.14011643799995,4.627867568000056],[-74.14008355799996,4.628134300000056]]]},"properties":{"CALCODIGO":145748,"CALCIV":8005151,"CALFUNCION":1,"CALTSUPERF":2,"CALANCHO":5.91,"CALLONGITU":89.96000000000001,"OBJECTID":652877}},{"type":"Feature","id":653719,"geometry":{"type":"Polygon","coordinates":[[[-74.12846861499997,4.630960682000023],[-74.12852900399997,4.630981395000049],[-74.12855092299998,4.630917056000044],[-74.12855223799994,4.630908146000024],[-74.12866758499996,4.6306101430000695],[-74.12870536499997,4.63051764100004],[-74.12869459899997,4.630516510000064],[-74.12868117299996,4.630515100000025],[-74.12867005132797,4.630518851982606],[-74.12865973659946,4.63052445335182],[-74.12865053363832,4.630531738574362],[-74.12864271441315,4.6305404923552],[-74.12863650999998,4.630550456000037],[-74.12861673699996,4.6305979600000455],[-74.12861342899998,4.630606153000031],[-74.12860230899997,4.630633342000067],[-74.12846861499997,4.630960682000023]]]},"properties":{"CALCODIGO":151370,"CALCIV":8004497,"CALFUNCION":1,"CALTSUPERF":2,"CALANCHO":6.0600000000000005,"CALLONGITU":54.06,"OBJECTID":653719}},{"type":"Feature","id":653868,"geometry":{"type":"Polygon","coordinates":[[[-74.12969724399994,4.634177133000037],[-74.12976295699997,4.634221326000045],[-74.1297573386494,4.63421600815955],[-74.12975250899996,4.634209965000025],[-74.12974820189953,4.634202586798471],[-74.12974506660169,4.634194639542361],[-74.12974317599998,4.634186308000039],[-74.12974257107543,4.634178101364018],[-74.12974317335919,4.634169894533768],[-74.12974496988896,4.634161864135939],[-74.12974792199998,4.634154183000021],[-74.12990932799994,4.633754133000025],[-74.12992209299995,4.633722369000054],[-74.12992606799997,4.633712498000023],[-74.12997591599998,4.633590974000072],[-74.13000945799996,4.633509229000026],[-74.13001922949897,4.63349655375105],[-74.13003105335491,4.6334857676229095],[-74.13004457039192,4.6334771982681895],[-74.13005936999997,4.633471106000059],[-74.13007185198616,4.6334681466795695],[-74.13008462519024,4.633466962274781],[-74.13009743849628,4.633467576070605],[-74.13011003999998,4.633469976000072],[-74.12999990899993,4.633426144000055],[-74.12993746499995,4.6334012920000305],[-74.12994774878172,4.633416664573063],[-74.12995549599998,4.633433459000059],[-74.12996030324686,4.633450204783438],[-74.12996259022661,4.633467476164601],[-74.12996230699997,4.633484896000027],[-74.12989117799998,4.6336540380000315],[-74.12982898699994,4.633805730000063],[-74.12970581099995,4.634115229000031],[-74.12970220368227,4.634122222746818],[-74.12969756424822,4.634128578916005],[-74.12969200296266,4.634134146441306],[-74.12968565199998,4.634138793000034],[-74.12967921606312,4.634142166057748],[-74.12967236465417,4.634144586181038],[-74.12966523800971,4.634146003834123],[-74.12965798199997,4.634146390000069],[-74.12965049999997,4.63414569400004],[-74.12969724399994,4.634177133000037]]]},"properties":{"CALCODIGO":151508,"CALCIV":8003943,"CALFUNCION":1,"CALTSUPERF":2,"CALANCHO":6.55,"CALLONGITU":89.92,"OBJECTID":653868}},{"type":"Feature","id":654171,"geometry":{"type":"Polygon","coordinates":[[[-74.13041110399996,4.633515876000047],[-74.13047201699999,4.633540120000021],[-74.13051794799998,4.633558400000027],[-74.13053492299997,4.633565154000053],[-74.13053421099994,4.633564105000062],[-74.13052847386582,4.633554247530634],[-74.13052396999996,4.633543769000028],[-74.13052142248031,4.6335364640333845],[-74.13051972999995,4.633528915000056],[-74.13051883565068,4.633517686014493],[-74.13051982499996,4.633506465000039],[-74.13054759699997,4.633225284000048],[-74.13054914699995,4.633209202000046],[-74.13055384999996,4.633182212000065],[-74.13056220799996,4.633095487000048],[-74.13050466499999,4.633090259000028],[-74.13045635099996,4.633085496000035],[-74.13044712399994,4.633178951000048],[-74.13044522299998,4.633198208000067],[-74.13047954599995,4.633241618000056],[-74.13048266741595,4.633244367697925],[-74.13048532192327,4.633247570457217],[-74.13048744459103,4.63325114793647],[-74.13048898349747,4.633255012628334],[-74.13048990099998,4.633259070000065],[-74.13048576699998,4.633319745000051],[-74.1304792356515,4.633347485392936],[-74.13046820499994,4.6333737630000655],[-74.1304557693526,4.6333940444930235],[-74.13044064123326,4.633412405437644],[-74.13042311299995,4.633428491000075],[-74.13040816199998,4.633439145000068],[-74.13038575499996,4.633452090000048],[-74.13037037402748,4.633458582853437],[-74.13035443199993,4.633463541000026],[-74.13032903799996,4.633468080000057],[-74.13030927094452,4.633468934182346],[-74.13028953799994,4.633467493000069],[-74.13041110399996,4.633515876000047]]]},"properties":{"CALCODIGO":151387,"CALCIV":8004021,"CALFUNCION":1,"CALTSUPERF":2,"CALANCHO":8.92,"CALLONGITU":50,"OBJECTID":654171}},{"type":"Feature","id":654362,"geometry":{"type":"Polygon","coordinates":[[[-74.13485491099993,4.629048456000021],[-74.13494182199997,4.629057101000058],[-74.13494862099998,4.628988290000052],[-74.13498642699994,4.628622945000075],[-74.13498748999996,4.6286126730000205],[-74.13498769999995,4.628610646000027],[-74.13499460699995,4.62854390800004],[-74.13493639999996,4.6285378430000605],[-74.13492277099994,4.628676419000044],[-74.13491847799997,4.628719781000029],[-74.13491045199999,4.62880113500006],[-74.13490573499996,4.628849016000061],[-74.13489797899996,4.628929930000027],[-74.13489220599996,4.6289886880000495],[-74.134890000392,4.628994435283939],[-74.13488695482322,4.628999785096026],[-74.13488313869156,4.629004615532636],[-74.13487863895347,4.629008816524858],[-74.13487355814236,4.6290122923466415],[-74.13486801203231,4.6290149637960525],[-74.13486212699996,4.629016770000021],[-74.13485797099997,4.629017482000052],[-74.13485491099993,4.629048456000021]]]},"properties":{"CALCODIGO":147291,"CALCIV":8004890,"CALFUNCION":1,"CALTSUPERF":2,"CALANCHO":6.62,"CALLONGITU":57.08,"OBJECTID":654362}},{"type":"Feature","id":655006,"geometry":{"type":"Polygon","coordinates":[[[-74.13814951400002,4.627242937000005],[-74.13809879799999,4.627741247000017],[-74.13808609400002,4.627867546999994],[-74.13804193200002,4.6283064410000065],[-74.13810298099997,4.628311108999981],[-74.138109918,4.628238979999992],[-74.138148119,4.627867546999994],[-74.13819349200003,4.627426366999998],[-74.13820114399999,4.627332389999992],[-74.13821876600002,4.627166753999973],[-74.138214661,4.627166401000011],[-74.13815755799999,4.6271615019999786],[-74.13814951400002,4.627242937000005]]]},"properties":{"CALCODIGO":521619,"CALCIV":8005215,"CALFUNCION":1,"CALTSUPERF":2,"CALANCHO":6.83,"CALLONGITU":127.29,"OBJECTID":655006}},{"type":"Feature","id":655271,"geometry":{"type":"Polygon","coordinates":[[[-74.13934844099998,4.630999625000072],[-74.13934805399998,4.6310028040000475],[-74.13983960699994,4.631052301000068],[-74.14003158899999,4.631071632000044],[-74.14003372699995,4.631009684000048],[-74.14003381699996,4.631007071000056],[-74.14003719999994,4.630909053000039],[-74.14002474699998,4.630907219000051],[-74.13998681699996,4.63090137100005],[-74.13998693099995,4.630898258000059],[-74.13985699999995,4.630877639000062],[-74.13985350999997,4.6308769000000325],[-74.13981987299996,4.630872259000057],[-74.13980169099995,4.630964618000064],[-74.13984477899999,4.630974859000048],[-74.13984526453768,4.630975037182748],[-74.13984571342026,4.630975294088105],[-74.13984611299347,4.630975622473819],[-74.13984645199312,4.6309760130825195],[-74.13984672086265,4.6309764549027355],[-74.13984691202248,4.630976935479317],[-74.13984702008368,4.630977441264549],[-74.13984704199999,4.630977958000074],[-74.13984700599997,4.630978317000029],[-74.13984688875642,4.630978802371875],[-74.13984669445767,4.630979262350001],[-74.1398464282332,4.630979684791014],[-74.1398460971113,4.630980058542502],[-74.1398457098336,4.630980373737451],[-74.13984527662417,4.630980622054735],[-74.13984480891973,4.630980796938796],[-74.13984431906763,4.630980893772706],[-74.13984381999995,4.630980910000062],[-74.13984313899994,4.630980841000053],[-74.13966381799997,4.6309625860000665],[-74.13950434499998,4.630948193000052],[-74.13935618699998,4.630936038000073],[-74.13935369399996,4.6309565020000605],[-74.13934844099998,4.630999625000072]]]},"properties":{"CALCODIGO":91026932,"CALCIV":8014927,"CALFUNCION":1,"CALTSUPERF":2,"CALANCHO":10.75,"CALLONGITU":80.60000000000001,"OBJECTID":655271}},{"type":"Feature","id":655599,"geometry":{"type":"Polygon","coordinates":[[[-74.14084501699995,4.6323666960000764],[-74.14084345199996,4.632379685000046],[-74.14099961599999,4.632395149000047],[-74.14107268899994,4.632402385000034],[-74.14133675499994,4.632428535000031],[-74.14136604599997,4.6323493900000585],[-74.14135860645335,4.632354353249975],[-74.14135046550639,4.632358055369124],[-74.14134183512041,4.632360399967477],[-74.14133293999998,4.632361326000023],[-74.14132627799995,4.63236107900002],[-74.14108563899998,4.632335039000054],[-74.14108230399995,4.632333028000062],[-74.14107931999996,4.632330520000039],[-74.14107676099997,4.632327578000059],[-74.14107468999998,4.632324272000062],[-74.14107315599995,4.632320683000046],[-74.14107219699997,4.632316898000056],[-74.14107183499993,4.632313010000075],[-74.14107208099995,4.632309113000076],[-74.14106856999996,4.632308761000047],[-74.14102580599996,4.632304474000023],[-74.14102359899994,4.632310051000047],[-74.14102049399997,4.632315178000056],[-74.14101657699996,4.6323197110000365],[-74.14101195899997,4.632323522000036],[-74.14100676999993,4.632326504000048],[-74.14085187999996,4.632309743000064],[-74.14084501699995,4.6323666960000764]]]},"properties":{"CALCODIGO":151596,"CALCIV":8011685,"CALFUNCION":1,"CALTSUPERF":2,"CALANCHO":7.890000000000001,"CALLONGITU":55.800000000000004,"OBJECTID":655599}},{"type":"Feature","id":655730,"geometry":{"type":"Polygon","coordinates":[[[-74.14218148299994,4.629191277000075],[-74.14223413699995,4.629196444000058],[-74.14224281699995,4.629107379000061],[-74.14229395399997,4.628582708000067],[-74.14230083699994,4.628538814000024],[-74.14230086399994,4.628538767000066],[-74.14230216037218,4.628533434761176],[-74.14230420222052,4.62852834121546],[-74.14230694799994,4.628523590000043],[-74.14231202899998,4.628470393000043],[-74.14225487499994,4.628464898000061],[-74.14224963099997,4.628521004000049],[-74.14221327899998,4.628909964000059],[-74.14219268299996,4.629102659000068],[-74.14219160267528,4.629109091800862],[-74.14218971896297,4.629115336771274],[-74.14218706199995,4.629121294000072],[-74.14218148299994,4.629191277000075]]]},"properties":{"CALCODIGO":145616,"CALCIV":8004906,"CALFUNCION":1,"CALTSUPERF":2,"CALANCHO":5.61,"CALLONGITU":80.78,"OBJECTID":655730}},{"type":"Feature","id":656001,"geometry":{"type":"Polygon","coordinates":[[[-74.14056742999998,4.632337612000015],[-74.14056598899998,4.632351658999994],[-74.14065472700003,4.6323609959999885],[-74.14084345200001,4.632379684999989],[-74.140845017,4.63236669600002],[-74.14085188000001,4.6323097430000075],[-74.140831118,4.632307636000007],[-74.14079223800002,4.632303658000012],[-74.14075336500002,4.632299672999977],[-74.14069641200001,4.632293679999975],[-74.14069159500002,4.632291932999976],[-74.140687109,4.632289453999988],[-74.14068306299998,4.632286303000001],[-74.14067955600001,4.632282556999996],[-74.14067667400002,4.632278309000014],[-74.140674488,4.632273661999989],[-74.14067304999998,4.632268728999975],[-74.14067272099999,4.632266920000006],[-74.14060920700001,4.632260121999991],[-74.140608923,4.632262146000016],[-74.14060793499999,4.632265867000001],[-74.14060636699998,4.632269382000004],[-74.14060426200001,4.632272601000011],[-74.14060167100001,4.63227544199998],[-74.140598662,4.632277832],[-74.14059531200002,4.6322797099999775],[-74.14059170600001,4.632281026999976],[-74.14058793700002,4.632281750999994],[-74.140584101,4.632281863000003],[-74.14058155999999,4.632281594999995],[-74.14057327,4.632280723000008],[-74.14056742999998,4.632337612000015]]]},"properties":{"CALCODIGO":91013115,"CALCIV":8014091,"CALFUNCION":1,"CALTSUPERF":2,"CALANCHO":8.59,"CALLONGITU":31.02,"OBJECTID":656001}},{"type":"Feature","id":656093,"geometry":{"type":"Polygon","coordinates":[[[-74.13365921799993,4.627429584000026],[-74.13367590099995,4.6274309980000226],[-74.13386801799999,4.627447286000063],[-74.13415070199994,4.627476542000068],[-74.13415147799998,4.627468725000028],[-74.13415463699994,4.627436887000044],[-74.13415779699994,4.627405029000045],[-74.13407072499996,4.627395910000075],[-74.13406536399998,4.627395359000047],[-74.13367374399996,4.627358556000047],[-74.13366837907603,4.627358086519166],[-74.13366313099993,4.627356878000057],[-74.13360828099997,4.627351839000028],[-74.13360606099997,4.62738067600003],[-74.13360349799996,4.627413961000059],[-74.13360266499996,4.6274247900000205],[-74.13365921799993,4.627429584000026]]]},"properties":{"CALCODIGO":147211,"CALCIV":8005147,"CALFUNCION":1,"CALTSUPERF":2,"CALANCHO":7.9,"CALLONGITU":61.2,"OBJECTID":656093}},{"type":"Feature","id":656213,"geometry":{"type":"Polygon","coordinates":[[[-74.13122949400002,4.630339008000021],[-74.13126898600001,4.630342928999994],[-74.13173616300003,4.630389302000026],[-74.13175052000003,4.630392433999987],[-74.131807976,4.630398136999986],[-74.131813695,4.630339309000021],[-74.13181268199997,4.630339208000009],[-74.13181101999999,4.630339041000013],[-74.13180854500001,4.630338794000011],[-74.131781134,4.630335504000016],[-74.13157495500002,4.630327427999987],[-74.131407212,4.630309785999998],[-74.13127363400002,4.630296294000004],[-74.13123550400002,4.6302924429999734],[-74.13122949400002,4.630339008000021]]]},"properties":{"CALCODIGO":91026962,"CALCIV":8004615,"CALFUNCION":1,"CALTSUPERF":5,"CALANCHO":5.44,"CALLONGITU":64.46000000000001,"OBJECTID":656213}},{"type":"Feature","id":656402,"geometry":{"type":"Polygon","coordinates":[[[-74.13729513499999,4.627897507000057],[-74.13735263399997,4.627901239000039],[-74.13738255199996,4.627619447000029],[-74.13732522799995,4.627613297000039],[-74.13731538699994,4.627705624000043],[-74.13731494748502,4.627750113267068],[-74.13730872199994,4.627794167000047],[-74.13730598299998,4.627799941000035],[-74.13729513499999,4.627897507000057]]]},"properties":{"CALCODIGO":147314,"CALCIV":8011845,"CALFUNCION":1,"CALTSUPERF":2,"CALANCHO":6.26,"CALLONGITU":31.53,"OBJECTID":656402}},{"type":"Feature","id":656579,"geometry":{"type":"Polygon","coordinates":[[[-74.12963572599995,4.630661595000049],[-74.13023059799997,4.630722777000074],[-74.1302359353437,4.630724329720518],[-74.13024102604419,4.6307265619722155],[-74.13024578399995,4.630729436000024],[-74.13025144912223,4.630734157667068],[-74.13025622381801,4.630739778167957],[-74.13025996755658,4.630746132077898],[-74.13026257015076,4.630753032386122],[-74.13026395499998,4.630760276000046],[-74.13027283799994,4.630667598000059],[-74.13029073199993,4.630485255000053],[-74.13028457899998,4.630484655000032],[-74.13020596699994,4.63047698500003],[-74.13020171499994,4.63052045400002],[-74.13019037399994,4.6305193470000745],[-74.13018159799998,4.630609077000031],[-74.13017993521608,4.630617945153933],[-74.13017678941996,4.630626401688132],[-74.13017225214476,4.630634200543033],[-74.13016645541151,4.630641114795522],[-74.13015956788762,4.630646943261742],[-74.13015178997921,4.6306515163509365],[-74.13014334799993,4.630654701000026],[-74.13013467150043,4.630657646269231],[-74.13012566955234,4.630659355416654],[-74.13011651734699,4.630659795179737],[-74.13010739299995,4.630658957000037],[-74.12939142799996,4.630587189000039],[-74.12937918937752,4.630582628482342],[-74.12936781799993,4.630576204000022],[-74.12935908499998,4.6305694320000725],[-74.12935020391507,4.6305602305771405],[-74.12934283227109,4.630549780758096],[-74.1293371430185,4.630538327712293],[-74.12933326963623,4.630526140146383],[-74.12933130299996,4.630513504000021],[-74.12933075699993,4.630522054000039],[-74.12932359099995,4.6305966450000255],[-74.12931711399995,4.630664060000072],[-74.12932208421978,4.630656726410494],[-74.12932808122682,4.630650205633863],[-74.12933497398126,4.630644640154786],[-74.12934261187048,4.630640151583795],[-74.12935082799999,4.6306368380000436],[-74.1293581888734,4.630634994592193],[-74.12936572411787,4.63063409977353],[-74.12937331199998,4.630634168000029],[-74.12963572599995,4.630661595000049]]]},"properties":{"CALCODIGO":151420,"CALCIV":8004489,"CALFUNCION":1,"CALTSUPERF":2,"CALANCHO":5.91,"CALLONGITU":105.66,"OBJECTID":656579}},{"type":"Feature","id":656715,"geometry":{"type":"Polygon","coordinates":[[[-74.13394209699999,4.628984120000041],[-74.13401006199996,4.628991122000059],[-74.13442783399995,4.629032826000071],[-74.13443366799999,4.628975161000028],[-74.13436262499994,4.6289679230000615],[-74.13435394799995,4.628968351000026],[-74.13422078799994,4.628954788000044],[-74.13416286399996,4.628948854000043],[-74.13402583299995,4.628934867000055],[-74.13402113524674,4.628934332893041],[-74.13401651699996,4.628933320000044],[-74.13394795699998,4.628926326000055],[-74.13394209699999,4.628984120000041]]]},"properties":{"CALCODIGO":147193,"CALCIV":8004772,"CALFUNCION":1,"CALTSUPERF":2,"CALANCHO":6.36,"CALLONGITU":54.18,"OBJECTID":656715}},{"type":"Feature","id":657370,"geometry":{"type":"Polygon","coordinates":[[[-74.14068008499999,4.626999869000031],[-74.14073020699993,4.6270060310000645],[-74.14073877999994,4.626939133000064],[-74.14075384299997,4.6268035420000615],[-74.14080931199999,4.626334408000048],[-74.14081627999997,4.626275652000061],[-74.14083561499996,4.62611273400006],[-74.14083678515298,4.626108582968587],[-74.14083856311359,4.626104653696837],[-74.14084090886809,4.626101034614596],[-74.14084376962434,4.626097807170714],[-74.14084708099995,4.626095044000067],[-74.14085278745004,4.626089737394941],[-74.14085926018463,4.6260853983469],[-74.14086633682378,4.626082135708561],[-74.14087383983764,4.62608003132892],[-74.14088158099997,4.626079138000023],[-74.14081398699994,4.626072330000056],[-74.14075414999996,4.626066304000062],[-74.14076105970337,4.626069410260083],[-74.14076743790686,4.626073498214687],[-74.14077314611544,4.626078479098879],[-74.14077806038225,4.62608424475878],[-74.14078207399996,4.626090670000053],[-74.14078488141398,4.626098402626452],[-74.1407864208592,4.626106483789298],[-74.14078665299996,4.626114707000056],[-74.14078630099993,4.626122897000073],[-74.14078587699998,4.626126500000055],[-74.14076349399994,4.626312726000037],[-74.14076131199994,4.626330805000066],[-74.14076053799994,4.626337091000039],[-74.14073188899994,4.62656583100005],[-74.14072555399997,4.626619149000021],[-74.14071710599995,4.6266896290000545],[-74.14071055999995,4.626744784000039],[-74.14070218299997,4.626815264000072],[-74.14069563799995,4.626870419000056],[-74.14068803499998,4.62693461300006],[-74.14068430399993,4.626966250000066],[-74.14068008499999,4.626999869000031]]]},"properties":{"CALCODIGO":147159,"CALCIV":8005502,"CALFUNCION":1,"CALTSUPERF":2,"CALANCHO":5.57,"CALLONGITU":103.66,"OBJECTID":657370}},{"type":"Feature","id":657427,"geometry":{"type":"Polygon","coordinates":[[[-74.13885571299994,4.627250362000041],[-74.13900220399995,4.627265439000041],[-74.13917877699998,4.627283526000042],[-74.13918547909358,4.6272841962224485],[-74.13919198549048,4.627285938076608],[-74.13919812599994,4.6272887060000585],[-74.13920373383313,4.62729242362247],[-74.13920867440694,4.6272969908141475],[-74.13921282035548,4.627302289834822],[-74.13921606479796,4.627308184077986],[-74.139218324094,4.627314521592546],[-74.13921953999994,4.62732113900006],[-74.13922490799996,4.627266796000072],[-74.13923075399998,4.627207619000046],[-74.1392275661814,4.627212967153508],[-74.13922365208889,4.627217809137864],[-74.13921909085066,4.627222047066422],[-74.13921397467776,4.627225595264219],[-74.13920840699996,4.627228382000055],[-74.13920280406258,4.627230268111453],[-74.13919699747751,4.627231378918919],[-74.13919109399995,4.627231694000045],[-74.13879647499994,4.627192649000051],[-74.13879070399997,4.627248626000039],[-74.13883850699995,4.62725358900002],[-74.13884406662721,4.627251686852252],[-74.13884984195151,4.627250603685254],[-74.13885571299994,4.627250362000041]]]},"properties":{"CALCODIGO":145724,"CALCIV":8005205,"CALFUNCION":1,"CALTSUPERF":2,"CALANCHO":6.01,"CALLONGITU":48.15,"OBJECTID":657427}},{"type":"Feature","id":657668,"geometry":{"type":"Polygon","coordinates":[[[-74.13143902199994,4.628329762000021],[-74.13149404699993,4.628334702000075],[-74.13149432899996,4.628331904000049],[-74.13149904599999,4.628285718000029],[-74.13150157999996,4.628261353000028],[-74.13150355199997,4.628242428000021],[-74.13151805299998,4.628101399000059],[-74.13152326299996,4.628050764000022],[-74.13152685499995,4.628015523000045],[-74.13154541399996,4.627818312000045],[-74.13155041963127,4.627807214178771],[-74.13155668512262,4.62779677571145],[-74.13156412499995,4.62778713900002],[-74.13157588399997,4.62777561200005],[-74.1315881340614,4.627766798637033],[-74.13160153425002,4.627759857864889],[-74.13161580040448,4.627754936868046],[-74.13163062999996,4.627752140000041],[-74.13151520199995,4.627740585000026],[-74.13141293899997,4.627730348000057],[-74.13142695221356,4.627735109056848],[-74.13144012686874,4.627741851925481],[-74.13145218443535,4.627750434052509],[-74.13146286999995,4.627760674000058],[-74.13147283352423,4.62777367836102],[-74.1314805948179,4.627788105680261],[-74.13148595507711,4.62780358640509],[-74.13148877699996,4.627819724000062],[-74.13148392699998,4.627869973000031],[-74.13147794299994,4.627931413000056],[-74.13147519699999,4.627959449000059],[-74.13146731199998,4.6280408040000225],[-74.13146322799997,4.62808239900005],[-74.13146203099996,4.628095041000051],[-74.13146005999994,4.628114955000058],[-74.13145583599999,4.628157398000042],[-74.13145316099997,4.628184518000069],[-74.13144654199994,4.6282523130000754],[-74.13144365599999,4.628282185000046],[-74.13143902199994,4.628329762000021]]]},"properties":{"CALCODIGO":147267,"CALCIV":8005070,"CALFUNCION":1,"CALTSUPERF":2,"CALANCHO":6.94,"CALLONGITU":65.68,"OBJECTID":657668}},{"type":"Feature","id":658104,"geometry":{"type":"Polygon","coordinates":[[[-74.14290227899994,4.629253903000063],[-74.14297155399998,4.62926036500005],[-74.14297834699994,4.629187039000044],[-74.14297806599996,4.629179302000068],[-74.14299974199997,4.628945333000047],[-74.14303060999998,4.6286127740000325],[-74.14303200576366,4.62860432096095],[-74.14303465699999,4.628596174000052],[-74.14304095199998,4.628528361000065],[-74.14297760799997,4.628522442000076],[-74.14293668999994,4.628941642000029],[-74.14291388199996,4.629166998000073],[-74.14291201338594,4.629174000424553],[-74.14290933799998,4.629180736000023],[-74.14290227899994,4.629253903000063]]]},"properties":{"CALCODIGO":145627,"CALCIV":8004885,"CALFUNCION":1,"CALTSUPERF":2,"CALANCHO":7.08,"CALLONGITU":81.36,"OBJECTID":658104}},{"type":"Feature","id":658417,"geometry":{"type":"Polygon","coordinates":[[[-74.13111967299994,4.626594243000056],[-74.13117451699998,4.6265994750000345],[-74.13119442599998,4.626393846000042],[-74.13119717299998,4.626365810000038],[-74.13120597199998,4.626274498000043],[-74.13120998499994,4.62623473900004],[-74.13121618099996,4.626173228000027],[-74.13122631899995,4.626072948000058],[-74.13122962799997,4.626040390000071],[-74.13123392299997,4.625997878000021],[-74.13123807599999,4.625957199000027],[-74.13124237099998,4.625914757000032],[-74.13125145399994,4.625825210000073],[-74.13125461999994,4.6257935720000205],[-74.13125802399998,4.625748221000038],[-74.13125813999994,4.625746691000074],[-74.13126030654097,4.625733179842769],[-74.13126449146073,4.625720151730158],[-74.13127059849394,4.625707906346658],[-74.1312784871611,4.62569672537165],[-74.13128797599995,4.625686866000024],[-74.13129757662739,4.625679407509978],[-74.13130809733453,4.625673315232733],[-74.13131934499995,4.625668701000052],[-74.13123569699997,4.625658574000056],[-74.13117616799997,4.625651368000035],[-74.13114690799995,4.625647827000023],[-74.13115940391944,4.62565315008281],[-74.13117094175688,4.625660316778097],[-74.13118125153183,4.6256691593882815],[-74.13119009199994,4.625679471000069],[-74.13119628107124,4.625689172480639],[-74.13120116985232,4.625699589925061],[-74.13120467699997,4.625710550000065],[-74.13119880899995,4.625789050000037],[-74.13118768599998,4.62589844200005],[-74.13118226599994,4.625951761000067],[-74.13117881499994,4.625985234000041],[-74.13116769199996,4.62609278900004],[-74.13116015799994,4.626173227000038],[-74.13115501799996,4.626226617000043],[-74.13114495199994,4.626331417000074],[-74.13113129299995,4.626475200000073],[-74.13112889899998,4.626500483000029],[-74.13111967299994,4.626594243000056]]]},"properties":{"CALCODIGO":147262,"CALCIV":8005612,"CALFUNCION":1,"CALTSUPERF":2,"CALANCHO":6.47,"CALLONGITU":104.25,"OBJECTID":658417}},{"type":"Feature","id":658548,"geometry":{"type":"Polygon","coordinates":[[[-74.13775342399998,4.628460717999985],[-74.13783937199997,4.628467523999973],[-74.137838671,4.628462233999983],[-74.13783814800001,4.628452660999983],[-74.13785257199999,4.628291961000002],[-74.13777013100002,4.628285657999982],[-74.13776131399999,4.628370888999996],[-74.13775342399998,4.628460717999985]]]},"properties":{"CALCODIGO":522013,"CALCIV":8012420,"CALFUNCION":1,"CALTSUPERF":2,"CALANCHO":9.28,"CALLONGITU":19.46,"OBJECTID":658548}},{"type":"Feature","id":659092,"geometry":{"type":"Polygon","coordinates":[[[-74.13548772600001,4.628245348000007],[-74.13551889899998,4.628248514999996],[-74.13555633800001,4.628252318000023],[-74.13556670600002,4.628149128000018],[-74.13557416100002,4.628068890999998],[-74.13561937499998,4.627582270000005],[-74.135587848,4.627579320999985],[-74.13555461599998,4.627576211000019],[-74.13554637300001,4.627678474999982],[-74.13554637200002,4.627678544999981],[-74.13554630200002,4.627679365999995],[-74.13553494400003,4.627798077000023],[-74.13552761199998,4.627867510999977],[-74.13548772600001,4.628245348000007]]]},"properties":{"CALCODIGO":147297,"CALCIV":8005101,"CALFUNCION":1,"CALTSUPERF":2,"CALANCHO":7.32,"CALLONGITU":74.42,"OBJECTID":659092}},{"type":"Feature","id":659252,"geometry":{"type":"Polygon","coordinates":[[[-74.12862798499998,4.626855511000031],[-74.12872863599995,4.626865346000045],[-74.12871376999993,4.626857914000027],[-74.12870274526813,4.626850036648519],[-74.12869293108712,4.62684069431318],[-74.12868452051526,4.62683007077049],[-74.12867767899996,4.626818375000028],[-74.12867194203757,4.626803981011951],[-74.12866857099993,4.626788857000065],[-74.12870684799998,4.626394080000068],[-74.12870713499996,4.626391112000022],[-74.12871117799995,4.626349420000054],[-74.12864349699998,4.626342812000075],[-74.12860195099995,4.626768899000069],[-74.12860159899998,4.626772501000062],[-74.12859920499994,4.6267815400000245],[-74.1285979030082,4.6267920466551145],[-74.12859481121806,4.62680217215843],[-74.12859002199997,4.626811614000076],[-74.1285840797073,4.626819629096939],[-74.12857691099998,4.626826569000059],[-74.12856831899995,4.626832472000046],[-74.12856066782645,4.6268366058439945],[-74.12855265299999,4.626839981000046],[-74.12853876491123,4.626843822940969],[-74.12852444099997,4.626845393000053],[-74.12862798499998,4.626855511000031]]]},"properties":{"CALCODIGO":147254,"CALCIV":8005430,"CALFUNCION":1,"CALTSUPERF":2,"CALANCHO":8.15,"CALLONGITU":56.64,"OBJECTID":659252}},{"type":"Feature","id":659571,"geometry":{"type":"Polygon","coordinates":[[[-74.14205314999998,4.627133115999982],[-74.14172174499998,4.62726840800002],[-74.14164427200001,4.6273002870000255],[-74.14166697899998,4.6273523109999815],[-74.14168802299997,4.627400523999995],[-74.14216497500001,4.627208128000007],[-74.14214438200003,4.627159972000015],[-74.14212126500001,4.627105917999984],[-74.14205314999998,4.627133115999982]]]},"properties":{"CALCODIGO":145549,"CALCIV":8005214,"CALFUNCION":1,"CALTSUPERF":2,"CALANCHO":12.24,"CALLONGITU":57.09,"OBJECTID":659571}},{"type":"Feature","id":659686,"geometry":{"type":"Polygon","coordinates":[[[-74.13621887299996,4.632207848000064],[-74.13616914599999,4.6327472320000425],[-74.13616738363247,4.632754713551581],[-74.13616452186062,4.632761847261315],[-74.13616062509338,4.632768472573219],[-74.136155781034,4.632774440373608],[-74.13615009870612,4.632779616347188],[-74.13614370599998,4.632783884000048],[-74.13613671866277,4.632787149078452],[-74.13612931843299,4.6327893216846],[-74.13612167499997,4.632790352000029],[-74.13618976599997,4.632798194000031],[-74.13628767699998,4.632809466000026],[-74.13627585178094,4.632806621836182],[-74.13626462711764,4.632801938674045],[-74.13625428699999,4.632795535000071],[-74.1362448870979,4.632787367542022],[-74.13623692943881,4.632777789379773],[-74.1362306228949,4.632767051920382],[-74.13622613299998,4.632755437000071],[-74.13622331222794,4.632745905015947],[-74.13622184537945,4.632736073239313],[-74.13622176099994,4.632726133000062],[-74.13622858799994,4.632657419000054],[-74.13623774199993,4.632565187000068],[-74.13624161299998,4.632526347000066],[-74.13624872399998,4.632454949000021],[-74.13625519999994,4.632389837000062],[-74.13625914199997,4.632350077000069],[-74.13626174699993,4.632323877000033],[-74.13626505599996,4.63229040300007],[-74.13626850499998,4.632256081000037],[-74.13627279899998,4.632212649000053],[-74.13627807899996,4.632159332000072],[-74.13628553999996,4.6320843320000336],[-74.13628701999994,4.632069856000044],[-74.13628848199994,4.632055191000063],[-74.13623882499996,4.632050743000036],[-74.13621887299996,4.632207848000064]]]},"properties":{"CALCODIGO":151550,"CALCIV":8004237,"CALFUNCION":1,"CALTSUPERF":2,"CALANCHO":6.05,"CALLONGITU":82.86,"OBJECTID":659686}},{"type":"Feature","id":660238,"geometry":{"type":"Polygon","coordinates":[[[-74.13012962399995,4.632099035000067],[-74.13018885899999,4.6321053120000215],[-74.13019724499998,4.632025150000061],[-74.13020782399997,4.6319138630000225],[-74.13020958999994,4.631895278000059],[-74.13022402899998,4.631730032000064],[-74.13022593660682,4.631722928021435],[-74.13022857799996,4.631716063000056],[-74.13022980899996,4.631703728000048],[-74.13023631999994,4.631638580000072],[-74.13017721199998,4.6316326320000485],[-74.13016967699997,4.631704217000049],[-74.13016897399996,4.63171088200005],[-74.13017061699998,4.6317195190000575],[-74.13013902199998,4.632019717000048],[-74.13013708099999,4.6320281860000705],[-74.13012962399995,4.632099035000067]]]},"properties":{"CALCODIGO":151377,"CALCIV":8004331,"CALFUNCION":1,"CALTSUPERF":2,"CALANCHO":6.390000000000001,"CALLONGITU":51.88,"OBJECTID":660238}},{"type":"Feature","id":660519,"geometry":{"type":"Polygon","coordinates":[[[-74.14147322699995,4.633318474000021],[-74.14142704999995,4.63343868100003],[-74.14140201799995,4.633505944000035],[-74.14138924099996,4.63354027400004],[-74.1413869543765,4.633550851332501],[-74.14138598082071,4.633561629124387],[-74.14138633499994,4.633572445000027],[-74.14146329599998,4.633572417000039],[-74.14146225452141,4.633558159448798],[-74.1414635035436,4.63354391857844],[-74.14146701099997,4.633530060000055],[-74.14150897199994,4.633417724000026],[-74.14151169356765,4.633412855581788],[-74.14151488299996,4.633408280000026],[-74.14152011099998,4.633394366000061],[-74.14153908999998,4.633343874000047],[-74.14154858199998,4.633318621000058],[-74.14148289999997,4.6332932910000295],[-74.14147322699995,4.633318474000021]]]},"properties":{"CALCODIGO":151562,"CALCIV":8003954,"CALFUNCION":1,"CALTSUPERF":2,"CALANCHO":7.76,"CALLONGITU":31.62,"OBJECTID":660519}},{"type":"Feature","id":660582,"geometry":{"type":"Polygon","coordinates":[[[-74.13287516699995,4.63337210800006],[-74.13287590571244,4.63338121966507],[-74.13287521237422,4.633390334895045],[-74.13287310399994,4.633399230000066],[-74.13286958543975,4.6334077850358995],[-74.13286475499996,4.633415674000048],[-74.13293247099995,4.633360502000073],[-74.13298597799997,4.633316906000061],[-74.13298013502082,4.633319985947826],[-74.13297386157214,4.633322052424364],[-74.13296733199996,4.6333230480000225],[-74.13295969375918,4.6333236862609635],[-74.1329520444169,4.633323198755151],[-74.13294454899994,4.63332159600003],[-74.13293726275872,4.633318865126681],[-74.13293046226083,4.633315083564945],[-74.13292429799998,4.633310335000033],[-74.13291748432479,4.633304605409166],[-74.13291172599997,4.633297816000038],[-74.13281685299995,4.633176717000026],[-74.13273811799996,4.6330786010000224],[-74.13270693899995,4.633035954000036],[-74.13268072399995,4.632990040000038],[-74.13267742599999,4.632982384000059],[-74.13264045599993,4.63295167800004],[-74.13257926899996,4.633009271000049],[-74.13267308599995,4.633109622000063],[-74.13287091799998,4.633357765000028],[-74.13287350432029,4.6333647996894385],[-74.13287516699995,4.63337210800006]]]},"properties":{"CALCODIGO":473548,"CALCIV":8012499,"CALFUNCION":1,"CALTSUPERF":2,"CALANCHO":8.39,"CALLONGITU":55.22,"OBJECTID":660582}},{"type":"Feature","id":660645,"geometry":{"type":"Polygon","coordinates":[[[-74.14012328799998,4.629022428000042],[-74.14013041129863,4.629028907814743],[-74.14013651403542,4.629036356706318],[-74.14014146585875,4.629044615569907],[-74.14014516099996,4.629053508000027],[-74.14015129899997,4.628988992000075],[-74.14015879899995,4.628910165000036],[-74.14015548235878,4.628917418036531],[-74.14015107308794,4.628924063710144],[-74.14014567951726,4.62892993874567],[-74.14013943415948,4.628934898801437],[-74.14013249045458,4.628938822015587],[-74.14012501899998,4.628941612000062],[-74.14011839583726,4.628943033377305],[-74.1401116422318,4.628943558173358],[-74.14010487899998,4.628943177000053],[-74.13954397699996,4.628885120000064],[-74.13948618999996,4.628880044000027],[-74.1394820069249,4.628880090091398],[-74.13947789188217,4.628880842862764],[-74.13947396338925,4.628882280633531],[-74.1394703345908,4.628884361994415],[-74.13946710999994,4.628887027000076],[-74.1394649849218,4.628889395564889],[-74.13946318099994,4.628892017000055],[-74.13946207399994,4.628894087000049],[-74.13946078627409,4.628897381149252],[-74.1394599791595,4.628900824726301],[-74.13945966899996,4.628904348000049],[-74.13945821999994,4.628918472000066],[-74.13945768599996,4.628923686000064],[-74.13945500499995,4.628949834000025],[-74.13955096799998,4.628958394000051],[-74.13955766999999,4.628958327000021],[-74.13973195999995,4.628973872000074],[-74.13976654599998,4.628976857000055],[-74.13981752699993,4.628981267000029],[-74.13983044499997,4.628982597000061],[-74.13989232599994,4.628988987000071],[-74.13994036999998,4.628993941000033],[-74.14008727999999,4.629008615000032],[-74.14009695853913,4.629010001680236],[-74.14010632306749,4.629012812838436],[-74.14011516515505,4.629016985905574],[-74.14012328799998,4.629022428000042]]]},"properties":{"CALCODIGO":145556,"CALCIV":8004787,"CALFUNCION":1,"CALTSUPERF":2,"CALANCHO":7.78,"CALLONGITU":77.32000000000001,"OBJECTID":660645}},{"type":"Feature","id":661013,"geometry":{"type":"Polygon","coordinates":[[[-74.13359225599999,4.626893780000046],[-74.13359871915313,4.626902321390938],[-74.13360425999997,4.626911488000076],[-74.13360851669333,4.626920447763212],[-74.13361189299997,4.626929775000065],[-74.13362047899994,4.626843350000058],[-74.13362762699995,4.626771417000043],[-74.13362456639383,4.626777969317948],[-74.13362042935263,4.626783901018354],[-74.13361533799997,4.626789037000037],[-74.13361148041338,4.62679194496151],[-74.13360731399996,4.626794390000043],[-74.13360153999997,4.626796819000049],[-74.13358566753317,4.626803200806634],[-74.13356903066071,4.626807185418641],[-74.13355198927026,4.6268086866412235],[-74.13353491199996,4.626807672000041],[-74.13327828199994,4.626781134000055],[-74.13327110924315,4.626780181444814],[-74.13326404799994,4.6267786020000585],[-74.13317301099994,4.626769528000068],[-74.13316738199995,4.6268255890000205],[-74.13318026899998,4.626826884000025],[-74.13354956199998,4.626863697000033],[-74.13356545194199,4.62687122137381],[-74.13357982394984,4.626881348162417],[-74.13359225599999,4.626893780000046]]]},"properties":{"CALCODIGO":147222,"CALCIV":8005316,"CALFUNCION":1,"CALTSUPERF":2,"CALANCHO":6.67,"CALLONGITU":50.24,"OBJECTID":661013}},{"type":"Feature","id":661423,"geometry":{"type":"Polygon","coordinates":[[[-74.13058435299996,4.6276175290000765],[-74.13057699899997,4.627686079000057],[-74.13057602899994,4.6276928370000405],[-74.13057478099995,4.627701019000028],[-74.13057352199996,4.627715305000038],[-74.13058148730946,4.62770007240047],[-74.13059190725993,4.627686401157765],[-74.1306044834028,4.627674682844105],[-74.13061885553181,4.627665253095812],[-74.13063461199994,4.62765838200005],[-74.13065165799998,4.6276542270000505],[-74.13076731799998,4.627664654000057],[-74.13082805699997,4.627671296000074],[-74.13096541899995,4.627686853000057],[-74.13097364300029,4.62768871579058],[-74.13098141999996,4.627691975000062],[-74.13103969499997,4.627697501000057],[-74.13104511199998,4.627639981000073],[-74.13103962099996,4.6276394520000395],[-74.13087570599998,4.627622287000065],[-74.13085057999996,4.62761953100005],[-74.13083960099993,4.627617765000025],[-74.13079181299997,4.627613244000031],[-74.13064883899995,4.627599582000073],[-74.13063675001221,4.627594159654901],[-74.1306256866229,4.627586869465031],[-74.13061593499998,4.6275779000000625],[-74.13060855459135,4.627568682354877],[-74.13060255986419,4.627558508925738],[-74.13059807264459,4.627547586459232],[-74.1305951841228,4.62753613692404],[-74.13059395299996,4.627524393000044],[-74.13059297899997,4.627537122000035],[-74.13058435299996,4.6276175290000765]]]},"properties":{"CALCODIGO":147182,"CALCIV":8005097,"CALFUNCION":1,"CALTSUPERF":2,"CALANCHO":6.72,"CALLONGITU":51.14,"OBJECTID":661423}},{"type":"Feature","id":661806,"geometry":{"type":"Polygon","coordinates":[[[-74.139122052,4.632191121999995],[-74.13912124199999,4.632198872999993],[-74.13912089299998,4.632202208000024],[-74.14008041699998,4.632300725999983],[-74.14008072600001,4.632297455000014],[-74.14008168999999,4.632287255999984],[-74.14008679400001,4.632233266000014],[-74.13954647700001,4.632177764000005],[-74.13954130299999,4.632176441000013],[-74.139536405,4.632174307000014],[-74.13953191000002,4.632171416999995],[-74.13952792999999,4.632167845000026],[-74.139524569,4.6321636829999875],[-74.13952191200002,4.632159036000019],[-74.139520027,4.632154022999998],[-74.139518963,4.6321487739999725],[-74.13951874600002,4.632143421000023],[-74.13945135099999,4.632136206999974],[-74.13945888799998,4.632147509999982],[-74.13945878800001,4.632150550000006],[-74.13945819100002,4.632153532000018],[-74.139457112,4.632156375000022],[-74.13945558099999,4.6321590000000015],[-74.13945364099999,4.632161337000014],[-74.13945134300002,4.632163321000007],[-74.13944875200002,4.632164897999985],[-74.13944593600002,4.632166025999993],[-74.13944297500001,4.632166672999972],[-74.13943994700003,4.632166820999998],[-74.13912794100003,4.632134771999972],[-74.139122052,4.632191121999995]]]},"properties":{"CALCODIGO":473549,"CALCIV":8012520,"CALFUNCION":1,"CALTSUPERF":2,"CALANCHO":7.75,"CALLONGITU":107.03,"OBJECTID":661806}},{"type":"Feature","id":662003,"geometry":{"type":"Polygon","coordinates":[[[-74.12843459099997,4.633399463000046],[-74.12848042199994,4.6334286320000615],[-74.12852345499994,4.63336055700006],[-74.12855554099997,4.6332996050000474],[-74.12860936199996,4.633200028000033],[-74.12871503199995,4.632967551000036],[-74.12871678599998,4.6329643570000485],[-74.12872620492155,4.632955750710987],[-74.12873667118771,4.632948454029044],[-74.12874800399999,4.6329425930000525],[-74.12876075453462,4.632938061250282],[-74.12877401254765,4.632935352379743],[-74.12878751880396,4.632934519355232],[-74.12880100921448,4.632935578464953],[-74.12881421999998,4.6329385090000414],[-74.12871038399999,4.63289659000003],[-74.12861965099995,4.632859964000033],[-74.12860296299993,4.632853278000027],[-74.12861488750448,4.6328596668398445],[-74.12862583021604,4.632867620967523],[-74.12863558699996,4.632876992000035],[-74.12864526110644,4.632892139090864],[-74.12865240299993,4.632908632000067],[-74.12865656631527,4.632924545953713],[-74.12865837243439,4.6329408960316645],[-74.12865778299994,4.6329573350000715],[-74.12859352699996,4.6331082750000405],[-74.12852207399999,4.633249018000072],[-74.12848304399995,4.63332413400002],[-74.12847982373289,4.633329178455217],[-74.12847607299994,4.63333384200007],[-74.12843561999995,4.633397835000039],[-74.12843459099997,4.633399463000046]]]},"properties":{"CALCODIGO":151497,"CALCIV":8004086,"CALFUNCION":1,"CALTSUPERF":2,"CALANCHO":6.68,"CALLONGITU":63.96,"OBJECTID":662003}},{"type":"Feature","id":662292,"geometry":{"type":"Polygon","coordinates":[[[-74.13926568599999,4.626806188000046],[-74.13932059299998,4.62681184500002],[-74.13932658299996,4.626753306000069],[-74.13932648913102,4.626746266179787],[-74.13932753599994,4.626739304000068],[-74.13934630899996,4.626555848000066],[-74.13935679799994,4.626440100000025],[-74.13935753813347,4.626431870773252],[-74.13935960025472,4.626423869796632],[-74.13936292999995,4.626416308000046],[-74.13936770699996,4.626363137000055],[-74.13931362399995,4.626358245000063],[-74.13930827399997,4.626413189000061],[-74.13930854899996,4.626419120000037],[-74.13927852899997,4.626727445000029],[-74.13927705659532,4.626736809074805],[-74.13927405640784,4.626745800890357],[-74.13926961099997,4.626754173000052],[-74.13926568599999,4.626806188000046]]]},"properties":{"CALCODIGO":145740,"CALCIV":8005428,"CALFUNCION":1,"CALTSUPERF":2,"CALANCHO":5.73,"CALLONGITU":49.870000000000005,"OBJECTID":662292}},{"type":"Feature","id":662437,"geometry":{"type":"Polygon","coordinates":[[[-74.13941776999997,4.630345756000054],[-74.13942797699997,4.630346670000051],[-74.13990765499994,4.630389656000034],[-74.14002854699999,4.630400751000025],[-74.14003333799997,4.630401191000033],[-74.14005148399997,4.630402856000046],[-74.14005218116652,4.630403241187188],[-74.14005281097357,4.630403728786838],[-74.14005335850452,4.630404307250496],[-74.14005381079141,4.630404962877599],[-74.14005415712212,4.630405680140017],[-74.14005438929401,4.630406442049821],[-74.14005450180822,4.630407230561639],[-74.14005449199993,4.630408027000044],[-74.14006269099997,4.630325915000071],[-74.14004123399997,4.630323758000031],[-74.14001640099997,4.630321364000054],[-74.13999014899997,4.630318832000057],[-74.13981506199997,4.630302031000042],[-74.13978900999996,4.630299531000048],[-74.13978716099996,4.630299335000075],[-74.13964780699996,4.630285871000069],[-74.13952336099999,4.630273736000049],[-74.13942502199995,4.630264322000073],[-74.13941776999997,4.630345756000054]]]},"properties":{"CALCODIGO":91027024,"CALCIV":8014928,"CALFUNCION":1,"CALTSUPERF":2,"CALANCHO":8.81,"CALLONGITU":71.07000000000001,"OBJECTID":662437}},{"type":"Feature","id":662623,"geometry":{"type":"Polygon","coordinates":[[[-74.13213117599997,4.626689908999992],[-74.13216153100001,4.62669280199998],[-74.13219495200002,4.6266959879999945],[-74.13220515900002,4.626598253999987],[-74.13227301199998,4.625929310999993],[-74.13229528800002,4.625709707999988],[-74.13226019799998,4.625706123999976],[-74.13222764599999,4.625702799999999],[-74.13213117599997,4.626689908999992]]]},"properties":{"CALCODIGO":147780,"CALCIV":8005598,"CALFUNCION":1,"CALTSUPERF":2,"CALANCHO":7.34,"CALLONGITU":109.71000000000001,"OBJECTID":662623}},{"type":"Feature","id":662712,"geometry":{"type":"Polygon","coordinates":[[[-74.13056380299997,4.62707640800005],[-74.13063666699998,4.627083732000074],[-74.13064421799999,4.627009034000025],[-74.13064406399997,4.627004437000039],[-74.13064628499995,4.626981055000044],[-74.13068120599996,4.626613462000023],[-74.13068790399996,4.6265450940000505],[-74.13061991599994,4.626538608000033],[-74.13061329299995,4.626608501000021],[-74.13061345080399,4.626613611619842],[-74.13061309099999,4.626618712000038],[-74.13061073899996,4.626643535000028],[-74.13060348899995,4.626720062000061],[-74.13057996399993,4.626973815000042],[-74.1305763061696,4.626984241772682],[-74.13057142099996,4.626994153000055],[-74.13057003899996,4.627009084000065],[-74.13056380299997,4.62707640800005]]]},"properties":{"CALCODIGO":147258,"CALCIV":8005383,"CALFUNCION":1,"CALTSUPERF":2,"CALANCHO":7.58,"CALLONGITU":59.84,"OBJECTID":662712}},{"type":"Feature","id":663249,"geometry":{"type":"Polygon","coordinates":[[[-74.13850401299999,4.627273063000075],[-74.13850419286558,4.6272771979397564],[-74.13850506359472,4.627281244161273],[-74.13850660052634,4.627285087066294],[-74.13850876013099,4.6272886178148775],[-74.13851148124368,4.627291736408074],[-74.13851468679623,4.627294354520125],[-74.13851828599996,4.627296398000055],[-74.13852161299997,4.627297645000056],[-74.13860960699998,4.627307837000046],[-74.13861607499996,4.627308451000033],[-74.13862201699999,4.627245124000069],[-74.13862232414641,4.627243238111941],[-74.13862291938247,4.627241422455863],[-74.13862378837256,4.627239720759895],[-74.13862491018803,4.62723817400749],[-74.13862625781121,4.627236819450463],[-74.13862779878608,4.627235689711814],[-74.13862949599996,4.62723481200004],[-74.13863138052567,4.6272341926627965],[-74.13863334036212,4.62723388597596],[-74.13863532399995,4.6272339000000215],[-74.13873292799997,4.62724128900004],[-74.13873669249631,4.627242166233769],[-74.13874035599997,4.627243399000065],[-74.13879070399997,4.627248626000039],[-74.13879647499994,4.627192649000051],[-74.13871918099994,4.627185002000033],[-74.13853065599994,4.627168331000064],[-74.13852978899996,4.627168254000026],[-74.13852739391453,4.627168309970275],[-74.13852503905014,4.627168750629434],[-74.13852278578689,4.627169564491604],[-74.1385206928567,4.627170730343259],[-74.13851881481233,4.6271722177961765],[-74.13851720060546,4.627173988079514],[-74.13851589231085,4.627175995050381],[-74.13851492402951,4.627178186396566],[-74.13851432099995,4.627180505000069],[-74.13850928699998,4.62722571200004],[-74.13850401299999,4.627273063000075]]]},"properties":{"CALCODIGO":145723,"CALCIV":8005216,"CALFUNCION":1,"CALTSUPERF":2,"CALANCHO":6.26,"CALLONGITU":31.330000000000002,"OBJECTID":663249}},{"type":"Feature","id":663646,"geometry":{"type":"Polygon","coordinates":[[[-74.13762659599996,4.628501699000026],[-74.13773106399998,4.628512062000027],[-74.13773341499996,4.628513441000052],[-74.13774329399996,4.628524520000042],[-74.13774639299999,4.628540759000032],[-74.13775205799999,4.628476265000074],[-74.13775304899997,4.62846498600004],[-74.13775342399998,4.628460718000042],[-74.13776131399999,4.628370889000053],[-74.13775687899994,4.628384036000057],[-74.13775686899999,4.62838406700007],[-74.13775049299994,4.628396364000025],[-74.13775046699999,4.628396409000061],[-74.13774229899997,4.628407573000061],[-74.13774226099997,4.628407623000044],[-74.13773248499996,4.62841740500005],[-74.13773244199996,4.628417445000025],[-74.13772126599997,4.628425630000038],[-74.13772124099995,4.628425647000029],[-74.13770892299993,4.628432033000024],[-74.1376927376766,4.628436133857982],[-74.137676147827,4.628438020287685],[-74.13765945499995,4.628437658000053],[-74.13726229399998,4.628397866000057],[-74.13725988499993,4.628422271000034],[-74.13725615899995,4.628460033000067],[-74.13725567799997,4.628464907000023],[-74.13762659599996,4.628501699000026]]]},"properties":{"CALCODIGO":147309,"CALCIV":8004917,"CALFUNCION":1,"CALTSUPERF":2,"CALANCHO":7.84,"CALLONGITU":54.96,"OBJECTID":663646}},{"type":"Feature","id":663703,"geometry":{"type":"Polygon","coordinates":[[[-74.13157675000002,4.632322150999983],[-74.13157753399997,4.632325530999992],[-74.13157730699999,4.632327760999999],[-74.13155544,4.632542578000027],[-74.13154677099999,4.6326277430000005],[-74.131538395,4.63271333199998],[-74.13156762300002,4.632715698000027],[-74.13159749200003,4.632718113999999],[-74.13160693700002,4.632631093999976],[-74.13164221900001,4.632336370000019],[-74.131652035,4.632250716999977],[-74.13161771900002,4.632247273000019],[-74.13158358800001,4.632243847999973],[-74.13157675000002,4.632322150999983]]]},"properties":{"CALCODIGO":151392,"CALCIV":8004197,"CALFUNCION":1,"CALTSUPERF":2,"CALANCHO":7,"CALLONGITU":52.120000000000005,"OBJECTID":663703}},{"type":"Feature","id":663710,"geometry":{"type":"Polygon","coordinates":[[[-74.14366920099997,4.6292940880000515],[-74.14372973999997,4.6292999570000575],[-74.14372247975373,4.629296216585354],[-74.1437158939452,4.629291386574632],[-74.14371014470568,4.629285585874465],[-74.14370537357155,4.62927895728813],[-74.14370169799997,4.6292716640000435],[-74.14369900140251,4.629263004149897],[-74.14369784144148,4.629254008643641],[-74.14369825299997,4.629244948000064],[-74.14372226199998,4.629006823000054],[-74.14374715399998,4.62874421500004],[-74.14375300399996,4.628673168000034],[-74.14375425238507,4.628667133148743],[-74.14375630099994,4.628661321000038],[-74.14376147999997,4.628605592000042],[-74.14370846999998,4.62860063200003],[-74.14370241299997,4.62866225700003],[-74.14370322245641,4.628667078445947],[-74.14370359699996,4.628671953000037],[-74.14370363299997,4.628672875000063],[-74.14368315599995,4.628877872000032],[-74.14364931699998,4.629239734000066],[-74.14364871325256,4.629246274090143],[-74.14364726165265,4.629252679568022],[-74.14364498699996,4.6292588410000235],[-74.14364094008836,4.629266205069377],[-74.14363571612917,4.6292727866543935],[-74.14362946292671,4.629278399538689],[-74.14362235740629,4.6292828849138585],[-74.14361460060825,4.629286115872731],[-74.14360641199994,4.62928800100002],[-74.14366920099997,4.6292940880000515]]]},"properties":{"CALCODIGO":145633,"CALCIV":8004862,"CALFUNCION":1,"CALTSUPERF":2,"CALANCHO":5.7700000000000005,"CALLONGITU":76.78,"OBJECTID":663710}},{"type":"Feature","id":663714,"geometry":{"type":"Polygon","coordinates":[[[-74.14312342599999,4.626703797000005],[-74.14314108999997,4.626748168999995],[-74.14316360599997,4.626804728000025],[-74.143252313,4.626768089999985],[-74.14325333099998,4.6267676649999885],[-74.14325434900002,4.626767249000011],[-74.14325537600001,4.626766859999975],[-74.14325640300001,4.626766481000004],[-74.14325743,4.626766127999986],[-74.14325849300002,4.626765784999975],[-74.14325952899998,4.626765467999974],[-74.14326059199999,4.62676516099998],[-74.14326163700002,4.6267648809999855],[-74.14326269999998,4.626764610000009],[-74.14326377200001,4.6267643649999854],[-74.143450642,4.626687934000017],[-74.14342974200002,4.626636701999985],[-74.14341006500001,4.6265884700000015],[-74.14312342599999,4.626703797000005]]]},"properties":{"CALCODIGO":145552,"CALCIV":8005362,"CALFUNCION":1,"CALTSUPERF":2,"CALANCHO":11.96,"CALLONGITU":34.34,"OBJECTID":663714}},{"type":"Feature","id":663744,"geometry":{"type":"Polygon","coordinates":[[[-74.13172233299997,4.630842528000073],[-74.13175515099994,4.630845038000075],[-74.13176280799996,4.6308456230000274],[-74.13180100199997,4.630848545000049],[-74.13180805299999,4.630772317000037],[-74.13180719044279,4.630765603830627],[-74.13180691699995,4.630758841000045],[-74.13184202199994,4.630430653000076],[-74.13184550799997,4.630422944000031],[-74.13185219899998,4.630416595000042],[-74.13185994999998,4.630409240000063],[-74.13186447699997,4.630407050000031],[-74.13187014499994,4.630404308000038],[-74.13180797599995,4.630398137000043],[-74.13175051999997,4.6303924340000435],[-74.13175173699995,4.630393674000061],[-74.13175881699993,4.630400895000037],[-74.13176165082731,4.6304034216261405],[-74.1317640483664,4.630406365471153],[-74.13176594900365,4.630409652110047],[-74.13176730468794,4.630413198451433],[-74.13176808114545,4.630416914838233],[-74.13176825874615,4.630420707314354],[-74.13176783299997,4.630424480000045],[-74.13176780799995,4.630424706000042],[-74.13173242999994,4.630756328000075],[-74.13173137903462,4.630762615528927],[-74.13172971399996,4.630768769000042],[-74.13172233299997,4.630842528000073]]]},"properties":{"CALCODIGO":151388,"CALCIV":8004516,"CALFUNCION":1,"CALTSUPERF":3,"CALANCHO":8.45,"CALLONGITU":49.77,"OBJECTID":663744}},{"type":"Feature","id":664029,"geometry":{"type":"Polygon","coordinates":[[[-74.13293247099995,4.633360502000073],[-74.13296716999997,4.633403711000028],[-74.13300180099998,4.633374743000047],[-74.13357908999996,4.632907481000075],[-74.13362797904439,4.632867912066527],[-74.13368010799996,4.632832721000057],[-74.13369406899994,4.632824366000023],[-74.13380952999995,4.632755270000075],[-74.13398632099995,4.632677398000055],[-74.13406080599998,4.632684222000023],[-74.13407282199995,4.632579744000054],[-74.13403898399997,4.632575824000071],[-74.13403339138455,4.632585707256985],[-74.13402620046512,4.6325944962724055],[-74.13401762045933,4.632601935332515],[-74.13400790099996,4.632607808000046],[-74.13380696399997,4.632699646000049],[-74.13373374663539,4.632736402654246],[-74.13366332199996,4.632778262000045],[-74.13359243999997,4.632827718000044],[-74.1334806805189,4.632913195781984],[-74.13337114299998,4.6330015030000595],[-74.13337105899996,4.633001573000058],[-74.13334984499994,4.633019218000072],[-74.13333185499994,4.633034181000028],[-74.13333140299994,4.63303455700003],[-74.13324624999996,4.633105386000068],[-74.13324310299998,4.633107758000051],[-74.13318588099997,4.633154379000075],[-74.13298995699995,4.633314005000045],[-74.13298597799997,4.633316906000061],[-74.13293247099995,4.633360502000073]]]},"properties":{"CALCODIGO":151519,"CALCIV":8004092,"CALFUNCION":1,"CALTSUPERF":2,"CALANCHO":6.3100000000000005,"CALLONGITU":150.92000000000002,"OBJECTID":664029}},{"type":"Feature","id":664945,"geometry":{"type":"Polygon","coordinates":[[[-74.14228681699996,4.627900623000073],[-74.14229320761069,4.627906401062901],[-74.14229860184945,4.627913118808342],[-74.1423028633986,4.627920606472484],[-74.1423058845647,4.627928674834828],[-74.14230758899998,4.62793712000007],[-74.14231330399997,4.62787905600004],[-74.14232028099997,4.6278081760000305],[-74.14231688841535,4.62781574324912],[-74.1423123261978,4.627822668497148],[-74.14230671244167,4.627828772482026],[-74.14230019246071,4.6278338972003015],[-74.14229293502653,4.627837909997129],[-74.14228512799997,4.627840707000075],[-74.14227689281972,4.627842215171256],[-74.14226852199994,4.62784236400006],[-74.14221538399994,4.627836217000038],[-74.14219780399998,4.62783446800006],[-74.14216934099994,4.627831636000053],[-74.14212328799994,4.627827051000054],[-74.14207724399995,4.627822458000026],[-74.14203120099995,4.627817875000062],[-74.14198517499995,4.627813283000023],[-74.14193913099996,4.627808708000032],[-74.14189308799996,4.627804118000029],[-74.14184995399995,4.627799822000043],[-74.14181816199994,4.62779665100004],[-74.14178636999998,4.627793478000058],[-74.14175899099996,4.627790743000048],[-74.14175399999993,4.6278442550000705],[-74.14180912999996,4.627849432000062],[-74.14181677857182,4.627847783840579],[-74.14182459099999,4.627847356000075],[-74.14185186399999,4.6278502350000394],[-74.14186897099995,4.627851810000038],[-74.14188608799998,4.627853390000041],[-74.14190320399996,4.62785496500004],[-74.14192031199997,4.627856545000043],[-74.14193742799995,4.627858120000042],[-74.14195453599996,4.6278597000000445],[-74.14197166199995,4.627861275000043],[-74.14198876899997,4.627862855000046],[-74.14200587699997,4.627864428000066],[-74.14202299299996,4.627866010000048],[-74.14204010099996,4.627867583000068],[-74.14204394799998,4.627867938000065],[-74.14204778499999,4.627868290000038],[-74.14205162299999,4.627868643000056],[-74.14205546099998,4.627869002000068],[-74.14205929899998,4.62786935500003],[-74.14206313599993,4.627869708000048],[-74.14206697399999,4.627870060000021],[-74.14207081199999,4.627870422000058],[-74.14207464899994,4.627870765000068],[-74.14207848699994,4.62787111800003],[-74.14208232499993,4.627871479000021],[-74.14209477499998,4.627872772000046],[-74.14211045899998,4.627874427000052],[-74.14212614299998,4.6278760830000465],[-74.14214182799998,4.627877728000044],[-74.14215750299996,4.627879380000024],[-74.14217318699997,4.62788103500003],[-74.14218886899994,4.627882689000046],[-74.14220455499998,4.627884345000041],[-74.14222023999997,4.627885991000028],[-74.14223591499996,4.627887643000065],[-74.14225615799995,4.627889511000035],[-74.14226437586532,4.627890477160713],[-74.14227234874458,4.6278926907492535],[-74.14227988844533,4.627896099515961],[-74.14228681699996,4.627900623000073]]]},"properties":{"CALCODIGO":145587,"CALCIV":8005051,"CALFUNCION":1,"CALTSUPERF":2,"CALANCHO":5.67,"CALLONGITU":62.2,"OBJECTID":664945}},{"type":"Feature","id":665154,"geometry":{"type":"Polygon","coordinates":[[[-74.14231086999996,4.627456162000044],[-74.14230122602987,4.62745720325807],[-74.1422918908446,4.627459838536718],[-74.14228312599994,4.627463994000038],[-74.1422756935531,4.62746912946705],[-74.14226914356638,4.627475351360763],[-74.14226363326482,4.627482510331646],[-74.14225929491698,4.627490434536683],[-74.14225623266002,4.627498933764276],[-74.14225451999994,4.627507804000061],[-74.1422531027481,4.627520183453293],[-74.14225380721753,4.627532623838655],[-74.1422566129655,4.6275447641534555],[-74.1422614385731,4.627556252102635],[-74.14226814400791,4.627566754321879],[-74.14227653468754,4.627575966051383],[-74.14228636712613,4.627583619979562],[-74.14229735599997,4.627589494000063],[-74.14230515056417,4.627591331466491],[-74.14231253056951,4.627594440652098],[-74.14231929013002,4.6275987348174175],[-74.14232524066875,4.627604094164646],[-74.14233021617873,4.627610369179739],[-74.14233407785413,4.627617384803525],[-74.14233671796265,4.627624945315473],[-74.14233806285107,4.627632839793867],[-74.14233807499994,4.6276408480000555],[-74.14233750799997,4.6276467070000535],[-74.14233693099999,4.627652564000073],[-74.14233635499994,4.627658429000064],[-74.14233578699998,4.627664289000052],[-74.14233520999994,4.627670144000035],[-74.14233464299997,4.627676002000044],[-74.14233406599999,4.627681860000052],[-74.14233348999994,4.627687717000072],[-74.14233292199998,4.627693584000042],[-74.14233234499994,4.6276994340000215],[-74.14233177799997,4.62770529900007],[-74.14233120099993,4.62771116600004],[-74.14233063399996,4.627717023000059],[-74.14233005699998,4.627722883000047],[-74.14232947999994,4.627728740000066],[-74.14232891299997,4.627734596000039],[-74.14232833599993,4.6277404640000555],[-74.14232776899996,4.627746320000028],[-74.14232719199998,4.627752178000037],[-74.14232662499995,4.627758035000056],[-74.14232604799997,4.6277639020000265],[-74.14232547099994,4.627769760000035],[-74.14232490399996,4.627775617000054],[-74.14232432699998,4.627781475000063],[-74.14232375999995,4.627787334000061],[-74.14232286199996,4.627797347000069],[-74.1423218632423,4.627802831034353],[-74.14232028099997,4.6278081760000305],[-74.14231330399997,4.62787905600004],[-74.14236432599995,4.62788411300005],[-74.14237043499998,4.627821685000072],[-74.142369690183,4.627816877036886],[-74.14236950869788,4.627812015110779],[-74.14236989299997,4.627807165000036],[-74.14237652399999,4.627744777000032],[-74.14238504499997,4.6276649940000425],[-74.14239355999996,4.627585201000045],[-74.14239901999997,4.6275334590000625],[-74.14239966727405,4.627523040423115],[-74.1423986865753,4.627512647928739],[-74.14239610176271,4.6275025343510725],[-74.14239197572098,4.627492945738613],[-74.14238640883062,4.627484115368227],[-74.14237953652592,4.627476258069867],[-74.14237152599998,4.6274695650000695],[-74.14236392605389,4.6274649034181605],[-74.14235577099998,4.62746130000005],[-74.14234783558379,4.627458961603637],[-74.14233967099995,4.627457628000059],[-74.14231086999996,4.627456162000044]]]},"properties":{"CALCODIGO":145614,"CALCIV":8005135,"CALFUNCION":1,"CALTSUPERF":2,"CALANCHO":5.36,"CALLONGITU":45.72,"OBJECTID":665154}},{"type":"Feature","id":665561,"geometry":{"type":"Polygon","coordinates":[[[-74.13060048099999,4.630495407000069],[-74.13065557799996,4.630500601000051],[-74.13072022499995,4.630506719000039],[-74.13074379399995,4.630508950000035],[-74.13074625499996,4.63048485500002],[-74.13074765699997,4.630471126000032],[-74.13074817099994,4.630466090000027],[-74.13074923599999,4.630455668000025],[-74.13075120899998,4.630436350000025],[-74.13074933809177,4.630439665178836],[-74.13074698385854,4.630442656548755],[-74.13074420128744,4.630445254241218],[-74.13074105537017,4.630447397582675],[-74.13073761958502,4.63044903651172],[-74.1307339741806,4.630450132748361],[-74.1307302043016,4.630450660688116],[-74.13072639799998,4.6304506080000465],[-74.13071243799999,4.630448983000065],[-74.13062752699994,4.630440609000061],[-74.13062391407207,4.630440063142118],[-74.13062043168696,4.630438956705187],[-74.1306171662548,4.630437317143837],[-74.13061419880235,4.630435185141324],[-74.13061160296252,4.630432613600093],[-74.13060944314718,4.630429666329083],[-74.1306077729489,4.630426416460403],[-74.13060663381115,4.630422944634671],[-74.13060605399994,4.630419337000035],[-74.13060428399996,4.6304434950000655],[-74.13060366599996,4.63045192800007],[-74.13060048099999,4.630495407000069]]]},"properties":{"CALCODIGO":91021119,"CALCIV":8013652,"CALFUNCION":1,"CALTSUPERF":4,"CALANCHO":6.45,"CALLONGITU":16.06,"OBJECTID":665561}},{"type":"Feature","id":665822,"geometry":{"type":"Polygon","coordinates":[[[-74.12903984499997,4.632961542000032],[-74.12911953399998,4.632994394000036],[-74.12911158396054,4.632988345815401],[-74.12910450099997,4.632981302000076],[-74.12909685389356,4.632970963740641],[-74.12909106185063,4.6329594828833915],[-74.12908729113853,4.632947188999756],[-74.12908564999998,4.632934435000038],[-74.12908759999993,4.632915470000057],[-74.12908745699997,4.632912043000033],[-74.12908803362433,4.632898403958587],[-74.12909042599995,4.632884964000027],[-74.12910399899994,4.632752980000021],[-74.12910407599998,4.632752229000062],[-74.12912231699994,4.632574852000062],[-74.12912413816977,4.6325672611651045],[-74.12912670499998,4.632559889000049],[-74.12913515799994,4.632476601000064],[-74.12906725899995,4.632469664000041],[-74.12905646499996,4.632576008000058],[-74.12903176799995,4.632865480000021],[-74.1290309166956,4.632871658446244],[-74.12902949899996,4.632877732000054],[-74.12902865679096,4.632886615808058],[-74.12902640860509,4.632895251606858],[-74.12902281198788,4.632903418350719],[-74.12901795899995,4.632910907000053],[-74.1290125035521,4.632917018106214],[-74.12900620708831,4.632922258533043],[-74.12899920710099,4.63292651384821],[-74.12899165644502,4.632929691130732],[-74.12898371999995,4.632931721000034],[-74.12897639839207,4.63293252438119],[-74.12896903499995,4.632932346000075],[-74.12903984499997,4.632961542000032]]]},"properties":{"CALCODIGO":151369,"CALCIV":8004157,"CALFUNCION":1,"CALTSUPERF":2,"CALANCHO":7.42,"CALLONGITU":54.84,"OBJECTID":665822}},{"type":"Feature","id":665827,"geometry":{"type":"Polygon","coordinates":[[[-74.14146769599995,4.633243581000045],[-74.14147175099998,4.6332443340000395],[-74.14147563699998,4.633245720000048],[-74.14147925499998,4.633247705000031],[-74.14148251599994,4.633250240000052],[-74.14148533499997,4.63325326000006],[-74.14148764399994,4.6332566890000635],[-74.14148938199997,4.633260441000061],[-74.14149050799995,4.633264423000071],[-74.14149099199994,4.633268532000045],[-74.14149082299997,4.633272667000028],[-74.14148289999997,4.6332932910000295],[-74.14154858199998,4.633318621000058],[-74.14156347899996,4.633278993000033],[-74.1415645928372,4.633274480183711],[-74.14156629799999,4.633270156000037],[-74.14177264099999,4.632721213000025],[-74.14180281999995,4.63264242300005],[-74.14182358399995,4.632588215000055],[-74.14192757699993,4.632316721000052],[-74.14195609499995,4.6322422690000735],[-74.14206104899995,4.631968265000069],[-74.14206855599997,4.631948667000074],[-74.14200518499996,4.63192422700007],[-74.14197265799999,4.6320091830000365],[-74.14197058399998,4.63201133900003],[-74.14196818899995,4.632013129000029],[-74.14196553699998,4.632014507000065],[-74.14196269799999,4.632015437000064],[-74.14195974599994,4.632015893000073],[-74.14195675999997,4.632015864000039],[-74.14195381699994,4.632015351000064],[-74.14193542599997,4.632008086000042],[-74.14193448999998,4.632010473000037],[-74.14192241499995,4.6320412490000535],[-74.14192146799996,4.632043663000047],[-74.14193879999993,4.6320505090000665],[-74.14194209699997,4.632053719000055],[-74.14194484799998,4.632057409000026],[-74.14194698499995,4.6320614880000335],[-74.14194845499998,4.632065855000064],[-74.14194921999996,4.6320703990000425],[-74.14164384199995,4.632868012000074],[-74.14164382399997,4.632868059000032],[-74.14153866399994,4.633148126000037],[-74.14151946199996,4.633198112000059],[-74.14151688999993,4.63320148300005],[-74.14151380099997,4.6332043840000665],[-74.14151027899999,4.633206736000034],[-74.14150641999998,4.63320847600005],[-74.14150232799994,4.633209556000054],[-74.14149811499993,4.633209946000022],[-74.14149389499994,4.63320963700005],[-74.14148978299994,4.6332086370000525],[-74.14148589099995,4.633206972000039],[-74.14148232499997,4.633204689000024],[-74.14146769599995,4.633243581000045]]]},"properties":{"CALCODIGO":151561,"CALCIV":8004215,"CALFUNCION":1,"CALTSUPERF":2,"CALANCHO":7.8100000000000005,"CALLONGITU":162.17000000000002,"OBJECTID":665827}},{"type":"Feature","id":665890,"geometry":{"type":"Polygon","coordinates":[[[-74.14367427599996,4.629367024000032],[-74.14373733299993,4.629373759000032],[-74.14374475899996,4.62930374900003],[-74.14374408899994,4.62930367000007],[-74.14373678106249,4.62930232917314],[-74.14372973999997,4.6292999570000575],[-74.14366920099997,4.6292940880000515],[-74.14366254099997,4.629363255000044],[-74.14366851341917,4.629364812828014],[-74.14367427599996,4.629367024000032]]]},"properties":{"CALCODIGO":145563,"CALCIV":8004693,"CALFUNCION":1,"CALTSUPERF":2,"CALANCHO":6.5600000000000005,"CALLONGITU":10.19,"OBJECTID":665890}},{"type":"Feature","id":666028,"geometry":{"type":"Polygon","coordinates":[[[-74.13777013100002,4.628285657999982],[-74.13785257199999,4.628291961000002],[-74.13786974599998,4.628100618000019],[-74.13789377500001,4.627867544000026],[-74.13791888600002,4.627624056999991],[-74.13793162500002,4.627575072000013],[-74.13793998599999,4.627464717999999],[-74.13793986799999,4.627464939999982],[-74.13793981499998,4.627465039000015],[-74.1379397,4.627465234999988],[-74.13793968200002,4.627465261999987],[-74.13793962199998,4.627465346999998],[-74.137939458,4.6274655589999725],[-74.1379394,4.627465633999975],[-74.13793934,4.627465702999984],[-74.13793920900002,4.6274658350000095],[-74.13793914799999,4.62746589599999],[-74.137938937,4.627466088000006],[-74.13793891199998,4.627466109000011],[-74.13793887700001,4.627466136999999],[-74.137938636,4.627466305999974],[-74.13793858000003,4.627466346000006],[-74.137938426,4.627466443000003],[-74.137938319,4.6274665000000255],[-74.137938265,4.627466527000024],[-74.13793798299997,4.627466659999982],[-74.137937937,4.627466680999987],[-74.137937894,4.627466697999978],[-74.13793763199999,4.6274667829999885],[-74.13793759200001,4.627466794999975],[-74.13793732900001,4.62746686600002],[-74.13793727400002,4.627466877000018],[-74.13793724099997,4.627466883000011],[-74.13793688200002,4.627466932999994],[-74.13793674700003,4.627466944999981],[-74.137936691,4.627466944999981],[-74.137936519,4.627466946000027],[-74.13793615700001,4.627466933999983],[-74.13793579600002,4.627466873000003],[-74.137935573,4.6274668259999885],[-74.13793544100002,4.627466786000014],[-74.13793509599998,4.627466663999996],[-74.13793501100002,4.627466630000015],[-74.137934766,4.627466506000019],[-74.137934487,4.627466348999974],[-74.137934449,4.6274663230000215],[-74.13793415599997,4.627466104000007],[-74.13793413500002,4.627466087000016],[-74.137934014,4.627465986000004],[-74.137933884,4.627465858999983],[-74.13793386200001,4.627465835999999],[-74.137933632,4.627465592000021],[-74.137933605,4.627465560000019],[-74.13793341500002,4.627465298000004],[-74.13793339099999,4.627465260000008],[-74.13793326400003,4.627465066000013],[-74.13793322100003,4.627464986999996],[-74.13793319899997,4.627464941000028],[-74.13793306100001,4.627464655999972],[-74.13793303900002,4.627464605],[-74.13793300700002,4.627464529000008],[-74.13793293399999,4.627464310999983],[-74.13793291799999,4.627464253000028],[-74.13793283299998,4.627463959000011],[-74.13793297699999,4.627461843999981],[-74.13794802400002,4.627320339999983],[-74.137967677,4.627145208999991],[-74.13788567,4.627138172000002],[-74.13787216200001,4.627233043999979],[-74.13785211499999,4.627492956000026],[-74.137813381,4.627867542999979],[-74.13777013100002,4.628285657999982]]]},"properties":{"CALCODIGO":521623,"CALCIV":8005215,"CALFUNCION":1,"CALTSUPERF":2,"CALANCHO":9.05,"CALLONGITU":127.56,"OBJECTID":666028}},{"type":"Feature","id":666517,"geometry":{"type":"Polygon","coordinates":[[[-74.12939306599998,4.630163148000008],[-74.12954511200002,4.6301718089999895],[-74.13030382400001,4.630247123000004],[-74.13030961300001,4.630199659000027],[-74.130289317,4.630197649000024],[-74.13008224499998,4.630177316000015],[-74.12969998,4.630138142000021],[-74.12943570099998,4.630112424999993],[-74.12933685299998,4.630101970999988],[-74.129335449,4.630101819999993],[-74.12932079400002,4.630100244999994],[-74.129317329,4.6301526519999925],[-74.12933275400002,4.6301547890000165],[-74.12939306599998,4.630163148000008]]]},"properties":{"CALCODIGO":151410,"CALCIV":8013656,"CALFUNCION":1,"CALTSUPERF":5,"CALANCHO":5.43,"CALLONGITU":110.16,"OBJECTID":666517}},{"type":"Feature","id":666525,"geometry":{"type":"Polygon","coordinates":[[[-74.13034872699996,4.62887070000005],[-74.13035597054352,4.628872510561365],[-74.13036281010163,4.628875505139872],[-74.13036905365341,4.628879599662655],[-74.13037452591087,4.628884679175811],[-74.13037907324015,4.628890601071793],[-74.13038256797478,4.628897199093118],[-74.13038491199995,4.628904288000058],[-74.13039001199996,4.628846726000063],[-74.13039018199999,4.6288448080000535],[-74.13039475099998,4.6287932540000725],[-74.13039058632518,4.628799987380614],[-74.13038541118725,4.62880597911469],[-74.13037935529506,4.628811079026414],[-74.13037257043256,4.628815159292392],[-74.13036522665445,4.6288181176454755],[-74.13035750802408,4.6288198799379625],[-74.13034960799996,4.628820402000031],[-74.13034687199996,4.628820119000068],[-74.13000816299996,4.628785117000064],[-74.13000250599998,4.628782552000075],[-74.12993593599998,4.628775875000031],[-74.12993553999996,4.628775835000056],[-74.12993305199996,4.6288007640000615],[-74.12993027999994,4.628828548000058],[-74.12997092399996,4.628832698000053],[-74.13002476499997,4.628838208000047],[-74.13010330999998,4.628846262000025],[-74.13012012999997,4.62884802800005],[-74.13013645799998,4.628849653000032],[-74.13015053499998,4.628851065000049],[-74.13025335999998,4.628861591000032],[-74.13032535899998,4.628867456000023],[-74.13033091999995,4.62886787900004],[-74.13034830399994,4.628870634000066],[-74.13034872699996,4.62887070000005]]]},"properties":{"CALCODIGO":147174,"CALCIV":8004821,"CALFUNCION":1,"CALTSUPERF":2,"CALANCHO":5.82,"CALLONGITU":50.980000000000004,"OBJECTID":666525}},{"type":"Feature","id":666690,"geometry":{"type":"Polygon","coordinates":[[[-74.12824462199995,4.6314517780000415],[-74.12824813847989,4.631458347153075],[-74.12825068494041,4.631465349648458],[-74.12825220961132,4.631472643123718],[-74.12825268149568,4.631480079300686],[-74.12825209099998,4.631487507000031],[-74.12828058599996,4.6314184050000335],[-74.12830050199995,4.63137010500003],[-74.12829658139798,4.631375176392361],[-74.12829191381276,4.631379570000018],[-74.12828661481191,4.631383177038968],[-74.12828081559664,4.631385908200318],[-74.1282746597533,4.631387695861565],[-74.12826829969819,4.631388495760906],[-74.12826189290382,4.631388288093141],[-74.12825559799995,4.631387078000046],[-74.12825022899995,4.631385184000067],[-74.12790722399996,4.631248310000046],[-74.12790336197963,4.631245660801142],[-74.12789981899994,4.6312425980000285],[-74.12789521487922,4.631237340757792],[-74.12789154288545,4.631231394920142],[-74.12788890399997,4.631224924000037],[-74.12787314799994,4.631262855000045],[-74.12785133199998,4.631315375000042],[-74.12785391440293,4.631310483656135],[-74.12785728536109,4.6313060983749175],[-74.12786134814233,4.63130234499526],[-74.12786598616215,4.631299331223149],[-74.12787106632918,4.631297143540991],[-74.12787644286428,4.6312958447259325],[-74.12788196148382,4.631295472048427],[-74.12788746382698,4.63129603620273],[-74.12789279199995,4.631297521000022],[-74.12806036699999,4.631364103000067],[-74.12822325299999,4.631432697000037],[-74.12822954618922,4.631436296734373],[-74.12823527751792,4.63144073680073],[-74.1282403355654,4.631445930881372],[-74.12824462199995,4.6314517780000415]]]},"properties":{"CALCODIGO":151423,"CALCIV":8004404,"CALFUNCION":1,"CALTSUPERF":2,"CALANCHO":6.04,"CALLONGITU":48.43,"OBJECTID":666690}},{"type":"Feature","id":666941,"geometry":{"type":"Polygon","coordinates":[[[-74.12828058599996,4.6314184050000335],[-74.12833538299998,4.631440909000048],[-74.12836483499996,4.631368706000046],[-74.12836552111413,4.63135857573077],[-74.12836785852589,4.631348694960833],[-74.12837178399997,4.631339331000049],[-74.12842344399996,4.631211849000067],[-74.12845648099994,4.631130361000032],[-74.12846704899994,4.6311042710000265],[-74.12848682499998,4.631055485000047],[-74.12849034298463,4.631048689130574],[-74.12849481575617,4.631042479913827],[-74.12850014739915,4.631036990502111],[-74.12850622358023,4.631032338612016],[-74.12851291399994,4.631028624000066],[-74.12852900399997,4.630981395000049],[-74.12846861499997,4.630960682000023],[-74.12839227399996,4.631147595000073],[-74.12836130399995,4.631223512000076],[-74.12830499399996,4.631360937000068],[-74.12830303448034,4.6313656613654395],[-74.12830050199995,4.63137010500003],[-74.12828058599996,4.6314184050000335]]]},"properties":{"CALCODIGO":151371,"CALCIV":8004434,"CALFUNCION":1,"CALTSUPERF":2,"CALANCHO":6.17,"CALLONGITU":54.94,"OBJECTID":666941}},{"type":"Feature","id":667085,"geometry":{"type":"Polygon","coordinates":[[[-74.143961736,4.630913927999984],[-74.14397128500002,4.630816905000017],[-74.14397129100001,4.6308167610000055],[-74.143971303,4.630816590999984],[-74.14397130999998,4.630816503999995],[-74.14397131700002,4.630816435999975],[-74.143971335,4.630816278999987],[-74.14397133900002,4.630816246999984],[-74.14397196300001,4.630809902999999],[-74.14397776499999,4.630750884999998],[-74.143975506,4.630750509999984],[-74.14348317899999,4.630668352999976],[-74.143317932,4.6306515389999845],[-74.14329558899999,4.630809151999983],[-74.14329565600002,4.6308091600000125],[-74.14347663900003,4.6308304460000045],[-74.14347666600003,4.6308306180000045],[-74.14347670199999,4.630830780999986],[-74.143476738,4.630830942999978],[-74.14347677500001,4.6308311060000165],[-74.14347681100003,4.6308312780000165],[-74.143476856,4.630831440999998],[-74.14347690099999,4.63083160299999],[-74.14347695499998,4.63083175700001],[-74.14347700899998,4.630831919999991],[-74.14347706299998,4.6308320819999835],[-74.14347711699997,4.630832236000003],[-74.14347717999999,4.630832398999985],[-74.143477243,4.630832552000015],[-74.14347730600002,4.630832705999978],[-74.143477378,4.630832869000017],[-74.14347744999998,4.630833012999972],[-74.14347752200001,4.630833166999992],[-74.14347759399999,4.630833321000011],[-74.14347767499999,4.630833465000023],[-74.14347775599998,4.630833618999986],[-74.14347784699999,4.630833763999988],[-74.14347792799998,4.630833908],[-74.143478018,4.630834053000001],[-74.14347810800001,4.630834198000002],[-74.14347820699999,4.630834332999996],[-74.14347830600002,4.6308344689999785],[-74.143478405,4.63083461299999],[-74.14347850399997,4.630834748999973],[-74.143478603,4.630834875999994],[-74.143478711,4.630835010999988],[-74.143478819,4.630835138000009],[-74.14347892799998,4.630835263999984],[-74.14347904499999,4.630835391000005],[-74.143479162,4.63083551699998],[-74.14347927900002,4.630835634999983],[-74.14347939599998,4.630835761000014],[-74.14347951299999,4.630835879000017],[-74.14347963900002,4.630835987000012],[-74.143479765,4.630836105000014],[-74.14347989200002,4.630836213000009],[-74.14348002700001,4.630836321999993],[-74.14348015299998,4.630836429999988],[-74.14348028799998,4.630836538999972],[-74.14348042300003,4.630836638000005],[-74.14348055800002,4.630836738000028],[-74.14348069300001,4.630836837000004],[-74.14348083700003,4.630836928000008],[-74.14348098200003,4.6308370180000225],[-74.14348111700002,4.63083710799998],[-74.14348126099998,4.630837198999984],[-74.14348141400001,4.63083727999998],[-74.14348155800002,4.630837370999984],[-74.14348171099999,4.6308374430000185],[-74.143481855,4.630837524000015],[-74.14348200900002,4.6308375969999815],[-74.143482162,4.630837669000016],[-74.14348231500003,4.6308377409999935],[-74.143482468,4.630837804000009],[-74.14348263,4.630837868000015],[-74.14348278300002,4.630837930999974],[-74.14348294500002,4.630837985000028],[-74.143483108,4.630838039000025],[-74.14348326099997,4.630838094000012],[-74.14348342300002,4.630838148000009],[-74.14348358500001,4.630838192999988],[-74.143483747,4.630838238000024],[-74.14348391800002,4.630838273999984],[-74.143484081,4.630838320000009],[-74.14348424299999,4.630838356000027],[-74.143484414,4.630838383000025],[-74.14348457599999,4.630838418999986],[-74.143484747,4.630838445999984],[-74.143484909,4.630838464000021],[-74.143485081,4.63083849100002],[-74.14348524299999,4.63083850999999],[-74.143485414,4.630838519000008],[-74.14348558500001,4.630838536999988],[-74.143485747,4.630838546000007],[-74.14348591800001,4.630838546000007],[-74.14348609000001,4.630838555000025],[-74.14348626100002,4.630838555000025],[-74.14348642300001,4.630838555000025],[-74.14348659400002,4.630838546000007],[-74.14348676499998,4.630838536999988],[-74.14348692700003,4.630838528000027],[-74.14348709900003,4.63083850999999],[-74.14348726999998,4.63083849100002],[-74.14348743199997,4.630838472999983],[-74.14348760299998,4.630838455000003],[-74.14348776499997,4.630838428000004],[-74.14348793599999,4.630838391999987],[-74.14348809799998,4.630838364999988],[-74.14348826999998,4.630838329000028],[-74.14348843200003,4.630838293000011],[-74.14348859400002,4.630838256000004],[-74.14348875600001,4.630838211000025],[-74.143488918,4.6308381659999895],[-74.14348908,4.630838111999992],[-74.14348924299998,4.630838067000013],[-74.14348940500003,4.6308380120000265],[-74.143489558,4.630837949000011],[-74.14348971999999,4.630837895000013],[-74.14348987300002,4.630837831999997],[-74.143490026,4.630837758999974],[-74.14349018000001,4.630837696000015],[-74.14349033299999,4.63083762399998],[-74.14349048600002,4.630837551000013],[-74.14349063899999,4.630837470000017],[-74.143490783,4.630837397999983],[-74.14349093599998,4.630837315999997],[-74.14349107999999,4.630837225999983],[-74.14349122499999,4.630837144999987],[-74.143491369,4.630837053999983],[-74.14349151300001,4.630836964000025],[-74.14349164800001,4.630836873000021],[-74.14349179200002,4.630836773999988],[-74.14349192700001,4.630836675000012],[-74.143492062,4.630836574999989],[-74.14349219799999,4.630836466999995],[-74.14349232400002,4.630836366999972],[-74.14349245,4.630836258999977],[-74.14349258499999,4.630836140999975],[-74.143492702,4.63083603299998],[-74.14349282799998,4.630835914999977],[-74.14349295400001,4.630835798000021],[-74.14349307100002,4.630835680000018],[-74.14349318799998,4.630835563000005],[-74.14349330599998,4.630835435999984],[-74.14349341399998,4.630835310000009],[-74.14349353099999,4.630835182999988],[-74.14349363899998,4.6308350560000235],[-74.14349373800002,4.630834929999992],[-74.14349384600001,4.630834794000009],[-74.14349394499999,4.630834659000016],[-74.14349404400002,4.630834522999976],[-74.143494143,4.6308343879999825],[-74.14349424300002,4.630834242999981],[-74.14349433299998,4.630834106999998],[-74.14349442299999,4.630833962999986],[-74.14349450399999,4.630833817999985],[-74.143494594,4.630833672999984],[-74.143494675,4.63083352000001],[-74.143961736,4.630913927999984]]]},"properties":{"CALCODIGO":24122312,"CALCIV":8013651,"CALFUNCION":1,"CALTSUPERF":2,"CALANCHO":17.900000000000002,"CALLONGITU":74.5,"OBJECTID":667085}},{"type":"Feature","id":667180,"geometry":{"type":"Polygon","coordinates":[[[-74.13064319299997,4.631679875000032],[-74.13070040299993,4.631685698000069],[-74.13070744499998,4.63161604000004],[-74.13070711891547,4.631610461181142],[-74.13070735899998,4.631604878000076],[-74.13074090799995,4.631306657000039],[-74.13074888399996,4.631220077000023],[-74.13069421199998,4.631213885000022],[-74.13069386699993,4.631217087000039],[-74.13065620299994,4.63158968700003],[-74.13065493799,4.63159776740836],[-74.13065266078982,4.631605622827398],[-74.13064940799995,4.631613127000037],[-74.13064319299997,4.631679875000032]]]},"properties":{"CALCODIGO":151383,"CALCIV":8004408,"CALFUNCION":1,"CALTSUPERF":2,"CALANCHO":6.1000000000000005,"CALLONGITU":51.82,"OBJECTID":667180}},{"type":"Feature","id":667210,"geometry":{"type":"Polygon","coordinates":[[[-74.12814246399995,4.626872480000031],[-74.12815471021584,4.626875602170697],[-74.12816730099996,4.6268766930000425],[-74.12862237499996,4.626921934000052],[-74.12862798499998,4.626855511000031],[-74.12852444099997,4.626845393000053],[-74.12821497999994,4.626814628000034],[-74.12820468725252,4.626811683741885],[-74.12819491978165,4.626807301297547],[-74.12818587737769,4.626801570308454],[-74.12817774499996,4.626794608000068],[-74.12816983522004,4.626785414878672],[-74.12816350336783,4.626775071487197],[-74.12815891359566,4.626763845976481],[-74.12815618489263,4.626752029366167],[-74.12815538799998,4.626739928000063],[-74.12814246399995,4.626872480000031]]]},"properties":{"CALCODIGO":147201,"CALCIV":8005309,"CALFUNCION":1,"CALTSUPERF":2,"CALANCHO":7.62,"CALLONGITU":53.54,"OBJECTID":667210}},{"type":"Feature","id":667692,"geometry":{"type":"Polygon","coordinates":[[[-74.13646299299995,4.627087586000073],[-74.13646144499995,4.627103172000034],[-74.13641441799996,4.62757662000007],[-74.13640953299995,4.627628743000059],[-74.13634953699994,4.628241590000073],[-74.13634004399995,4.6283343900000204],[-74.13633986799994,4.62833611800005],[-74.13640019599995,4.628342113000031],[-74.13640217699998,4.628342309000061],[-74.13641175399994,4.6282495440000275],[-74.13641026685254,4.6282483158379275],[-74.13640897762106,4.628246881309517],[-74.1364079146402,4.628245271942799],[-74.1364071012721,4.628243523108366],[-74.13640655539292,4.6282416732420275],[-74.13640628899998,4.628239763000067],[-74.13651681499994,4.627101100000061],[-74.13651768109256,4.627099054745828],[-74.1365188795046,4.627097184721792],[-74.13652037594865,4.627095543430669],[-74.13652212761036,4.627094177830963],[-74.13652408437346,4.627093126993449],[-74.13652619025358,4.627092420983335],[-74.13652838499996,4.627092080000068],[-74.13653592999998,4.627009527000041],[-74.13652512299996,4.627008446000048],[-74.13647155799998,4.627003084000023],[-74.13646299299995,4.627087586000073]]]},"properties":{"CALCODIGO":519180,"CALCIV":8005259,"CALFUNCION":1,"CALTSUPERF":2,"CALANCHO":6.3100000000000005,"CALLONGITU":148.20000000000002,"OBJECTID":667692}},{"type":"Feature","id":668800,"geometry":{"type":"Polygon","coordinates":[[[-74.13958674599996,4.6284509560000515],[-74.13958293599995,4.628496534000021],[-74.13969917999998,4.628507331000037],[-74.13975146899998,4.6284995690000414],[-74.13975153599995,4.628499552000051],[-74.13980224399995,4.628484818000061],[-74.13992046599998,4.628407974000027],[-74.14017782899998,4.628243123000061],[-74.14017893399995,4.62824246200006],[-74.14015364799997,4.628199993000067],[-74.14012992099998,4.628160144000049],[-74.14005486499997,4.628206277000061],[-74.13976332799996,4.6283852770000635],[-74.13973221418637,4.628397240666202],[-74.13969964799998,4.628404357000022],[-74.13966120399994,4.628405907000058],[-74.13965588527434,4.628405245448114],[-74.13965071025784,4.628403850565606],[-74.13964577954971,4.628401749468227],[-74.13964118899997,4.628398983000068],[-74.13959145499996,4.62839460400005],[-74.13958674599996,4.6284509560000515]]]},"properties":{"CALCODIGO":145544,"CALCIV":8004952,"CALFUNCION":1,"CALTSUPERF":2,"CALANCHO":11.17,"CALLONGITU":70.59,"OBJECTID":668800}},{"type":"Feature","id":668847,"geometry":{"type":"Polygon","coordinates":[[[-74.13545120699996,4.628589091000038],[-74.13552159999995,4.6285967830000345],[-74.13552987999998,4.628511889000038],[-74.13553332899994,4.62847664800006],[-74.13554318499996,4.628375379000033],[-74.13554747999996,4.628340484000034],[-74.13555626399994,4.62825306000002],[-74.13555633799996,4.628252318000023],[-74.13551889899998,4.6282485150000525],[-74.13548772599995,4.628245348000064],[-74.13547181799998,4.628395291000061],[-74.13546914299997,4.6284214920000295],[-74.13545997199998,4.628514400000029],[-74.13545885099995,4.6285186480000675],[-74.13545120699996,4.628589091000038]]]},"properties":{"CALCODIGO":147298,"CALCIV":8004953,"CALFUNCION":1,"CALTSUPERF":2,"CALANCHO":7.71,"CALLONGITU":38.27,"OBJECTID":668847}},{"type":"Feature","id":668891,"geometry":{"type":"Polygon","coordinates":[[[-74.13653635299994,4.627009569000052],[-74.13654950399996,4.6270108860000505],[-74.13660063999998,4.6270160040000405],[-74.13660915799994,4.627016856000068],[-74.13661603599996,4.62694473800002],[-74.13661550923084,4.626936941748774],[-74.13661601450214,4.626929144074754],[-74.13661754299994,4.626921481000068],[-74.13670821599999,4.62601899200007],[-74.13670074099997,4.626018243000033],[-74.13665158999999,4.6260133220000625],[-74.13656224499994,4.626914185000032],[-74.13656183136305,4.6269163547575465],[-74.13656104877869,4.626918420309496],[-74.13655992082266,4.626920319429909],[-74.1365584814753,4.626921994906663],[-74.13655677409783,4.626923396265031],[-74.13655485012596,4.626924481288265],[-74.13655276752051,4.6269252172894],[-74.13655058902118,4.626925582095967],[-74.13654838025657,4.626925564717953],[-74.13654620776698,4.626925165678882],[-74.13654413699999,4.626924397000039],[-74.13653635299994,4.627009569000052]]]},"properties":{"CALCODIGO":519173,"CALCIV":8005520,"CALFUNCION":1,"CALTSUPERF":2,"CALANCHO":6.41,"CALLONGITU":110.97,"OBJECTID":668891}},{"type":"Feature","id":669666,"geometry":{"type":"Polygon","coordinates":[[[-74.12912284699996,4.6315664750000565],[-74.1291307438165,4.63157293652961],[-74.12913761448955,4.631580480065096],[-74.12914331226848,4.631588944484222],[-74.12914771545447,4.631598148995555],[-74.12915072999994,4.631607897000038],[-74.12915768899995,4.631530864000069],[-74.12916421399996,4.631458630000054],[-74.12915814148091,4.63146846724034],[-74.1291506151181,4.631477242241588],[-74.1291418174866,4.631484742139176],[-74.12913196199997,4.6314907850000395],[-74.12912095772553,4.631495323652435],[-74.12910936746509,4.631498036452586],[-74.12909749199997,4.631498853000039],[-74.12845161799999,4.631433353000034],[-74.12841948299996,4.631428995000022],[-74.12840905757973,4.631426912338676],[-74.12839914806096,4.631423061585111],[-74.1283900518606,4.6314175583129815],[-74.12838204198526,4.631410567693411],[-74.12837535883736,4.631402299537668],[-74.12837020299997,4.6313930020000385],[-74.12836732029557,4.631385170927132],[-74.12836551999852,4.631377022637857],[-74.12836483499996,4.631368706000046],[-74.12833538299998,4.631440909000048],[-74.12830946899999,4.631504435000068],[-74.12831489105632,4.631497936970337],[-74.12832114880223,4.631492239277693],[-74.12832812525588,4.631487448434368],[-74.12833568999997,4.6314836540000215],[-74.12834353199513,4.631480975631933],[-74.12835166224752,4.631479372653616],[-74.12835993399995,4.631478874000038],[-74.12843837299994,4.631485042000065],[-74.12881679499998,4.6315242820000435],[-74.12908933699998,4.63155415500006],[-74.12910116617944,4.631556294642505],[-74.12911244893782,4.631560442764955],[-74.12912284699996,4.6315664750000565]]]},"properties":{"CALCODIGO":151424,"CALCIV":8004367,"CALFUNCION":1,"CALTSUPERF":2,"CALANCHO":6.43,"CALLONGITU":92.02,"OBJECTID":669666}},{"type":"Feature","id":669864,"geometry":{"type":"Polygon","coordinates":[[[-74.14367477699994,4.628625625000041],[-74.14368271361425,4.628630777671941],[-74.1436896362797,4.628637228763137],[-74.14369533516788,4.62864478273879],[-74.14369963754346,4.628653210635252],[-74.14370241299997,4.62866225700003],[-74.14370846999998,4.62860063200003],[-74.14371500199996,4.628534184000046],[-74.14371179641189,4.628540983836578],[-74.14370765578424,4.628547258290696],[-74.14370266439892,4.628552879646786],[-74.14369692385483,4.628557733482946],[-74.14369055099996,4.62856172100004],[-74.14368246596298,4.628565172680111],[-74.1436739178489,4.628567224913933],[-74.14366514699998,4.6285678200000575],[-74.14364464399995,4.6285659840000335],[-74.14362256399994,4.628563960000065],[-74.14360048399993,4.62856193500005],[-74.14357840299994,4.628559910000035],[-74.14355631399997,4.62855789200006],[-74.14353423299997,4.628555849000065],[-74.14351215299996,4.6285538240000506],[-74.14349007199996,4.628551799000036],[-74.14346798999998,4.628549774000021],[-74.14344591199995,4.628547758000025],[-74.14342383099995,4.6285457170000655],[-74.14340174199998,4.628543692000051],[-74.14337966099998,4.628541667000036],[-74.14335758099998,4.628539642000021],[-74.14333833799998,4.62853769700007],[-74.14331909499998,4.62853575500003],[-74.14329985299997,4.628533810000022],[-74.14328060999998,4.62853186600006],[-74.14326136699998,4.628529922000041],[-74.14324212499997,4.628527990000066],[-74.14322288199998,4.628526044000068],[-74.14320363899998,4.628524103000075],[-74.14318439699997,4.62852215700002],[-74.14316515399997,4.628520214000048],[-74.14314591099998,4.6285182610000675],[-74.14312666899997,4.628516326000067],[-74.14310742599997,4.628514385000074],[-74.14309485899997,4.628513162000047],[-74.14308669063662,4.62851123125707],[-74.14307890478933,4.628508095892572],[-74.14307167799996,4.628503827000031],[-74.14306439729475,4.6284977675216],[-74.14305823981576,4.6284905695080125],[-74.14305338109985,4.628482438159607],[-74.14304995965887,4.628473605284151],[-74.14304807303097,4.628464322688485],[-74.14304777499996,4.6284548550000295],[-74.14304095199998,4.628528361000065],[-74.14303465699999,4.628596174000052],[-74.14303915104271,4.6285874680355725],[-74.14304507970726,4.6285796679603015],[-74.14305226519126,4.628573007700755],[-74.14306049199996,4.628567687000043],[-74.143068022335,4.6285643779200685],[-74.14307595452445,4.628562201609697],[-74.14308411919268,4.6285612045395625],[-74.14309234199999,4.628561408000053],[-74.14336381499999,4.628591012000072],[-74.14365864399997,4.628620104000049],[-74.14366692953196,4.628622224463228],[-74.14367477699994,4.628625625000041]]]},"properties":{"CALCODIGO":145579,"CALCIV":8004886,"CALFUNCION":1,"CALTSUPERF":2,"CALANCHO":5.96,"CALLONGITU":74.52,"OBJECTID":669864}},{"type":"Feature","id":670049,"geometry":{"type":"Polygon","coordinates":[[[-74.13160461099994,4.631824110000025],[-74.13161225599998,4.631832307000025],[-74.13161514990884,4.631838987134905],[-74.13161722056786,4.6318459664817055],[-74.13161843799998,4.631853144000047],[-74.13161872199998,4.6318625370000746],[-74.13162731899996,4.631775598000047],[-74.13163276499995,4.631720534000067],[-74.1316261992201,4.631729132854037],[-74.13161835001446,4.6317365786398],[-74.13160941699994,4.631742682000038],[-74.13160126476228,4.631746644568688],[-74.13159265547425,4.6317494802500265],[-74.13158374408975,4.6317511380061624],[-74.13157469099997,4.631751588000043],[-74.13075843599995,4.631669475000024],[-74.13074864561743,4.631666588069294],[-74.13073943157659,4.631662196325896],[-74.1307310235193,4.631656409225431],[-74.13072363099997,4.631649371000037],[-74.13072076999998,4.631646347000071],[-74.1307157324883,4.631639626859342],[-74.13071177565607,4.631632218735815],[-74.13070899156739,4.631624294995177],[-74.13070744499998,4.63161604000004],[-74.13070040299993,4.631685698000069],[-74.13069443499995,4.631744744000059],[-74.1306932744651,4.63174829395194],[-74.13069247399994,4.631751942000051],[-74.13068979399998,4.63178072200003],[-74.13069221819113,4.631770356323309],[-74.13069623657881,4.631760498508288],[-74.13070174989879,4.631751392067737],[-74.1307086219582,4.631743261953592],[-74.13071668299995,4.631736309000075],[-74.13072588982845,4.631730633552711],[-74.13073588680318,4.6317265059758785],[-74.13074641581044,4.6317240328402125],[-74.13075720499995,4.631723278000038],[-74.13087905199995,4.631734035000022],[-74.13156896899994,4.63180438400002],[-74.13158188607684,4.631808958369508],[-74.13159387547702,4.631815593881206],[-74.13160461099994,4.631824110000025]]]},"properties":{"CALCODIGO":151427,"CALCIV":8004326,"CALFUNCION":1,"CALTSUPERF":2,"CALANCHO":6.2,"CALLONGITU":103.38,"OBJECTID":670049}},{"type":"Feature","id":670060,"geometry":{"type":"Polygon","coordinates":[[[-74.13783330699994,4.62718105700003],[-74.13784728099995,4.627191905000075],[-74.13786224399996,4.627210934000061],[-74.13787216199995,4.627233044000036],[-74.13788566999995,4.627138172000059],[-74.13790215499995,4.627022497000041],[-74.13790212999999,4.627022566000051],[-74.13789334399996,4.627046451000069],[-74.13787927199996,4.627067730000022],[-74.13786069599996,4.627085176000037],[-74.13784433599994,4.627094575000058],[-74.13784433599994,4.627094467000063],[-74.13783375998877,4.627097380213392],[-74.13782290061144,4.627098933515876],[-74.13781193199998,4.627099102000045],[-74.13764118899996,4.627084621000051],[-74.13761395199998,4.627082078000058],[-74.13757249899999,4.627078264000033],[-74.13751728599993,4.627071238000042],[-74.13741215299996,4.627061560000072],[-74.13740456499994,4.627133041000036],[-74.13749929099998,4.627141208000069],[-74.13750534099995,4.627141730000062],[-74.13763668399997,4.62715305200004],[-74.13763977999997,4.6271533350000595],[-74.13778680399997,4.627167745000065],[-74.13779616599999,4.627168662000031],[-74.13780622899998,4.627171418000046],[-74.13781587199998,4.627174102000026],[-74.13783330699994,4.62718105700003]]]},"properties":{"CALCODIGO":147307,"CALCIV":8005232,"CALFUNCION":1,"CALTSUPERF":2,"CALANCHO":8.47,"CALLONGITU":53.18,"OBJECTID":670060}},{"type":"Feature","id":670276,"geometry":{"type":"Polygon","coordinates":[[[-74.13296237299994,4.629000906000044],[-74.13301872499994,4.629006463000053],[-74.13301020539323,4.629002286810699],[-74.13300251734115,4.628996726405024],[-74.13299588352689,4.628989942839275],[-74.13299049609779,4.628982132598328],[-74.13298651109984,4.628973521904543],[-74.1329840439579,4.628964360165265],[-74.1329831661323,4.628954912748781],[-74.13298390304914,4.628945453297973],[-74.13298623336371,4.6289362558042955],[-74.13299008957887,4.628927586671655],[-74.13299535999994,4.628919697000072],[-74.13300073499994,4.6288656720000745],[-74.13295676899997,4.628860853000049],[-74.13293482099994,4.628858447000027],[-74.13292520699997,4.628960272000029],[-74.13292399999995,4.628964667000048],[-74.13292154580937,4.628970222156362],[-74.13291818795469,4.628975282554067],[-74.13291402306653,4.628979702567603],[-74.13290917099994,4.628983355000059],[-74.13290453625005,4.628985806277286],[-74.13289959199994,4.628987551000023],[-74.13288727955096,4.628990939327582],[-74.13287457599995,4.628992242000038],[-74.13294752699994,4.628999441000076],[-74.13296237299994,4.629000906000044]]]},"properties":{"CALCODIGO":147276,"CALCIV":8004808,"CALFUNCION":1,"CALTSUPERF":2,"CALANCHO":7.59,"CALLONGITU":15.370000000000001,"OBJECTID":670276}},{"type":"Feature","id":670482,"geometry":{"type":"Polygon","coordinates":[[[-74.13926108699997,4.626867137000033],[-74.13926210025242,4.626874759384559],[-74.13926189199998,4.626882446000025],[-74.13923537199997,4.627190581000036],[-74.13923460441534,4.627196451001203],[-74.13923305573582,4.627202164817061],[-74.13923075399998,4.627207619000046],[-74.13922490799996,4.627266796000072],[-74.13927464799997,4.627272241000071],[-74.13928078599997,4.627215784000043],[-74.1392790166797,4.627209454032227],[-74.1392781082586,4.62720294451935],[-74.13927807699997,4.627196372000071],[-74.13930484699995,4.626948265000067],[-74.13930972799994,4.6268765770000755],[-74.13931027643025,4.626871802001651],[-74.13931149096234,4.626867151593331],[-74.1393133474535,4.626862718216926],[-74.13931580899998,4.62685859000004],[-74.13932059299998,4.62681184500002],[-74.13926568599999,4.626806188000046],[-74.13926108699997,4.626867137000033]]]},"properties":{"CALCODIGO":145741,"CALCIV":8005312,"CALFUNCION":1,"CALTSUPERF":2,"CALANCHO":5.3,"CALLONGITU":51.160000000000004,"OBJECTID":670482}},{"type":"Feature","id":671012,"geometry":{"type":"Polygon","coordinates":[[[-74.13788567,4.627138172000002],[-74.137967677,4.627145208999991],[-74.13797949500002,4.627039907999972],[-74.13801333599997,4.626689645999988],[-74.13808298100003,4.626015202000019],[-74.138094153,4.625909358000001],[-74.138099324,4.625908283000001],[-74.13810171099999,4.625909466999985],[-74.13810291300001,4.625930735999987],[-74.138117292,4.625791934000006],[-74.13811165200002,4.625791344999982],[-74.13802782699997,4.625782602000015],[-74.138026013,4.6257933140000205],[-74.13800875999999,4.625895115999981],[-74.13790215799997,4.627022388],[-74.137902155,4.6270224969999845],[-74.13788567,4.627138172000002]]]},"properties":{"CALCODIGO":521634,"CALCIV":8005344,"CALFUNCION":1,"CALTSUPERF":2,"CALANCHO":9.17,"CALLONGITU":150.75,"OBJECTID":671012}},{"type":"Feature","id":671524,"geometry":{"type":"Polygon","coordinates":[[[-74.13633030299997,4.628429612000048],[-74.13633023299997,4.628430302000027],[-74.13628016899997,4.6289359380000406],[-74.13627937099994,4.628943987000071],[-74.13627211699998,4.629019013000061],[-74.13626674699998,4.629074562000028],[-74.13632177099998,4.6290799190000484],[-74.13632371699998,4.6290601200000765],[-74.13638557499996,4.6284308910000505],[-74.13638591131557,4.628428749582591],[-74.136386579399,4.628426687437723],[-74.13638756270676,4.628424755629559],[-74.13638883688957,4.62842300199473],[-74.1363903703953,4.628421469957832],[-74.13639212525037,4.628420197456113],[-74.13639405799995,4.628419216000054],[-74.13639434399994,4.628419097000062],[-74.13640217699998,4.628342309000061],[-74.13640086599997,4.628342179000072],[-74.13640019599995,4.628342113000031],[-74.13633986799994,4.62833611800005],[-74.13633030299997,4.628429612000048]]]},"properties":{"CALCODIGO":519185,"CALCIV":8004927,"CALFUNCION":1,"CALTSUPERF":2,"CALANCHO":6.23,"CALLONGITU":82.08,"OBJECTID":671524}},{"type":"Feature","id":672697,"geometry":{"type":"Polygon","coordinates":[[[-74.14160820099994,4.62727611300005],[-74.14160803699997,4.627277184000036],[-74.14160781199996,4.627278486000023],[-74.14160755999995,4.627279778000059],[-74.14160728899998,4.627281071000027],[-74.14160700099995,4.627282355000034],[-74.14160667699997,4.627283629000033],[-74.14160634299998,4.627284904000021],[-74.14160598299998,4.627286169000058],[-74.14160560499994,4.627287426000066],[-74.14160519899997,4.627288673000066],[-74.14160477599995,4.627289921000056],[-74.14160432499995,4.627291159000038],[-74.14160385699995,4.627292388000058],[-74.14160336999998,4.6272936090000485],[-74.14160285699995,4.6272948200000315],[-74.14160232499995,4.627296022000053],[-74.14160177599996,4.627297216000045],[-74.14160119899998,4.627298400000029],[-74.14160060499995,4.627299575000052],[-74.14159999199995,4.627300741000056],[-74.14159936099998,4.627301889000023],[-74.14159870399999,4.6273030280000285],[-74.14159802799998,4.627304158000072],[-74.14159734299994,4.627305279000041],[-74.14159662299994,4.627306382000029],[-74.14159589299999,4.627307475000066],[-74.14159514499994,4.627308551000056],[-74.14159437099994,4.627309618000027],[-74.14159358699999,4.627310666000028],[-74.14159278499994,4.627311706000057],[-74.14159195599996,4.627312736000022],[-74.14159112699997,4.627313740000034],[-74.14159025399994,4.627314734000038],[-74.14158937999997,4.627315719000023],[-74.14158848799997,4.627316668000049],[-74.14158758699995,4.627317627000025],[-74.14158664999997,4.62731855800007],[-74.14158571299998,4.62731948000004],[-74.14158474899995,4.6273203750000675],[-74.14158376699999,4.627321260000031],[-74.14158279399999,4.627322119000041],[-74.14158178499997,4.6273229690000335],[-74.14158076699994,4.6273238010000455],[-74.14157973999994,4.627324614000031],[-74.14157868599995,4.627325401000064],[-74.14157763199995,4.6273261780000325],[-74.14157656899994,4.627326937000021],[-74.14157546999996,4.627327678000029],[-74.14157437099993,4.627328384000066],[-74.14157326299994,4.627329089000057],[-74.14157213699997,4.627329776000067],[-74.14157100199998,4.627330435000033],[-74.14164427199995,4.6273002870000255],[-74.14172174499998,4.62726840800002],[-74.14172090699998,4.627268543000071],[-74.14172003399995,4.6272686790000535],[-74.14171916899994,4.627268796000067],[-74.14171828599996,4.627268905000051],[-74.14171741199993,4.627268986000047],[-74.14171653799997,4.627269058000024],[-74.14171565499998,4.627269113000068],[-74.14171477299993,4.627269167000065],[-74.14171390799999,4.627269185000046],[-74.14171301599998,4.627269194000064],[-74.14171213299994,4.627269185000046],[-74.14171124999996,4.627269167000065],[-74.14171036699997,4.627269131000048],[-74.14170949299995,4.627269076000061],[-74.14170861099996,4.627269013000046],[-74.14170772799997,4.6272689320000495],[-74.14170686299997,4.627268832000027],[-74.14170598899995,4.627268724000032],[-74.14170510599996,4.627268597000068],[-74.14170424099996,4.627268453000056],[-74.14170337599995,4.627268290000075],[-74.14170251199994,4.6272681180000745],[-74.14170165599995,4.6272679280000375],[-74.14170079999997,4.62726772000002],[-74.14169994399998,4.627267503000041],[-74.14169908799994,4.6272672680000255],[-74.14169825099998,4.627267024000048],[-74.14169740399996,4.627266762000033],[-74.14169656599995,4.627266482000039],[-74.14169573699996,4.627266193000025],[-74.14169490799998,4.6272658850000425],[-74.14169408899994,4.627265560000069],[-74.14169327799993,4.627265225000031],[-74.14169246699998,4.627264873000058],[-74.14169166499994,4.627264511000021],[-74.14169086299995,4.62726413200005],[-74.14169007999999,4.627263743000071],[-74.14168929599998,4.6272633360000555],[-74.14168852099994,4.627262911000059],[-74.14168774599995,4.627262477000045],[-74.14168698999998,4.6272620340000685],[-74.14168623299997,4.627261573000055],[-74.14168549399994,4.6272611030000235],[-74.14168475499997,4.627260615000068],[-74.14168402599995,4.627260118000038],[-74.14168331399998,4.627259603000027],[-74.14168260199995,4.627259079000055],[-74.14168189999998,4.627258545000075],[-74.14168120599999,4.627257994000047],[-74.14168052999997,4.627257433000068],[-74.14167985499995,4.62725686400006],[-74.14167918799996,4.6272562760000255],[-74.14167853999999,4.627255680000076],[-74.14167789999993,4.627255083000023],[-74.14167726899996,4.627254459000028],[-74.14167665699995,4.627253827000061],[-74.14167604399995,4.627253194000048],[-74.14167544099996,4.627252543000054],[-74.14167485499996,4.627251883000042],[-74.14167427799998,4.62725120500005],[-74.14167371999997,4.627250527000058],[-74.14167316999993,4.627249840000047],[-74.14167262999996,4.627249135000056],[-74.14167210699998,4.627248430000066],[-74.14167160599999,4.627247733000047],[-74.14166863420395,4.627242768551345],[-74.14166640579003,4.627237428935825],[-74.14166496691209,4.627231824745175],[-74.14166434737152,4.6272260720508465],[-74.14166455999998,4.627220290000025],[-74.14168792999999,4.627025024000034],[-74.14173023399997,4.626675169000066],[-74.14175163199997,4.626491697000063],[-74.14175761599995,4.626440143000025],[-74.14176901899998,4.626342545000057],[-74.14178520799999,4.626227717000063],[-74.14178682699998,4.626215994000063],[-74.1417882930131,4.626208993183439],[-74.14179066321229,4.626202244644065],[-74.14179389677298,4.6261958646195245],[-74.14179793799997,4.6261899630000585],[-74.14179821799996,4.626189921000048],[-74.14180331381789,4.6261846694626],[-74.14180909433998,4.626180182640767],[-74.14181544582453,4.626176548820485],[-74.14182224329517,4.626173839503421],[-74.14182935299993,4.626172108000048],[-74.14176540499994,4.62616607700005],[-74.14170298099998,4.626160190000064],[-74.14170431299993,4.626160605000052],[-74.14171127929481,4.626163549021063],[-74.14171767118752,4.6261675913263],[-74.14172331700664,4.62617262334881],[-74.14172806511854,4.6261785099401305],[-74.14173178799996,4.6261850930000605],[-74.14173443414147,4.626202242171231],[-74.14173453499996,4.6262195940000765],[-74.14172144099996,4.62633442300006],[-74.14171841599995,4.626360624000029],[-74.14170926399999,4.626441061000037],[-74.14170285899996,4.6264971330000435],[-74.14170250599994,4.626499817000024],[-74.14167075999995,4.626753840000049],[-74.14166329999995,4.626813515000038],[-74.14165400799999,4.626887595000028],[-74.14162430299996,4.627139853000074],[-74.14160820099994,4.62727611300005]]]},"properties":{"CALCODIGO":145753,"CALCIV":8005484,"CALFUNCION":1,"CALTSUPERF":2,"CALANCHO":5.7700000000000005,"CALLONGITU":126.36,"OBJECTID":672697}},{"type":"Feature","id":672878,"geometry":{"type":"Polygon","coordinates":[[[-74.14400645999996,4.6317012720000434],[-74.14406339899995,4.631707407000022],[-74.14406333099998,4.631707378000044],[-74.14405950265322,4.631705318407254],[-74.14405606428694,4.631702658369878],[-74.14405310916793,4.631699470042256],[-74.14405071745468,4.631695839908763],[-74.14404895402315,4.631691866437895],[-74.144047866707,4.631687657411282],[-74.14404748499999,4.631683327000076],[-74.14403615099997,4.631565116000047],[-74.14402627927015,4.63152939555554],[-74.14401106409822,4.6314956035483625],[-74.14399086299994,4.631464534000031],[-74.14398788399996,4.631460719000074],[-74.14398751842288,4.631459849074623],[-74.14398729955701,4.631458931188662],[-74.14398723325847,4.6314579899015635],[-74.14398732130114,4.63145705039883],[-74.14398756132933,4.631456137818221],[-74.14398794692072,4.631455276577153],[-74.14398846775826,4.631454489719382],[-74.14398910990619,4.63145379829843],[-74.14398985618291,4.631453220814266],[-74.1439906866207,4.631452772718317],[-74.14399157899999,4.631452466000042],[-74.14392896699997,4.63144770100007],[-74.14392670999996,4.6314475300000595],[-74.14391983199994,4.63144700600003],[-74.14382580199998,4.631439851000039],[-74.1438545068421,4.6314471929606515],[-74.14388154231477,4.63145931548368],[-74.14390611877589,4.6314758644989436],[-74.14392751840525,4.631496356648915],[-74.14394511617037,4.631520193406446],[-74.14395839808225,4.631546678556324],[-74.1439669762077,4.631575038530073],[-74.14397059999999,4.63160444500005],[-74.14397072299994,4.631612533000066],[-74.14396500199996,4.631677108000076],[-74.14396433133169,4.63168049803255],[-74.14396314359672,4.631683743244678],[-74.1439614674718,4.631686765283939],[-74.1439593434253,4.631689491186102],[-74.14395682274032,4.631691855136885],[-74.14395396627634,4.631693800060971],[-74.14395084299997,4.631695279000041],[-74.14400258099994,4.63170085400003],[-74.14400645999996,4.6317012720000434]]]},"properties":{"CALCODIGO":902029,"CALCIV":8013679,"CALFUNCION":1,"CALTSUPERF":2,"CALANCHO":6.890000000000001,"CALLONGITU":36.67,"OBJECTID":672878}},{"type":"Feature","id":673292,"geometry":{"type":"Polygon","coordinates":[[[-74.13220557799997,4.6333237160000635],[-74.13220766199998,4.633333769000046],[-74.1322074424768,4.633341884105188],[-74.13220589517965,4.633349853358192],[-74.13220306199997,4.63335746100006],[-74.13224978399995,4.633318793000058],[-74.13231255599999,4.633266840000033],[-74.13230640898345,4.633269857220327],[-74.13229992299995,4.6332720530000415],[-74.13229135290194,4.633273600298695],[-74.13228264499998,4.63327371500003],[-74.13227562188509,4.633272748331493],[-74.13226879199993,4.633270848000052],[-74.13224455799997,4.633260348000022],[-74.13222863899995,4.6332529440000485],[-74.13221939599998,4.633248632000061],[-74.13218929599998,4.633233590000032],[-74.13217438899994,4.6332261250000215],[-74.13215022798086,4.633217924242088],[-74.13212548799999,4.6332116840000594],[-74.13175429099994,4.63316624600003],[-74.13162065499995,4.633153552000067],[-74.13159434099998,4.633150209000064],[-74.1315839905036,4.633143775942514],[-74.13157491116151,4.633135646824954],[-74.13156737761243,4.633126067542979],[-74.13156161773674,4.633115327857837],[-74.13155780576345,4.633103752631508],[-74.13155605699995,4.63309169200005],[-74.13154809755592,4.633132076004729],[-74.13153774599994,4.633171914000059],[-74.13152165799994,4.633220304000076],[-74.13152870294293,4.633213757273757],[-74.13153677202124,4.633208524604993],[-74.13154562308618,4.633204763023356],[-74.13155499052209,4.6332025854118815],[-74.13156459321725,4.633202057119515],[-74.13157414299997,4.633203194000032],[-74.13205412599996,4.6332513180000205],[-74.13209454622121,4.633257816156834],[-74.13213396587045,4.633268866567732],[-74.13217187399994,4.633284326000023],[-74.1321811088935,4.63328967267159],[-74.13218931216579,4.633296497367918],[-74.13219624977137,4.633304605375381],[-74.13220172377521,4.633313765366534],[-74.13220557799997,4.6333237160000635]]]},"properties":{"CALCODIGO":151454,"CALCIV":8003996,"CALFUNCION":1,"CALTSUPERF":2,"CALANCHO":6.23,"CALLONGITU":82.76,"OBJECTID":673292}},{"type":"Feature","id":673613,"geometry":{"type":"Polygon","coordinates":[[[-74.13893891299995,4.632376943000054],[-74.13900314299997,4.632383592000053],[-74.13901951499997,4.632230114000038],[-74.13902220345837,4.632223300517334],[-74.13902589931313,4.632216976593491],[-74.13903051614504,4.632211290099128],[-74.13903594599998,4.63220637400002],[-74.13898912599996,4.6321488150000505],[-74.13897660172897,4.632160463741668],[-74.13896619928849,4.632174040920195],[-74.13895821099999,4.632189165000057],[-74.13895607920448,4.632192522185018],[-74.13895452044049,4.632196180804683],[-74.13895357602753,4.632200043876925],[-74.13895327099993,4.63220400900002],[-74.13893727099997,4.632376773000033],[-74.13893891299995,4.632376943000054]]]},"properties":{"CALCODIGO":151563,"CALCIV":8004204,"CALFUNCION":1,"CALTSUPERF":2,"CALANCHO":7.7,"CALLONGITU":23.26,"OBJECTID":673613}},{"type":"Feature","id":673679,"geometry":{"type":"Polygon","coordinates":[[[-74.13147537699996,4.633153582000034],[-74.1314524299204,4.633216072864815],[-74.1314234383589,4.6332759992029535],[-74.13138868435327,4.63333277803469],[-74.13134850599994,4.633385857000064],[-74.13131214362934,4.633432332652416],[-74.13127307199994,4.6334765550000725],[-74.13129145699997,4.633492034000028],[-74.13132030899999,4.633516325000073],[-74.13136473899993,4.633463109000047],[-74.13136558999997,4.633462122000026],[-74.13139327799996,4.63342857400005],[-74.13139339799994,4.63342841900004],[-74.13141954999998,4.633393897000076],[-74.13145835799997,4.63333646600006],[-74.13145842999995,4.633336346000021],[-74.13149327999997,4.633276576000071],[-74.13151514899994,4.633233700000062],[-74.13151955899997,4.633224424000048],[-74.13152165799994,4.633220304000076],[-74.13153774599994,4.633171914000059],[-74.13147537699996,4.633153582000034]]]},"properties":{"CALCODIGO":151394,"CALCIV":8003995,"CALFUNCION":1,"CALTSUPERF":2,"CALANCHO":6.82,"CALLONGITU":44.09,"OBJECTID":673679}},{"type":"Feature","id":673819,"geometry":{"type":"Polygon","coordinates":[[[-74.13785875699995,4.6317286070000705],[-74.13785729199998,4.631748283000036],[-74.13784963999996,4.631851100000063],[-74.13785083299996,4.631846868000025],[-74.13786659300814,4.631806602158749],[-74.13788741599996,4.631768706000059],[-74.13788858399994,4.631767073000049],[-74.13788868599994,4.631766933000051],[-74.13788950499998,4.631765819000066],[-74.13789043099996,4.63176457000003],[-74.13789230699996,4.631762088000073],[-74.13789421199994,4.631759628000054],[-74.13791872403115,4.631732396574646],[-74.13794672408135,4.631708766352608],[-74.13797768787698,4.631689179786708],[-74.13801103565132,4.6316740036162125],[-74.13804614299994,4.6316635220000535],[-74.13837349299996,4.631646439000065],[-74.13842109007051,4.631647101622928],[-74.13846844247374,4.631642236430006],[-74.1385149103945,4.6316319091587],[-74.13855986596862,4.631616259348802],[-74.13860270176635,4.631595498457062],[-74.13864283899994,4.631569907000028],[-74.13911999599998,4.6310903710000275],[-74.13914156295174,4.631072171751168],[-74.13916479399995,4.6310561510000525],[-74.13920436985751,4.631033365532784],[-74.13924681357877,4.631016514522523],[-74.13929124099997,4.631005949000041],[-74.13930741699994,4.631003744000054],[-74.13934805399998,4.6310028040000475],[-74.13934844099998,4.630999625000072],[-74.13935369399996,4.6309565020000605],[-74.13935618699998,4.630936038000073],[-74.13935613299998,4.630936033000069],[-74.13930999899998,4.630940358000032],[-74.13930416699998,4.630941238000048],[-74.13925312599997,4.6309523220000415],[-74.13920416199994,4.630968954000025],[-74.13920365899997,4.6309691250000355],[-74.13920316399998,4.630969359000062],[-74.13915769499994,4.630990835000034],[-74.13915640699997,4.630991443000028],[-74.13915514099995,4.630992229000071],[-74.13911441199997,4.631017476000068],[-74.13911197599998,4.631018986000072],[-74.13910955499995,4.631020898000031],[-74.13907493999994,4.631048234000048],[-74.13907094099994,4.631051392000074],[-74.13906679399997,4.631055502000038],[-74.13903441899998,4.631087595000054],[-74.13889212299995,4.631233762000022],[-74.13869572099998,4.631427838000036],[-74.13862760499995,4.631495001000076],[-74.13859745399998,4.631521516000021],[-74.13859668599997,4.631522191000045],[-74.13856219099995,4.631544654000038],[-74.13852484099993,4.631561910000073],[-74.13848540899994,4.631573615000036],[-74.13844471599998,4.631579518000024],[-74.13829334399998,4.63158523900006],[-74.13813573799996,4.631591196000045],[-74.13805666199994,4.63159418500004],[-74.13804220899993,4.631597246000069],[-74.13802602499999,4.631601403000047],[-74.13801557399995,4.631604506000031],[-74.1379789838094,4.6316181246058115],[-74.13794403417161,4.631635526654102],[-74.13791111499995,4.631656518000057],[-74.13789818099997,4.631666195000037],[-74.13787937799998,4.6316819460000715],[-74.13787926299995,4.6316821230000755],[-74.13787651899997,4.631684919000065],[-74.13787365799999,4.631687835000037],[-74.13787257648434,4.631688508955129],[-74.1378713965739,4.6316889906056105],[-74.13787015255275,4.631689267349534],[-74.13786887972832,4.631689331332435],[-74.13786761422556,4.631689180738371],[-74.13786639196157,4.6316888198414565],[-74.13786524762631,4.631688258884562],[-74.13786421369795,4.631687513788603],[-74.13786331952116,4.631686605700673],[-74.13786259047419,4.631685560393856],[-74.13786204599995,4.631684408000069],[-74.13785875699995,4.6317286070000705]]]},"properties":{"CALCODIGO":527096,"CALCIV":8012644,"CALFUNCION":1,"CALTSUPERF":2,"CALANCHO":7.0600000000000005,"CALLONGITU":196.55,"OBJECTID":673819}},{"type":"Feature","id":673883,"geometry":{"type":"Polygon","coordinates":[[[-74.14169924999999,4.628370389000054],[-74.14175433499997,4.62837610400004],[-74.14174821102452,4.628372925684119],[-74.14174267906813,4.628368802308547],[-74.14173788364737,4.628363841592159],[-74.1417339500375,4.628358173128438],[-74.14173098099997,4.62835194500002],[-74.14172911809706,4.628345651787291],[-74.14172823722107,4.628339148019833],[-74.14172835899996,4.628332586000056],[-74.14173306199996,4.628287585000066],[-74.14173502599994,4.628266521000057],[-74.14173699899999,4.628245452000044],[-74.14173896299997,4.628224381000052],[-74.14174166599997,4.628196854000066],[-74.14174766599996,4.628140250000058],[-74.14175365599993,4.628083634000063],[-74.14175965799996,4.628027040000063],[-74.14176565799994,4.627970425000058],[-74.14177165799998,4.6279138180000245],[-74.14177448699996,4.627887559000044],[-74.14177648396816,4.627880380326822],[-74.14177952354164,4.627873577222806],[-74.14178353848787,4.627867300166332],[-74.14178843999997,4.627861688000053],[-74.14179463968392,4.627856495660711],[-74.14180159739577,4.627852374166449],[-74.14180912999996,4.627849432000062],[-74.14175399999993,4.6278442550000705],[-74.14170339599997,4.627839503000075],[-74.14170854853512,4.627842570595698],[-74.14171315308707,4.627846412061942],[-74.14171709451736,4.627850931341605],[-74.14172027426919,4.627856015428526],[-74.14172261283173,4.627861537193344],[-74.14172405172843,4.6278673585624075],[-74.14172455497916,4.627873333970357],[-74.14172410999998,4.62787931400004],[-74.14172410999998,4.627879875000076],[-74.14172297499994,4.6278922410000405],[-74.14171957899998,4.627928200000042],[-74.14171765899994,4.627948472000071],[-74.14171617299996,4.627964159000044],[-74.14171277699995,4.628000118000045],[-74.14170937099993,4.628036079000026],[-74.14170597499998,4.628072036000049],[-74.14170256899996,4.628107986000032],[-74.14169916299994,4.628143954000052],[-74.14169695599998,4.6281664630000705],[-74.14169508199996,4.628185140000028],[-74.14169320799994,4.6282038060000446],[-74.14169134299993,4.628222480000034],[-74.14168946799998,4.62824114700004],[-74.14168759499995,4.628259822000075],[-74.14168572099999,4.628278489000024],[-74.14168268799995,4.628317941000034],[-74.14168116593905,4.628327013253542],[-74.14167815318224,4.6283357049593326],[-74.14167373399994,4.62834377300004],[-74.14166838338409,4.628350609514705],[-74.14166201898945,4.628356513877803],[-74.14165480097964,4.628361337502677],[-74.14164691099995,4.628364959000066],[-74.14169924999999,4.628370389000054]]]},"properties":{"CALCODIGO":145620,"CALCIV":8005050,"CALFUNCION":1,"CALTSUPERF":2,"CALANCHO":5.69,"CALLONGITU":58.52,"OBJECTID":673883}},{"type":"Feature","id":674182,"geometry":{"type":"Polygon","coordinates":[[[-74.13723816199996,4.627914340000075],[-74.13724978030776,4.627920601652151],[-74.1372601930342,4.627928711429647],[-74.13726910912625,4.627938442650802],[-74.13727627936434,4.627949523311813],[-74.13728150332841,4.6279616436897895],[-74.13728463499996,4.6279744650000225],[-74.13728554399995,4.627983753000024],[-74.13729513499999,4.627897507000057],[-74.13730598299998,4.627799941000035],[-74.13729838480714,4.62781239402208],[-74.13728904502554,4.627823600215558],[-74.13727816499994,4.627833318000057],[-74.13726452579952,4.627842127238231],[-74.13724962938421,4.6278485869035215],[-74.13723387699997,4.627852523000058],[-74.13710325699998,4.6278386490000685],[-74.13709091451442,4.627834502244349],[-74.13707927469615,4.627828667249594],[-74.13706856713121,4.627821259106365],[-74.13705900301767,4.627812423934308],[-74.13705077099996,4.627802336000059],[-74.13704407590699,4.627791297484216],[-74.137038970581,4.627779439628233],[-74.13703555299998,4.627766990000055],[-74.13703666999999,4.62777658300007],[-74.13702666499995,4.6278882990000625],[-74.13710325299996,4.627896324000062],[-74.13711402099995,4.627897454000049],[-74.13713133499994,4.6278992910000625],[-74.13719242499997,4.62790564900007],[-74.13719932299995,4.62790635500005],[-74.13720734599997,4.627907203000063],[-74.13721614299999,4.627908120000029],[-74.13722015499997,4.6279089680000425],[-74.13722931979542,4.627911113336011],[-74.13723816199996,4.627914340000075]]]},"properties":{"CALCODIGO":91021095,"CALCIV":8013077,"CALFUNCION":1,"CALTSUPERF":2,"CALANCHO":7.97,"CALLONGITU":29.78,"OBJECTID":674182}},{"type":"Feature","id":674358,"geometry":{"type":"Polygon","coordinates":[[[-74.13572812599995,4.629135616000042],[-74.13575268899996,4.6291380880000474],[-74.13581574999995,4.629144234000023],[-74.13591343899998,4.629153913000039],[-74.13594257599993,4.629156807000072],[-74.13600303199996,4.629162741000073],[-74.13601507199996,4.629022630000065],[-74.13620124399995,4.629040549000024],[-74.13621202572965,4.629041831342935],[-74.13622253196587,4.6290445716164115],[-74.13623256651711,4.629048718649088],[-74.13624194199997,4.6290541950000375],[-74.13624948194847,4.629063618570354],[-74.1362555520082,4.62907404971965],[-74.13626001983019,4.629085261011611],[-74.13626278799995,4.629097008000031],[-74.13626370999998,4.62910596100005],[-74.13626674699998,4.629074562000028],[-74.13627211699998,4.629019013000061],[-74.13627937099994,4.628943987000071],[-74.13627580230774,4.628952513086108],[-74.136271007465,4.628960414933378],[-74.13626509272527,4.628967517437235],[-74.13625818915895,4.6289736632064535],[-74.13625044974883,4.628978716051015],[-74.13624204599995,4.628982564000069],[-74.13623446985008,4.628984828103068],[-74.13622666658256,4.62898610608],[-74.13621876399998,4.628986377000047],[-74.13603213099998,4.628967361000036],[-74.13602914043979,4.628966961592904],[-74.13602624266606,4.628966121423959],[-74.13602350226225,4.628964859218259],[-74.13602098030438,4.628963203106896],[-74.13601873299996,4.628961190000041],[-74.13603886499999,4.6287857690000465],[-74.13601479599998,4.628784003000021],[-74.13595039699999,4.628778563000026],[-74.13584975299995,4.628769521000038],[-74.13578521399995,4.628763376000052],[-74.13576431199994,4.6287613980000515],[-74.13574956499997,4.628913902000022],[-74.13574758999994,4.6289343270000245],[-74.13574702899996,4.6289401280000675],[-74.13574448499998,4.62896643800002],[-74.13574431499995,4.6289681960000735],[-74.13574281499996,4.628983709000067],[-74.13574167099995,4.6289955430000305],[-74.13573939899999,4.629019037000035],[-74.13572812599995,4.629135616000042]]]},"properties":{"CALCODIGO":147199,"CALCIV":8004778,"CALFUNCION":1,"CALTSUPERF":2,"CALANCHO":6.84,"CALLONGITU":58.88,"OBJECTID":674358}},{"type":"Feature","id":674521,"geometry":{"type":"Polygon","coordinates":[[[-74.14310172099994,4.627263715000026],[-74.14309969399994,4.627279986000076],[-74.14309766699995,4.62729624800005],[-74.14309563899997,4.627312510000024],[-74.14309361199997,4.627328781000074],[-74.14309158499998,4.627345043000048],[-74.14308955799999,4.627361314000041],[-74.14308753099994,4.627377576000072],[-74.14308550399994,4.627393840000025],[-74.14308342299995,4.627401113000076],[-74.14307730499996,4.627465099000062],[-74.14314634199997,4.627471744000047],[-74.14314672699999,4.627467619000072],[-74.14314813299995,4.62745260500003],[-74.14314860099995,4.6274477050000655],[-74.14314906999994,4.6274427970000716],[-74.14314953799999,4.627437888000031],[-74.14315000699997,4.627432989000056],[-74.14315047499997,4.627428080000072],[-74.14315094399996,4.62742318100004],[-74.14315141199995,4.627418274000036],[-74.14315188099994,4.62741337500006],[-74.14315234899993,4.6274084650000304],[-74.14315281699999,4.6274035650000656],[-74.14315328599997,4.627398657000072],[-74.14315375399997,4.627393758000039],[-74.14315422299995,4.627388851000035],[-74.14315469099995,4.62738395100007],[-74.14315515999994,4.62737904100004],[-74.14315562799999,4.627374135000025],[-74.14315609699997,4.6273692330000245],[-74.14315656499997,4.6273643250000305],[-74.14315703399996,4.627359426000055],[-74.14315750199995,4.627354517000072],[-74.14315797099994,4.627349618000039],[-74.14315843699995,4.627344711000035],[-74.14315892599996,4.627339812000059],[-74.14315938499993,4.62733490100004],[-74.14315974599998,4.627331080000033],[-74.14315984499996,4.627330156000028],[-74.14315993499997,4.627329234000058],[-74.14316002499999,4.627328304000059],[-74.14316011499994,4.627327382000033],[-74.14316021399998,4.6273264590000736],[-74.14316030399993,4.627325527000039],[-74.14316039399995,4.627324607000048],[-74.14316050199994,4.627323674000024],[-74.14316058299994,4.627322752000055],[-74.14316067299995,4.627321830000028],[-74.14316077299998,4.627320890000021],[-74.14316086299993,4.6273199700000305],[-74.14316095299995,4.627319046000025],[-74.14316105199998,4.627318124000055],[-74.14316114199994,4.627317202000029],[-74.14316123199995,4.627316273000076],[-74.14316133099999,4.627315349000071],[-74.14316142099995,4.627314427000044],[-74.14316151099996,4.627313498000035],[-74.14316160099997,4.627312576000065],[-74.14316169899996,4.62731165200006],[-74.14316179099995,4.627310721000072],[-74.14316188099997,4.627309801000024],[-74.14316197999995,4.627308868000057],[-74.14316206099994,4.62730794600003],[-74.14316244799994,4.627305516000035],[-74.14316303399994,4.627302714000052],[-74.14316455699998,4.627297528000042],[-74.14317176299994,4.6272310200000675],[-74.14310580399996,4.627223825000044],[-74.14310172099994,4.627263715000026]]]},"properties":{"CALCODIGO":145623,"CALCIV":8005198,"CALFUNCION":1,"CALTSUPERF":2,"CALANCHO":7.46,"CALLONGITU":26.830000000000002,"OBJECTID":674521}},{"type":"Feature","id":674815,"geometry":{"type":"Polygon","coordinates":[[[-74.13187883400002,4.629547923000018],[-74.13186689899999,4.629664815000012],[-74.13186849200002,4.629664967999986],[-74.13204008100001,4.629681439000024],[-74.132514173,4.62972916199999],[-74.13282129599997,4.629760380999983],[-74.13295796300002,4.629776042999993],[-74.13297586800002,4.629618721999975],[-74.13260657699999,4.629582468000024],[-74.13258399199998,4.629580121000004],[-74.13201659399999,4.629523059000007],[-74.13188275599998,4.629509512000027],[-74.13187883400002,4.629547923000018]]]},"properties":{"CALCODIGO":91026961,"CALCIV":8013647,"CALFUNCION":1,"CALTSUPERF":2,"CALANCHO":17.22,"CALLONGITU":121.87,"OBJECTID":674815}},{"type":"Feature","id":675206,"geometry":{"type":"Polygon","coordinates":[[[-74.12934852900003,4.6297092739999925],[-74.12934438399998,4.629743442999995],[-74.12935362799999,4.62974462599999],[-74.129364479,4.629746015000023],[-74.12938465299999,4.6297485970000025],[-74.12942501200001,4.629753841000024],[-74.12946474099999,4.6297589040000275],[-74.12950546000002,4.6297640569999885],[-74.129545549,4.629769210999996],[-74.12958554800002,4.6297743640000135],[-74.12962572700002,4.629779337000002],[-74.12966590600001,4.629784581000024],[-74.12970653500003,4.629789733999985],[-74.129746173,4.629794887999992],[-74.12978653300001,4.629799950999995],[-74.12982671200001,4.629805013999999],[-74.12986707099998,4.629810077000002],[-74.12990706900001,4.62981523000002],[-74.12994733900001,4.629820203000008],[-74.12998787800001,4.629825718000006],[-74.13002823699998,4.629830962000028],[-74.13006868600002,4.629836024999975],[-74.13010895500003,4.629841177999992],[-74.13014886399998,4.629846422000014],[-74.13018931300002,4.629851395000003],[-74.13022949200001,4.629856458000006],[-74.130269581,4.629861611000024],[-74.13030949,4.629866584000013],[-74.13034957899998,4.629872008999996],[-74.130353808,4.629837387000009],[-74.13035795799999,4.62980330900001],[-74.130317779,4.629797973999985],[-74.13027769000001,4.629792910999981],[-74.13023751100002,4.62978775800002],[-74.13019706199998,4.629782604000013],[-74.13015706300001,4.62977754100001],[-74.130116885,4.629772297999978],[-74.13007661500001,4.629767144000027],[-74.130036437,4.629761991000009],[-74.129996258,4.629756928000006],[-74.12995589799999,4.629751773999999],[-74.129915719,4.629746710999996],[-74.12987544999999,4.629741466999974],[-74.12983563199998,4.629736314000013],[-74.129795543,4.629731160000006],[-74.12975518399998,4.629726367999979],[-74.12971500499998,4.629720943999985],[-74.12967482599998,4.62971570000002],[-74.12963464699999,4.629710726999974],[-74.12959437799998,4.629705574000013],[-74.12955410900003,4.62970051100001],[-74.12951392999997,4.629695448000007],[-74.129473571,4.6296902939999995],[-74.12943348200002,4.629685230999996],[-74.12939339299999,4.629680258000008],[-74.12935713899998,4.629675639000027],[-74.129352944,4.62967510499999],[-74.12934852900003,4.6297092739999925]]]},"properties":{"CALCODIGO":91024391,"CALCIV":8013656,"CALFUNCION":1,"CALTSUPERF":1,"CALANCHO":7.66,"CALLONGITU":112.5,"OBJECTID":675206}},{"type":"Feature","id":675232,"geometry":{"type":"Polygon","coordinates":[[[-74.13218379399996,4.626802829000042],[-74.13218216199994,4.62682023900004],[-74.13218695155042,4.626804111171265],[-74.13219423010578,4.6267889431362335],[-74.13220381466881,4.626775116249162],[-74.13221546426479,4.6267629781451705],[-74.13222888599995,4.626752834000058],[-74.13224461999994,4.626744580000036],[-74.13225735525101,4.626740147380731],[-74.13227055199997,4.626737376000051],[-74.13258829999995,4.626767191000056],[-74.13261222799997,4.626799748000053],[-74.13266022899995,4.62680412800006],[-74.13267750899996,4.626805716000035],[-74.13268176499997,4.62680610700005],[-74.13269597799996,4.62680741500003],[-74.13269880599995,4.626778499000068],[-74.13270389099995,4.6267265270000735],[-74.13257689999995,4.62671401800003],[-74.13228062299999,4.626683817000071],[-74.13226500528046,4.626678946405441],[-74.13225041376438,4.626671548871156],[-74.13223725399996,4.626661830000046],[-74.13222714178997,4.62665134250487],[-74.13221870845386,4.626639462976773],[-74.13221214298177,4.626626457634711],[-74.13220759250524,4.6266126179270115],[-74.13220515899997,4.626598254000044],[-74.13219495199996,4.626695988000051],[-74.13218379399996,4.626802829000042]]]},"properties":{"CALCODIGO":147220,"CALCIV":8005349,"CALFUNCION":1,"CALTSUPERF":2,"CALANCHO":6.7,"CALLONGITU":56.56,"OBJECTID":675232}},{"type":"Feature","id":675322,"geometry":{"type":"Polygon","coordinates":[[[-74.13673457699997,4.6329457210000555],[-74.13673400899995,4.632951245000072],[-74.13726192399997,4.633002959000066],[-74.13726330499998,4.633003650000035],[-74.13727235762656,4.633005377658255],[-74.13728104237045,4.633008461499165],[-74.13728915732831,4.633012829829493],[-74.13729651384327,4.633018381094102],[-74.13730294089073,4.633024986236947],[-74.1373082890544,4.633032491701377],[-74.13731243399997,4.633040723000022],[-74.13731302199994,4.633035955000025],[-74.13732152699998,4.632966900000042],[-74.13732269799993,4.6329573930000265],[-74.13733451099995,4.6328614840000455],[-74.13732699799993,4.632879093000042],[-74.13731450199998,4.632893547000037],[-74.13730316199997,4.632900483000071],[-74.13729821399994,4.632903508000027],[-74.13727967399996,4.632908010000051],[-74.13727521999994,4.632907943000021],[-74.13726764699999,4.6329078290000325],[-74.13724533399994,4.632905692000065],[-74.13683089799997,4.632866009000054],[-74.13682534551697,4.632865387187322],[-74.13681988699994,4.632864195000025],[-74.13674389499994,4.632855001000053],[-74.13673457699997,4.6329457210000555]]]},"properties":{"CALCODIGO":151536,"CALCIV":8004060,"CALFUNCION":1,"CALTSUPERF":2,"CALANCHO":10.75,"CALLONGITU":65.05,"OBJECTID":675322}},{"type":"Feature","id":675826,"geometry":{"type":"Polygon","coordinates":[[[-74.13922348799997,4.626830038000037],[-74.13923077797509,4.626832098868105],[-74.13923765199996,4.626835283000048],[-74.13924437930417,4.626839866553596],[-74.13925023864132,4.626845517549355],[-74.13925506264627,4.626852074573175],[-74.13925871352687,4.626859350331268],[-74.13926108699997,4.626867137000033],[-74.13926568599999,4.626806188000046],[-74.13926961099997,4.626754173000052],[-74.13926506855519,4.626760298239753],[-74.13925974760541,4.626765760826988],[-74.13925374378456,4.626770462582126],[-74.13924716499997,4.626774319000049],[-74.13923953835517,4.626777455020656],[-74.13923153721568,4.6267794505413615],[-74.13922333113258,4.626780263275343],[-74.13921509399995,4.626779876000057],[-74.13871842999998,4.626735005000057],[-74.13871373534579,4.626734376073186],[-74.13870918699996,4.626733054000056],[-74.13870431692094,4.626730738304455],[-74.13869990674576,4.62672763500447],[-74.13869608262681,4.62672383286952],[-74.13869295395243,4.626719440659087],[-74.13869061021786,4.62671458401167],[-74.13868911846527,4.626709401850918],[-74.13868852136599,4.626704042411737],[-74.13868883599997,4.626698659000056],[-74.13869196099995,4.626650752000046],[-74.13869185565375,4.62664892130153],[-74.13869145978892,4.62664713081391],[-74.13869078353214,4.626645426339901],[-74.13868984418284,4.62664385148189],[-74.13868866577062,4.6266424465265406],[-74.13868727844063,4.626641247414211],[-74.13868571768234,4.626640284819564],[-74.13868402342173,4.626639583366864],[-74.13868223899993,4.626639161000071],[-74.13868068399995,4.62663903400005],[-74.13858516499994,4.626631150000037],[-74.13858491499997,4.626631128000042],[-74.13858238176668,4.626631147584845],[-74.13857988467339,4.626631574409725],[-74.13857748875795,4.626632397357844],[-74.13857525642302,4.626633594995165],[-74.13857324581072,4.626635136128706],[-74.13857150928833,4.6266369806189775],[-74.1385700920843,4.626639080425436],[-74.13856903111034,4.6266413808577145],[-74.13856835399997,4.626643822000062],[-74.13855906699996,4.626719491000074],[-74.13855606499999,4.626743945000044],[-74.13855618681744,4.626746991717568],[-74.13855679203506,4.626749980201933],[-74.13855786522078,4.626752834251615],[-74.13855937901009,4.626755481092956],[-74.13856129480381,4.626757853235778],[-74.1385635637523,4.62675989019427],[-74.13856612800105,4.626761540029283],[-74.13856892216583,4.626762760672686],[-74.13857187499997,4.6267635210000435],[-74.13857446999998,4.626763786000026],[-74.13922348799997,4.626830038000037]]]},"properties":{"CALCODIGO":145719,"CALCIV":8005345,"CALFUNCION":1,"CALTSUPERF":2,"CALANCHO":5.18,"CALLONGITU":79.06,"OBJECTID":675826}},{"type":"Feature","id":676021,"geometry":{"type":"Polygon","coordinates":[[[-74.13251936099994,4.627314259000059],[-74.13262684499995,4.627325218000067],[-74.13263393199998,4.627255483000056],[-74.13262993599994,4.627255074000061],[-74.13222310999998,4.627213443000073],[-74.13212132899997,4.627203028000054],[-74.13211334299996,4.627273837000075],[-74.13220848799995,4.627284641000074],[-74.13221903199997,4.627283639000041],[-74.13251936099994,4.627314259000059]]]},"properties":{"CALCODIGO":147208,"CALCIV":8005201,"CALFUNCION":1,"CALTSUPERF":2,"CALANCHO":7.8,"CALLONGITU":57.24,"OBJECTID":676021}},{"type":"Feature","id":676042,"geometry":{"type":"Polygon","coordinates":[[[-74.13736937199997,4.626567286000068],[-74.1373821811014,4.62657453035053],[-74.13739376352703,4.6265836078562295],[-74.13740385906092,4.626594314577883],[-74.13741224089233,4.6266064099735145],[-74.1374187207113,4.626619622302584],[-74.1374231529393,4.626633654731028],[-74.13742543799998,4.6266481920000615],[-74.13743632399996,4.626533355000049],[-74.13744940599997,4.626420494000058],[-74.13744374743035,4.626434375992235],[-74.13743600199996,4.626447211000027],[-74.13742672823047,4.626458314702712],[-74.13741588687978,4.626467893853477],[-74.13740372563021,4.626475729606335],[-74.13739052231854,4.626481642945094],[-74.13737657858864,4.626485498773182],[-74.13736221299996,4.626487209000061],[-74.13724584799996,4.626473109000074],[-74.13723711799997,4.626470486000073],[-74.13708332899995,4.6264556960000505],[-74.13708299899997,4.626458848000027],[-74.13708148799998,4.6264732320000235],[-74.13708012899997,4.626486166000063],[-74.13708003999994,4.62648710000002],[-74.13707555599996,4.626534030000073],[-74.13713390999999,4.626539644000047],[-74.13734891099995,4.626560325000071],[-74.13735933473103,4.6265632375212],[-74.13736937199997,4.626567286000068]]]},"properties":{"CALCODIGO":91021092,"CALCIV":8013086,"CALFUNCION":1,"CALTSUPERF":2,"CALANCHO":9.56,"CALLONGITU":39.87,"OBJECTID":676042}},{"type":"Feature","id":676363,"geometry":{"type":"Polygon","coordinates":[[[-74.14385040199994,4.6279251590000285],[-74.14385705687198,4.627922150966412],[-74.14386405741794,4.627920070595209],[-74.14387127500193,4.627918956113498],[-74.14387857699995,4.62791882800002],[-74.14424800699999,4.6279545290000215],[-74.14438288099996,4.627968904000056],[-74.14438781299998,4.627918385000044],[-74.14432175299999,4.627911891000053],[-74.14431156399996,4.627910696000072],[-74.14428028599997,4.62790762100002],[-74.14424900699998,4.62790454900005],[-74.14421771999997,4.627901474000055],[-74.14418643999994,4.627898400000049],[-74.14415516299994,4.627895327000033],[-74.14412387599998,4.627892253000027],[-74.14409259799999,4.627889180000068],[-74.14406130999998,4.627886106000062],[-74.14403002999995,4.6278830420000645],[-74.14399875399994,4.627879968000059],[-74.14396746599994,4.627876895000043],[-74.14393618799994,4.627873821000037],[-74.14390490099998,4.627870748000021],[-74.14388102799995,4.627868403000036],[-74.14387283732655,4.6278673041189995],[-74.1438649589234,4.627864809037045],[-74.14385762891759,4.627860992535377],[-74.14385106699996,4.627855969000052],[-74.14384627860171,4.627850912857715],[-74.14384227247636,4.627845216868527],[-74.14383913299997,4.627839001000041],[-74.14383325499995,4.6278932500000565],[-74.14382715999994,4.627949507000039],[-74.14383144468272,4.6279421103794],[-74.14383684033758,4.627935480491632],[-74.14384321241097,4.627929782668884],[-74.14385040199994,4.6279251590000285]]]},"properties":{"CALCODIGO":145590,"CALCIV":8005035,"CALFUNCION":1,"CALTSUPERF":2,"CALANCHO":5.71,"CALLONGITU":61.54,"OBJECTID":676363}},{"type":"Feature","id":676477,"geometry":{"type":"Polygon","coordinates":[[[-74.13741215299996,4.627061560000072],[-74.13751728599993,4.627071238000042],[-74.13750334259525,4.6270663371104215],[-74.13749032799996,4.627059333000034],[-74.13747751071772,4.627049450086083],[-74.1374665475281,4.627037543651452],[-74.13745775366874,4.627023956056017],[-74.13745138199994,4.627009078000071],[-74.13744780534972,4.62699460084343],[-74.13744651899998,4.626979744000039],[-74.13746066899995,4.6268522740000435],[-74.13746461099998,4.626817034000055],[-74.13747692999993,4.626705877000063],[-74.13747840799994,4.626690482000072],[-74.13748551799995,4.626615483000023],[-74.13749282299995,4.62653874800003],[-74.13743632399996,4.626533355000049],[-74.13742543799998,4.6266481920000615],[-74.13742562399995,4.626661527000067],[-74.13741781099998,4.626729322000074],[-74.13739781799995,4.6269345460000295],[-74.13739295999994,4.626977906000036],[-74.13739032299998,4.626986681000062],[-74.13738778300264,4.62699578630666],[-74.13738429699998,4.627004573000022],[-74.13737724470494,4.6270171636401],[-74.13736825719187,4.627028454507737],[-74.13735756898807,4.62703815097011],[-74.13734545899996,4.627046000000064],[-74.13733602523747,4.627050386066042],[-74.13732614399999,4.627053641000032],[-74.13741215299996,4.627061560000072]]]},"properties":{"CALCODIGO":147313,"CALCIV":8011844,"CALFUNCION":1,"CALTSUPERF":2,"CALANCHO":6.79,"CALLONGITU":58.46,"OBJECTID":676477}},{"type":"Feature","id":677659,"geometry":{"type":"Polygon","coordinates":[[[-74.13156089099994,4.632291632000033],[-74.13156771322404,4.632300956574496],[-74.13157304072683,4.632311208800828],[-74.13157674999997,4.632322151000039],[-74.13158358799996,4.63224384800003],[-74.13158978799999,4.6321728500000745],[-74.13158853499993,4.632175278000034],[-74.131582630314,4.632184566792826],[-74.13157545160148,4.632192910237802],[-74.13156714799999,4.632200135000062],[-74.13155733209253,4.632206897121817],[-74.13154649198616,4.632211853978062],[-74.1315349563645,4.632214855271615],[-74.13152307499996,4.632215810000048],[-74.13151679599997,4.632215376000033],[-74.13150335299997,4.6322144460000345],[-74.13144040899994,4.632207845000039],[-74.13074035699998,4.632138824000037],[-74.13071104299996,4.632136149000075],[-74.13070318769707,4.63213429407011],[-74.13069565979632,4.632131382496834],[-74.13068860069883,4.632127468970099],[-74.13068214299994,4.632122627000058],[-74.13067557566637,4.632115986679229],[-74.13067013330176,4.632108396923078],[-74.13066595111599,4.632100046291178],[-74.1306631330111,4.632091142246268],[-74.13066174899996,4.632081906000053],[-74.13065886199996,4.632112909000057],[-74.13065256899995,4.632180493000021],[-74.13092428599998,4.632210230000055],[-74.13152684699998,4.632269894000046],[-74.1315348433377,4.6322720193586155],[-74.13154241822696,4.632275347964774],[-74.13154939181581,4.632279800786851],[-74.13155559852916,4.632285272100721],[-74.13156089099994,4.632291632000033]]]},"properties":{"CALCODIGO":151448,"CALCIV":8004217,"CALFUNCION":1,"CALTSUPERF":2,"CALANCHO":6.11,"CALLONGITU":103.56,"OBJECTID":677659}},{"type":"Feature","id":677689,"geometry":{"type":"Polygon","coordinates":[[[-74.12893736799998,4.628704600000049],[-74.12893050099996,4.628771845000074],[-74.12893045099997,4.628774650000025],[-74.12891729899997,4.628914302000055],[-74.12891793199998,4.628914365000071],[-74.12891596299994,4.628934811000022],[-74.12891466099995,4.628948324000021],[-74.12890151299996,4.629078126000024],[-74.12889368099997,4.629155445000038],[-74.12888798078185,4.629172492976413],[-74.12887974698293,4.629188472042107],[-74.12886917228568,4.629203008264548],[-74.12885650415282,4.629215761475722],[-74.12884203903648,4.629226433232582],[-74.1288261154407,4.629234773801036],[-74.12880910599995,4.629240588000073],[-74.12879354099994,4.629242065000028],[-74.12891837599994,4.629247349000025],[-74.12893448999995,4.6292480310000315],[-74.12893728699999,4.6292481500000235],[-74.12905380999996,4.629253082000048],[-74.12904796299995,4.629252754000049],[-74.12904655599993,4.629252683000061],[-74.12903108579042,4.6292500876101315],[-74.12901618165367,4.629245195765963],[-74.1290021824285,4.629238118681415],[-74.1289894063809,4.629229017250795],[-74.12897814396854,4.6292180983909965],[-74.12896865123724,4.629205610337341],[-74.12896114399996,4.629191837000064],[-74.12895653099997,4.629179663000059],[-74.12895336999998,4.629166466000072],[-74.12895202599998,4.6291546760000415],[-74.12895346299996,4.629134774000022],[-74.12898689099995,4.628779560000055],[-74.12899401099997,4.62870945700007],[-74.12899428499998,4.628706755000053],[-74.12896581699994,4.628704743000071],[-74.12895801599996,4.628704192000043],[-74.12893755699997,4.6287027460000445],[-74.12893736799998,4.628704600000049]]]},"properties":{"CALCODIGO":147248,"CALCIV":8004842,"CALFUNCION":1,"CALTSUPERF":3,"CALANCHO":7.29,"CALLONGITU":60.28,"OBJECTID":677689}},{"type":"Feature","id":677753,"geometry":{"type":"Polygon","coordinates":[[[-74.12912670499998,4.632559889000049],[-74.12913223333949,4.632548817022412],[-74.12913944472173,4.632538759826351],[-74.12914815727845,4.632529971050449],[-74.12915815128235,4.632522672344221],[-74.12916917468853,4.632517047778208],[-74.12918094949096,4.632513239201781],[-74.12919317873369,4.632511342665762],[-74.12920555399995,4.632511406000049],[-74.12921142799996,4.632512136000059],[-74.12943293499995,4.6325330330000725],[-74.12944132935391,4.632534933637265],[-74.12944928642003,4.632538214292495],[-74.12945658109129,4.6325427821553555],[-74.12946300699997,4.63254850800007],[-74.12950640099996,4.632598253000026],[-74.12951796599998,4.632602900000052],[-74.12953376099995,4.632605955000031],[-74.12958970499994,4.632612489000053],[-74.12959613999993,4.632550080000044],[-74.12959630799998,4.632548446000044],[-74.12960166399995,4.632496502000038],[-74.12923378499994,4.632458075000045],[-74.12919643699996,4.632454501000041],[-74.12919139199994,4.632453643000076],[-74.12918210193521,4.632450958902311],[-74.12917331299997,4.632446926000057],[-74.1291647610699,4.6324412792943805],[-74.12915719631917,4.632434365877057],[-74.12915080452153,4.6324263555265235],[-74.12914574264558,4.632417444959504],[-74.12914213499994,4.632407853000075],[-74.12913515799994,4.632476601000064],[-74.12912670499998,4.632559889000049]]]},"properties":{"CALCODIGO":151434,"CALCIV":8004158,"CALFUNCION":1,"CALTSUPERF":2,"CALANCHO":6.48,"CALLONGITU":51.74,"OBJECTID":677753}},{"type":"Feature","id":677790,"geometry":{"type":"Polygon","coordinates":[[[-74.13270389099995,4.6267265270000735],[-74.13279433999998,4.626735436000047],[-74.13277824339578,4.62673037259958],[-74.13276326659626,4.626722598658068],[-74.13274986199997,4.626712349000059],[-74.13274945499995,4.626711975000035],[-74.13274334381319,4.626705807721865],[-74.13273780699996,4.626699120000069],[-74.13272959266449,4.626686273130632],[-74.1327234762681,4.626672305057871],[-74.13271960665685,4.626657555702961],[-74.13271807799998,4.626642384000036],[-74.13272808299996,4.62654756400002],[-74.13273491199999,4.626478850000069],[-74.13274096599997,4.6264173390000565],[-74.13277651999994,4.626053997000042],[-74.13277905199999,4.626027797000063],[-74.13277968599994,4.626021440000045],[-74.13278036299994,4.626017385000068],[-74.13279371899995,4.625879069000064],[-74.13279708256928,4.62586818299232],[-74.13280190605853,4.625857860554875],[-74.13280809847454,4.625848296416271],[-74.13281554299994,4.625839671000051],[-74.13278615799999,4.625836762000063],[-74.13273821299998,4.625832015000071],[-74.13273965860917,4.625832455891557],[-74.13274100922148,4.62583313413755],[-74.13274222618911,4.625834030330039],[-74.13274327468856,4.625835118824473],[-74.132744124717,4.6258363684735775],[-74.13274475195085,4.625837743518637],[-74.13274513844182,4.62583920461273],[-74.13274527313047,4.625840709946643],[-74.13274515216268,4.625842216445238],[-74.13274477899995,4.625843681000049],[-74.13273544899994,4.625938556000051],[-74.13266598599995,4.6266449600000215],[-74.13266156399999,4.626656626000056],[-74.13265410130582,4.626670141970469],[-74.13264461062768,4.626682319831077],[-74.13263332699995,4.6266928580000695],[-74.1326219695106,4.626700658734236],[-74.13260962799995,4.626706785000067],[-74.13259357700953,4.626711817811054],[-74.13257689999995,4.62671401800003],[-74.13270389099995,4.6267265270000735]]]},"properties":{"CALCODIGO":147270,"CALCIV":8005584,"CALFUNCION":1,"CALTSUPERF":2,"CALANCHO":6.29,"CALLONGITU":98.87,"OBJECTID":677790}},{"type":"Feature","id":677873,"geometry":{"type":"Polygon","coordinates":[[[-74.13826381699994,4.626950374000046],[-74.13826404436432,4.626949722864911],[-74.13826438072793,4.626949120759404],[-74.13826481598957,4.626948585765166],[-74.13826533707801,4.626948133948437],[-74.13826592834464,4.626947778877583],[-74.13826657203329,4.626947531215622],[-74.13826724881356,4.626947398400012],[-74.13826793836128,4.626947384419297],[-74.13826861996887,4.626947489693326],[-74.13826927316718,4.626947711060649],[-74.13826987834022,4.6269480418734545],[-74.13827041731425,4.626948472197208],[-74.13827087390348,4.626948989108994],[-74.13827123439624,4.626949577085601],[-74.13827148796669,4.62695021846969],[-74.13827162699994,4.6269508940000605],[-74.13825966599995,4.627068078000036],[-74.13824943999998,4.627169385000059],[-74.13830805699996,4.627174416000059],[-74.13831042899994,4.627149154000051],[-74.13834759399998,4.626776583000037],[-74.13837201999996,4.6265317300000675],[-74.13843707899997,4.625891672000023],[-74.13844244999996,4.625822319000065],[-74.13837756199996,4.625816663000023],[-74.13836794299993,4.625915408000026],[-74.13836896411,4.625917155747218],[-74.13836971916814,4.625919033824218],[-74.13837019199997,4.625921002000041],[-74.13836198099995,4.6259881590000305],[-74.13834760099996,4.6261540690000515],[-74.13832058099996,4.626465832000065],[-74.13829979499997,4.62667549400004],[-74.13829463299999,4.626707023000051],[-74.13827575799996,4.626796686000034],[-74.13826951699997,4.626817780000067],[-74.13825186599996,4.62687743500004],[-74.13824948799999,4.626878845000022],[-74.13824691999997,4.62687687500005],[-74.13823393499996,4.627063124000074],[-74.13824731562512,4.627006335455754],[-74.13826381699994,4.626950374000046]]]},"properties":{"CALCODIGO":521628,"CALCIV":8005344,"CALFUNCION":1,"CALTSUPERF":2,"CALANCHO":7.13,"CALLONGITU":150.32,"OBJECTID":677873}},{"type":"Feature","id":678725,"geometry":{"type":"Polygon","coordinates":[[[-74.13091788899999,4.628875850000043],[-74.13092059199994,4.628876118000051],[-74.13099434799994,4.6288834330000554],[-74.13098579106627,4.6288800318311],[-74.13097788399995,4.628875313000037],[-74.13097105199404,4.628869615842428],[-74.13096517212816,4.6288629404333115],[-74.13096038286893,4.628855443973774],[-74.13095679699995,4.628847303000043],[-74.13095533599994,4.6288425020000545],[-74.13095712499995,4.62882481500003],[-74.13095716899994,4.628822702000036],[-74.13096779999995,4.62871698400005],[-74.13097251599999,4.628669950000074],[-74.13098089399995,4.62858675800004],[-74.13098765299998,4.628519881000045],[-74.13099046899998,4.628491844000052],[-74.13099708699997,4.62842588500007],[-74.13100321199994,4.628365291000023],[-74.13100877299996,4.628310208000073],[-74.13101588299998,4.628239658000041],[-74.13102334699994,4.628165578000051],[-74.13102644499997,4.628134787000022],[-74.13102841599994,4.628114942000025],[-74.13103172499996,4.628082386000074],[-74.13104312999997,4.627969393000058],[-74.13104833999995,4.627917840000066],[-74.13105312699997,4.627869959000066],[-74.13105685899995,4.627832884000043],[-74.13106597399997,4.62773865500003],[-74.13106728536619,4.627733428920301],[-74.131069203615,4.627728393852064],[-74.13107170199999,4.62772362000004],[-74.13107574582244,4.627717927874881],[-74.13108061469413,4.6277129231893275],[-74.13108619343865,4.627708724332523],[-74.13109235008712,4.627705430631199],[-74.13109893899997,4.627703120000035],[-74.13103969499997,4.627697501000057],[-74.13103352099995,4.627696915000058],[-74.13098141999996,4.627691975000062],[-74.13098846185716,4.627696490150749],[-74.13099462746935,4.627702143429873],[-74.13099973504802,4.627708768154679],[-74.13100363399997,4.627716169000053],[-74.13100615193763,4.62772385910883],[-74.13100736802421,4.627731859041111],[-74.13100724899994,4.627739950000034],[-74.13099590799999,4.627867274000039],[-74.13099562599996,4.62786995700003],[-74.13099337299997,4.627892557000052],[-74.13097612399997,4.628066142000023],[-74.13097035099997,4.628123980000055],[-74.13096387499996,4.628189022000072],[-74.13095767899995,4.62825145000005],[-74.13095141299993,4.628314726000042],[-74.13094500699998,4.6283788490000575],[-74.13093557299999,4.628473764000034],[-74.13093268599994,4.62850271800005],[-74.13092613899994,4.6285686770000325],[-74.13091987299998,4.6286311070000465],[-74.13090072299997,4.6288236180000695],[-74.13090015999995,4.6288263010000605],[-74.13089948658444,4.628830680977538],[-74.13089837599995,4.62883497100006],[-74.13089747199996,4.628837572000066],[-74.13089426450199,4.628844209853713],[-74.13088999058981,4.6288502167513155],[-74.13088477099996,4.628855423000061],[-74.13087916354803,4.628860634522326],[-74.13087274399999,4.628864805000035],[-74.13086757365257,4.628867148251016],[-74.13086214588259,4.6288688103673215],[-74.13085654999998,4.628869764000058],[-74.13091788899999,4.628875850000043]]]},"properties":{"CALCODIGO":147264,"CALCIV":8005085,"CALFUNCION":1,"CALTSUPERF":2,"CALANCHO":6.47,"CALLONGITU":131.04,"OBJECTID":678725}},{"type":"Feature","id":679106,"geometry":{"type":"Polygon","coordinates":[[[-74.13707131000001,4.628446619999977],[-74.13725567799997,4.628464907000023],[-74.137256159,4.62846003300001],[-74.13725988499999,4.628422270999977],[-74.13726229399998,4.628397866],[-74.137024397,4.628374029999975],[-74.13701782300001,4.628441314999975],[-74.13707131000001,4.628446619999977]]]},"properties":{"CALCODIGO":91021096,"CALCIV":8013076,"CALFUNCION":1,"CALTSUPERF":2,"CALANCHO":7.46,"CALLONGITU":26.54,"OBJECTID":679106}},{"type":"Feature","id":679563,"geometry":{"type":"Polygon","coordinates":[[[-74.13474212899996,4.629064201000062],[-74.13485226999995,4.629075196000031],[-74.13485491099993,4.629048456000021],[-74.13485797099997,4.629017482000052],[-74.13485210339243,4.629017746836055],[-74.13484625899997,4.629017162000025],[-74.13466728199995,4.628999997000051],[-74.13463715899996,4.628996889000064],[-74.13450653299998,4.628983750000032],[-74.13449972565266,4.628983002139664],[-74.13449311599999,4.628981210000063],[-74.13443366799999,4.628975161000028],[-74.13442783399995,4.629032826000071],[-74.13474212899996,4.629064201000062]]]},"properties":{"CALCODIGO":147194,"CALCIV":8004760,"CALFUNCION":1,"CALTSUPERF":2,"CALANCHO":6.29,"CALLONGITU":47.34,"OBJECTID":679563}},{"type":"Feature","id":679704,"geometry":{"type":"Polygon","coordinates":[[[-74.13270782699993,4.627333475000057],[-74.13271253466063,4.627332749753673],[-74.13271729736174,4.6273326809818425],[-74.13272202399997,4.627333270000065],[-74.13300846699997,4.627362581000057],[-74.13310355999994,4.627372312000034],[-74.13311047699995,4.627304249000076],[-74.13311448999997,4.627266374000044],[-74.13311432799998,4.6272663600000215],[-74.13291267399995,4.627248017000056],[-74.13287404899995,4.627280054000039],[-74.13263393199998,4.627255483000056],[-74.13262684499995,4.627325218000067],[-74.13270782699993,4.627333475000057]]]},"properties":{"CALCODIGO":147209,"CALCIV":8005177,"CALFUNCION":1,"CALTSUPERF":2,"CALANCHO":7.6000000000000005,"CALLONGITU":53.18,"OBJECTID":679704}},{"type":"Feature","id":680085,"geometry":{"type":"Polygon","coordinates":[[[-74.13493639999996,4.6285378430000605],[-74.13499460699995,4.62854390800004],[-74.13500155299994,4.628476787000068],[-74.13500110912555,4.628471741982392],[-74.13500118199994,4.628466678000052],[-74.13501554299995,4.628322964000063],[-74.13501645699995,4.628313925000043],[-74.13501744299998,4.628303968000068],[-74.13501955499999,4.628283205000059],[-74.13502047099996,4.62827416500005],[-74.13502103399998,4.628268727000034],[-74.13502384999998,4.62824069100003],[-74.13502680699997,4.628211737000072],[-74.13503229699995,4.628157500000043],[-74.13503483199997,4.628132218000076],[-74.13504139599996,4.628067377000036],[-74.13498321699996,4.628061634000062],[-74.13497615399996,4.628133648000073],[-74.13497585299996,4.6281367360000445],[-74.13496113899998,4.628286804000027],[-74.13495916799997,4.62830665000007],[-74.13495691499998,4.628329248000057],[-74.13493639999996,4.6285378430000605]]]},"properties":{"CALCODIGO":147290,"CALCIV":8004985,"CALFUNCION":1,"CALTSUPERF":2,"CALANCHO":6.44,"CALLONGITU":52.96,"OBJECTID":680085}},{"type":"Feature","id":680303,"geometry":{"type":"Polygon","coordinates":[[[-74.13151520199995,4.627740585000026],[-74.13163062999996,4.627752140000041],[-74.13175024999998,4.627765603000057],[-74.13177544599995,4.627768217000039],[-74.13194965499997,4.627785080000024],[-74.13196401946085,4.6277925907928505],[-74.13197719999994,4.62780202600004],[-74.13199129188358,4.6278158523565995],[-74.13200285242372,4.6278318555822695],[-74.13201155099995,4.627849578000053],[-74.13202221099993,4.627754245000062],[-74.13203185599997,4.627667978000034],[-74.13202692385107,4.627681213210164],[-74.13202000699994,4.627693528000066],[-74.1320101327645,4.627705834468878],[-74.13199827786073,4.627716246527117],[-74.13198479999994,4.627724450000073],[-74.13197549473914,4.627728425121061],[-74.13196580399995,4.627731337000057],[-74.13183055499996,4.6277189960000555],[-74.13180621799995,4.627716464000059],[-74.13162718699994,4.627699300000074],[-74.13160253099994,4.627672248000067],[-74.13152252399993,4.6276636890000304],[-74.13152011099999,4.6276890340000705],[-74.13151520199995,4.627740585000026]]]},"properties":{"CALCODIGO":147184,"CALCIV":8005071,"CALFUNCION":1,"CALTSUPERF":2,"CALANCHO":6.54,"CALLONGITU":56.160000000000004,"OBJECTID":680303}},{"type":"Feature","id":680447,"geometry":{"type":"Polygon","coordinates":[[[-74.13055384999996,4.633182212000065],[-74.13055781382005,4.633170849694561],[-74.13056340847456,4.6331601954138675],[-74.13057051184632,4.6331504817139715],[-74.13057896888671,4.63314192062036],[-74.13058859499995,4.633134699000038],[-74.13060773731307,4.6331289494083],[-74.13062757488731,4.633126508792672],[-74.13064753999998,4.633127447000049],[-74.13077691899997,4.633140317000027],[-74.13077863899997,4.633086483000056],[-74.13062004899996,4.63307207500003],[-74.13061112383679,4.633070132288353],[-74.13060258682162,4.633066883898199],[-74.13059462780876,4.633062402070366],[-74.13058742379832,4.633056786476011],[-74.13058113499994,4.633050162000075],[-74.13057585605465,4.633042612374209],[-74.13057176219313,4.633034359834484],[-74.13056894499994,4.633025589000056],[-74.13056220799996,4.633095487000048],[-74.13055384999996,4.633182212000065]]]},"properties":{"CALCODIGO":91021115,"CALCIV":8013041,"CALFUNCION":1,"CALTSUPERF":2,"CALANCHO":6.8,"CALLONGITU":23.92,"OBJECTID":680447}},{"type":"Feature","id":680458,"geometry":{"type":"Polygon","coordinates":[[[-74.13254708199997,4.627835631000039],[-74.13260103899995,4.627840903000049],[-74.13260341099993,4.6278172290000725],[-74.13262557899998,4.627594363000071],[-74.13264246899996,4.627412083000024],[-74.13264406616581,4.627402138595996],[-74.13264700611558,4.627392505382325],[-74.13265123378696,4.627383363779352],[-74.13265666999996,4.627374885000052],[-74.13266443199996,4.62736437600006],[-74.13267469969611,4.627353630336448],[-74.13268631979902,4.627344363833399],[-74.13269908099994,4.6273367450000364],[-74.13270334281118,4.627334812612648],[-74.13270782699993,4.627333475000057],[-74.13262684499995,4.627325218000067],[-74.13251936099994,4.627314259000059],[-74.13253107537741,4.627318289580998],[-74.13254224399998,4.627323650000051],[-74.13255581146285,4.627332562689979],[-74.13256787738126,4.6273434220501475],[-74.13257816499998,4.627355979000072],[-74.13258436899997,4.627365964000035],[-74.13258807583188,4.627375429737765],[-74.13259024493918,4.627385361291872],[-74.1325908221349,4.627395510559758],[-74.13258979299997,4.627405624000062],[-74.13255033599995,4.627802209000038],[-74.13254708199997,4.627835631000039]]]},"properties":{"CALCODIGO":147272,"CALCIV":8005176,"CALFUNCION":1,"CALTSUPERF":2,"CALANCHO":6.640000000000001,"CALLONGITU":57.06,"OBJECTID":680458}},{"type":"Feature","id":680586,"geometry":{"type":"Polygon","coordinates":[[[-74.14307125399995,4.627528390000066],[-74.14307290246632,4.627535875051386],[-74.14307353899994,4.627543513000035],[-74.14307335099994,4.627546443000028],[-74.14307244999998,4.627555618000031],[-74.14307154899996,4.62756478600005],[-74.14307062999995,4.6275739500000554],[-74.14306973799995,4.627583127000037],[-74.14306883699999,4.627592291000042],[-74.14306792699995,4.627601466000044],[-74.14306702599998,4.627610633000074],[-74.14306611599994,4.627619800000048],[-74.14306521499998,4.627628974000061],[-74.14306431299997,4.627638141000034],[-74.14306340499996,4.627647315000047],[-74.14306251299996,4.627656481000031],[-74.14306160299998,4.627665658000069],[-74.14306069299994,4.627674822000074],[-74.14305979199997,4.627683988000058],[-74.14305889099995,4.62769316300006],[-74.14305798099997,4.627702329000044],[-74.14305707999995,4.627711504000047],[-74.14305617899998,4.627720672000066],[-74.14305526899994,4.627729836000071],[-74.14305515999996,4.627730960000065],[-74.14312098999994,4.627737724000042],[-74.14312789799999,4.627670040000055],[-74.14313106899993,4.627635437000038],[-74.14313497899997,4.6275934940000525],[-74.14313888899994,4.627551524000069],[-74.14314280799994,4.6275095710000755],[-74.14314634199997,4.627471744000047],[-74.14307730499996,4.627465099000062],[-74.14307125399995,4.627528390000066]]]},"properties":{"CALCODIGO":145624,"CALCIV":8005136,"CALFUNCION":1,"CALTSUPERF":2,"CALANCHO":7.43,"CALLONGITU":29.54,"OBJECTID":680586}},{"type":"Feature","id":680652,"geometry":{"type":"Polygon","coordinates":[[[-74.13724219400001,4.635483645000022],[-74.13730112799999,4.635500338999975],[-74.13730462199999,4.635484608000013],[-74.13731880199998,4.635429024000018],[-74.137412627,4.634923302000004],[-74.13743668299998,4.634753685000021],[-74.13747131500003,4.634544764999987],[-74.13751278699999,4.634239276000017],[-74.13752343599998,4.634131517000014],[-74.13755874600002,4.633795573999976],[-74.13760147099998,4.633371513999975],[-74.13763336699998,4.633037677000004],[-74.13763797000001,4.63299990500002],[-74.13757654099999,4.632993698000007],[-74.13750148700001,4.633751370000027],[-74.137452392,4.634231790999991],[-74.13740763200002,4.634562490999997],[-74.13733215899998,4.635020827999995],[-74.13728543600001,4.635273950999988],[-74.13724219400001,4.635483645000022]]]},"properties":{"CALCODIGO":521586,"CALCIV":8003644,"CALFUNCION":1,"CALTSUPERF":2,"CALANCHO":6.8,"CALLONGITU":278.74,"OBJECTID":680652}},{"type":"Feature","id":681005,"geometry":{"type":"Polygon","coordinates":[[[-74.13623882499996,4.632050743000036],[-74.13628848199994,4.632055191000063],[-74.13628866599998,4.632053431000031],[-74.13634966599994,4.631469864000053],[-74.13635203511377,4.6314650246180795],[-74.13635482999996,4.631460418000074],[-74.13636035599995,4.631402342000058],[-74.13632105899995,4.631398577000027],[-74.13629788899993,4.631396357000028],[-74.13629151999999,4.631460997000033],[-74.13629194084197,4.631468944223313],[-74.13629104499995,4.631476852000048],[-74.13628801899995,4.631507571000043],[-74.13628513199995,4.631536527000037],[-74.13628125999998,4.631574449000027],[-74.13627795199994,4.631607994000035],[-74.13627428999996,4.631645000000049],[-74.13626464699996,4.631741679000072],[-74.13626201099999,4.631768012000066],[-74.13624555299998,4.6319977560000325],[-74.13623882499996,4.632050743000036]]]},"properties":{"CALCODIGO":151549,"CALCIV":8004372,"CALFUNCION":1,"CALTSUPERF":2,"CALANCHO":6.140000000000001,"CALLONGITU":72.68,"OBJECTID":681005}},{"type":"Feature","id":681248,"geometry":{"type":"Polygon","coordinates":[[[-74.13300073499994,4.6288656720000745],[-74.13299535999994,4.628919697000072],[-74.13300157302736,4.62891309395707],[-74.13300878056441,4.628907593657412],[-74.13301678926655,4.628903343648418],[-74.13302538429778,4.62890045793796],[-74.13303433509357,4.628899013936155],[-74.13304340154595,4.628899050378822],[-74.13305234044435,4.628900566288372],[-74.13306091199996,4.628903521000041],[-74.13313613599996,4.628911017000064],[-74.13314237399999,4.628848504000075],[-74.13312475199996,4.628846636000048],[-74.13307794999997,4.628841763000025],[-74.13303670599998,4.628837242000031],[-74.13302025099995,4.628832135000039],[-74.13301918099995,4.6288318030000255],[-74.13300728699994,4.628821846000051],[-74.13300538199996,4.628818987000045],[-74.13300073499994,4.6288656720000745]]]},"properties":{"CALCODIGO":91021101,"CALCIV":8013073,"CALFUNCION":1,"CALTSUPERF":2,"CALANCHO":7.28,"CALLONGITU":15.46,"OBJECTID":681248}},{"type":"Feature","id":681346,"geometry":{"type":"Polygon","coordinates":[[[-74.13058502599995,4.626590455000041],[-74.13059429590822,4.62660217364113],[-74.13060176969871,4.626615111964205],[-74.13060728957655,4.6266289968011565],[-74.13061073899996,4.626643535000028],[-74.13061309099999,4.626618712000038],[-74.13061345080399,4.626613611619842],[-74.13061329299995,4.626608501000021],[-74.13061991599994,4.626538608000033],[-74.13062551999997,4.6264794630000665],[-74.13062760999998,4.6264573980000705],[-74.13062178843275,4.626468216610885],[-74.13061454624408,4.626478140505699],[-74.13060601868226,4.626486984355221],[-74.13059636499997,4.626494583000067],[-74.13058735285802,4.626499980223043],[-74.13057777054749,4.626504284644468],[-74.13056774999995,4.626507437000043],[-74.13055552257462,4.626509617028675],[-74.13054311099995,4.626510081000049],[-74.13027281599994,4.626484245000029],[-74.13026662099998,4.626482656000064],[-74.13016851999998,4.626473150000038],[-74.13016313799994,4.626525234000042],[-74.13024298199997,4.626533524000024],[-74.13042815599994,4.6265514710000275],[-74.13050932499993,4.626559349000047],[-74.13053739799994,4.626561131000074],[-74.13055071994151,4.626565906116679],[-74.13056325528666,4.626572474296627],[-74.13057476407569,4.626580709807573],[-74.13058502599995,4.626590455000041]]]},"properties":{"CALCODIGO":147216,"CALCIV":8005393,"CALFUNCION":1,"CALTSUPERF":2,"CALANCHO":6.53,"CALLONGITU":50.6,"OBJECTID":681346}},{"type":"Feature","id":681394,"geometry":{"type":"Polygon","coordinates":[[[-74.13245753799998,4.629005068000026],[-74.13248210099994,4.629007563000073],[-74.13251053499994,4.629010319000031],[-74.13260554799996,4.629019854000035],[-74.13263665699998,4.629022963000068],[-74.13270196899998,4.629029603000049],[-74.13273068499996,4.629032429000063],[-74.13274117199995,4.629033489000051],[-74.13276341199997,4.629035749000025],[-74.13295694199996,4.629055231000052],[-74.13295934499996,4.629031201000032],[-74.13296237299994,4.629000906000044],[-74.13294752699994,4.628999441000076],[-74.13287457599995,4.628992242000038],[-74.13286959299995,4.628992177000043],[-74.13254226999999,4.628959882000061],[-74.13253458050957,4.628957901093288],[-74.13252726012615,4.628954824692591],[-74.13252046399998,4.6289507180000555],[-74.13246351299995,4.6289453370000615],[-74.13246033499996,4.62897711100004],[-74.13245753799998,4.629005068000026]]]},"properties":{"CALCODIGO":147190,"CALCIV":8004769,"CALFUNCION":1,"CALTSUPERF":2,"CALANCHO":6.05,"CALLONGITU":55.72,"OBJECTID":681394}},{"type":"Feature","id":681403,"geometry":{"type":"Polygon","coordinates":[[[-74.137342026,4.633407911999996],[-74.13734580099998,4.633408445999976],[-74.13734824199997,4.633413173000008],[-74.13735491699998,4.633471224999994],[-74.13736096999997,4.633532828999989],[-74.13737598099999,4.633387175999985],[-74.13737494499998,4.633386841999993],[-74.13737266599998,4.633386137000002],[-74.137390703,4.633215742999994],[-74.13740396600002,4.633057398000005],[-74.13740022000002,4.6329925310000135],[-74.13739776900002,4.632975827999985],[-74.13739774099997,4.632975629999976],[-74.137385602,4.6329744029999915],[-74.13738553600001,4.632974395000019],[-74.137342026,4.633407911999996]]]},"properties":{"CALCODIGO":24119957,"CALCIV":8003644,"CALFUNCION":1,"CALTSUPERF":2,"CALANCHO":3.09,"CALLONGITU":53.06,"OBJECTID":681403}},{"type":"Feature","id":681816,"geometry":{"type":"Polygon","coordinates":[[[-74.14012992099998,4.628160143999992],[-74.14015364800002,4.62819999300001],[-74.140178934,4.628242462000003],[-74.14068293899999,4.6279406009999775],[-74.140655503,4.627895653999985],[-74.14062943800002,4.62785295499998],[-74.14055407199999,4.627899669999977],[-74.140201456,4.628116174000013],[-74.14012992099998,4.628160143999992]]]},"properties":{"CALCODIGO":145546,"CALCIV":8005024,"CALFUNCION":1,"CALTSUPERF":2,"CALANCHO":10.97,"CALLONGITU":65.1,"OBJECTID":681816}},{"type":"Feature","id":682159,"geometry":{"type":"Polygon","coordinates":[[[-74.129375482,4.62942366599998],[-74.129535638,4.629431819999979],[-74.12953760699997,4.6294319900000005],[-74.12972754399999,4.629450349000024],[-74.129927049,4.629469367000013],[-74.130234529,4.6295002279999835],[-74.130365558,4.629513111999984],[-74.13038071400001,4.629357934999973],[-74.13023443499998,4.629342741000016],[-74.13023425799997,4.629342722999979],[-74.13023371999998,4.6293426679999925],[-74.13023250399999,4.629342544999986],[-74.12963152200001,4.629285437000021],[-74.12938543899998,4.629271655000025],[-74.129375482,4.62942366599998]]]},"properties":{"CALCODIGO":91026993,"CALCIV":8013656,"CALFUNCION":1,"CALTSUPERF":2,"CALANCHO":17.14,"CALLONGITU":110.60000000000001,"OBJECTID":682159}},{"type":"Feature","id":683009,"geometry":{"type":"Polygon","coordinates":[[[-74.13336812799997,4.629424838000034],[-74.13340257599998,4.62942780100002],[-74.13343210099998,4.629430341000045],[-74.13343494699996,4.629430586000069],[-74.13343497699998,4.629430120000052],[-74.13344021899997,4.629348289000063],[-74.13344033599998,4.629346461000068],[-74.13347811899996,4.628997860000027],[-74.13347959999999,4.628991522000035],[-74.13348162899996,4.628985339000053],[-74.13348343799998,4.628967175000071],[-74.13348937999996,4.628907575000028],[-74.13341945599996,4.62890055500003],[-74.13341214599996,4.628973098000074],[-74.13341272899999,4.628979283000035],[-74.13336812799997,4.629424838000034]]]},"properties":{"CALCODIGO":91012973,"CALCIV":8014453,"CALFUNCION":1,"CALTSUPERF":2,"CALANCHO":7.36,"CALLONGITU":58.22,"OBJECTID":683009}},{"type":"Feature","id":683270,"geometry":{"type":"Polygon","coordinates":[[[-74.14015129899997,4.628988992000075],[-74.14019848399994,4.6289936520000765],[-74.14020602699998,4.628916760000038],[-74.14020579780257,4.628911889343403],[-74.14020608899995,4.628907022000021],[-74.14020942499997,4.628877696000075],[-74.14021239899995,4.628848571000049],[-74.14021537299999,4.628819436000072],[-74.14021835499994,4.628790304000063],[-74.14022132799994,4.628761177000058],[-74.14022429899995,4.6287320430000705],[-74.14022729199996,4.628702919000034],[-74.14023025599994,4.6286737830000675],[-74.14023322999998,4.628644649000023],[-74.14023620299997,4.628615524000054],[-74.14023918499998,4.628586390000066],[-74.14024215799998,4.6285572550000325],[-74.14024513999993,4.628528132000042],[-74.14024811299998,4.628498996000076],[-74.14025108599998,4.628469872000039],[-74.14025123099998,4.6284679990000654],[-74.14025137499993,4.628466137000032],[-74.14025151899995,4.628464268000073],[-74.14025166299996,4.62846240600004],[-74.14025180699997,4.628460533000066],[-74.14025194199996,4.628458671000033],[-74.14025209599998,4.628456800000038],[-74.14025223999994,4.628454928000053],[-74.14025255309194,4.62844953977336],[-74.14025339799997,4.628444209000065],[-74.14026183999994,4.628345419000027],[-74.14026024899994,4.6283452610000495],[-74.14025443149968,4.6283447157513065],[-74.14024860719061,4.628345182687183],[-74.140242950861,4.628346647794869],[-74.14023763225804,4.62834906710629],[-74.14023281099368,4.628352368017593],[-74.14022863175474,4.628356451467993],[-74.14022521996071,4.628361194912607],[-74.14022267799999,4.6283664560000375],[-74.14022130130608,4.628370985776339],[-74.14022056799996,4.6283756630000426],[-74.14016101299995,4.628902156000038],[-74.14015879899995,4.628910165000036],[-74.14015129899997,4.628988992000075]]]},"properties":{"CALCODIGO":145604,"CALCIV":8004911,"CALFUNCION":1,"CALTSUPERF":2,"CALANCHO":4.7700000000000005,"CALLONGITU":71.60000000000001,"OBJECTID":683270}},{"type":"Feature","id":683276,"geometry":{"type":"Polygon","coordinates":[[[-74.13012150099996,4.63217620000006],[-74.1301238657259,4.63218622835073],[-74.13012500099995,4.632196469000064],[-74.13011084599998,4.632318817000055],[-74.13010294099996,4.632387150000056],[-74.13009134499998,4.632487336000054],[-74.13009075099995,4.632490293000046],[-74.13009074199994,4.632490335000057],[-74.13008724899998,4.632505675000061],[-74.13007704799998,4.6325937990000625],[-74.13007630299995,4.632600235000041],[-74.13006689799994,4.632667424000033],[-74.13009702999994,4.632670812000072],[-74.13010284245316,4.632670427750101],[-74.13010850310874,4.632669053254332],[-74.13011384453904,4.632666729166831],[-74.13011870875822,4.632663524228147],[-74.13012295189517,4.632659533232146],[-74.13012644844879,4.632654874222257],[-74.13012909499997,4.632649685000047],[-74.13013435999994,4.63260630000002],[-74.13013521099998,4.632599287000062],[-74.13014655899997,4.632505776000073],[-74.13015916499995,4.632387151000046],[-74.13016584799993,4.632324164000067],[-74.13016622099997,4.632320650000054],[-74.13017243799999,4.632262307000076],[-74.13018049399994,4.632185282000023],[-74.13018281899997,4.632163063000064],[-74.13018885899999,4.6321053120000215],[-74.13012962399995,4.632099035000067],[-74.13012150099996,4.63217620000006]]]},"properties":{"CALCODIGO":151378,"CALCIV":8004229,"CALFUNCION":1,"CALTSUPERF":2,"CALANCHO":6.3100000000000005,"CALLONGITU":55.78,"OBJECTID":683276}},{"type":"Feature","id":683294,"geometry":{"type":"Polygon","coordinates":[[[-74.14379214599995,4.627320111000074],[-74.14385751199995,4.627326923000055],[-74.14386256999995,4.627278061000027],[-74.14385289599994,4.627277115000027],[-74.14321893299996,4.627208880000069],[-74.14321210111876,4.627207277495867],[-74.14320558286713,4.627204678454559],[-74.14319952272034,4.627201140483211],[-74.14319405499998,4.627196742000024],[-74.14318903752334,4.627191248195706],[-74.14318494093375,4.627185037325278],[-74.14318186603954,4.627178262225027],[-74.14317988850732,4.627171089615733],[-74.14317905699994,4.627163696000025],[-74.14317176299994,4.6272310200000675],[-74.14316455699998,4.627297528000042],[-74.14316780078654,4.627290159690561],[-74.14317214415301,4.627283381098994],[-74.14317748277121,4.62727735504791],[-74.14318368840688,4.627272226283764],[-74.14319061199996,4.6272681180000745],[-74.14319837220395,4.627265047739324],[-74.14320652541028,4.6272632665897335],[-74.14321485899995,4.627262821000045],[-74.14322704999995,4.627263924000033],[-74.14325569799996,4.627266719000033],[-74.14328434599997,4.627269510000076],[-74.14331299299994,4.62727230400003],[-74.14334164099995,4.627275088000033],[-74.14337029799998,4.627277890000073],[-74.14339894599993,4.6272806750000655],[-74.14342759299996,4.62728346800003],[-74.14345624099997,4.62728626300003],[-74.14348489799994,4.6272890550000625],[-74.14351353699993,4.627291848000027],[-74.14354218399995,4.6272946430000275],[-74.14357083199997,4.6272974350000595],[-74.14359155199998,4.627299460000074],[-74.14360774799997,4.627301043000045],[-74.14362393899995,4.627302633000056],[-74.14364012699997,4.627304215000038],[-74.14365631599998,4.627305806000038],[-74.14367250499998,4.627307388000077],[-74.14368869299994,4.627308980000066],[-74.14370488199995,4.627310561000058],[-74.14372107099996,4.627312153000048],[-74.14373725899998,4.62731373500003],[-74.14375344799998,4.6273153250000405],[-74.14376964599995,4.627316906000033],[-74.14378583399997,4.627318497000033],[-74.14379214599995,4.627320111000074]]]},"properties":{"CALCODIGO":145594,"CALCIV":8005199,"CALFUNCION":1,"CALTSUPERF":2,"CALANCHO":5.8100000000000005,"CALLONGITU":76.8,"OBJECTID":683294}},{"type":"Feature","id":683365,"geometry":{"type":"Polygon","coordinates":[[[-74.13060141499994,4.631714101000057],[-74.13061014554489,4.631719090975043],[-74.13061792216128,4.631725466436058],[-74.1306245272478,4.631733048988228],[-74.13062977598435,4.631741626460477],[-74.13063352150346,4.631750958842385],[-74.13063565899995,4.63176078500004],[-74.13064319299997,4.631679875000032],[-74.13064940799995,4.631613127000037],[-74.13064346513544,4.631622616451735],[-74.13063596560342,4.631630930557335],[-74.13062713699998,4.631637817000069],[-74.13061918463467,4.631642204274082],[-74.13061069099054,4.631645420840031],[-74.13060182735877,4.631647401829473],[-74.13059277249212,4.631648107291821],[-74.13058370899995,4.6316475230000265],[-74.13030767599997,4.631619477000072],[-74.13029641572948,4.631617267798941],[-74.13028566396757,4.631613258574927],[-74.13027570639495,4.631607555855498],[-74.13026680759025,4.631600311165298],[-74.13025920399997,4.631591717000049],[-74.13025333770372,4.6315824752153745],[-74.13024896519937,4.631572440016261],[-74.13024619088492,4.63156185100333],[-74.13024508099994,4.631550961000073],[-74.13023631999994,4.631638580000072],[-74.13022980899996,4.631703728000048],[-74.13022857799996,4.631716063000056],[-74.1302332504098,4.6317073074678845],[-74.13023911444502,4.631699300979992],[-74.13024605215668,4.631692204578491],[-74.13025392399999,4.6316861610000615],[-74.130262169528,4.631681488437707],[-74.13027097312609,4.631677978703877],[-74.13028017174018,4.631675696803408],[-74.13028959499997,4.631674685000064],[-74.13058031899999,4.6317086810000205],[-74.1305875547006,4.631709621970595],[-74.13059462181226,4.631711437658194],[-74.13060141499994,4.631714101000057]]]},"properties":{"CALCODIGO":151426,"CALCIV":8004332,"CALFUNCION":1,"CALTSUPERF":2,"CALANCHO":7.390000000000001,"CALLONGITU":45.4,"OBJECTID":683365}},{"type":"Feature","id":683518,"geometry":{"type":"Polygon","coordinates":[[[-74.13039018199999,4.6288448080000535],[-74.13042058399998,4.628847520000022],[-74.13046679699994,4.6288516430000755],[-74.13047196499997,4.628795568000044],[-74.13048829899998,4.628618381000024],[-74.13049111499998,4.6285885800000415],[-74.13049125599997,4.628586743000028],[-74.13049723999995,4.628524385000048],[-74.13050294299995,4.628464711000049],[-74.13052138799998,4.628272199000037],[-74.13052765499998,4.628207087000021],[-74.13053321699994,4.628149248000057],[-74.13053948299995,4.628083289000074],[-74.13054553699999,4.628020012000036],[-74.13055461999994,4.627925098000048],[-74.13055989999998,4.627869944000054],[-74.13057352199996,4.627715305000038],[-74.13057478099995,4.627701019000028],[-74.13057602899994,4.6276928370000405],[-74.13057699899997,4.627686079000057],[-74.13058435299996,4.6276175290000765],[-74.13051417699995,4.6276121200000375],[-74.13049029399997,4.627869941000029],[-74.13048888499998,4.627884419000054],[-74.13048226799998,4.62795221500005],[-74.13047973299996,4.62797841500003],[-74.13047895899996,4.627986537000027],[-74.13047649499998,4.6280118890000495],[-74.13046677799997,4.6281113230000415],[-74.13046424399994,4.628137522000031],[-74.13045804899997,4.628200799000069],[-74.13045537299996,4.62822791800005],[-74.13045466899996,4.628235120000056],[-74.13045164299996,4.62826584000004],[-74.13044565799999,4.628327351000053],[-74.13044298199998,4.628354469000044],[-74.13044192599995,4.628365274000032],[-74.13043974299995,4.628387872000076],[-74.13043326699994,4.6284541850000664],[-74.13043221099997,4.628464708000024],[-74.13043143599998,4.628472900000077],[-74.13042692999994,4.6285144250000485],[-74.13042052299994,4.628579538000054],[-74.13041362399997,4.628650017000041],[-74.13040242899996,4.628763927000023],[-74.13040207799997,4.628767529000072],[-74.13040009799994,4.628775087000065],[-74.13039908653205,4.62878135202169],[-74.13039729470239,4.628787439953174],[-74.13039475099998,4.6287932540000725],[-74.13039018199999,4.6288448080000535]]]},"properties":{"CALCODIGO":147260,"CALCIV":8005096,"CALFUNCION":1,"CALTSUPERF":2,"CALANCHO":7.82,"CALLONGITU":137.08,"OBJECTID":683518}},{"type":"Feature","id":683661,"geometry":{"type":"Polygon","coordinates":[[[-74.13868428500001,4.628362353999989],[-74.138679647,4.628412640000022],[-74.13913271500002,4.62845471899999],[-74.13913649699998,4.628406185000017],[-74.13914065400002,4.628352834999987],[-74.13906889200001,4.628345930000023],[-74.13891498499999,4.628331635999984],[-74.138794088,4.628320407999979],[-74.13876274900002,4.628317497000012],[-74.13875797100002,4.628317052999989],[-74.138689064,4.628310548999991],[-74.13868428500001,4.628362353999989]]]},"properties":{"CALCODIGO":145542,"CALCIV":8004884,"CALFUNCION":1,"CALTSUPERF":2,"CALANCHO":11.33,"CALLONGITU":50.44,"OBJECTID":683661}},{"type":"Feature","id":683829,"geometry":{"type":"Polygon","coordinates":[[[-74.138024315,4.628482167000016],[-74.138087499,4.628487168999982],[-74.13808755399998,4.62848569099998],[-74.13808756499998,4.628485388999991],[-74.13808841100001,4.62846258899998],[-74.13810298099997,4.628311108999981],[-74.13804193200002,4.6283064410000065],[-74.13803256699998,4.628399520000016],[-74.13802444700002,4.628480845000013],[-74.13802435399998,4.62848177799998],[-74.138024315,4.628482167000016]]]},"properties":{"CALCODIGO":522009,"CALCIV":8012420,"CALFUNCION":1,"CALTSUPERF":2,"CALANCHO":6.8500000000000005,"CALLONGITU":19.55,"OBJECTID":683829}},{"type":"Feature","id":684131,"geometry":{"type":"Polygon","coordinates":[[[-74.13051417699995,4.6276121200000375],[-74.13058435299996,4.6276175290000765],[-74.13059297899997,4.627537122000035],[-74.13059395299996,4.627524393000044],[-74.13059953799996,4.627451446000066],[-74.13060615699999,4.6273646540000755],[-74.13060805599997,4.627340218000029],[-74.13060847999998,4.627335698000024],[-74.13062239699997,4.627197997000053],[-74.13062613699998,4.627187918000061],[-74.13062906599998,4.627158936000058],[-74.13063666699998,4.627083732000074],[-74.13056380299997,4.62707640800005],[-74.13055484099993,4.627173156000026],[-74.13055352099997,4.627187410000033],[-74.13051417699995,4.6276121200000375]]]},"properties":{"CALCODIGO":147259,"CALCIV":8005235,"CALFUNCION":1,"CALTSUPERF":2,"CALANCHO":7.82,"CALLONGITU":59.42,"OBJECTID":684131}},{"type":"Feature","id":684210,"geometry":{"type":"Polygon","coordinates":[[[-74.13892216400001,4.6325398899999755],[-74.13891734200001,4.632586804000027],[-74.13885713299999,4.633202019999999],[-74.13885638099998,4.6332097040000235],[-74.13883592299999,4.633395929000017],[-74.13883449399998,4.633408637000002],[-74.13883422800001,4.633410998999977],[-74.13883259099998,4.633425569999986],[-74.13882151899998,4.63352407299999],[-74.13879600299998,4.633807406000017],[-74.13879017400001,4.633872133000011],[-74.13885139000001,4.633878503000005],[-74.13885265900001,4.633878634999974],[-74.13885864899999,4.633834357000012],[-74.13888242500002,4.633585804999996],[-74.13888271000002,4.633582825000019],[-74.138884115,4.633568130000015],[-74.13889480799998,4.633456340000009],[-74.138896053,4.633443332000013],[-74.138896402,4.633439678000002],[-74.13893722900002,4.633044826000003],[-74.13896266400002,4.632763126999976],[-74.139002748,4.632387301999984],[-74.13900314300002,4.6323835919999965],[-74.138938913,4.632376942999997],[-74.13893727099997,4.632376772999976],[-74.13892216400001,4.6325398899999755]]]},"properties":{"CALCODIGO":151564,"CALCIV":8004165,"CALFUNCION":1,"CALTSUPERF":2,"CALANCHO":7.140000000000001,"CALLONGITU":166.24,"OBJECTID":684210}},{"type":"Feature","id":684272,"geometry":{"type":"Polygon","coordinates":[[[-74.12807334199994,4.632096659000069],[-74.12823451299994,4.63215837000007],[-74.12823920699998,4.632151131000057],[-74.12827511899997,4.632059406000053],[-74.12829657899994,4.632007473000044],[-74.128304186999,4.631994013484057],[-74.12831396577542,4.6319820378524685],[-74.1283256324802,4.631971892497864],[-74.12833884965637,4.631963870872456],[-74.12835323499996,4.631958205000046],[-74.12836805399996,4.631955110000035],[-74.12863545399995,4.631977744000039],[-74.12863982241174,4.631978861198801],[-74.12864401561222,4.631980518975748],[-74.12864796699995,4.631982691000076],[-74.12869407199997,4.631987232000029],[-74.12869920999998,4.631934718000025],[-74.12819718399999,4.631884131000049],[-74.12819187596769,4.631882119444134],[-74.12818692562644,4.631879341731859],[-74.12818244281537,4.631875859495657],[-74.12817852699999,4.631871750000073],[-74.12817522721292,4.631867047503074],[-74.12817266726398,4.63186190466979],[-74.12817090465197,4.631856437012925],[-74.12816997896672,4.631850767341016],[-74.12816991099999,4.631845023000039],[-74.12813256799996,4.631936569000061],[-74.12807334199994,4.632096659000069]]]},"properties":{"CALCODIGO":151431,"CALCIV":8004289,"CALFUNCION":1,"CALTSUPERF":2,"CALANCHO":6.1000000000000005,"CALLONGITU":61.620000000000005,"OBJECTID":684272}},{"type":"Feature","id":684844,"geometry":{"type":"Polygon","coordinates":[[[-74.14297760799997,4.628522442000076],[-74.14304095199998,4.628528361000065],[-74.14304777499996,4.6284548550000295],[-74.14304830899994,4.628449533000037],[-74.14305477099998,4.628384874000062],[-74.14306122999994,4.628320214000041],[-74.14306769899997,4.628255557000045],[-74.14307415799993,4.628190895000046],[-74.14308061599996,4.6281262270000525],[-74.14308708699997,4.628061568000021],[-74.14309354599999,4.627996919000054],[-74.14309892099999,4.62794318300007],[-74.14303354199996,4.627936607000038],[-74.14302639499994,4.628008153000053],[-74.14302654799997,4.6280091380000385],[-74.14302668099998,4.62801012500006],[-74.14302679099995,4.628011111000035],[-74.14302688999999,4.62801210300006],[-74.14302697099998,4.6280130900000245],[-74.14298800699999,4.628415906000043],[-74.14297760799997,4.628522442000076]]]},"properties":{"CALCODIGO":145626,"CALCIV":8005014,"CALFUNCION":1,"CALTSUPERF":2,"CALANCHO":7.12,"CALLONGITU":65.07000000000001,"OBJECTID":684844}},{"type":"Feature","id":685288,"geometry":{"type":"Polygon","coordinates":[[[-74.12923358499995,4.6339226460000305],[-74.12928210799998,4.633952911000051],[-74.12932471599999,4.633887442000059],[-74.12932610199994,4.633881412000051],[-74.12932974899996,4.633871289000069],[-74.12936008699995,4.633819586000072],[-74.12938954699996,4.633763847000068],[-74.12943119699997,4.6336814890000255],[-74.12945495399998,4.6336281120000535],[-74.12950739699994,4.633497971000054],[-74.12951267699998,4.633484855000063],[-74.12951933499994,4.6334683420000715],[-74.12952602899998,4.6334517260000325],[-74.12952939799999,4.633443366000051],[-74.12957209899997,4.633335683000041],[-74.12958154632105,4.633323457381593],[-74.12959263169377,4.633312694847814],[-74.12960513111311,4.633303612880064],[-74.12961879199997,4.633296395000059],[-74.12963104083232,4.6332918635093385],[-74.12964374609736,4.6332888395149014],[-74.12965672299998,4.633287367000037],[-74.12957457199997,4.633253295000031],[-74.12949690199997,4.63322108400007],[-74.12948800199996,4.633217397000067],[-74.12950091362443,4.633229056166066],[-74.12951172781888,4.633242683322646],[-74.12952014899997,4.63325790600004],[-74.12952542599884,4.633275100583127],[-74.12952799737002,4.633292901944166],[-74.12952780199998,4.63331088700005],[-74.12947184999996,4.633448217000023],[-74.12941465899996,4.633587442000021],[-74.12934429599994,4.633724958000073],[-74.12933020599996,4.633752494000021],[-74.12928658299995,4.633837769000024],[-74.12928314499999,4.633842647000051],[-74.12928069099996,4.633846607000066],[-74.12923358499995,4.6339226460000305]]]},"properties":{"CALCODIGO":151505,"CALCIV":8003982,"CALFUNCION":1,"CALTSUPERF":2,"CALANCHO":6.48,"CALLONGITU":83.66,"OBJECTID":685288}},{"type":"Feature","id":685304,"geometry":{"type":"Polygon","coordinates":[[[-74.12733627499995,4.632308409000075],[-74.12739119699995,4.632330796000076],[-74.12743067299994,4.63234688700004],[-74.12746302299996,4.632268335000049],[-74.12746337099998,4.632267488000025],[-74.12785133199998,4.631315375000042],[-74.12787314799994,4.631262855000045],[-74.12782653199997,4.6312437010000735],[-74.12777976099994,4.631224484000029],[-74.12734163299996,4.632298075000051],[-74.12734053899999,4.632299738000029],[-74.12733818299995,4.632303962000037],[-74.12733627499995,4.632308409000075]]]},"properties":{"CALCODIGO":151357,"CALCIV":8004403,"CALFUNCION":1,"CALTSUPERF":2,"CALANCHO":11.19,"CALLONGITU":129.6,"OBJECTID":685304}},{"type":"Feature","id":685787,"geometry":{"type":"Polygon","coordinates":[[[-74.14258188299999,4.6268802330000085],[-74.14258107400002,4.6268865850000225],[-74.14257781399999,4.626898188999974],[-74.14257780000003,4.626898229999995],[-74.14257262699999,4.626909108999996],[-74.14257260599999,4.626909149000028],[-74.14256564099998,4.626919025999996],[-74.14255985400001,4.626925122999978],[-74.14255980500002,4.626925170999982],[-74.14255334799998,4.626930523999988],[-74.14255328399997,4.626930574000028],[-74.14254616699998,4.626935159000027],[-74.14265825400003,4.626890532999994],[-74.14265886300001,4.626890290999995],[-74.14275787499997,4.626850869000009],[-74.14274843599998,4.626849558999993],[-74.14274840799999,4.626849551000021],[-74.142739361,4.626846648000026],[-74.14273931600002,4.62684662800001],[-74.14273091500002,4.626842222999983],[-74.142730873,4.626842193000016],[-74.142723348,4.626836412999978],[-74.14272332500002,4.626836389000005],[-74.14271688299999,4.626829389000022],[-74.14271197699998,4.626821851999978],[-74.14271195200001,4.626821800000016],[-74.14270834400003,4.626813621999986],[-74.142706084,4.626804909999976],[-74.142706078,4.6268048590000035],[-74.14270524900002,4.626795947000005],[-74.14274551900002,4.626448079999989],[-74.14274554000002,4.626447953000024],[-74.14275396199997,4.626379779999979],[-74.14269796899998,4.626373326000021],[-74.142646334,4.626367373999983],[-74.14264409999998,4.626385183000025],[-74.14263919000001,4.626424332999989],[-74.14263427999998,4.626463473999991],[-74.14262937799998,4.626502614999993],[-74.14262445999998,4.626541755999995],[-74.14261955900002,4.626580896999997],[-74.142614649,4.626620037999999],[-74.14260973900002,4.626659169999982],[-74.14260482899999,4.626698310999984],[-74.14259991900002,4.626737450999997],[-74.14259500899999,4.626776591999999],[-74.14259009900002,4.626815733000001],[-74.14258188299999,4.6268802330000085]]]},"properties":{"CALCODIGO":145775,"CALCIV":8005415,"CALFUNCION":1,"CALTSUPERF":2,"CALANCHO":12.63,"CALLONGITU":58.59,"OBJECTID":685787}},{"type":"Feature","id":685833,"geometry":{"type":"Polygon","coordinates":[[[-74.13302468499995,4.6326941430000375],[-74.13302670204007,4.632705189007758],[-74.13303050205016,4.6327157551168225],[-74.13303598227772,4.632725555619019],[-74.13304299453708,4.632734325508194],[-74.13305134921632,4.632741827646027],[-74.13306082040444,4.6327478591742715],[-74.13307115199996,4.63275225700005],[-74.13308092499994,4.6326599990000545],[-74.13308043570656,4.632651411562371],[-74.13308116299999,4.632642841000063],[-74.13310823899997,4.632387214000062],[-74.13313286499994,4.632154691000039],[-74.13315851099998,4.631893809000076],[-74.13319303399999,4.631542634000027],[-74.13319467564213,4.631537067248766],[-74.13319691999999,4.631531715000051],[-74.13319736499994,4.631527161000065],[-74.13320382599994,4.631461262000073],[-74.13314819999994,4.631455771000049],[-74.13314181599998,4.6315192020000495],[-74.13314087299995,4.631528565000053],[-74.13314173838621,4.631535618061513],[-74.13314172399998,4.631542724000042],[-74.13314127699994,4.631547079000029],[-74.13310605199996,4.631890010000063],[-74.13308925499996,4.632053530000064],[-74.13305561899995,4.632387213000072],[-74.13302468499995,4.6326941430000375]]]},"properties":{"CALCODIGO":151403,"CALCIV":8004364,"CALFUNCION":1,"CALTSUPERF":2,"CALANCHO":5.82,"CALLONGITU":142.14000000000001,"OBJECTID":685833}},{"type":"Feature","id":686102,"geometry":{"type":"Polygon","coordinates":[[[-74.13360828099997,4.627351839000028],[-74.13366313099993,4.627356878000057],[-74.1336592732343,4.627355476763207],[-74.13365558499999,4.627353676000041],[-74.13365265967605,4.627351257280801],[-74.13365013696581,4.627348421146817],[-74.13364807575925,4.6273452338046],[-74.13364652417303,4.62734176965924],[-74.13364551842724,4.627338109577501],[-74.13364508199999,4.627334339000072],[-74.13364729399996,4.6273125890000415],[-74.13364777499999,4.627307855000026],[-74.13364934199996,4.6272924280000325],[-74.13364870899994,4.627284308000071],[-74.13366616899998,4.62710620200005],[-74.13369121899996,4.626850166000054],[-74.13366861199995,4.6268479880000655],[-74.13362047899994,4.626843350000058],[-74.13361189299997,4.626929775000065],[-74.13361447498404,4.626939957677787],[-74.13361600899998,4.626950350000072],[-74.13358310999996,4.627282319000074],[-74.13358031054386,4.627291749446597],[-74.1335763823455,4.627300768289854],[-74.13357138399994,4.6273092410000345],[-74.13356434422012,4.627318219864158],[-74.13355610072021,4.627326108033159],[-74.13354682058582,4.627332745623569],[-74.13353669191383,4.6273379980996046],[-74.13352591999995,4.627341759000046],[-74.13351774499995,4.627343516000053],[-74.13360828099997,4.627351839000028]]]},"properties":{"CALCODIGO":147279,"CALCIV":8005294,"CALFUNCION":1,"CALTSUPERF":2,"CALANCHO":7.67,"CALLONGITU":56.14,"OBJECTID":686102}},{"type":"Feature","id":686667,"geometry":{"type":"Polygon","coordinates":[[[-74.14299915399994,4.627968200000055],[-74.14299939599994,4.6279683430000205],[-74.14300024099998,4.627968860000067],[-74.14300108099997,4.627969391000022],[-74.14300190799997,4.627969934000021],[-74.14300272899999,4.627970494000067],[-74.14300353999994,4.627971073000026],[-74.14300434199998,4.627971660000071],[-74.14300512499995,4.627972257000067],[-74.14300589999993,4.6279728720000435],[-74.14300667499998,4.627973504000067],[-74.14300743199993,4.627974146000042],[-74.14300816999997,4.627974806000054],[-74.14300890899995,4.627975475000028],[-74.14300962999994,4.627976155000056],[-74.14301034099998,4.627976849000049],[-74.14301103299994,4.62797755400004],[-74.14301171999995,4.627978268000049],[-74.14301238599995,4.627979002000075],[-74.14301304399999,4.627979742000036],[-74.14301370199996,4.627980501000025],[-74.14301433199995,4.6279812620000484],[-74.14301495399997,4.627982029000066],[-74.14301555799995,4.627982833000033],[-74.14301615199997,4.627983611000047],[-74.14301672899995,4.6279844330000515],[-74.14301729599998,4.6279852470000264],[-74.14301784599996,4.6279860690000305],[-74.14301837699998,4.6279869010000425],[-74.14301889999996,4.627987762000032],[-74.14301940399997,4.627988609000056],[-74.14301989999996,4.627989479000064],[-74.14302037699997,4.6279903450000575],[-74.14302083699994,4.627991224000027],[-74.14302128499997,4.627992117000076],[-74.14302170099995,4.627993012000047],[-74.14302212499996,4.627993916000037],[-74.14302252799996,4.6279948210000725],[-74.14302290899997,4.627995743000042],[-74.14302328699995,4.6279966640000225],[-74.14302362899997,4.627997595000068],[-74.14302396299996,4.627998526000056],[-74.14302427799998,4.627999475000024],[-74.14302458399999,4.628000415000031],[-74.14302486299994,4.628001373000075],[-74.14302513399997,4.62800233300004],[-74.14302538599998,4.628003290000038],[-74.14302561999995,4.628004257000043],[-74.14302584499995,4.6280052260000275],[-74.14302604399995,4.628006200000073],[-74.14302622399998,4.628007168000067],[-74.14302639499994,4.628008153000053],[-74.14303354199996,4.627936607000038],[-74.14304020199995,4.627869937000071],[-74.14303653366699,4.627878876282936],[-74.14303144067544,4.627887087792065],[-74.14302506262999,4.627894346440763],[-74.14301757435997,4.62790045326131],[-74.14300918112733,4.627905240858889],[-74.14300011299997,4.627908578000074],[-74.1429911544594,4.627910305032743],[-74.14298203599998,4.627910608000036],[-74.14294398299995,4.62790700100004],[-74.14290593099997,4.627903394000043],[-74.14286787799995,4.627899788000036],[-74.14282982499998,4.627896171000032],[-74.14279175399997,4.627892564000035],[-74.14275370999997,4.6278889590000745],[-74.14271565699994,4.627885350000042],[-74.14267760399997,4.627881736000063],[-74.14263955099995,4.627878136000049],[-74.14260149799998,4.627874531000032],[-74.14259478699995,4.627873833000024],[-74.14258806599997,4.62787313900003],[-74.14258136399997,4.627872441000022],[-74.14257463399997,4.6278717540000684],[-74.14256792299994,4.627871058000039],[-74.14256121099999,4.627870363000056],[-74.14255449099994,4.627869665000048],[-74.14254777899998,4.627868978000038],[-74.14254105899994,4.627868282000065],[-74.14253434699998,4.627867586000036],[-74.14252953499994,4.6278670910000415],[-74.14252475299998,4.627866594000068],[-74.14251995099994,4.6278660950000585],[-74.14251514999995,4.627865608000036],[-74.14251035699994,4.627865111000062],[-74.14250555499996,4.627864612000053],[-74.14250075399997,4.627864115000023],[-74.14249595199993,4.627863618000049],[-74.14249115899997,4.627863120000029],[-74.14248635799999,4.6278626230000555],[-74.14248156499997,4.6278621350000435],[-74.14247676399998,4.62786163800007],[-74.14247196199995,4.627861141000039],[-74.14246716899999,4.627860643000076],[-74.14246236799994,4.627860148000025],[-74.14245756599996,4.627859651000051],[-74.14245277299995,4.627859152000042],[-74.14244797199996,4.62785866400003],[-74.14244316999998,4.627858168000046],[-74.14243836799994,4.627857671000072],[-74.14243357599997,4.627857172000063],[-74.14242877399994,4.627856675000032],[-74.14242397199996,4.627856178000059],[-74.14241917799995,4.627855690000047],[-74.14241437799996,4.627855192000027],[-74.14240957599998,4.627854695000053],[-74.14240633299994,4.627854308000053],[-74.14239965057511,4.627852978070146],[-74.14239327595963,4.6278505722869765],[-74.1423873810995,4.627847155543051],[-74.14238212499998,4.627842820000069],[-74.14237806437424,4.627838240797772],[-74.14237471730686,4.62783311684275],[-74.14237215581153,4.627827558379225],[-74.14237043499998,4.627821685000072],[-74.14236432599995,4.62788411300005],[-74.14235915699999,4.627936939000051],[-74.14236180834273,4.627930757406385],[-74.14236530409734,4.627925010979827],[-74.14236957453672,4.627919814339938],[-74.14237453448166,4.627915271140106],[-74.14238008499996,4.627911472000051],[-74.14238654215092,4.627908325795754],[-74.14239340077253,4.627906192087849],[-74.14240050315914,4.627905119938359],[-74.14240768599996,4.627905134000059],[-74.14268359499994,4.627931957000044],[-74.14297481999995,4.62796049800005],[-74.14297507199996,4.627960515000041],[-74.14297605399997,4.627960605000055],[-74.14297704499995,4.6279607220000685],[-74.14297801799995,4.627960840000071],[-74.14297900899999,4.6279609850000725],[-74.14297998199999,4.627961147000065],[-74.14298095499998,4.627961319000065],[-74.14298192799998,4.627961518000063],[-74.14298290099998,4.627961728000059],[-74.14298386499996,4.627961963000075],[-74.14298481999998,4.627962205000074],[-74.14298578399996,4.627962467000032],[-74.14298672799998,4.627962747000026],[-74.14298767599996,4.627963037000029],[-74.14298862099997,4.627963353000041],[-74.14298954899994,4.62796368000005],[-74.14299049499994,4.6279640220000715],[-74.14299141399994,4.627964385000041],[-74.14299233299994,4.627964763000023],[-74.14299323399996,4.627965152000058],[-74.14299413499998,4.627965560000064],[-74.14299503399997,4.62796598500006],[-74.14299591899999,4.627966426000057],[-74.14299680099998,4.6279668870000705],[-74.14299767499995,4.627967358000035],[-74.14299853999995,4.627967837000028],[-74.14299915399994,4.627968200000055]]]},"properties":{"CALCODIGO":145588,"CALCIV":8005037,"CALFUNCION":1,"CALTSUPERF":2,"CALANCHO":5.8500000000000005,"CALLONGITU":74.5,"OBJECTID":686667}},{"type":"Feature","id":686697,"geometry":{"type":"Polygon","coordinates":[[[-74.12959607899995,4.626466919000052],[-74.12960052981826,4.626468330795209],[-74.12960472707644,4.626470376760245],[-74.12960858097607,4.62647301312267],[-74.12961200906472,4.62647618347871],[-74.12961493799997,4.626479820000043],[-74.12967071299994,4.6265037380000535],[-74.12971086299996,4.626507788000026],[-74.12971364099997,4.626479471000039],[-74.12971887199996,4.626426168000023],[-74.12968232499998,4.626422207000076],[-74.12968214599994,4.626422188000049],[-74.12961924499996,4.626415373000043],[-74.12958668399995,4.6264117760000545],[-74.12931243599996,4.626387777000048],[-74.12929627656852,4.626384022541556],[-74.12928082199994,4.626377991000027],[-74.12926987809915,4.626370388202494],[-74.12926000919475,4.6263614340849655],[-74.12925138099996,4.626351279000062],[-74.12924301116037,4.626338030205128],[-74.12923674301875,4.6263236672255434],[-74.12923272099994,4.626308521000055],[-74.12923042199998,4.626335374000064],[-74.12922343599996,4.626400348000061],[-74.12922339599999,4.626400722000028],[-74.12921529099998,4.626476098000069],[-74.12921237999996,4.62650519500005],[-74.12921715257168,4.626492672545353],[-74.12922370428583,4.626480982192305],[-74.12923189440565,4.626470375060266],[-74.12924154699994,4.626461079000023],[-74.12925436833676,4.626452169762089],[-74.12926852496655,4.626445585612071],[-74.12928359937989,4.626441520730688],[-74.12929914699998,4.626440095000021],[-74.12959607899995,4.626466919000052]]]},"properties":{"CALCODIGO":147214,"CALCIV":8005418,"CALFUNCION":1,"CALTSUPERF":2,"CALANCHO":6.67,"CALLONGITU":55.02,"OBJECTID":686697}},{"type":"Feature","id":686786,"geometry":{"type":"Polygon","coordinates":[[[-74.141060998,4.627586457000007],[-74.14105914200002,4.6275878220000095],[-74.14105725000002,4.627589114999978],[-74.14105606599998,4.627589858000022],[-74.14105573199998,4.627590068000018],[-74.14105558199998,4.627590162999979],[-74.14105537799998,4.627590309000027],[-74.14105366000001,4.627591355999982],[-74.14105277499999,4.6275919029999955],[-74.14105267000002,4.62759196799999],[-74.14103350300002,4.627603840000006],[-74.14101166500001,4.627617363000013],[-74.140989837,4.627630884999974],[-74.140985812,4.62763338100001],[-74.140968009,4.6276444179999885],[-74.14094829300001,4.627656623000007],[-74.14097634699999,4.627702216999978],[-74.141003743,4.62774674100001],[-74.14108622100002,4.627696097000012],[-74.141087717,4.627695130000006],[-74.141093909,4.627691864999974],[-74.141103257,4.627686937000021],[-74.141195724,4.62763260700001],[-74.141167182,4.627584973000012],[-74.14113885199998,4.627537695000001],[-74.141060998,4.627586457000007]]]},"properties":{"CALCODIGO":145548,"CALCIV":8005152,"CALFUNCION":1,"CALTSUPERF":2,"CALANCHO":11.91,"CALLONGITU":24.84,"OBJECTID":686786}},{"type":"Feature","id":687114,"geometry":{"type":"Polygon","coordinates":[[[-74.13158358800001,4.632243847999973],[-74.13161771900002,4.632247273000019],[-74.131652035,4.632250716999977],[-74.131659856,4.6321824660000175],[-74.131693004,4.631901717000005],[-74.13169603400002,4.631876051000006],[-74.131697315,4.631865203000018],[-74.131697637,4.631862477000027],[-74.13169810300002,4.631858503999979],[-74.13170704700002,4.631782217000023],[-74.131667757,4.631778956000005],[-74.13162731900002,4.63177559799999],[-74.13161872199998,4.631862537000018],[-74.13159444500002,4.632122907999985],[-74.13158978799999,4.632172850000018],[-74.13158358800001,4.632243847999973]]]},"properties":{"CALCODIGO":151391,"CALCIV":8004303,"CALFUNCION":1,"CALTSUPERF":2,"CALANCHO":8.290000000000001,"CALLONGITU":52.11,"OBJECTID":687114}},{"type":"Feature","id":687143,"geometry":{"type":"Polygon","coordinates":[[[-74.13282932799996,4.63070628600002],[-74.13297393699997,4.630720221000047],[-74.13298302699997,4.630643320000047],[-74.13298154805918,4.630648486728031],[-74.1329792153909,4.6306533283189495],[-74.13297609639834,4.630657704873455],[-74.13297228120581,4.63066148992958],[-74.13296788005454,4.630664574116894],[-74.13296302011722,4.6306668683168],[-74.13295784182333,4.630668306237644],[-74.13295249480137,4.630668846330235],[-74.13294713355526,4.630668472988422],[-74.13294191299997,4.630667197000037],[-74.13286266299997,4.630659422000065],[-74.13285786032382,4.630658439180892],[-74.13285328746706,4.630656672655266],[-74.13284907135215,4.630654171454196],[-74.13284532899996,4.630651005000061],[-74.1328420606666,4.6306471237627305],[-74.13283950375381,4.630642741046321],[-74.13283773350116,4.630637985816393],[-74.13283680199999,4.630632998000067],[-74.13282932799996,4.63070628600002]]]},"properties":{"CALCODIGO":91029076,"CALCIV":8004530,"CALFUNCION":1,"CALTSUPERF":4,"CALANCHO":5.8,"CALLONGITU":16.09,"OBJECTID":687143}},{"type":"Feature","id":687748,"geometry":{"type":"Polygon","coordinates":[[[-74.13108573399995,4.627209020000066],[-74.13109010599999,4.627209435000054],[-74.13111967399993,4.627212246000056],[-74.13112322299997,4.627171393000026],[-74.13112930699998,4.6271013760000415],[-74.13109930399997,4.627098219000061],[-74.13100861199996,4.62708867200007],[-74.13099707799995,4.627090430000067],[-74.13088606799994,4.627079424000044],[-74.13085397499998,4.627076316000057],[-74.13070892099995,4.627062116000047],[-74.130694393683,4.627055261147962],[-74.13068119585985,4.627046104216226],[-74.13066968899994,4.627034896000055],[-74.13066080357444,4.627022943454856],[-74.13065384102457,4.627009777702975],[-74.13064896361078,4.626995705568881],[-74.13064628499995,4.626981055000044],[-74.13064406399997,4.627004437000039],[-74.13064421799999,4.627009034000025],[-74.13063666699998,4.627083732000074],[-74.13062906599998,4.627158936000058],[-74.13062613699998,4.627187918000061],[-74.13063280621903,4.627175212669392],[-74.13064126454283,4.627163621264447],[-74.13065132950976,4.627153393833165],[-74.13066278399998,4.62714475100006],[-74.13067723715069,4.62713707015536],[-74.13069277391047,4.6271319225310465],[-74.13070895399994,4.627129454000055],[-74.13080780299998,4.627139591000059],[-74.13083693999994,4.62714255800006],[-74.13091316199996,4.627150399000072],[-74.13101838199998,4.627160360000062],[-74.13104357699996,4.627194682000038],[-74.13104716599997,4.6272001200000545],[-74.13104969999995,4.627202876000069],[-74.13105300799998,4.6272055590000605],[-74.13105680799998,4.6272064770000725],[-74.13105877899994,4.6272064770000725],[-74.13108573399995,4.627209020000066]]]},"properties":{"CALCODIGO":147205,"CALCIV":8005236,"CALFUNCION":1,"CALTSUPERF":2,"CALANCHO":8.25,"CALLONGITU":54.660000000000004,"OBJECTID":687748}},{"type":"Feature","id":687940,"geometry":{"type":"Polygon","coordinates":[[[-74.12921466099993,4.630630262000068],[-74.12922358951208,4.63063831309547],[-74.1292312105882,4.630647611356856],[-74.12923735208466,4.6306579467565765],[-74.12924187527831,4.630669085840264],[-74.12924467799996,4.630680777000066],[-74.12925392399995,4.630589905000022],[-74.12925982799999,4.630531882000071],[-74.12925612390055,4.630538022248225],[-74.12925161918072,4.6305436017194666],[-74.12924639754034,4.630548516744571],[-74.12924055599996,4.630552676000036],[-74.12923238605816,4.630557902524374],[-74.12922365758635,4.630562130796518],[-74.12921449199996,4.630565302000036],[-74.12920374912197,4.6305675612289825],[-74.12919280084529,4.630568366698084],[-74.12918184299997,4.630567704000043],[-74.12870536499997,4.63051764100004],[-74.12866758499996,4.6306101430000695],[-74.1286767658608,4.630598896908903],[-74.12868766079542,4.630589301953349],[-74.12869997699994,4.630581616000029],[-74.12871089579943,4.630576890750334],[-74.12872235115199,4.630573677797741],[-74.12873413467099,4.630572035589727],[-74.12874603199998,4.630571994000036],[-74.12874995499999,4.630572334000021],[-74.12904827499995,4.630602693000071],[-74.12917952799995,4.630614801000036],[-74.12919202816202,4.630618020725708],[-74.12920384289067,4.630623220040314],[-74.12921466099993,4.630630262000068]]]},"properties":{"CALCODIGO":151419,"CALCIV":8004498,"CALFUNCION":1,"CALTSUPERF":2,"CALANCHO":5.92,"CALLONGITU":62.36,"OBJECTID":687940}},{"type":"Feature","id":688039,"geometry":{"type":"Polygon","coordinates":[[[-74.12711961899998,4.633203811000044],[-74.12713059049047,4.633202984031871],[-74.12714156776998,4.633203730231676],[-74.12715232641978,4.633206034344199],[-74.12716264649072,4.633209849264318],[-74.12717231699997,4.633215097000061],[-74.12748013799995,4.633412711000062],[-74.12751620099993,4.633360301000039],[-74.12740842399995,4.633289858000069],[-74.12739780199996,4.633284941000056],[-74.12718518999998,4.63314669500005],[-74.12717443077172,4.633138187903409],[-74.12716512040274,4.633128115728102],[-74.12715748399995,4.633116722000068],[-74.12715258752085,4.6331065602117905],[-74.12714902289814,4.633095858300121],[-74.12714684799994,4.633084790000055],[-74.12714457953673,4.63307341254409],[-74.12714370658085,4.633061844036079],[-74.12714424199999,4.633050255000057],[-74.12710594899994,4.633143296000071],[-74.12706797799996,4.633235556000045],[-74.12707596282075,4.633226008970646],[-74.12708537927114,4.633217870568126],[-74.12709598213974,4.63321135272255],[-74.12710749531995,4.633206625163469],[-74.12711961899998,4.633203811000044]]]},"properties":{"CALCODIGO":151476,"CALCIV":8004006,"CALFUNCION":1,"CALTSUPERF":2,"CALANCHO":7.82,"CALLONGITU":51.2,"OBJECTID":688039}},{"type":"Feature","id":688048,"geometry":{"type":"Polygon","coordinates":[[[-74.14086228299993,4.629052298000033],[-74.14093385799998,4.629059186000063],[-74.14094128099998,4.628981525000029],[-74.14094536899995,4.62892058500006],[-74.14096763099997,4.628700411000068],[-74.14099023599994,4.628466849000063],[-74.14099885299999,4.628400050000039],[-74.14100054599999,4.628394338000021],[-74.14100856399995,4.628332191000027],[-74.14093963099998,4.628323238000064],[-74.14093527399996,4.628367866000076],[-74.14092812999996,4.628441133000024],[-74.14092118399998,4.628512257000068],[-74.14090773199996,4.628649276000033],[-74.14090373199997,4.62868760300006],[-74.14089974099994,4.628725938000059],[-74.14087671299995,4.628964103000044],[-74.14087592641113,4.628971263083504],[-74.14087416218509,4.628978246852088],[-74.14087145387738,4.6289849214746654],[-74.14086785299997,4.628991160000055],[-74.14086228299993,4.629052298000033]]]},"properties":{"CALCODIGO":145608,"CALCIV":8004933,"CALFUNCION":1,"CALTSUPERF":2,"CALANCHO":7.3,"CALLONGITU":80.97,"OBJECTID":688048}},{"type":"Feature","id":688355,"geometry":{"type":"Polygon","coordinates":[[[-74.13064753999998,4.633127447000049],[-74.13066296828941,4.633130546060309],[-74.1306778484634,4.633135666286033],[-74.13069191699998,4.633142717000055],[-74.13101743099998,4.63335223100006],[-74.13107444799994,4.633284124000056],[-74.13106755733047,4.633288766361282],[-74.13106000514092,4.633292230069766],[-74.13105199128653,4.633294423464636],[-74.13104372783964,4.633295288501607],[-74.13103543347766,4.6332948022890195],[-74.13102732769609,4.633292977693621],[-74.13101962499996,4.633289863000073],[-74.13085945099994,4.633186060000071],[-74.13085736039197,4.633182988416452],[-74.13085578886866,4.633179621580826],[-74.13085477702619,4.633176046466502],[-74.13085435100284,4.633172355427122],[-74.13085452180377,4.633168643810944],[-74.1308552850168,4.633165007497775],[-74.13085662092637,4.633161540422167],[-74.13085849502274,4.633158332146866],[-74.1308608588936,4.633155465549197],[-74.13086365147457,4.633153014680143],[-74.1308668006267,4.633151042851436],[-74.13087022499997,4.633149601000071],[-74.13077691899997,4.633140317000027],[-74.13064753999998,4.633127447000049]]]},"properties":{"CALCODIGO":91013229,"CALCIV":8013545,"CALFUNCION":1,"CALTSUPERF":2,"CALANCHO":6.55,"CALLONGITU":39.68,"OBJECTID":688355}},{"type":"Feature","id":688751,"geometry":{"type":"Polygon","coordinates":[[[-74.13569645099994,4.631363787000055],[-74.13576412399993,4.6313710310000715],[-74.13576706199996,4.631343399000059],[-74.13576963699995,4.631319182000027],[-74.13552996199996,4.6312903140000685],[-74.13552633677243,4.6312896799487735],[-74.13552281433543,4.631288613771792],[-74.13551944599999,4.631287131000022],[-74.13551740699995,4.631285987000069],[-74.13551495299998,4.631310343000052],[-74.13551168399994,4.631342776000054],[-74.13557717499998,4.631349717000035],[-74.13568605299997,4.631361372000072],[-74.13569131516468,4.63136230753868],[-74.13569645099994,4.631363787000055]]]},"properties":{"CALCODIGO":151445,"CALCIV":8004402,"CALFUNCION":1,"CALTSUPERF":2,"CALANCHO":5.86,"CALLONGITU":28.22,"OBJECTID":688751}},{"type":"Feature","id":689047,"geometry":{"type":"Polygon","coordinates":[[[-74.12792835699997,4.632583687000022],[-74.12793912799998,4.632587335000039],[-74.12846902399997,4.632799621000061],[-74.12849460999996,4.632738999000026],[-74.12822776299998,4.632631426000046],[-74.12801838099995,4.632547425000041],[-74.12787589899995,4.632490221000069],[-74.12785272899998,4.63255024700004],[-74.12792835699997,4.632583687000022]]]},"properties":{"CALCODIGO":151457,"CALCIV":8004151,"CALFUNCION":1,"CALTSUPERF":2,"CALANCHO":7.33,"CALLONGITU":73.88,"OBJECTID":689047}},{"type":"Feature","id":689229,"geometry":{"type":"Polygon","coordinates":[[[-74.12906725899995,4.632469664000041],[-74.12913515799994,4.632476601000064],[-74.12914213499994,4.632407853000075],[-74.12914008502572,4.632397990762195],[-74.12913956799997,4.632387931000039],[-74.12913963999995,4.632387127000072],[-74.12916890899999,4.632088753000062],[-74.12917032674319,4.632081693073267],[-74.12917258918168,4.632074856851046],[-74.12917566299996,4.63206834500005],[-74.12918128499996,4.632006113000045],[-74.12911228399997,4.63199983800007],[-74.12910688199997,4.632056418000047],[-74.12910719270428,4.632060294161961],[-74.12910711599994,4.632064182000022],[-74.12908655299998,4.632279567000069],[-74.12907564999995,4.632386982000071],[-74.12906725899995,4.632469664000041]]]},"properties":{"CALCODIGO":151368,"CALCIV":8004255,"CALFUNCION":1,"CALTSUPERF":2,"CALANCHO":7.24,"CALLONGITU":52.26,"OBJECTID":689229}},{"type":"Feature","id":689253,"geometry":{"type":"Polygon","coordinates":[[[-74.13159841399994,4.6338543300000765],[-74.13162729399994,4.633888219000028],[-74.13163437099996,4.633896522000043],[-74.13228717699997,4.63336522000003],[-74.13228288199997,4.63335988700004],[-74.13224978399995,4.633318793000058],[-74.13220306199997,4.63335746100006],[-74.13219868666886,4.633365178309094],[-74.13219317188484,4.633372127232632],[-74.13218664999994,4.633378141000037],[-74.13165390999995,4.633810729000061],[-74.13164962199994,4.633813058000044],[-74.13159841399994,4.6338543300000765]]]},"properties":{"CALCODIGO":151467,"CALCIV":8003952,"CALFUNCION":1,"CALTSUPERF":2,"CALANCHO":6.0200000000000005,"CALLONGITU":93.38,"OBJECTID":689253}},{"type":"Feature","id":689584,"geometry":{"type":"Polygon","coordinates":[[[-74.13519355799997,4.631696205000026],[-74.13519904503278,4.631697938659403],[-74.13520415787399,4.631700579106054],[-74.13520874794203,4.6317040496073485],[-74.13521268184734,4.631708249308872],[-74.13521584526875,4.631713056165305],[-74.13521814627575,4.631718330487121],[-74.13521951799999,4.631723919000024],[-74.13522449199996,4.631667112000059],[-74.13522781399996,4.63162916400006],[-74.13522631323936,4.631631780442071],[-74.13522448954771,4.6316341829823715],[-74.13522237299998,4.631636332000028],[-74.13521972414283,4.631638376127399],[-74.13521681051577,4.631640021022024],[-74.13521369184672,4.631641232964386],[-74.13521043206683,4.63164198711027],[-74.13520709799997,4.631642268000064],[-74.13520563699996,4.631642124000052],[-74.13425795799998,4.631548019000036],[-74.13424984164908,4.631545346440903],[-74.13424227045925,4.6315413847735085],[-74.13423544755877,4.631536240285873],[-74.13422955599998,4.631530051000027],[-74.13422558547668,4.631524409325723],[-74.13422238967587,4.631518295374358],[-74.1342200238763,4.631511814900875],[-74.13421852899995,4.631505080000068],[-74.13421664599997,4.631497682000031],[-74.13420998099997,4.631567314000051],[-74.13420514199998,4.631622439000068],[-74.13420359414178,4.631626839201804],[-74.13420252699996,4.631631380000044],[-74.13420161399995,4.631639760000041],[-74.13420554635246,4.631630964764116],[-74.13421073545213,4.631622847325127],[-74.13421706731816,4.6316155859861405],[-74.13422440286834,4.6316093402456175],[-74.13423258097416,4.631604247293958],[-74.13424142199995,4.631600419000051],[-74.13425008090167,4.631598073420746],[-74.13425898099996,4.631596948000038],[-74.13441412199995,4.6316122260000725],[-74.13519355799997,4.631696205000026]]]},"properties":{"CALCODIGO":151442,"CALCIV":8004348,"CALFUNCION":1,"CALTSUPERF":2,"CALANCHO":5.83,"CALLONGITU":113.16,"OBJECTID":689584}},{"type":"Feature","id":689670,"geometry":{"type":"Polygon","coordinates":[[[-74.13732522799995,4.627613297000039],[-74.13738255199996,4.627619447000029],[-74.13742644699994,4.6272059890000605],[-74.13743169606872,4.6271931848803405],[-74.13743870976298,4.627181255660013],[-74.13744734599999,4.627170443000068],[-74.13745668435716,4.627161583908282],[-74.13746711585829,4.6271540425419335],[-74.13747845594895,4.627147952323078],[-74.13749050399997,4.627143421000028],[-74.13749929099998,4.627141208000069],[-74.13740456499994,4.627133041000036],[-74.13731897499997,4.627125663000072],[-74.13732598899998,4.6271292370000765],[-74.13733701388973,4.62713670089313],[-74.13734675560767,4.627145775959266],[-74.13735498099999,4.627156245000037],[-74.13736177589401,4.62716846112998],[-74.13736651325188,4.627181612626319],[-74.13736906922708,4.627195355675699],[-74.13736937699997,4.627209331000074],[-74.13736466099994,4.627251844000057],[-74.13733720699997,4.627509469000074],[-74.13733635096213,4.627516074804663],[-74.13733489599997,4.627522575000057],[-74.13732522799995,4.627613297000039]]]},"properties":{"CALCODIGO":147311,"CALCIV":8005231,"CALFUNCION":1,"CALTSUPERF":2,"CALANCHO":6.94,"CALLONGITU":53.78,"OBJECTID":689670}},{"type":"Feature","id":689898,"geometry":{"type":"Polygon","coordinates":[[[-74.12837286599995,4.628671558000065],[-74.12843698199998,4.628678057000059],[-74.12849673599999,4.628684132000046],[-74.12856598999997,4.628691127000025],[-74.12862159099996,4.628696778000062],[-74.12868999999995,4.628703700000074],[-74.12875256799998,4.628710130000059],[-74.12890752499999,4.6287319470000625],[-74.12891403297274,4.628736614450773],[-74.12891965488119,4.628742318217158],[-74.12892422777458,4.62874889297583],[-74.12892761910781,4.628756148157728],[-74.12892973058328,4.62876387347176],[-74.12893050099996,4.628771845000074],[-74.12893736799998,4.628704600000049],[-74.12893755699997,4.6287027460000445],[-74.12894459599994,4.6286338050000495],[-74.12894256454558,4.62864111494069],[-74.1289393694344,4.628647996314356],[-74.12893509602364,4.628654265285516],[-74.12892985847724,4.628659754378935],[-74.12892379671595,4.628664316953771],[-74.12891707267943,4.6286678311210805],[-74.12890986599996,4.62867020300007],[-74.12794583299996,4.628577571000051],[-74.12794271399997,4.628608321000058],[-74.12793631599999,4.6286713960000725],[-74.12793517099993,4.628682679000065],[-74.12794030333279,4.628671066565704],[-74.12794723788467,4.628660431648562],[-74.12795579381483,4.628651051588267],[-74.12796574799995,4.6286431710000215],[-74.12797697497075,4.628636943809978],[-74.12798906899997,4.62863263600002],[-74.12812709699995,4.6286466200000405],[-74.12815355999999,4.628649304000021],[-74.12818551199996,4.62865262300005],[-74.12824976999997,4.628658983000037],[-74.12831198699996,4.628665341000044],[-74.12837286599995,4.628671558000065]]]},"properties":{"CALCODIGO":147171,"CALCIV":8004870,"CALFUNCION":1,"CALTSUPERF":2,"CALANCHO":6.11,"CALLONGITU":110.91,"OBJECTID":689898}},{"type":"Feature","id":689987,"geometry":{"type":"Polygon","coordinates":[[[-74.14382580199998,4.631439850999982],[-74.143919832,4.6314470059999735],[-74.14392247400002,4.631415840999978],[-74.14393317600002,4.631289568999989],[-74.14393288299999,4.631289544000026],[-74.14390933800001,4.63128750300001],[-74.14387015,4.631284158000028],[-74.14383078200001,4.631280812999989],[-74.14379142199999,4.6312774680000075],[-74.14375206300002,4.631274132999977],[-74.143712704,4.631270787999995],[-74.14367334399998,4.631267451999975],[-74.14363398500001,4.631264106999993],[-74.14359462499999,4.631260763],[-74.14355504100001,4.631257335999976],[-74.14351406899999,4.631253386000026],[-74.14347310599999,4.631249436000019],[-74.14343214299998,4.631245476000004],[-74.14339117999998,4.631241525999997],[-74.14335021699998,4.631237575],[-74.14330925399997,4.631233624999993],[-74.14326829200002,4.631229664999978],[-74.14322732,4.631225715000028],[-74.14320862599999,4.631223862000013],[-74.14320664500002,4.6312235899999905],[-74.14320465399999,4.631223319000014],[-74.14320266300001,4.631223047999981],[-74.14320067199998,4.631222777000005],[-74.143198681,4.631222505999972],[-74.14313961699997,4.631218987000011],[-74.14312518000003,4.631376895000017],[-74.14382580199998,4.631439850999982]]]},"properties":{"CALCODIGO":24122314,"CALCIV":8013651,"CALFUNCION":1,"CALTSUPERF":2,"CALANCHO":17.54,"CALLONGITU":88.5,"OBJECTID":689987}},{"type":"Feature","id":690074,"geometry":{"type":"Polygon","coordinates":[[[-74.13162731899996,4.631775598000047],[-74.13166775699995,4.631778956000062],[-74.13170704699996,4.631782217000023],[-74.13171536199997,4.631711286000041],[-74.13171600699997,4.631703311000024],[-74.13175243199998,4.631396065000047],[-74.13175850999994,4.631314838000037],[-74.13171733099995,4.63131140400003],[-74.13167820599995,4.631308140000044],[-74.13166878599998,4.631389403000071],[-74.13167079390026,4.631397528126229],[-74.13167200899994,4.631405809000057],[-74.13164590299994,4.631672723000065],[-74.1316438070893,4.631689229671185],[-74.13163939822486,4.631705274138991],[-74.13163276499995,4.631720534000067],[-74.13162731899996,4.631775598000047]]]},"properties":{"CALCODIGO":151390,"CALCIV":8004390,"CALFUNCION":1,"CALTSUPERF":2,"CALANCHO":8.620000000000001,"CALLONGITU":52.02,"OBJECTID":690074}},{"type":"Feature","id":690291,"geometry":{"type":"Polygon","coordinates":[[[-74.13514164699995,4.632788572000038],[-74.13546951799998,4.632823736000034],[-74.13561064299995,4.6328372040000545],[-74.13562075299996,4.6327414670000735],[-74.13554679199996,4.632734407000044],[-74.13554185399994,4.632734833000029],[-74.13524045099996,4.632704335000028],[-74.13523215399994,4.632702320000021],[-74.13515100499995,4.632693618000076],[-74.13514164699995,4.632788572000038]]]},"properties":{"CALCODIGO":151533,"CALCIV":8004101,"CALFUNCION":1,"CALTSUPERF":2,"CALANCHO":10.55,"CALLONGITU":52.38,"OBJECTID":690291}},{"type":"Feature","id":690684,"geometry":{"type":"Polygon","coordinates":[[[-74.13348343799998,4.628967175000071],[-74.13348162999995,4.628985339000053],[-74.13348622242961,4.628975429918496],[-74.1334922194245,4.628966302138922],[-74.13349949110855,4.628958153340323],[-74.13350787999997,4.628951160000042],[-74.1335154797238,4.628946392628225],[-74.13352360099998,4.628942581000047],[-74.13356748799998,4.6289455290000205],[-74.13394209699999,4.628984120000041],[-74.13394795699998,4.628926326000055],[-74.13388502699996,4.628919902000064],[-74.13387735913697,4.628921171633181],[-74.13386958799998,4.628921304000073],[-74.13377316699996,4.628910990000065],[-74.13376134299995,4.628909791000069],[-74.13373530299998,4.628906964000066],[-74.13370616599997,4.628904138000053],[-74.13359172699995,4.628891707000037],[-74.13356294099998,4.6288888090000455],[-74.13353978499998,4.628886055000066],[-74.1335321961468,4.628884627855688],[-74.13352492357369,4.628882032260595],[-74.13351814599997,4.628878332000056],[-74.1335122970976,4.628873857065166],[-74.13350717588598,4.6288685648167975],[-74.13350289544458,4.628862572111007],[-74.13349955028815,4.628856011270383],[-74.13349721427977,4.62884902716227],[-74.13349593899994,4.628841774000023],[-74.13348937999996,4.628907575000028],[-74.13348343799998,4.628967175000071]]]},"properties":{"CALCODIGO":147192,"CALCIV":8004785,"CALFUNCION":1,"CALTSUPERF":2,"CALANCHO":6.49,"CALLONGITU":50.86,"OBJECTID":690684}},{"type":"Feature","id":690922,"geometry":{"type":"Polygon","coordinates":[[[-74.12794710799994,4.627999094000074],[-74.12794922050696,4.628007950225668],[-74.12795275452216,4.628016341063185],[-74.12795761466569,4.6280240400515895],[-74.12796366976674,4.628030839402218],[-74.12797075640364,4.628036555606811],[-74.12797868331457,4.62804103439023],[-74.12798723655942,4.628044154874202],[-74.12799618529392,4.628045832839718],[-74.12800528799994,4.628046023000024],[-74.12801192599994,4.627958629000034],[-74.12801310599997,4.62794309100002],[-74.12801866799998,4.627869858000054],[-74.12803464999996,4.627718023000057],[-74.12805492699994,4.627507362000074],[-74.12806465699998,4.627406286000053],[-74.12805909299993,4.627405728000042],[-74.12804947073693,4.627406702200313],[-74.12804012244995,4.627409181422387],[-74.1280312820189,4.627413103639907],[-74.12802317061787,4.627418370724966],[-74.12801599118177,4.627424850903122],[-74.12800992332916,4.627432382050193],[-74.12800511886846,4.627440775748356],[-74.12800169799993,4.627449822000074],[-74.12799999201314,4.627457449121167],[-74.12799926677832,4.6274652309847975],[-74.12799953399997,4.6274730420000765],[-74.12794710799994,4.627999094000074]]]},"properties":{"CALCODIGO":147302,"CALCIV":8005137,"CALFUNCION":1,"CALTSUPERF":2,"CALANCHO":6.48,"CALLONGITU":69.72,"OBJECTID":690922}},{"type":"Feature","id":690927,"geometry":{"type":"Polygon","coordinates":[[[-74.14224980199998,4.631471133000048],[-74.14225099234402,4.6314693034150825],[-74.14225247515844,4.631467701678074],[-74.14225420766294,4.631466374000333],[-74.1422561398735,4.631465358686357],[-74.14225821604435,4.631464685028714],[-74.14226037627645,4.631464372462931],[-74.14226255824546,4.631464430006765],[-74.14226469899995,4.631464856000036],[-74.14228547799996,4.631467095000062],[-74.14268307699996,4.6315099420000365],[-74.14270294674536,4.631515591503638],[-74.14272169149734,4.631524272399097],[-74.14273885199998,4.631535772000063],[-74.14285290599997,4.631619722000039],[-74.14288052140168,4.6316399150776535],[-74.14291100099996,4.631655451000029],[-74.14291273999999,4.631656364000037],[-74.14291447899996,4.631657277000045],[-74.14291621699994,4.631658199000071],[-74.14291900099994,4.631659121000041],[-74.14292228899996,4.631660052000029],[-74.14292558599993,4.631660983000074],[-74.14292888399996,4.6316619140000626],[-74.14296346599997,4.631665910000038],[-74.14296307799998,4.631670396000061],[-74.14308798099995,4.631684792000044],[-74.14309484199998,4.631685583000035],[-74.14309693599995,4.631685824000044],[-74.14309735199998,4.6316812730000265],[-74.14310060999998,4.631645640000045],[-74.14310350599999,4.631613968000067],[-74.14300775699996,4.6316048750000505],[-74.14297427838424,4.631598899760098],[-74.14294175555654,4.631588960601124],[-74.14291065606604,4.631575200408788],[-74.14288142699996,4.6315578170000435],[-74.14288132199994,4.631557749000024],[-74.14286903199996,4.63154890800007],[-74.14283588699993,4.631524305000028],[-74.14283055599998,4.631520349000027],[-74.14279943299994,4.631497247000027],[-74.14279851599997,4.631496456000036],[-74.14279394199997,4.63149304600006],[-74.14277702899994,4.631480130000057],[-74.14275307287373,4.631466168479465],[-74.14272757446382,4.6314552757694125],[-74.14270092499999,4.631447619000028],[-74.14268454499995,4.631444629000043],[-74.14232224099999,4.631407317000026],[-74.14231453013616,4.631405504592904],[-74.14230711999994,4.631402706000074],[-74.14230243699996,4.631400330000076],[-74.14229496667126,4.63139536991836],[-74.14228830312531,4.6313893694702815],[-74.14228258999998,4.6313824580000755],[-74.14226398599999,4.631432769000071],[-74.14226236699994,4.631437149000021],[-74.14224980199998,4.631471133000048]]]},"properties":{"CALCODIGO":902022,"CALCIV":8013674,"CALFUNCION":1,"CALTSUPERF":1,"CALANCHO":7.41,"CALLONGITU":98.04,"OBJECTID":690927}},{"type":"Feature","id":691142,"geometry":{"type":"Polygon","coordinates":[[[-74.14010176499994,4.629757506000033],[-74.14010204999994,4.6297575360000565],[-74.14015364199997,4.629763034000064],[-74.14014796429194,4.629761450608048],[-74.14014261839884,4.629758967681193],[-74.14013774576549,4.629755650914246],[-74.1401334753149,4.629751588064194],[-74.14012992003718,4.629746886628332],[-74.14012717399999,4.629741671000033],[-74.14012530649593,4.6297360964115315],[-74.14012435961602,4.629730294082104],[-74.14012435799998,4.629724415000055],[-74.14012586299998,4.629708869000069],[-74.14012886299997,4.629679859000021],[-74.14013186299997,4.629650852000054],[-74.14013224599995,4.6296471530000645],[-74.14013486099998,4.6296218640000575],[-74.14013786299995,4.629592863000028],[-74.14014086399999,4.629563865000023],[-74.14014386399998,4.629534866000029],[-74.14014686399997,4.629505867000034],[-74.14014986399997,4.62947686900003],[-74.14015286399996,4.629447861000074],[-74.14015586399995,4.629418862000023],[-74.14015894599999,4.629387922000035],[-74.14016203599994,4.629356336000058],[-74.14016513499996,4.629324743000041],[-74.14016823499998,4.629293150000024],[-74.14017133399994,4.629261566000025],[-74.14017443299997,4.629229973000065],[-74.14017753199994,4.6291983890000665],[-74.14018062299994,4.629166797000039],[-74.14018372199996,4.629135204000022],[-74.14018682099999,4.62910362100007],[-74.14018992099994,4.629072027000063],[-74.14019059179611,4.629066982729592],[-74.14019177699998,4.629062034000071],[-74.14019848399994,4.6289936520000765],[-74.14016973399998,4.62899081300003],[-74.14015129899997,4.628988992000075],[-74.14014516099996,4.629053508000027],[-74.14014728524744,4.629061564855944],[-74.14014837904072,4.629069824938926],[-74.14014842499995,4.629078157000038],[-74.14011100099998,4.629440296000041],[-74.14010301799993,4.629520359000026],[-74.14008886799996,4.629642323000041],[-74.14008687299997,4.629659520000075],[-74.14008198999994,4.629707086000053],[-74.14008060729145,4.629715985490365],[-74.1400779145297,4.6297245797817705],[-74.14007397178221,4.629732677161152],[-74.14006886699997,4.629740097000024],[-74.14006251617863,4.6297468488558],[-74.14005520199999,4.629752543000052],[-74.14010176499994,4.629757506000033]]]},"properties":{"CALCODIGO":145605,"CALCIV":8004763,"CALFUNCION":1,"CALTSUPERF":2,"CALANCHO":4.83,"CALLONGITU":85.14,"OBJECTID":691142}},{"type":"Feature","id":691612,"geometry":{"type":"Polygon","coordinates":[[[-74.14014998299996,4.627387064000061],[-74.14015613881257,4.627391824961158],[-74.1401614462402,4.627397516357417],[-74.14016576633567,4.627403989189448],[-74.14016898599994,4.627411074000065],[-74.14017541799996,4.627359322000075],[-74.14018295799997,4.627298676000066],[-74.14017957713108,4.627306140805089],[-74.14017509603494,4.627313001808351],[-74.14016961981491,4.627319098086123],[-74.14016327691486,4.627324286651193],[-74.1401562161065,4.6273284458066035],[-74.14014860299994,4.6273314780000305],[-74.14014128518045,4.627333200112073],[-74.14013379777582,4.627333874592571],[-74.14012628999996,4.627333488000033],[-74.13969962699997,4.627288219000036],[-74.13969512799997,4.627334684000061],[-74.13975799499997,4.627340813000046],[-74.13976517466574,4.627339807123988],[-74.13977242399994,4.627339888000051],[-74.14013018699995,4.627379732000065],[-74.14013712501308,4.627381185163189],[-74.14014377228698,4.627383647166229],[-74.14014998299996,4.627387064000061]]]},"properties":{"CALCODIGO":145726,"CALCIV":8005171,"CALFUNCION":1,"CALTSUPERF":2,"CALANCHO":5.17,"CALLONGITU":53.33,"OBJECTID":691612}},{"type":"Feature","id":691995,"geometry":{"type":"Polygon","coordinates":[[[-74.14152038699996,4.627836836000029],[-74.14152017099997,4.6278386260000275],[-74.14151996399994,4.627840425000045],[-74.14151974699996,4.627842215000044],[-74.14151953999993,4.62784401600004],[-74.14151932399994,4.627845813000022],[-74.14151911699997,4.627847602000031],[-74.14151890099998,4.6278494030000275],[-74.14151869299997,4.627851200000066],[-74.14151847699998,4.627852990000065],[-74.14151826999995,4.6278547890000254],[-74.14151804499994,4.627856579000024],[-74.14151784599994,4.627858377000052],[-74.14151762999995,4.627860167000051],[-74.14151742299998,4.627861966000069],[-74.14151730599997,4.6278630150000595],[-74.14151731499999,4.62786318600007],[-74.14151732399995,4.627863367000032],[-74.14151734199999,4.627863539000032],[-74.14151735099995,4.62786372000005],[-74.14151735999997,4.62786389200005],[-74.14151736899998,4.627864072000023],[-74.14151738699996,4.627864244000023],[-74.14151740499995,4.627864425000041],[-74.14151740499995,4.627864597000041],[-74.14151742299998,4.627864779000049],[-74.14151743199994,4.62786494900007],[-74.14151744999998,4.62786512100007],[-74.14151746799996,4.627865302000032],[-74.14151747699998,4.627865473000043],[-74.14151749499996,4.627865654000061],[-74.14151751299994,4.627865826000061],[-74.1415186012058,4.627871830786121],[-74.14152022999997,4.627877712000043],[-74.14152452974277,4.627887965426378],[-74.14153047331241,4.6278973619427335],[-74.14153789548679,4.62790564034036],[-74.14154658994084,4.627912570492495],[-74.14155631498205,4.627917959751539],[-74.14156680026922,4.627921658304351],[-74.14157775432741,4.627923563336836],[-74.14158887265063,4.627923621892012],[-74.14159984616651,4.627921832342134],[-74.14161036982817,4.627918244433944],[-74.14162015109393,4.6279129579057905],[-74.14162891805961,4.627906119715048],[-74.14163642701699,4.627897919952934],[-74.14164246922859,4.627888586560263],[-74.14164687673018,4.6278783789910385],[-74.14164952699997,4.627867581000032],[-74.14164955399997,4.627867365000043],[-74.14164957199995,4.627867138000056],[-74.14165111002744,4.627861115164127],[-74.1416536140591,4.627855425708388],[-74.1416570164197,4.627850223398953],[-74.14166122515535,4.627845648836077],[-74.14166612651859,4.6278418256542135],[-74.1416715880427,4.627838857180614],[-74.14167746212176,4.627836823642752],[-74.14168358999996,4.627835780000055],[-74.14168868572037,4.62783569133665],[-74.14169374672892,4.627836291686563],[-74.14169868028917,4.627837570049154],[-74.14170339599997,4.627839503000075],[-74.14175399999993,4.6278442550000705],[-74.14175899099996,4.627790743000048],[-74.14175457899995,4.62779030300004],[-74.14172278499996,4.627787130000058],[-74.14169099499998,4.627783966000038],[-74.14165920299996,4.627780792000067],[-74.14162741099994,4.6277776100000665],[-74.14159561099996,4.627774446000046],[-74.14157505299994,4.62777240500003],[-74.14156714315226,4.62777226147025],[-74.14155932044595,4.62777344111298],[-74.14155180466209,4.6277759107858385],[-74.14154480695869,4.6277796011026835],[-74.1415385239382,4.627784408383045],[-74.14153313212378,4.627790197565055],[-74.14152878299996,4.627796806000049],[-74.14152635622482,4.627801973580034],[-74.14152456699998,4.627807395000048],[-74.14152387399997,4.627810025000031],[-74.14152333299995,4.627812638000023],[-74.14152293699993,4.627815232000046],[-74.14152272099994,4.6278170870000395],[-74.14152251599995,4.6278187890000595],[-74.14152250399997,4.627818884000021],[-74.14152229699994,4.62782067400002],[-74.14152208099995,4.627822474000027],[-74.14152187399998,4.627824264000026],[-74.14152165699994,4.627826061000064],[-74.14152144799993,4.627827860000025],[-74.14152123399998,4.6278296520000595],[-74.14152102699995,4.62783145800006],[-74.14152080199995,4.62783323900004],[-74.14152060299995,4.627835037000068],[-74.14152038699996,4.627836836000029]]]},"properties":{"CALCODIGO":145586,"CALCIV":8005054,"CALFUNCION":1,"CALTSUPERF":2,"CALANCHO":5.66,"CALLONGITU":25.34,"OBJECTID":691995}},{"type":"Feature","id":692782,"geometry":{"type":"Polygon","coordinates":[[[-74.13788371499999,4.628294342999993],[-74.13794439100002,4.628298982999979],[-74.1379877,4.6278675460000045],[-74.13798888999997,4.6278557219999925],[-74.13804062399998,4.6273281780000275],[-74.138058221,4.6271529780000265],[-74.13797544800002,4.627145875999986],[-74.13797327700001,4.627160548999996],[-74.13796596100002,4.627228715000001],[-74.13793998599999,4.627464717999999],[-74.13793162500002,4.627575072000013],[-74.137957793,4.627519690999975],[-74.13795856899998,4.627518853000026],[-74.13795935399997,4.62751824999998],[-74.13795985000002,4.627519344000007],[-74.13796005400002,4.6275200919999975],[-74.13796012900002,4.627521504000015],[-74.13793990200003,4.627713196000002],[-74.13792495500002,4.627867545000015],[-74.13790827700001,4.628039702000024],[-74.13788371499999,4.628294342999993]]]},"properties":{"CALCODIGO":521621,"CALCIV":8005215,"CALFUNCION":1,"CALTSUPERF":2,"CALANCHO":7.7700000000000005,"CALLONGITU":127.44,"OBJECTID":692782}},{"type":"Feature","id":693009,"geometry":{"type":"Polygon","coordinates":[[[-74.14370846999998,4.62860063200003],[-74.14376147999997,4.628605592000042],[-74.14376799899998,4.628535465000027],[-74.14376808292373,4.628530532522827],[-74.14376864099995,4.628525631000059],[-74.14380436199997,4.628141292000066],[-74.14382244699993,4.627964851000058],[-74.14382423389678,4.627957004043083],[-74.14382715999994,4.627949507000039],[-74.14383325499995,4.6278932500000565],[-74.14378103099995,4.62788755400004],[-74.14378088599994,4.627889007000022],[-74.14377875099996,4.6279104320000215],[-74.14377662499999,4.627931845000035],[-74.14377448099998,4.627953259000037],[-74.14377234599993,4.627974683000048],[-74.14377020199998,4.627996099000029],[-74.14376806599995,4.628017512000042],[-74.14376593099996,4.628038927000034],[-74.14376379599997,4.628060350000055],[-74.14376166999995,4.628081765000047],[-74.14375951699998,4.628103181000029],[-74.14375738199993,4.628124605000039],[-74.14375524599996,4.628146017000063],[-74.14375291299996,4.628169540000044],[-74.14375029099995,4.628196216000049],[-74.14374766099996,4.628222898000047],[-74.14374503899995,4.628249574000051],[-74.14374240799998,4.628276251000045],[-74.14373978699996,4.628302925000071],[-74.14373715599999,4.628329609000048],[-74.14373452499996,4.628356287000031],[-74.14373190399994,4.628382969000029],[-74.14372927299996,4.628409636000072],[-74.14372665199994,4.628436322000027],[-74.14372402099997,4.628462998000032],[-74.14372139899996,4.6284896720000575],[-74.14371875999996,4.628516356000034],[-74.14371825899997,4.628520827000045],[-74.14371706626702,4.628527611758432],[-74.14371500199996,4.628534184000046],[-74.14370846999998,4.62860063200003]]]},"properties":{"CALCODIGO":145632,"CALCIV":8005034,"CALFUNCION":1,"CALTSUPERF":2,"CALANCHO":5.54,"CALLONGITU":79.26,"OBJECTID":693009}},{"type":"Feature","id":693235,"geometry":{"type":"Polygon","coordinates":[[[-74.13110269499998,4.6326991070000645],[-74.13129539199997,4.632719398000063],[-74.13145888399998,4.632734360000029],[-74.13147111629331,4.632736694232625],[-74.13148290072533,4.632740719751706],[-74.13149400468676,4.632746357098793],[-74.13150420899996,4.632753495000031],[-74.13151249289886,4.6327620917314],[-74.13151929980963,4.63277189952102],[-74.1315244555006,4.632782667325897],[-74.13152782800525,4.632794119530214],[-74.13152933099997,4.632805963000067],[-74.13153839499995,4.632713332000037],[-74.13154677099999,4.632627743000057],[-74.13154338513976,4.632637426627271],[-74.13153872448139,4.632646565278654],[-74.13153287415008,4.632654992040134],[-74.13152594099995,4.632662553000046],[-74.13151735755102,4.632669400019038],[-74.13150787519477,4.632674935557396],[-74.13149769277074,4.632679043538098],[-74.13148702379841,4.632681637819178],[-74.13147609199996,4.632682664000072],[-74.13147094799996,4.6326826000000665],[-74.13144918299997,4.632680017000041],[-74.13067120099998,4.632603397000025],[-74.13065366328792,4.6326045592060705],[-74.13063643569772,4.632608042337323],[-74.1306198239914,4.632613784573809],[-74.13060412299996,4.632621684000071],[-74.13059644999998,4.632702236000057],[-74.13059530199996,4.632714286000066],[-74.1305991262738,4.632703059962671],[-74.13060457666188,4.632692527049699],[-74.13061153207796,4.632682921261179],[-74.13061983799997,4.632674456000075],[-74.130628889186,4.632667597279482],[-74.13063882888895,4.632662104709805],[-74.13064945241797,4.632658091400958],[-74.13066054099994,4.632655640000053],[-74.13110269499998,4.6326991070000645]]]},"properties":{"CALCODIGO":151450,"CALCIV":8004122,"CALFUNCION":1,"CALTSUPERF":2,"CALANCHO":6.2,"CALLONGITU":104.58,"OBJECTID":693235}},{"type":"Feature","id":693338,"geometry":{"type":"Polygon","coordinates":[[[-74.13254879599998,4.633674300999985],[-74.13258398699998,4.633717380000007],[-74.132918679,4.63344427200002],[-74.13296716999997,4.633403711000028],[-74.132932471,4.633360502000016],[-74.13286475500001,4.633415673999991],[-74.13276318099997,4.633496877000027],[-74.13254879599998,4.633674300999985]]]},"properties":{"CALCODIGO":151520,"CALCIV":8003940,"CALFUNCION":1,"CALTSUPERF":2,"CALANCHO":6.26,"CALLONGITU":54.92,"OBJECTID":693338}},{"type":"Feature","id":693436,"geometry":{"type":"Polygon","coordinates":[[[-74.13903594599998,4.63220637400002],[-74.13904219106313,4.632202275819105],[-74.13904899998575,4.632199204260372],[-74.13905620535239,4.632197234846262],[-74.13906362999995,4.632196416000056],[-74.13912089299998,4.632202208000024],[-74.13912124199999,4.63219887300005],[-74.13912205199995,4.632191122000052],[-74.13912794099997,4.632134772000029],[-74.13906637299993,4.632128223000052],[-74.13904998967507,4.632127183067353],[-74.13903365305283,4.632128798482914],[-74.13901779068547,4.632133026969054],[-74.1390028177133,4.632139757860378],[-74.13898912599996,4.6321488150000505],[-74.13903594599998,4.63220637400002]]]},"properties":{"CALCODIGO":151593,"CALCIV":8004205,"CALFUNCION":1,"CALTSUPERF":2,"CALANCHO":7.36,"CALLONGITU":13.47,"OBJECTID":693436}},{"type":"Feature","id":693498,"geometry":{"type":"Polygon","coordinates":[[[-74.14027292899993,4.628412699000023],[-74.1402802347536,4.628407846618294],[-74.14028823005886,4.628404241796633],[-74.14029670371396,4.628401979758985],[-74.14030543188127,4.628401120258695],[-74.14031418399998,4.628401686000075],[-74.14032077899998,4.628402247000054],[-74.14032738199995,4.628402807000043],[-74.14033397599997,4.628403377000041],[-74.14034057099997,4.628403946000049],[-74.14034716299994,4.628404516000046],[-74.14035375999998,4.6284050760000355],[-74.14036036299996,4.628405646000033],[-74.14036695699997,4.628406207000069],[-74.14037354299995,4.62840677600002],[-74.14038014599998,4.6284073470000635],[-74.14038674099999,4.628407906000064],[-74.14039334399996,4.6284084670000425],[-74.14039993799997,4.628409045000069],[-74.14040653299998,4.628409608000027],[-74.14041312699999,4.628410175000056],[-74.14041973099995,4.6284107380000705],[-74.14042632499996,4.628411305000043],[-74.14043291899998,4.62841187500004],[-74.14043951399998,4.62841243500003],[-74.14044610799994,4.628413005000027],[-74.14045270299994,4.628413574000035],[-74.14045930399999,4.628414144000033],[-74.14046589099996,4.628414704000022],[-74.14047249499998,4.628415265000058],[-74.14047908899994,4.628415835000055],[-74.14048568399994,4.628416404000063],[-74.14049228699997,4.628416965000042],[-74.14049888099998,4.62841753400005],[-74.14050481012168,4.62841797807418],[-74.14051058900303,4.6284193767222],[-74.14051606499999,4.628421693000064],[-74.14052088433581,4.628424711814062],[-74.14052518138854,4.6284284366729365],[-74.14052885367502,4.628432778740157],[-74.14053181361257,4.628437634459001],[-74.14053399060774,4.6284428880223425],[-74.14053533274,4.628448414134607],[-74.14053580799998,4.628454081000029],[-74.14053604199995,4.628455898000027],[-74.14053614999995,4.628457317000027],[-74.14053616799998,4.628457961000038],[-74.14053617699994,4.62845862100005],[-74.14053619499998,4.628459261000046],[-74.14053621299996,4.628459913000029],[-74.14053622199998,4.628460562000043],[-74.14053623999996,4.628461213000037],[-74.14053625799994,4.62846186400003],[-74.14053626699996,4.628462508000041],[-74.14053628499994,4.628463157000056],[-74.14053630299998,4.628463808000049],[-74.14053631199994,4.628464460000032],[-74.14053632999997,4.628465109000047],[-74.14053634699997,4.628465753000057],[-74.14053635699997,4.628466402000072],[-74.14053637499995,4.628467053000065],[-74.14053639299993,4.6284677130000205],[-74.14053640199995,4.628468345000044],[-74.14053641999999,4.628468996000038],[-74.14053643799997,4.628469647000031],[-74.14053644699999,4.62847030000006],[-74.14053647399999,4.628470949000075],[-74.14053648299995,4.628471592000039],[-74.14053649199997,4.628472241000054],[-74.14053650999995,4.6284728920000475],[-74.14053652799998,4.62847354500002],[-74.14053653699995,4.6284741940000345],[-74.14053655599997,4.628474838000045],[-74.14053657399995,4.62847548700006],[-74.14053658299997,4.628476137000064],[-74.14053682599996,4.628478280000024],[-74.14053841944141,4.628486256652735],[-74.14054127858871,4.6284938718560005],[-74.14054532857084,4.628500926194309],[-74.1405504633329,4.628507234939238],[-74.14055654841349,4.628512632886847],[-74.14056342446564,4.628516978683786],[-74.1405709114296,4.62852015852885],[-74.14057881324803,4.628522089153028],[-74.14058692299994,4.628522720000035],[-74.14061180499993,4.628522963000023],[-74.14061981992471,4.628523009236812],[-74.14062773654216,4.62852175690895],[-74.14063534585753,4.62851923907727],[-74.1406424469887,4.628515522211272],[-74.14064885246937,4.628510704434361],[-74.14065439319803,4.628504912933445],[-74.1406589229022,4.628498300601256],[-74.14066232199997,4.628491042000064],[-74.14066413067958,4.628485094698876],[-74.14066518199996,4.6284789680000245],[-74.14066936299997,4.628439031000028],[-74.14066935299996,4.628437062000046],[-74.14066849299996,4.628428210000038],[-74.14066619917327,4.628419221467106],[-74.14066252045207,4.62841070546009],[-74.1406575483696,4.6284028738726875],[-74.14065140664033,4.628395921568994],[-74.14064424808159,4.628390021534934],[-74.1406362508113,4.628385320574054],[-74.14062761381606,4.628381935654784],[-74.14061855199998,4.628379951000056],[-74.14061736499997,4.62837974100006],[-74.14061617599998,4.628379551000023],[-74.14061498599995,4.628379379000023],[-74.14061378799994,4.6283792460000655],[-74.14061259899995,4.628379117000065],[-74.14061140099994,4.628379036000069],[-74.14061021199996,4.628378964000035],[-74.14060902299997,4.628378918000067],[-74.14060663499998,4.628378765000036],[-74.14060364399995,4.628378539000039],[-74.14060065399997,4.628378324000039],[-74.14059766299994,4.628378096000063],[-74.14059466999998,4.628377881000063],[-74.14059168099999,4.62837765300003],[-74.14058868799998,4.628377436000051],[-74.14058569899998,4.628377210000053],[-74.14058270799995,4.628376993000074],[-74.14057971699998,4.628376776000039],[-74.14057742699998,4.62837659500002],[-74.14057523999998,4.62837642300002],[-74.14057305099993,4.628376253000056],[-74.14057085299999,4.628376080000066],[-74.14056866399994,4.628375908000066],[-74.14056647399997,4.628375738000045],[-74.14056428499998,4.628375564000066],[-74.14056208699998,4.628375393000056],[-74.14055989799994,4.628375221000056],[-74.14055456499995,4.628374733000044],[-74.14052415999998,4.6283716880000725],[-74.14049375599996,4.62836863900003],[-74.14046335099994,4.628365593000069],[-74.14043294699997,4.628362546000062],[-74.14040253299999,4.628359500000045],[-74.14037212899996,4.628356444000076],[-74.14034172399994,4.628353398000058],[-74.14031131999997,4.628350351000051],[-74.14028091499995,4.6283473040000445],[-74.14026183999994,4.628345419000027],[-74.14025339799997,4.628444209000065],[-74.14025613206051,4.628435167150503],[-74.14026039153609,4.628426735839905],[-74.14026604755668,4.628419170156745],[-74.14027292899993,4.628412699000023]]]},"properties":{"CALCODIGO":145621,"CALCIV":8004912,"CALFUNCION":1,"CALTSUPERF":2,"CALANCHO":5.68,"CALLONGITU":44.83,"OBJECTID":693498}},{"type":"Feature","id":693601,"geometry":{"type":"Polygon","coordinates":[[[-74.13731302199994,4.633035955000025],[-74.13731243399997,4.633040723000022],[-74.13731493343366,4.633048091108167],[-74.13731647149525,4.6330557180704],[-74.13731702299998,4.633063479000043],[-74.13726165299994,4.6335660260000395],[-74.13722548299995,4.63394955800004],[-74.13719660499999,4.634224860000074],[-74.13719462099994,4.634241978000034],[-74.13719453599998,4.634242205000021],[-74.13716868900023,4.6343185445079245],[-74.13714824899995,4.63439650600003],[-74.13712385199995,4.634557053000037],[-74.13712364699995,4.634559632000048],[-74.13712189399996,4.634569938000027],[-74.13709803399996,4.634726949000026],[-74.13710289999995,4.634888339000042],[-74.13705544399994,4.635155313000041],[-74.13700252499996,4.635421250000036],[-74.13705322399994,4.6354344490000585],[-74.13709889899997,4.6352245030000745],[-74.13716148799995,4.6348777040000755],[-74.13721039199999,4.634560391000036],[-74.13727630699998,4.634064838000029],[-74.13732360099993,4.633598383000049],[-74.13734202599994,4.633407912000052],[-74.13738553599995,4.632974395000076],[-74.13732152699998,4.632966900000042],[-74.13731302199994,4.633035955000025]]]},"properties":{"CALCODIGO":521590,"CALCIV":8003644,"CALFUNCION":1,"CALTSUPERF":2,"CALANCHO":6.55,"CALLONGITU":274.40000000000003,"OBJECTID":693601}},{"type":"Feature","id":693674,"geometry":{"type":"Polygon","coordinates":[[[-74.13263703999996,4.6319275100000254],[-74.13264148924134,4.631934586479475],[-74.1326448386505,4.631942245054306],[-74.13264701399999,4.6319503160000295],[-74.13265411899994,4.6318861240000615],[-74.13266127399999,4.63182149000005],[-74.13266225789644,4.631817562453027],[-74.13266287599998,4.631813561000058],[-74.13266344999994,4.631807515000048],[-74.13265995809773,4.6318163010968725],[-74.13265518308376,4.631824461251274],[-74.13264923383436,4.631831809401384],[-74.13264224599999,4.631838178000066],[-74.13263603334279,4.631842453152797],[-74.13262934999995,4.631845947000045],[-74.13262189044848,4.631848730929322],[-74.13261413645851,4.631850539467461],[-74.13260621499995,4.631851343000051],[-74.13255654999995,4.631845602000055],[-74.13204018699997,4.6317929280000385],[-74.13175486599994,4.631761751000056],[-74.13174972479027,4.631760547320512],[-74.13174478826949,4.63175867338245],[-74.13174014339835,4.631756162196788],[-74.13173587199998,4.631753058000072],[-74.13172988910367,4.631747702356847],[-74.13172479664159,4.63174149391157],[-74.13172071467461,4.6317345790357045],[-74.13171773943994,4.631727120755657],[-74.13171594108225,4.631719294909229],[-74.13171536199997,4.631711286000041],[-74.13170704699996,4.631782217000023],[-74.13169810299996,4.631858504000036],[-74.13169763699995,4.631862477000027],[-74.13169731499994,4.631865203000075],[-74.13169603399996,4.631876051000063],[-74.13170059490145,4.631865415140903],[-74.13170652841188,4.631855479509246],[-74.13171372933395,4.631846420257411],[-74.13172206999997,4.63183839800007],[-74.13173220915013,4.631831053793097],[-74.1317433025983,4.631825250763751],[-74.13175511777995,4.63182111056753],[-74.13176740699998,4.631818720000069],[-74.13215320999996,4.631860301000074],[-74.13259707899994,4.63190503900006],[-74.13260637431425,4.631906670182173],[-74.13261526198704,4.6319098439646655],[-74.13262348797382,4.631914469628392],[-74.13263081714359,4.631920414953748],[-74.13263703999996,4.6319275100000254]]]},"properties":{"CALCODIGO":151428,"CALCIV":8004304,"CALFUNCION":1,"CALTSUPERF":2,"CALANCHO":6.46,"CALLONGITU":105.75,"OBJECTID":693674}},{"type":"Feature","id":693997,"geometry":{"type":"Polygon","coordinates":[[[-74.14208890599997,4.627081898000029],[-74.14208838399998,4.627083570000025],[-74.14208781599996,4.6270852610000475],[-74.14208723099995,4.627086924000025],[-74.14208661799995,4.627088569000023],[-74.14208596899994,4.62709021400002],[-74.14208529399997,4.627091851000046],[-74.14208459099996,4.6270934690000445],[-74.14208386099995,4.627095078000025],[-74.14208310499998,4.627096669000025],[-74.14208232099998,4.6270982510000636],[-74.14208150099995,4.627099814000076],[-74.14208067199996,4.627101369000059],[-74.14207979799994,4.6271029060000615],[-74.14207890599994,4.627104425000027],[-74.14207798799998,4.627105934000042],[-74.14207704199998,4.6271074170000475],[-74.14207606899998,4.627108890000045],[-74.14207506899999,4.627110345000062],[-74.14207404199993,4.627111783000032],[-74.14207299699996,4.627113202000032],[-74.14207192499998,4.627114603000052],[-74.14207083499997,4.627115986000035],[-74.14206970799995,4.627117351000038],[-74.14206856399994,4.627118689000042],[-74.14206740199995,4.627120018000028],[-74.14206621299996,4.627121319000025],[-74.14206499699998,4.627122603000032],[-74.14206377199997,4.627123859000051],[-74.14206250999996,4.627125098000022],[-74.14206123099996,4.627126309000062],[-74.14205993399997,4.627127502000064],[-74.14205861899995,4.62712867700003],[-74.14205728499996,4.627129825000054],[-74.14205592499997,4.6271309460000225],[-74.14205454699999,4.627132040000049],[-74.14205314999998,4.627133116000039],[-74.14212126499996,4.627105918000041],[-74.14218534199995,4.627080331000059],[-74.14218210966403,4.627080890789258],[-74.14217883899994,4.627081144000044],[-74.1421730060653,4.6270808247094894],[-74.14216730772078,4.627079538652498],[-74.14216190306078,4.6270773217350145],[-74.14215694298021,4.6270742358520645],[-74.14215256596158,4.627070367159674],[-74.14214889420866,4.627065823669446],[-74.14214603023464,4.627060732232943],[-74.14214405399997,4.627055235000057],[-74.14217890799995,4.6267384520000405],[-74.14219389999994,4.626612819000059],[-74.14219889899994,4.626571223000042],[-74.14220093999995,4.626554062000025],[-74.14220255899994,4.626540503000058],[-74.14222128299997,4.626386832000037],[-74.14222536499994,4.626353429000062],[-74.14223535999997,4.626268402000051],[-74.14223710214284,4.626257759124244],[-74.14224043854867,4.626247503673823],[-74.14224529199998,4.626237873000036],[-74.14224637499996,4.626236463000055],[-74.14224884299995,4.626233697000032],[-74.14225150999994,4.626231075000021],[-74.14225438399995,4.626228653000055],[-74.14225744699996,4.626226429000042],[-74.14226065399998,4.626224431000026],[-74.14226400499996,4.626222678000033],[-74.14226744599995,4.626221177000048],[-74.14227096899998,4.626219939000066],[-74.14227455399998,4.626218972000061],[-74.14227813099996,4.626218257000062],[-74.14228170699994,4.626217815000075],[-74.14228523899999,4.626217616000076],[-74.14221652299995,4.626210970000045],[-74.14215682199995,4.626205196000058],[-74.1421634378458,4.626208729361028],[-74.14216947866194,4.626213174875187],[-74.14217481959427,4.62621844066077],[-74.14217935025414,4.626224417882296],[-74.14218297699995,4.626230983000028],[-74.14218586108039,4.626243565785742],[-74.14218707137182,4.6262564180077685],[-74.14218658699997,4.626269318000027],[-74.14217588699995,4.626352510000061],[-74.14214949099994,4.626579414000048],[-74.14214646499994,4.626604697000062],[-74.14213625799994,4.626692407000064],[-74.14208985399995,4.627078601000051],[-74.14208941099997,4.627080208000052],[-74.14208890599997,4.627081898000029]]]},"properties":{"CALCODIGO":145755,"CALCIV":8005462,"CALFUNCION":1,"CALTSUPERF":2,"CALANCHO":5.72,"CALLONGITU":99.58,"OBJECTID":693997}},{"type":"Feature","id":694282,"geometry":{"type":"Polygon","coordinates":[[[-74.13959145499996,4.62839460400005],[-74.13964118899997,4.628398983000068],[-74.13963627126552,4.628394877156971],[-74.13963209783043,4.628390016652943],[-74.13962878293928,4.628384534540529],[-74.13962641733467,4.628378580888322],[-74.13962506577319,4.628372318672953],[-74.13962476525276,4.628365919317729],[-74.13962552399994,4.6283595580000565],[-74.13966542399999,4.627921665000031],[-74.13967091999996,4.6278675640000415],[-74.13971999499995,4.627384324000047],[-74.13972126161033,4.62737658016889],[-74.13972375606865,4.627369140484718],[-74.13972741354878,4.627362198290405],[-74.13973213899999,4.627355934000036],[-74.13973762452463,4.627350666093484],[-74.13974386765109,4.627346322685635],[-74.13975071417792,4.627343011056066],[-74.13975799499997,4.627340813000046],[-74.13969512799997,4.627334684000061],[-74.13963084099998,4.6273284160000685],[-74.13963856226482,4.6273309619531116],[-74.13964579784539,4.627334669537387],[-74.13965237421029,4.627339449833646],[-74.13965813363805,4.627345188195708],[-74.13966293799996,4.627351747000034],[-74.1396665474866,4.627358662271296],[-74.13966909907343,4.627366033755206],[-74.13967053710374,4.627373700660657],[-74.1396708302104,4.627381495752631],[-74.13966997199998,4.627389249000032],[-74.13965645599995,4.627526678000038],[-74.13963048099998,4.627793342000075],[-74.13962294899994,4.627870177000034],[-74.13962104799998,4.627890093000076],[-74.13960612499994,4.628043762000061],[-74.13960140799998,4.628091643000062],[-74.13957065099999,4.62835577900006],[-74.13957027699996,4.628356721000046],[-74.13956627809584,4.628364537749093],[-74.13956099786898,4.628371552875894],[-74.13955459278115,4.628377558510725],[-74.13954725262563,4.628382376696766],[-74.13953919490328,4.6283858646632545],[-74.13953065837764,4.628387919056018],[-74.13952189599996,4.628388479000023],[-74.13959145499996,4.62839460400005]]]},"properties":{"CALCODIGO":145744,"CALCIV":8005170,"CALFUNCION":1,"CALTSUPERF":2,"CALANCHO":5.65,"CALLONGITU":117.81,"OBJECTID":694282}},{"type":"Feature","id":694363,"geometry":{"type":"Polygon","coordinates":[[[-74.14419070999998,4.6294187200000465],[-74.14424360999999,4.629423474000021],[-74.14424952099995,4.629357248000076],[-74.14387694999994,4.629319199000065],[-74.14374475899996,4.62930374900003],[-74.14373733299993,4.629373759000032],[-74.14379419199997,4.6293798320000406],[-74.14380247808816,4.629378158742284],[-74.14381092499997,4.6293778290000205],[-74.14401180199997,4.629396713000062],[-74.14417143699995,4.62941240400005],[-74.14417815075103,4.629413546339124],[-74.14418462234367,4.629415667159912],[-74.14419070999998,4.6294187200000465]]]},"properties":{"CALCODIGO":472006,"CALCIV":8012509,"CALFUNCION":1,"CALTSUPERF":2,"CALANCHO":7.19,"CALLONGITU":56.4,"OBJECTID":694363}},{"type":"Feature","id":694491,"geometry":{"type":"Polygon","coordinates":[[[-74.13540595499995,4.628619367000056],[-74.13541526187437,4.6286250631008565],[-74.13542352626926,4.628632187934405],[-74.13543053106206,4.62864055431676],[-74.13543609222255,4.628649942445961],[-74.13544006364768,4.628660105676663],[-74.13544234099999,4.628670777000025],[-74.13545120699996,4.628589091000038],[-74.13545885099995,4.6285186480000675],[-74.13545590679742,4.628526091289731],[-74.13545184892247,4.6285329908941035],[-74.13544677464749,4.6285391814209795],[-74.13544080560924,4.62854451447563],[-74.13543408489308,4.628548862218019],[-74.13542677360304,4.628552120427284],[-74.13541904699997,4.628554211000051],[-74.13541245580619,4.62855501465404],[-74.13540581599995,4.628554963000056],[-74.13522491999998,4.628537163000033],[-74.13510168299996,4.628524801000026],[-74.13504509799998,4.628519079000057],[-74.13503759798346,4.6285176772727326],[-74.13503040522205,4.6285151318316],[-74.13502369299994,4.628511504000073],[-74.13501698896968,4.628506305589797],[-74.13501127210297,4.628500037820964],[-74.1350067106485,4.628492885155431],[-74.1350034388509,4.628485058097771],[-74.13500155299994,4.628476787000068],[-74.13499460699995,4.62854390800004],[-74.13498769999995,4.628610646000027],[-74.13498748999996,4.6286126730000205],[-74.13498642699994,4.628622945000075],[-74.13498956494334,4.628613775845779],[-74.13499407132373,4.62860519606635],[-74.1349998396241,4.628597408461453],[-74.13500673349954,4.628590597106177],[-74.13501458999997,4.628584923000062],[-74.13502176899993,4.628581152000038],[-74.13503056643864,4.628577998405702],[-74.13503973499996,4.628576188000068],[-74.13538556899994,4.628612905000068],[-74.13539602173192,4.62861531661038],[-74.13540595499995,4.628619367000056]]]},"properties":{"CALCODIGO":147198,"CALCIV":8004891,"CALFUNCION":1,"CALTSUPERF":2,"CALANCHO":7.09,"CALLONGITU":50.92,"OBJECTID":694491}},{"type":"Feature","id":694729,"geometry":{"type":"Polygon","coordinates":[[[-74.13137852599993,4.62894841800005],[-74.13139314799997,4.628950000000032],[-74.13143151899999,4.6289541520000625],[-74.13149404699993,4.628334702000075],[-74.13146030499996,4.628331673000048],[-74.13143902199994,4.628329762000021],[-74.13143767199995,4.6283436250000705],[-74.13143140599993,4.628407820000064],[-74.13142528199995,4.628470178000043],[-74.13141908599994,4.628533454000035],[-74.13141310199995,4.628594964000058],[-74.13140669499995,4.62866092400003],[-74.13138667099997,4.628874719000066],[-74.13138595899994,4.628882316000045],[-74.13138498099994,4.628888346000053],[-74.13137852599993,4.62894841800005]]]},"properties":{"CALCODIGO":147268,"CALCIV":8004929,"CALFUNCION":1,"CALTSUPERF":2,"CALANCHO":6,"CALLONGITU":68.82000000000001,"OBJECTID":694729}},{"type":"Feature","id":694862,"geometry":{"type":"Polygon","coordinates":[[[-74.14286582499994,4.629285897000045],[-74.1428730979126,4.6292902595406735],[-74.14287961632601,4.629295685156369],[-74.14288522623164,4.62930204565777],[-74.14288979508595,4.629309190767254],[-74.142893214942,4.629316951669503],[-74.14289540499993,4.6293251450000525],[-74.14290227899994,4.629253903000063],[-74.14290933799998,4.629180736000023],[-74.14290470367311,4.629188960830408],[-74.14289886586711,4.629196380051489],[-74.14289196196266,4.629202819067236],[-74.1428841544289,4.629208126348725],[-74.14287562699997,4.629212177000056],[-74.14286541781442,4.629215107013968],[-74.14285485598403,4.629216229595656],[-74.14284425899996,4.629215511000041],[-74.14229256299996,4.629162864000023],[-74.14229228399995,4.629162835000045],[-74.14228402687225,4.629161367046662],[-74.1422760902886,4.629158656754196],[-74.14226866000062,4.629154767555624],[-74.14226190991029,4.6291497904756],[-74.14225599799994,4.629143842000076],[-74.14225130794318,4.629137464056485],[-74.14224757884955,4.629130480600498],[-74.14224488747855,4.629123035379281],[-74.14224328922926,4.629115281644954],[-74.14224281699995,4.629107379000061],[-74.14223413699995,4.629196444000058],[-74.14222683399998,4.629271367000058],[-74.1422290259857,4.629262330382108],[-74.1422326732455,4.629253776858785],[-74.14223767660145,4.629245939021415],[-74.14224389999998,4.629239030000065],[-74.14225032727745,4.629233819408833],[-74.1422574520024,4.629229612456113],[-74.14226511872137,4.629226500932856],[-74.14227316015521,4.6292245527289815],[-74.14228140084894,4.629223810352097],[-74.14228966099995,4.629224290000025],[-74.14284863499995,4.629280614000038],[-74.14285744790165,4.629282546484277],[-74.14286582499994,4.629285897000045]]]},"properties":{"CALCODIGO":145561,"CALCIV":8004721,"CALFUNCION":1,"CALTSUPERF":2,"CALANCHO":7.37,"CALLONGITU":74.43,"OBJECTID":694862}},{"type":"Feature","id":695164,"geometry":{"type":"Polygon","coordinates":[[[-74.13152933099997,4.632805963000067],[-74.13152611499999,4.6328813770000465],[-74.13151699099996,4.632966339000063],[-74.13150208499997,4.633050474000072],[-74.13148146899994,4.633133386000054],[-74.13147602699996,4.633151916000031],[-74.13147537699996,4.633153582000034],[-74.13153774599994,4.633171914000059],[-74.13154809755595,4.633132076004735],[-74.13155605699995,4.63309169200005],[-74.13158808299994,4.632804806000024],[-74.13159749199997,4.632718114000056],[-74.13156762299997,4.632715698000027],[-74.13153839499995,4.632713332000037],[-74.13152933099997,4.632805963000067]]]},"properties":{"CALCODIGO":151393,"CALCIV":8004102,"CALFUNCION":1,"CALTSUPERF":2,"CALANCHO":6.3500000000000005,"CALLONGITU":50,"OBJECTID":695164}},{"type":"Feature","id":695224,"geometry":{"type":"Polygon","coordinates":[[[-74.13510507399997,4.6268313290000265],[-74.13516238299997,4.62683633000006],[-74.13517619199996,4.626701302000072],[-74.13520667499995,4.626387605000048],[-74.13520878699995,4.626365925000073],[-74.13521132199998,4.626339725000037],[-74.13521350299999,4.62631712600006],[-74.13521371399997,4.626315289000047],[-74.13522392299996,4.626207734000047],[-74.13522666799997,4.626178780000032],[-74.13522992099996,4.626148306000061],[-74.13523684399996,4.626083451000056],[-74.1352373918298,4.62608188673397],[-74.13523819723058,4.626080438156903],[-74.13523923682736,4.626079147310496],[-74.13524048044825,4.6260780516586175],[-74.13524189199995,4.6260771830000635],[-74.13524310590955,4.626076673403734],[-74.13524437775774,4.6260763333050825],[-74.13524568399998,4.626076169000044],[-74.13520727599996,4.626072349000026],[-74.13515791499998,4.626067441000032],[-74.13515948199995,4.626069437000069],[-74.13516669982373,4.626080578984436],[-74.13517215365839,4.6260926825575925],[-74.13517571859886,4.626105470520492],[-74.13517731299999,4.6261186500000235],[-74.13517669899994,4.626133582000023],[-74.13516430999994,4.626254696000046],[-74.13516177599996,4.626279130000057],[-74.13514825899995,4.626410202000045],[-74.13514741399996,4.626419242000054],[-74.13514494999998,4.626443677000054],[-74.13511101899996,4.62676274100005],[-74.13511093666139,4.626767081279638],[-74.13511027099997,4.626771371000075],[-74.13510507399997,4.6268313290000265]]]},"properties":{"CALCODIGO":147287,"CALCIV":8005516,"CALFUNCION":1,"CALTSUPERF":2,"CALANCHO":6.33,"CALLONGITU":84.64,"OBJECTID":695224}},{"type":"Feature","id":695454,"geometry":{"type":"Polygon","coordinates":[[[-74.14225487499994,4.628464898000061],[-74.14231202899998,4.628470393000043],[-74.14231707699997,4.628417531000025],[-74.14231426813168,4.628406828314092],[-74.14231330699994,4.628395805000025],[-74.14234596399996,4.62806093100005],[-74.14235752099995,4.627942830000052],[-74.14235915699999,4.627936939000051],[-74.14236432599995,4.62788411300005],[-74.14231330399997,4.62787905600004],[-74.14230758899998,4.62793712000007],[-74.14230796924156,4.627942571688486],[-74.14230779999997,4.627948034000042],[-74.14230454299997,4.62797514600004],[-74.14230249799994,4.627995523000038],[-74.14230046199998,4.62801588800005],[-74.14229841699995,4.628036253000062],[-74.14229637099999,4.628056638000032],[-74.14229432599996,4.6280770120000625],[-74.14229228099998,4.628097378000064],[-74.14229023599995,4.628117753000026],[-74.14228819099998,4.628138129000035],[-74.14228615499997,4.6281584950000365],[-74.14228411899995,4.628178869000067],[-74.14228233299997,4.6281969130000675],[-74.14228071299993,4.628213634000076],[-74.14227910099999,4.628230348000045],[-74.14227747899997,4.628247062000071],[-74.14227585699996,4.62826377600004],[-74.14227424499995,4.628280490000066],[-74.14227262299994,4.6282972040000345],[-74.14227100099998,4.62831391800006],[-74.14226938899998,4.628330643000027],[-74.14226776699996,4.628347357000052],[-74.14226614499995,4.628364071000021],[-74.14226501899998,4.628376002000039],[-74.14226391594232,4.628383081611437],[-74.14226187899999,4.628389951000031],[-74.14225487499994,4.628464898000061]]]},"properties":{"CALCODIGO":145615,"CALCIV":8005036,"CALFUNCION":1,"CALTSUPERF":2,"CALANCHO":5.65,"CALLONGITU":65.12,"OBJECTID":695454}},{"type":"Feature","id":695596,"geometry":{"type":"Polygon","coordinates":[[[-74.13731897499997,4.627125663000072],[-74.13740456499994,4.627133041000036],[-74.13741215299996,4.627061560000072],[-74.13732614399999,4.627053641000032],[-74.13731528799302,4.627055814342852],[-74.13730424599999,4.627056621000065],[-74.13665114999998,4.626991080000039],[-74.13664586864265,4.626988489750174],[-74.13664087299998,4.626985384000022],[-74.1366331023856,4.626978944363949],[-74.13662654599995,4.626971272000048],[-74.1366216134504,4.626963038843139],[-74.13661807902662,4.626954115684157],[-74.13661603599996,4.62694473800002],[-74.13660915799994,4.627016856000068],[-74.13660426799999,4.627068160000022],[-74.13660384599996,4.62707259900003],[-74.13660677277197,4.6270680021659185],[-74.13661032247049,4.627063867372261],[-74.13661442319538,4.627060278370495],[-74.13661899188524,4.6270573078568855],[-74.13662393599998,4.6270550160000425],[-74.1366293633996,4.627053487741974],[-74.13663493499996,4.627052622000065],[-74.13677367999998,4.6270674390000295],[-74.13698207599998,4.627088066000056],[-74.13715598599998,4.627105302000075],[-74.13721763899997,4.627111376000073],[-74.13728457099995,4.627118016000054],[-74.13729635545359,4.6271189684174745],[-74.1373078966758,4.627121533692629],[-74.13731897499997,4.627125663000072]]]},"properties":{"CALCODIGO":147306,"CALCIV":8005260,"CALFUNCION":1,"CALTSUPERF":2,"CALANCHO":7.23,"CALLONGITU":89.16,"OBJECTID":695596}},{"type":"Feature","id":695733,"geometry":{"type":"Polygon","coordinates":[[[-74.12908433599995,4.626989829000024],[-74.12909336446066,4.627003685315049],[-74.1291000580237,4.627018808369719],[-74.12910424399996,4.627034808000076],[-74.12911396899995,4.626937367000039],[-74.12912246099995,4.626852291000034],[-74.12912493899995,4.626826914000048],[-74.12911962601758,4.626841536708081],[-74.12911213520469,4.626855172656673],[-74.12910264347529,4.626867499799276],[-74.12909137499997,4.62687822700002],[-74.12908413995847,4.626883601203656],[-74.12907645399997,4.626888308000048],[-74.12906587643671,4.626893607867526],[-74.12905453984563,4.626896992412085],[-74.12904278799994,4.626898359000052],[-74.12872863599995,4.626865346000045],[-74.12862798499998,4.626855511000031],[-74.12862237499996,4.626921934000052],[-74.12903515499994,4.626962970000022],[-74.12904882911913,4.626966828473298],[-74.12906177371171,4.626972685680341],[-74.12907369848074,4.626980410266743],[-74.12908433599995,4.626989829000024]]]},"properties":{"CALCODIGO":147202,"CALCIV":8005292,"CALFUNCION":1,"CALTSUPERF":2,"CALANCHO":7.99,"CALLONGITU":54.52,"OBJECTID":695733}},{"type":"Feature","id":695761,"geometry":{"type":"Polygon","coordinates":[[[-74.13155695099994,4.63384919300006],[-74.13155846655697,4.633856386144435],[-74.13155896046449,4.633863720603823],[-74.13155842299994,4.6338710520000745],[-74.13155659051401,4.633879143941425],[-74.13155350196043,4.633886844484024],[-74.13154923499997,4.633893960000023],[-74.13159841399994,4.6338543300000765],[-74.13164962199994,4.633813058000044],[-74.13164259480693,4.633815880897105],[-74.13163523921938,4.633817682430062],[-74.1316277028651,4.63381842644186],[-74.13162013699997,4.633818098000063],[-74.13161286017662,4.633816744482488],[-74.13160583999996,4.633814399000073],[-74.1315987340385,4.633810827765303],[-74.13159223499997,4.633806244000027],[-74.13136771499995,4.633524163000061],[-74.13136505699998,4.6335208490000355],[-74.13136180928676,4.633516207609346],[-74.1313591475599,4.633511207073476],[-74.13135711099994,4.633505921000051],[-74.13135543504346,4.633498690950175],[-74.13135492341902,4.6334912868505125],[-74.13135558899995,4.63348389500004],[-74.13135764799995,4.633476036000047],[-74.13136104199998,4.6334686430000716],[-74.13136473899993,4.633463109000047],[-74.13132030899999,4.633516325000073],[-74.13128169799995,4.6335625720000735],[-74.13128945760046,4.633559501580582],[-74.1312976154661,4.633557744280327],[-74.13130595102433,4.6335573476132215],[-74.1313142388982,4.633558322304359],[-74.13132225499999,4.63356064200002],[-74.13132884629967,4.633563708774602],[-74.13133493299995,4.63356768400007],[-74.13155165999996,4.633837442000072],[-74.13155396799993,4.6338412490000565],[-74.13155570223837,4.63384512985092],[-74.13155695099994,4.63384919300006]]]},"properties":{"CALCODIGO":519213,"CALCIV":8003911,"CALFUNCION":1,"CALTSUPERF":2,"CALANCHO":6.25,"CALLONGITU":48.46,"OBJECTID":695761}},{"type":"Feature","id":695904,"geometry":{"type":"Polygon","coordinates":[[[-74.13560546599996,4.632694951000076],[-74.13560113765038,4.632703174717494],[-74.13559555237973,4.632710602293804],[-74.13558885335001,4.632717043344882],[-74.1355812122712,4.632722332773282],[-74.13557282499994,4.632726335000029],[-74.1355644958327,4.632730074121859],[-74.13555577545802,4.632732778030924],[-74.13554679199996,4.632734407000044],[-74.13562075299996,4.6327414670000735],[-74.13571919199995,4.632750860000044],[-74.13570993270037,4.63274846933547],[-74.13570108702936,4.632744835603191],[-74.13569282099996,4.632740027000068],[-74.13568369113115,4.63273265263814],[-74.13567591833595,4.632723859494603],[-74.13566972013919,4.632713893649155],[-74.13566526999995,4.632703034000031],[-74.1356631434811,4.632694439917677],[-74.13566211237912,4.63268564689984],[-74.13566219299997,4.632676794000076],[-74.13567349599998,4.632558890000041],[-74.13567603099995,4.6325335360000395],[-74.13567976199994,4.63249561300006],[-74.13568623899994,4.632430500000055],[-74.13569025199996,4.632389824000029],[-74.13569292599993,4.632362704000059],[-74.13569595399997,4.632331986000054],[-74.13569933299993,4.632297592000043],[-74.13570264199996,4.632264189000068],[-74.13570658399993,4.632224429000075],[-74.13571496099996,4.632140322000055],[-74.13572541199994,4.632034989000033],[-74.13572544999994,4.632034602000033],[-74.13572553999995,4.632033685000067],[-74.13572879899993,4.632000710000057],[-74.13572058399996,4.631999974000053],[-74.13567248099997,4.631995665000034],[-74.13560546599996,4.632694951000076]]]},"properties":{"CALCODIGO":151547,"CALCIV":8004257,"CALFUNCION":1,"CALTSUPERF":2,"CALANCHO":6.42,"CALLONGITU":82.7,"OBJECTID":695904}},{"type":"Feature","id":696155,"geometry":{"type":"Polygon","coordinates":[[[-74.12751620099993,4.633360301000039],[-74.12760803099997,4.633420317000059],[-74.12759986737598,4.633411325269434],[-74.12759268899998,4.633401529000025],[-74.1275840655008,4.633385853390862],[-74.12757794999999,4.633369040000048],[-74.12757443505858,4.633351058615425],[-74.12757378468937,4.6333327484536015],[-74.12757601499999,4.633314563000056],[-74.12768818599994,4.633031084000038],[-74.12769076799998,4.633026161000032],[-74.12772537399997,4.63293959300006],[-74.12767564399996,4.632919053000023],[-74.12767359799994,4.6329240910000635],[-74.12761428899995,4.633070131000068],[-74.12759735999998,4.6331118100000594],[-74.12754446899999,4.633242887000051],[-74.12753433385514,4.633257473792506],[-74.127521990006,4.633270245834767],[-74.12750775717214,4.6332808723165675],[-74.12749200399998,4.633289078000075],[-74.12747564261446,4.633294516952014],[-74.12745863192143,4.633297330038688],[-74.12744139059856,4.6332974480226685],[-74.12742434299997,4.633294868000064],[-74.12740842399995,4.633289858000069],[-74.12751620099993,4.633360301000039]]]},"properties":{"CALCODIGO":151496,"CALCIV":8004053,"CALFUNCION":1,"CALTSUPERF":2,"CALANCHO":7.36,"CALLONGITU":51.730000000000004,"OBJECTID":696155}},{"type":"Feature","id":696249,"geometry":{"type":"Polygon","coordinates":[[[-74.13519750699999,4.631950347000043],[-74.13524941199995,4.631955459000039],[-74.13525446399996,4.631904365000025],[-74.13525699899998,4.631879083000058],[-74.13526368599997,4.631811286000072],[-74.13526629099994,4.631785087000026],[-74.13526748899994,4.6317732930000375],[-74.13527086699997,4.631738971000061],[-74.13527684999997,4.6316783780000605],[-74.13527741399997,4.631672700000024],[-74.13522449199996,4.631667112000059],[-74.13521951799999,4.631723919000024],[-74.13521987399997,4.631727224000031],[-74.13519750699999,4.631950347000043]]]},"properties":{"CALCODIGO":151543,"CALCIV":8004328,"CALFUNCION":1,"CALTSUPERF":2,"CALANCHO":5.79,"CALLONGITU":31.46,"OBJECTID":696249}},{"type":"Feature","id":696706,"geometry":{"type":"Polygon","coordinates":[[[-74.12625501599996,4.629197419000036],[-74.12672776399995,4.629242050000073],[-74.12720292699998,4.629290854000033],[-74.12765408099995,4.629332998000052],[-74.12783677799996,4.62934440500004],[-74.12784627299999,4.629194419000044],[-74.12776240799997,4.629188456000065],[-74.12776230699995,4.629188449000026],[-74.12775882699998,4.629188205000048],[-74.12739666531616,4.629153905266463],[-74.12703492499998,4.629115415000058],[-74.12645501699996,4.6290571030000365],[-74.12633576599995,4.629042247000029],[-74.12631007899995,4.629039047000049],[-74.12626936199996,4.629033974000038],[-74.12625501599996,4.629197419000036]]]},"properties":{"CALCODIGO":91027033,"CALCIV":8004705,"CALFUNCION":1,"CALTSUPERF":2,"CALANCHO":17.3,"CALLONGITU":176.14000000000001,"OBJECTID":696706}},{"type":"Feature","id":696969,"geometry":{"type":"Polygon","coordinates":[[[-74.12959630799998,4.632548446000044],[-74.12959613999993,4.632550080000044],[-74.12958970499994,4.632612489000053],[-74.12974496699997,4.6326306210000325],[-74.12974568899995,4.632630705000054],[-74.12988478699998,4.632646949000048],[-74.13006689799994,4.632667424000033],[-74.13007630299995,4.632600235000041],[-74.13007704799998,4.6325937990000625],[-74.13008724899998,4.632505675000061],[-74.13008271847764,4.632513309730326],[-74.13007718650023,4.632520253213956],[-74.13007075699994,4.6325263750000545],[-74.13006164657658,4.632532694973929],[-74.13005158777476,4.632537359991591],[-74.13004087827139,4.632540231998039],[-74.13002983499996,4.632541226000058],[-74.12960166399995,4.632496502000038],[-74.12959630799998,4.632548446000044]]]},"properties":{"CALCODIGO":151435,"CALCIV":8004141,"CALFUNCION":1,"CALTSUPERF":2,"CALANCHO":6.11,"CALLONGITU":53.620000000000005,"OBJECTID":696969}},{"type":"Feature","id":697377,"geometry":{"type":"Polygon","coordinates":[[[-74.13202221099993,4.627754245000062],[-74.13209518699995,4.627762683000071],[-74.13209754799993,4.627738893000071],[-74.13209755199995,4.627738857000054],[-74.13213048099993,4.627361249000046],[-74.13213357331655,4.627348058156996],[-74.13213855092249,4.62733545719666],[-74.13214530799996,4.627323714000056],[-74.13215420999995,4.6273128950000455],[-74.13216583952664,4.6273025578215625],[-74.13217900452103,4.627294264084625],[-74.13219334971703,4.627288237601242],[-74.13220848799995,4.627284641000074],[-74.13211334299996,4.627273837000075],[-74.13199987899998,4.627260955000054],[-74.13201330455561,4.627266434337446],[-74.1320258245646,4.627273749941143],[-74.13203718942968,4.6272827559682375],[-74.13204717258242,4.627293272875763],[-74.13205557499998,4.627305091000039],[-74.13205935935419,4.627313760451009],[-74.13206233699998,4.627322739000022],[-74.13206508638302,4.627335559501386],[-74.13206619596299,4.6273486244619555],[-74.13206564799998,4.627361725000071],[-74.13203322499999,4.627662601000054],[-74.13203185599997,4.627667978000034],[-74.13202221099993,4.627754245000062]]]},"properties":{"CALCODIGO":147782,"CALCIV":8005200,"CALFUNCION":1,"CALTSUPERF":2,"CALANCHO":8.3,"CALLONGITU":53.96,"OBJECTID":697377}},{"type":"Feature","id":697585,"geometry":{"type":"Polygon","coordinates":[[[-74.13561064299995,4.6328372040000545],[-74.13606419799999,4.632880486000033],[-74.13606957399998,4.632880960000023],[-74.13607552899998,4.632883656000047],[-74.13608097399998,4.632887279000045],[-74.13608576599995,4.632891733000065],[-74.13608978199994,4.632896904000063],[-74.13609291599994,4.632902655000066],[-74.13609508599995,4.6329088380000485],[-74.13609623599996,4.632915291000074],[-74.13609633599998,4.632921845000055],[-74.13609538399999,4.632928330000027],[-74.13615055799994,4.632933927000067],[-74.13615181699998,4.632926533000045],[-74.13615424499994,4.632919439000034],[-74.13615778099995,4.63291282900002],[-74.13616232999993,4.632906877000039],[-74.13616777499993,4.632901737000054],[-74.13617397399997,4.632897544000059],[-74.13618076499995,4.6328944070000375],[-74.13618015099996,4.632894333000024],[-74.13618050899998,4.632890752000037],[-74.13618976599997,4.632798194000031],[-74.13612167499997,4.632790352000029],[-74.13611534399996,4.632790329000045],[-74.13571919199995,4.632750860000044],[-74.13562075299996,4.6327414670000735],[-74.13561064299995,4.6328372040000545]]]},"properties":{"CALCODIGO":151534,"CALCIV":8004093,"CALFUNCION":1,"CALTSUPERF":2,"CALANCHO":11.17,"CALLONGITU":63.51,"OBJECTID":697585}},{"type":"Feature","id":697642,"geometry":{"type":"Polygon","coordinates":[[[-74.12907598399994,4.632023325000034],[-74.1290817931021,4.632024964276074],[-74.1290872779456,4.632027484074836],[-74.12909230597967,4.632030823501018],[-74.12909675569318,4.632034901851605],[-74.12910051955112,4.632039620566196],[-74.12910350659332,4.632044865608884],[-74.12910564463274,4.632050510224134],[-74.12910688199997,4.632056418000047],[-74.12911228399997,4.63199983800007],[-74.12911714799998,4.631948904000069],[-74.12911336643596,4.631955011892007],[-74.12910864478589,4.631960426002374],[-74.12910310794666,4.631965003117373],[-74.12909690237848,4.631968622163367],[-74.12909019223075,4.631971187409518],[-74.12908315499999,4.631972631000053],[-74.12907859899997,4.631972946000076],[-74.12869920999998,4.631934718000025],[-74.12869407199997,4.631987232000029],[-74.12874089699994,4.631991845000073],[-74.1287448386294,4.6319909971993605],[-74.12874885694295,4.631990668010742],[-74.12875288399994,4.6319908630000555],[-74.12891086099995,4.632006424000053],[-74.12907196599997,4.632022744000039],[-74.12907598399994,4.632023325000034]]]},"properties":{"CALCODIGO":151432,"CALCIV":8004271,"CALFUNCION":1,"CALTSUPERF":2,"CALANCHO":5.75,"CALLONGITU":46.34,"OBJECTID":697642}},{"type":"Feature","id":698797,"geometry":{"type":"Polygon","coordinates":[[[-74.14017541799996,4.627359322000075],[-74.14022710599994,4.627365791000045],[-74.14023752299994,4.627278104000027],[-74.14027412699994,4.6269653250000715],[-74.14028046199996,4.626914690000035],[-74.14028092399997,4.626910989000066],[-74.14023320399997,4.62690501700007],[-74.14022544699998,4.6269674110000665],[-74.14018542299993,4.62728940300002],[-74.14018439780295,4.627294094606469],[-74.14018295799997,4.627298676000066],[-74.14017541799996,4.627359322000075]]]},"properties":{"CALCODIGO":145747,"CALCIV":8005275,"CALFUNCION":1,"CALTSUPERF":2,"CALANCHO":5.49,"CALLONGITU":50.67,"OBJECTID":698797}},{"type":"Feature","id":699186,"geometry":{"type":"Polygon","coordinates":[[[-74.12825209099998,4.631487507000031],[-74.12825118806532,4.631492075759676],[-74.12824988199998,4.631496546000051],[-74.12820166299997,4.631613478000077],[-74.12812374999999,4.631807544000026],[-74.12811860499994,4.631820360000063],[-74.12810066899993,4.631865036000022],[-74.12807754299996,4.631922638000049],[-74.12807424599998,4.63193085100005],[-74.12805351299994,4.631982493000066],[-74.12802503299997,4.632051906000072],[-74.12801812399994,4.6320755170000325],[-74.12807334199994,4.632096659000069],[-74.12813256799996,4.631936569000061],[-74.12816991099999,4.631845023000039],[-74.12817200199999,4.631839898000067],[-74.1281728068422,4.631835707150678],[-74.12817408299998,4.631831635000026],[-74.12830252899994,4.63151675000006],[-74.12830564764523,4.63151039449748],[-74.12830946899999,4.631504435000068],[-74.12833538299998,4.631440909000048],[-74.12828058599996,4.6314184050000335],[-74.12825209099998,4.631487507000031]]]},"properties":{"CALCODIGO":151372,"CALCIV":8004366,"CALFUNCION":1,"CALTSUPERF":2,"CALANCHO":6.3100000000000005,"CALLONGITU":60.2,"OBJECTID":699186}},{"type":"Feature","id":699187,"geometry":{"type":"Polygon","coordinates":[[[-74.14377673099995,4.633506952000062],[-74.14377297388135,4.63351388825513],[-74.14376813183178,4.633520115785172],[-74.143762335526,4.63352546652475],[-74.14375574139184,4.6335297960708],[-74.14374852738841,4.633532987579718],[-74.14374088820364,4.633534954920672],[-74.14373302999996,4.633535645000052],[-74.14381117899995,4.633543280000026],[-74.14386866199999,4.633548896000036],[-74.1438644671422,4.633545293086716],[-74.14386090778872,4.6335410612054435],[-74.14385807699995,4.633536311000057],[-74.14388889999998,4.633201305000057],[-74.14389148799995,4.6331989370000315],[-74.14389438299997,4.633196958000042],[-74.14389752599999,4.633195406000027],[-74.14390085499997,4.633194314000036],[-74.14390430399999,4.633193702000028],[-74.14390594099996,4.633193582000047],[-74.14391652399996,4.633196086000055],[-74.14392133399997,4.633148303000041],[-74.14391082699996,4.6331472390000386],[-74.14390850099994,4.633147003000033],[-74.14390456099994,4.633145353000032],[-74.14390096499994,4.633143042000029],[-74.14389782399996,4.633140140000023],[-74.14389523099999,4.63313673600004],[-74.14399203899995,4.632189966000055],[-74.14398396099995,4.632189165000057],[-74.14391206899995,4.632182041000021],[-74.14391137999996,4.632189065000034],[-74.14377673099995,4.633506952000062]]]},"properties":{"CALCODIGO":151867,"CALCIV":8004214,"CALFUNCION":1,"CALTSUPERF":2,"CALANCHO":9.120000000000001,"CALLONGITU":150.96,"OBJECTID":699187}},{"type":"Feature","id":699248,"geometry":{"type":"Polygon","coordinates":[[[-74.12937287800003,4.629463412999996],[-74.12937060500002,4.629498112000022],[-74.12941087399997,4.629500554000003],[-74.12945114399997,4.629503356999976],[-74.12949141299998,4.629506160000005],[-74.12953186200002,4.6295091439999965],[-74.12957204100002,4.629512399000021],[-74.12961231000003,4.629515654999977],[-74.129652669,4.629519270999992],[-74.12969284799999,4.629522797999982],[-74.12973320700002,4.629526956999996],[-74.12977302600001,4.629530934999991],[-74.12981338499998,4.62953500399999],[-74.12985419500001,4.629539163000004],[-74.12989464399999,4.629543232000003],[-74.129934913,4.629547209999998],[-74.129975452,4.6295512789999975],[-74.13001563099999,4.629555347000007],[-74.13005571999997,4.629559416000006],[-74.13009616900001,4.629563303999987],[-74.13013652799998,4.629567463000001],[-74.13017697800001,4.629571441999985],[-74.13021697599999,4.629575509999995],[-74.13025742600001,4.62957948899998],[-74.13029778499998,4.6295835569999895],[-74.13030921699999,4.629584706999992],[-74.13033823400002,4.629587625999989],[-74.13037447300002,4.6295912869999825],[-74.13037850299997,4.629591694999988],[-74.13038183700002,4.629556982999986],[-74.13038544099999,4.629522995000002],[-74.13037874000003,4.629522306000013],[-74.13036480099998,4.6295208720000005],[-74.130344992,4.629518835999988],[-74.130304723,4.629514675999985],[-74.13026427400001,4.629510788999994],[-74.13022382499997,4.629506719999995],[-74.13018328499999,4.629502650999996],[-74.130143196,4.629498943999977],[-74.13010274700002,4.629494695000005],[-74.130062839,4.629490626000006],[-74.13002229900002,4.629486557000007],[-74.12998194,4.629482579000012],[-74.12994167099998,4.629478600000027],[-74.12990167200002,4.629474893000008],[-74.12986077300002,4.629470373000004],[-74.12982122400001,4.629466394000019],[-74.12978068500001,4.629462326000009],[-74.12974014600002,4.629458166000006],[-74.129700147,4.629454458999987],[-74.129659247,4.629450571000007],[-74.12961843800002,4.629446863999988],[-74.12957807800001,4.629443519000006],[-74.12953735899998,4.629440262999992],[-74.12949681999999,4.629437370000005],[-74.12945645999997,4.62943429500001],[-74.12941483999998,4.629431582999985],[-74.129375111,4.629429322000021],[-74.12937287800003,4.629463412999996]]]},"properties":{"CALCODIGO":91026991,"CALCIV":8013656,"CALFUNCION":1,"CALTSUPERF":1,"CALANCHO":7.640000000000001,"CALLONGITU":112.47,"OBJECTID":699248}},{"type":"Feature","id":699468,"geometry":{"type":"Polygon","coordinates":[[[-74.13409899099997,4.632027650000055],[-74.13416182499998,4.632034120000071],[-74.13416751699998,4.631964925000034],[-74.13416707799996,4.631956607000063],[-74.13420161399995,4.631639760000041],[-74.13420252699996,4.631631380000044],[-74.13420359414178,4.631626839201804],[-74.13420514199998,4.631622439000068],[-74.13420998099997,4.631567314000051],[-74.13414302599995,4.631561398000031],[-74.13413722599995,4.63161946300005],[-74.13413678199998,4.631623891000061],[-74.13413828269931,4.63163099743948],[-74.13413881599996,4.631638241000076],[-74.13409899099997,4.632027650000055]]]},"properties":{"CALCODIGO":151406,"CALCIV":8004347,"CALFUNCION":1,"CALTSUPERF":2,"CALANCHO":6.94,"CALLONGITU":51.86,"OBJECTID":699468}},{"type":"Feature","id":699545,"geometry":{"type":"Polygon","coordinates":[[[-74.13046231699997,4.628900243000032],[-74.13046665059746,4.628896057063978],[-74.13047162506604,4.6288926575360305],[-74.13047709938114,4.628890140791696],[-74.13048291834771,4.628888578179854],[-74.13048891699998,4.62888801400004],[-74.13091245999993,4.628930530000048],[-74.13091534099993,4.628901518000021],[-74.13091788899999,4.628875850000043],[-74.13085654999998,4.628869764000058],[-74.13084954252291,4.62886994181406],[-74.13084259499993,4.628869010000074],[-74.13051098199998,4.6288361170000485],[-74.13050435031656,4.62883399162313],[-74.13049801152025,4.6288311078558975],[-74.13049205199997,4.628827505000061],[-74.13048435099995,4.628821212000048],[-74.13048027621412,4.628817020779439],[-74.13047692446656,4.628812231625226],[-74.13047438210657,4.62880696791784],[-74.13047271463162,4.628801365263377],[-74.13047196499997,4.628795568000044],[-74.13046679699994,4.6288516430000755],[-74.13046652399998,4.628854605000072],[-74.13046231699997,4.628900243000032]]]},"properties":{"CALCODIGO":147175,"CALCIV":8004814,"CALFUNCION":1,"CALTSUPERF":2,"CALANCHO":6.13,"CALLONGITU":50.09,"OBJECTID":699545}},{"type":"Feature","id":699691,"geometry":{"type":"Polygon","coordinates":[[[-74.14113885199998,4.627537695000058],[-74.14116718199995,4.627584973000069],[-74.14119572399994,4.627632607000066],[-74.14132481999997,4.627563519000034],[-74.14145694099994,4.627500449000024],[-74.14151474099998,4.627473774000066],[-74.14157254099996,4.627447108000069],[-74.14168802299997,4.627400524000052],[-74.14166697899998,4.627352311000038],[-74.14164427199995,4.6273002870000255],[-74.14157100199998,4.627330435000033],[-74.14156985799997,4.627331068000046],[-74.14156869599998,4.627331692000041],[-74.14156753299994,4.627332289000037],[-74.14156635299997,4.627332858000045],[-74.14156516399999,4.627333427000053],[-74.14156397499994,4.627333970000052],[-74.14156275899995,4.627334485000063],[-74.14156154299997,4.627334982000036],[-74.14155155999998,4.627339512000049],[-74.14145231699996,4.627390803000026],[-74.14130108499995,4.627461116000063],[-74.14121492199996,4.627499143000023],[-74.14120954871143,4.627500147871508],[-74.14120409487441,4.627500518894514],[-74.14119863499997,4.627500251000072],[-74.14113885199998,4.627537695000058]]]},"properties":{"CALCODIGO":472007,"CALCIV":8012510,"CALFUNCION":1,"CALTSUPERF":2,"CALANCHO":11.700000000000001,"CALLONGITU":61.2,"OBJECTID":699691}},{"type":"Feature","id":699987,"geometry":{"type":"Polygon","coordinates":[[[-74.13308238299999,4.629067805000034],[-74.13310876999998,4.6290704340000275],[-74.13312636499995,4.629072271000041],[-74.13313755499996,4.629071354000075],[-74.13314677399995,4.629071354000075],[-74.13314909799993,4.629046353000035],[-74.13315313199996,4.62900271500007],[-74.13315754599995,4.628954970000052],[-74.13316022411482,4.628947306616984],[-74.13316394644454,4.628940092464175],[-74.13316863999995,4.62893346900006],[-74.1331753256042,4.628926572518284],[-74.13318306236275,4.628920880301463],[-74.13319163599994,4.628916550000042],[-74.13317621799996,4.6289150110000605],[-74.13313613599996,4.628911017000064],[-74.13313469599996,4.6289108740000415],[-74.13306091199996,4.628903521000041],[-74.13306866441526,4.628907704010606],[-74.13307566076946,4.62891305644448],[-74.1330817262221,4.6289194445431505],[-74.13308670919619,4.628926708666613],[-74.13309048516608,4.628934667282809],[-74.13309295976946,4.628943121504151],[-74.13309407116543,4.628951860057772],[-74.13309379157998,4.628960664565276],[-74.13309212799999,4.628969315000063],[-74.13308539399998,4.629037374000063],[-74.13308238299999,4.629067805000034]]]},"properties":{"CALCODIGO":91021099,"CALCIV":8013072,"CALFUNCION":1,"CALTSUPERF":2,"CALANCHO":7.7,"CALLONGITU":17.86,"OBJECTID":699987}},{"type":"Feature","id":700070,"geometry":{"type":"Polygon","coordinates":[[[-74.13612272999995,4.629678739000042],[-74.13611920299996,4.6297122960000365],[-74.13611942415567,4.629711899876548],[-74.13611970080042,4.629711540305503],[-74.13612002699995,4.629711225000051],[-74.13620494199995,4.629701660000023],[-74.13621917005088,4.6296968622895385],[-74.13623237928232,4.629689722845273],[-74.13624418759314,4.629680448188674],[-74.1362542534064,4.629669306606095],[-74.13626228555015,4.629656620388129],[-74.13626805167995,4.629642756506764],[-74.13627138499999,4.629628116000049],[-74.13627596399994,4.62958517900006],[-74.13628461499997,4.629504046000022],[-74.13628289599995,4.629478993000021],[-74.13628360299998,4.629468171000042],[-74.13630348499998,4.629265928000052],[-74.13632177099998,4.6290799190000484],[-74.13626674699998,4.629074562000028],[-74.13626370999998,4.62910596100005],[-74.13622897699997,4.629463610000073],[-74.136230750706,4.629473037605958],[-74.13623134874675,4.629482611953616],[-74.13623076199997,4.629492187000039],[-74.13622132999996,4.6295893100000285],[-74.13622043738165,4.629600639645681],[-74.13621783114796,4.629611701525448],[-74.13621357199997,4.6296222380000245],[-74.13620698999995,4.629633548000072],[-74.13620695699996,4.629633599000044],[-74.13619874399996,4.62964385500004],[-74.13618914799997,4.629652738000061],[-74.13618910399998,4.629652775000068],[-74.13617825899996,4.629660169000033],[-74.13616528399996,4.62966631200004],[-74.13616524199995,4.6296663300000205],[-74.13615144299996,4.629670280000028],[-74.13615139999996,4.6296702900000355],[-74.13613710199996,4.629671945000041],[-74.13612359799998,4.629670482000051],[-74.13612272999995,4.629678739000042]]]},"properties":{"CALCODIGO":530461,"CALCIV":8004759,"CALFUNCION":1,"CALTSUPERF":2,"CALANCHO":5.96,"CALLONGITU":77.16,"OBJECTID":700070}},{"type":"Feature","id":700079,"geometry":{"type":"Polygon","coordinates":[[[-74.13418962499998,4.630632063000064],[-74.13419904621644,4.630635845600469],[-74.13420781126688,4.630640968224444],[-74.13421573082945,4.630647320225226],[-74.1342226338446,4.630654764401969],[-74.13422837120976,4.630663139963237],[-74.13423281899998,4.630672266000033],[-74.13423332299999,4.630681168000024],[-74.13420093999997,4.631020183000032],[-74.13419979168935,4.631027263312221],[-74.13419764159144,4.631034106302573],[-74.13419453399996,4.631040571000028],[-74.13418962699996,4.631092401000046],[-74.13418902199999,4.631098790000067],[-74.13421604399997,4.631101365000063],[-74.13425465099994,4.631105045000027],[-74.13425516099994,4.631099651000056],[-74.13426200499998,4.631027355000072],[-74.13426170181066,4.631022492825057],[-74.13426183399997,4.631017623000048],[-74.13427522399996,4.630912558000034],[-74.13429669099997,4.630687825000052],[-74.13430220299995,4.630678309000075],[-74.13430699499997,4.630671783000025],[-74.13431658681026,4.630661683293267],[-74.13432766161935,4.630653236074511],[-74.13433993799998,4.630646656000067],[-74.13432707199996,4.630645406000042],[-74.13427047799996,4.630639912000049],[-74.13426619899997,4.630639496000072],[-74.13418962499998,4.630632063000064]]]},"properties":{"CALCODIGO":151404,"CALCIV":8004513,"CALFUNCION":1,"CALTSUPERF":2,"CALANCHO":7.36,"CALLONGITU":51.4,"OBJECTID":700079}},{"type":"Feature","id":700089,"geometry":{"type":"Polygon","coordinates":[[[-74.12898689099995,4.628779560000055],[-74.12898792329005,4.628773889567929],[-74.12898965084796,4.628768390934731],[-74.12899204699994,4.628763149000065],[-74.12899589095687,4.628757125828913],[-74.12900061857502,4.628751768196761],[-74.12900611653146,4.628747204528218],[-74.12901225303797,4.628743544216266],[-74.12901888099998,4.628740875000062],[-74.12904077599995,4.628742396000064],[-74.12944496699998,4.6287788910000245],[-74.12944790399996,4.6287511040000595],[-74.12945029599996,4.628728479000074],[-74.12944836099996,4.628728283000044],[-74.12938457899998,4.62872182600006],[-74.12937806360796,4.628722518498421],[-74.12937151199998,4.628722439000057],[-74.12905330699994,4.6286901430000285],[-74.12904659048961,4.628689770837294],[-74.12904000548659,4.6286883968826515],[-74.12903370055449,4.628686052133753],[-74.12902781793828,4.628682789490252],[-74.12902249035508,4.628678682560331],[-74.12901783799998,4.628673824000032],[-74.12901232063108,4.628667862689354],[-74.12900783997587,4.628661087564737],[-74.12900451399997,4.628653677000045],[-74.12900263071602,4.628646885228009],[-74.12900171704781,4.628639896656174],[-74.12900179099995,4.6286328490000415],[-74.12899428499998,4.628706755000053],[-74.12899401099997,4.62870945700007],[-74.12898689099995,4.628779560000055]]]},"properties":{"CALCODIGO":147172,"CALCIV":8004843,"CALFUNCION":1,"CALTSUPERF":2,"CALANCHO":5.94,"CALLONGITU":50.59,"OBJECTID":700089}},{"type":"Feature","id":701013,"geometry":{"type":"Polygon","coordinates":[[[-74.13109256599995,4.633174585000063],[-74.13122033699995,4.633189671000025],[-74.13122915899999,4.633179134000045],[-74.13123253099997,4.633155025000065],[-74.13123335099993,4.63314916500002],[-74.13123312590366,4.633146810934382],[-74.13123258926612,4.63314450782485],[-74.13123175065017,4.633142296712762],[-74.13123062499994,4.6331402170000615],[-74.13122900504979,4.633138040861366],[-74.13122707008812,4.633136139351047],[-74.13122486603277,4.633134557593109],[-74.13122244518733,4.633133333123636],[-74.13121986499993,4.633132495000041],[-74.13121749058661,4.633132089755578],[-74.13121508299997,4.633132015000058],[-74.13077863899997,4.633086483000056],[-74.13077691899997,4.633140317000027],[-74.13087022499997,4.633149601000071],[-74.13087375299995,4.633148750000032],[-74.13109256599995,4.633174585000063]]]},"properties":{"CALCODIGO":151453,"CALCIV":8004022,"CALFUNCION":1,"CALTSUPERF":2,"CALANCHO":5.97,"CALLONGITU":50.68,"OBJECTID":701013}},{"type":"Feature","id":701720,"geometry":{"type":"Polygon","coordinates":[[[-74.13815755799999,4.627161502000035],[-74.13821466099995,4.627166401000068],[-74.13821876599997,4.627166754000029],[-74.13822359199997,4.627121381000052],[-74.13823393499996,4.627063124000074],[-74.13824691999997,4.62687687500005],[-74.13824494799997,4.626871325000025],[-74.13829289699999,4.62643618200002],[-74.13831848999996,4.626155210000036],[-74.13834358299994,4.6259188340000605],[-74.13834451000542,4.625916683717502],[-74.13834578875854,4.6259147221251045],[-74.13834738210039,4.625913006224168],[-74.13834924373054,4.625911585876522],[-74.13835131955247,4.625910502355607],[-74.13835354924552,4.62590978714712],[-74.13835586801773,4.625909461034079],[-74.13835820848861,4.625909533492904],[-74.13836050264717,4.625910002418036],[-74.13836268382816,4.6259108541831235],[-74.13836468864932,4.625912064036992],[-74.13836645885317,4.625913596822876],[-74.13836794299993,4.625915408000026],[-74.13837756199996,4.625816663000023],[-74.13837169499999,4.625816151000038],[-74.13825155699993,4.625805676000027],[-74.13824114599998,4.625906173000033],[-74.13824360799998,4.625908483000046],[-74.13824914799994,4.625921536000021],[-74.13824952599998,4.6259324200000265],[-74.13824797599995,4.6259585260000335],[-74.13821766699994,4.62627572100007],[-74.13821600899996,4.626326062000032],[-74.13822039499996,4.6264673680000215],[-74.13822220499998,4.62651951600003],[-74.13818856199998,4.626847622000071],[-74.13815755799999,4.627161502000035]]]},"properties":{"CALCODIGO":521630,"CALCIV":8005344,"CALFUNCION":1,"CALTSUPERF":2,"CALANCHO":8.52,"CALLONGITU":150.42000000000002,"OBJECTID":701720}},{"type":"Feature","id":702299,"geometry":{"type":"Polygon","coordinates":[[[-74.13098084799998,4.633862543000021],[-74.13098134599994,4.6338629600000445],[-74.13104268099994,4.633914325000035],[-74.13103755299994,4.6339087790000235],[-74.13103339999998,4.633902488000047],[-74.13103338399998,4.633902454000065],[-74.13103031699995,4.633895594000023],[-74.13103030399998,4.633895549000044],[-74.13102839099997,4.633888290000073],[-74.13102838499998,4.6338882390000435],[-74.13102767299995,4.63388076800004],[-74.13102767499998,4.633880718000057],[-74.13102818199997,4.633873230000063],[-74.13102819099998,4.6338731860000735],[-74.13102986099994,4.633866029000046],[-74.13102990699997,4.633865876000073],[-74.13102991799997,4.633865842000034],[-74.13103279599994,4.633858897000039],[-74.13103450999995,4.633855848000053],[-74.13103814799996,4.633850728000027],[-74.13104244199997,4.6338461470000425],[-74.13127777099999,4.633564732000025],[-74.13128169799995,4.6335625720000735],[-74.13132030899999,4.633516325000073],[-74.13129145699997,4.633492034000028],[-74.13127307199994,4.6334765550000725],[-74.13099318999997,4.633809398000039],[-74.13098669698114,4.633815775635914],[-74.13097921799994,4.6338209620000725],[-74.13097127746309,4.633824692088345],[-74.13096283309659,4.633827070818761],[-74.13095411311106,4.633828033905679],[-74.13094535316579,4.63382755532149],[-74.13093678999996,4.633825648000027],[-74.13098084799998,4.633862543000021]]]},"properties":{"CALCODIGO":151395,"CALCIV":8003910,"CALFUNCION":1,"CALTSUPERF":2,"CALANCHO":6.97,"CALLONGITU":53.56,"OBJECTID":702299}},{"type":"Feature","id":702888,"geometry":{"type":"Polygon","coordinates":[[[-74.13415779699994,4.627405029000045],[-74.13422753499998,4.627412333000052],[-74.13421827277298,4.627407192361189],[-74.13420993899996,4.627400653000052],[-74.13420562399995,4.62739629500004],[-74.13420134499995,4.6273910480000495],[-74.13419646614015,4.627383364565831],[-74.13419267099994,4.6273750920000225],[-74.13418990089345,4.627368545086963],[-74.1341881178138,4.627361663503749],[-74.13418736008704,4.62735459516514],[-74.13418764399995,4.6273474920000695],[-74.13420950999995,4.627124968000032],[-74.13424098899998,4.626818753000066],[-74.1342408394669,4.626814112185849],[-74.13424131433285,4.626809493309462],[-74.13424240499995,4.626804980000031],[-74.13424884999995,4.626742291000028],[-74.13419599099996,4.626736820000076],[-74.13419097099995,4.626736300000061],[-74.13418410599996,4.6268088320000516],[-74.13417819299997,4.626869354000064],[-74.13417657399998,4.626886586000069],[-74.13416833699995,4.626971542000035],[-74.13416235299997,4.627032064000048],[-74.13414841399998,4.627174929000034],[-74.13414644199997,4.627194774000031],[-74.13413327699999,4.627329518000067],[-74.13413186999998,4.627338558000076],[-74.13412719399997,4.627361768000071],[-74.13412068061581,4.627370890633037],[-74.13411280605541,4.627378867969934],[-74.13410376864549,4.627385499095563],[-74.13409379599995,4.62739061700006],[-74.13408248467995,4.627394240650377],[-74.13407072499996,4.627395910000075],[-74.13415779699994,4.627405029000045]]]},"properties":{"CALCODIGO":147284,"CALCIV":8005328,"CALFUNCION":1,"CALTSUPERF":2,"CALANCHO":6.54,"CALLONGITU":73.96000000000001,"OBJECTID":702888}},{"type":"Feature","id":703044,"geometry":{"type":"Polygon","coordinates":[[[-74.12899714500003,4.628115819000016],[-74.129024523,4.628118555000015],[-74.12905256699997,4.628121356999998],[-74.12911045800001,4.627538128000026],[-74.12908193999999,4.627535277999982],[-74.12905477100003,4.627532561999999],[-74.129048265,4.62759324000001],[-74.12904773399998,4.627598698999975],[-74.12900466999997,4.6280417369999896],[-74.12900346499998,4.628053602000023],[-74.12899714500003,4.628115819000016]]]},"properties":{"CALCODIGO":147246,"CALCIV":8005121,"CALFUNCION":1,"CALTSUPERF":2,"CALANCHO":6.21,"CALLONGITU":64.84,"OBJECTID":703044}},{"type":"Feature","id":703560,"geometry":{"type":"Polygon","coordinates":[[[-74.13254902599994,4.6329769220000685],[-74.13257926899996,4.633009271000049],[-74.13264045599993,4.63295167800004],[-74.13258505699997,4.632912341000065],[-74.13254996499995,4.632891009000048],[-74.13249294599996,4.632861510000055],[-74.13248729828258,4.632860432433689],[-74.13248178499998,4.632858801000054],[-74.13241554799998,4.632830107000075],[-74.13240885099998,4.632827206000059],[-74.13240637999996,4.6328261130000215],[-74.13233883985122,4.632799852274455],[-74.132269618532,4.6327784115103325],[-74.13219905953729,4.632761897102543],[-74.13212751299994,4.632750391000059],[-74.13212746099998,4.632750385000065],[-74.13211276499999,4.632748658000025],[-74.13187579299995,4.632720819000042],[-74.13167875299996,4.632702975000029],[-74.13166830582362,4.632700599311285],[-74.13165837215476,4.632696585632993],[-74.13164920699995,4.632691037000029],[-74.13163947226332,4.632684191454301],[-74.13163069961512,4.632676149860117],[-74.13162303499996,4.632667046000051],[-74.13161596941796,4.632655872200928],[-74.13161056672402,4.632643806251568],[-74.13160693699996,4.632631094000033],[-74.13159749199997,4.632718114000056],[-74.13158808299994,4.632804806000024],[-74.13159068900868,4.63279537491808],[-74.13159481078158,4.632786500934969],[-74.13160033604004,4.6327784257812805],[-74.13160711427396,4.632771369427194],[-74.13161496084174,4.632765524090409],[-74.13162366199998,4.632761049000067],[-74.13163258287365,4.632758357462691],[-74.13164177364084,4.632756822484254],[-74.13165108499999,4.632756469000071],[-74.13200821199996,4.632788916000038],[-74.13201213099995,4.632789261000028],[-74.13204488699995,4.632792876000053],[-74.13213486699993,4.632802839000021],[-74.13214733499996,4.632804213000043],[-74.13216848699994,4.632808182000076],[-74.13224350299998,4.632822249000071],[-74.13230637499998,4.632840285000043],[-74.13235791732946,4.632860809011887],[-74.13240798699997,4.632884702000069],[-74.13245439899998,4.632910671000047],[-74.13250285466603,4.632942165132249],[-74.13254902599994,4.6329769220000685]]]},"properties":{"CALCODIGO":151451,"CALCIV":8004103,"CALFUNCION":1,"CALTSUPERF":2,"CALANCHO":6.43,"CALLONGITU":118.08,"OBJECTID":703560}},{"type":"Feature","id":703744,"geometry":{"type":"Polygon","coordinates":[[[-74.13727609699998,4.628130305000013],[-74.13733022399998,4.6281367939999996],[-74.137336984,4.6280644770000094],[-74.13734261500002,4.628003884999998],[-74.13734874,4.627937925000026],[-74.13735263400002,4.627901238999982],[-74.13729513499999,4.627897507],[-74.13728554400001,4.627983753000024],[-74.13727609699998,4.628130305000013]]]},"properties":{"CALCODIGO":147315,"CALCIV":8011846,"CALFUNCION":1,"CALTSUPERF":2,"CALANCHO":6.36,"CALLONGITU":25.94,"OBJECTID":703744}},{"type":"Feature","id":703800,"geometry":{"type":"Polygon","coordinates":[[[-74.13264045599993,4.63295167800004],[-74.13267742599999,4.632982384000059],[-74.13265980699998,4.632941479000067],[-74.13265326899995,4.632919934000029],[-74.13264444799995,4.6328908670000715],[-74.13263483599997,4.632838846000027],[-74.13263262999999,4.632817730000056],[-74.13262714399997,4.632757001000073],[-74.13262757799998,4.632696020000026],[-74.13262930799993,4.632672753000065],[-74.13263658899996,4.632595881000043],[-74.13265682699995,4.632387205000043],[-74.13266001399995,4.632354372000066],[-74.13260502699995,4.632348243000024],[-74.13259756199994,4.6324156760000506],[-74.13259926839979,4.6324232088246635],[-74.13260007813703,4.6324308899425946],[-74.13259997999995,4.6324386130000335],[-74.13255864899998,4.632812465000029],[-74.13255670265184,4.632820928705447],[-74.13255352641612,4.632829011657079],[-74.1325491900984,4.632836536212157],[-74.13254378899995,4.632843337000054],[-74.13253691976472,4.632849676670781],[-74.13252912401879,4.63285483459315],[-74.13252060294626,4.632858677657137],[-74.13251157644967,4.632861106685148],[-74.13250227747498,4.63286205899148],[-74.13249294599996,4.632861510000055],[-74.13254996499995,4.632891009000048],[-74.13258505699997,4.632912341000065],[-74.13264045599993,4.63295167800004]]]},"properties":{"CALCODIGO":151400,"CALCIV":8004169,"CALFUNCION":1,"CALTSUPERF":2,"CALANCHO":7.45,"CALLONGITU":62.160000000000004,"OBJECTID":703800}},{"type":"Feature","id":703991,"geometry":{"type":"Polygon","coordinates":[[[-74.13419599099996,4.626736820000076],[-74.13424884999995,4.626742291000028],[-74.13426003999996,4.626633433000052],[-74.13427321699999,4.626494219000051],[-74.13428222799996,4.626398456000061],[-74.13428511399997,4.626368583000044],[-74.13431714699993,4.626038644000062],[-74.13431848399995,4.626033206000045],[-74.13432084456505,4.626022329458057],[-74.13432473705765,4.6260119025728725],[-74.13433008137906,4.626002139906132],[-74.13433676755528,4.625993242351366],[-74.13434465799997,4.6259853930000645],[-74.13435401325728,4.625978492584355],[-74.13436429977745,4.6259730774131285],[-74.13437528363006,4.625969270635232],[-74.13438671502641,4.625967158822315],[-74.13439833399997,4.625966790000064],[-74.13430487599999,4.625957288000052],[-74.13422193499997,4.6259488540000575],[-74.13419313099996,4.625945926000043],[-74.13420753299347,4.625950158961669],[-74.13422101628244,4.625956757165954],[-74.13423319561585,4.625965532085833],[-74.13424372299994,4.625976233000074],[-74.13425092752686,4.625986248074679],[-74.13425668313329,4.625997160449408],[-74.13426087998674,4.62600876188676],[-74.13426343799995,4.626020831000062],[-74.13419599099996,4.626736820000076]]]},"properties":{"CALCODIGO":147283,"CALCIV":8005534,"CALFUNCION":1,"CALTSUPERF":2,"CALANCHO":6.43,"CALLONGITU":87.04,"OBJECTID":703991}},{"type":"Feature","id":704167,"geometry":{"type":"Polygon","coordinates":[[[-74.14265825400003,4.626890532999994],[-74.142679891,4.626943768999979],[-74.14269967199999,4.626992437000013],[-74.14310508800003,4.626828896999996],[-74.14316360599997,4.626804728000025],[-74.14314108999997,4.626748168999995],[-74.14312342599999,4.626703797000005],[-74.14288202900002,4.626800919999994],[-74.14278047200003,4.626841780000007],[-74.14276695400002,4.6268472190000125],[-74.14275787499997,4.626850869000009],[-74.14265886300001,4.626890290999995],[-74.14265825400003,4.626890532999994]]]},"properties":{"CALCODIGO":145551,"CALCIV":8005339,"CALFUNCION":1,"CALTSUPERF":2,"CALANCHO":12.11,"CALLONGITU":55.56,"OBJECTID":704167}},{"type":"Feature","id":704180,"geometry":{"type":"Polygon","coordinates":[[[-74.14232289099994,4.628510163000044],[-74.14232808346516,4.628508257778547],[-74.14233349685671,4.628507123425875],[-74.14233901738288,4.628506783786583],[-74.14234452899996,4.6285072460000265],[-74.14258529699998,4.628531304000035],[-74.14265980999994,4.628539323000041],[-74.14266953415093,4.628538917893107],[-74.1426790562675,4.628536904805958],[-74.14268811232718,4.628533339556039],[-74.14269645122997,4.628528320998071],[-74.14270384176069,4.628521988283064],[-74.14271007899998,4.628514517000042],[-74.14271497567889,4.6285061700506835],[-74.14271843699998,4.628497133000053],[-74.14271904699996,4.628490990000046],[-74.14272235599998,4.628457615000059],[-74.14272240853808,4.628447344763508],[-74.14272073899997,4.628437211000062],[-74.14271732631303,4.628427335696251],[-74.14271227242338,4.628418190956953],[-74.14270572673615,4.628410047122704],[-74.14269788275766,4.628403144944868],[-74.14268897237481,4.62839768846846],[-74.14267925899998,4.6283938390000685],[-74.14266756957534,4.62839141114315],[-74.1426556389835,4.628390966041027],[-74.14264380115031,4.628392516151685],[-74.14263238740541,4.628396018089006],[-74.14262171720861,4.628401373837114],[-74.14261208920851,4.628408433493741],[-74.14260377288363,4.628416999465845],[-74.14259700099996,4.628426832000059],[-74.14259485599996,4.628432898000028],[-74.14259173899995,4.62844969300005],[-74.14259169399998,4.628449838000051],[-74.14258918841504,4.628455909999332],[-74.14258567789804,4.628461461882017],[-74.14258126662504,4.6284663288935874],[-74.1425760855025,4.628470366603371],[-74.14257028828247,4.628473455190582],[-74.14256404699995,4.628475503000061],[-74.14255967296205,4.628476260322621],[-74.14255524041714,4.6284765017568485],[-74.14255080999999,4.628476224000053],[-74.14246397699998,4.628468278000071],[-74.14236703699999,4.628459787000054],[-74.14235680590991,4.628457119293533],[-74.14234714477453,4.628452823443727],[-74.14233831075597,4.628447013798455],[-74.14233053899994,4.6284398450000594],[-74.14232506341628,4.628433033836656],[-74.14232054898983,4.628425550928315],[-74.14231707699997,4.628417531000025],[-74.14231202899998,4.628470393000043],[-74.14230694799994,4.628523590000043],[-74.14231019849517,4.6285194376274905],[-74.1423139885353,4.628515771087878],[-74.14231824627426,4.628512659886172],[-74.14232289099994,4.628510163000044]]]},"properties":{"CALCODIGO":145578,"CALCIV":8004907,"CALFUNCION":1,"CALTSUPERF":2,"CALANCHO":5.84,"CALLONGITU":44.45,"OBJECTID":704180}},{"type":"Feature","id":704199,"geometry":{"type":"Polygon","coordinates":[[[-74.141828567,4.630664352999986],[-74.14195559900003,4.630677074000005],[-74.14207754099999,4.630687533000014],[-74.14207753199997,4.630687668999997],[-74.14207753199997,4.63068780499998],[-74.14207754099999,4.630687939999973],[-74.14207754099999,4.630688076000013],[-74.14207755000001,4.630688220000025],[-74.14207755899997,4.630688356000007],[-74.14207756799999,4.63068849199999],[-74.14207758600003,4.630688626999984],[-74.14207760400001,4.630688763000023],[-74.14207762299998,4.630688898000017],[-74.14207764100001,4.6306890339999995],[-74.14207766800001,4.630689169999982],[-74.14207769500001,4.630689304999976],[-74.14207772200001,4.630689431999997],[-74.14207775800003,4.63068956699999],[-74.14207778500003,4.630689702999973],[-74.14207782099999,4.630689839000013],[-74.14207786600002,4.630689964999988],[-74.14207790199998,4.630690101000027],[-74.14207794700002,4.630690227000002],[-74.142077992,4.6306903540000235],[-74.14207803699998,4.630690479999998],[-74.14207808200001,4.630690615999981],[-74.14207813600001,4.630690742000013],[-74.14207819,4.630690868999977],[-74.142078244,4.63069098699998],[-74.14207830700002,4.630691113000012],[-74.14207836100002,4.630691239999976],[-74.14207842399998,4.630691356999989],[-74.14207848699999,4.63069148400001],[-74.14207855900003,4.630691601000024],[-74.14207862199999,4.630691719000026],[-74.14207869500001,4.630691835999983],[-74.14207876699999,4.630691953999985],[-74.14207884799998,4.63069206199998],[-74.14207892000002,4.630692179999983],[-74.14207900100001,4.6306922879999775],[-74.14207908200001,4.6306923970000184],[-74.142079163,4.630692505000013],[-74.142079244,4.630692613999997],[-74.14207933400002,4.630692721999992],[-74.14207942399997,4.630692830999976],[-74.14207951399999,4.630692930000009],[-74.142079604,4.6306930289999855],[-74.142079695,4.630693129000008],[-74.14207979399998,4.630693227999984],[-74.14207989300002,4.630693328000007],[-74.14207999199999,4.630693418000021],[-74.14208009100003,4.630693517999987],[-74.14208019,4.630693608000001],[-74.142080298,4.630693698000016],[-74.14208039699997,4.630693780000001],[-74.14208050500002,4.630693870000016],[-74.14208061300002,4.630693951000012],[-74.14208072100001,4.6306940329999975],[-74.14208083900002,4.6306941139999935],[-74.14208094700001,4.630694195999979],[-74.14208106400002,4.630694268000013],[-74.14208117200002,4.630694339999991],[-74.14208128899998,4.630694413000015],[-74.14208140599999,4.630694484999992],[-74.142081523,4.630694548000008],[-74.14208164899998,4.630694619999986],[-74.14208176699998,4.630694683999991],[-74.14208189300001,4.630694737999988],[-74.14208201000002,4.630694801000004],[-74.142082136,4.6306948550000016],[-74.14208226199997,4.630694909999988],[-74.142082388,4.630694963999986],[-74.14208251399998,4.630695017999983],[-74.14208264000001,4.630695063000019],[-74.142082775,4.630695108999987],[-74.14208290200003,4.630695154000023],[-74.14208303700002,4.630695199000002],[-74.142083163,4.630695235000019],[-74.14208329799999,4.630695270999979],[-74.14208342400002,4.630695306999996],[-74.14208355900001,4.630695344000003],[-74.14208369400001,4.630695371000002],[-74.14208382999999,4.630695398],[-74.14208396499998,4.630695424999999],[-74.14208409999998,4.630695451999998],[-74.14208423500003,4.630695469999978],[-74.14208437000002,4.630695488000015],[-74.14208450500001,4.630695505999995],[-74.14208464000001,4.6306955150000135],[-74.142084775,4.630695523999975],[-74.14208491099998,4.630695532999994],[-74.142085055,4.630695542000012],[-74.14208518999999,4.63069555200002],[-74.14208532499998,4.63069555200002],[-74.14208545999998,4.63069555200002],[-74.14208559500003,4.630695542000012],[-74.14208573000002,4.630695542000012],[-74.14208587500002,4.630695532999994],[-74.14208601000001,4.630695523999975],[-74.14208614500001,4.630695505999995],[-74.14208628,4.6306954969999765],[-74.142086415,4.630695478999996],[-74.14208654999999,4.630695451999998],[-74.14208668499998,4.6306954340000175],[-74.14208681999997,4.630695407000019],[-74.14208695600001,4.63069538000002],[-74.14208709100001,4.630695353000021],[-74.142087226,4.630695326000023],[-74.142087361,4.630695289000016],[-74.14208748700003,4.630695252999999],[-74.14208762200002,4.630695216999982],[-74.142087748,4.630695172000003],[-74.14208788299999,4.630695127000024],[-74.14208801000001,4.630695080999999],[-74.14208813599998,4.63069503600002],[-74.14208827099998,4.630694990999984],[-74.14208839700001,4.630694936999987],[-74.14208852299998,4.63069488299999],[-74.14208864900002,4.630694828000003],[-74.14208876599997,4.630694764999987],[-74.142088892,4.630694702000028],[-74.14208901900003,4.630694639000012],[-74.14208913599998,4.630694575000007],[-74.142089253,4.630694511999991],[-74.14208937000001,4.630694440000013],[-74.14208948700002,4.63069436699999],[-74.14208960399998,4.630694295000012],[-74.14208972099999,4.630694222999978],[-74.142089838,4.630694140999992],[-74.142089946,4.630694069000015],[-74.14209005499998,4.630693988000019],[-74.14209016299998,4.630693897000015],[-74.14209027099997,4.630693816000019],[-74.14209037900002,4.630693726000004],[-74.14209048700002,4.630693644000019],[-74.142090586,4.630693554000004],[-74.14209069399999,4.630693453999982],[-74.14209079300002,4.630693364000024],[-74.142090892,4.630693264999991],[-74.14209098200001,4.630693173999987],[-74.14209108199998,4.630693075000011],[-74.142091172,4.6306929660000264],[-74.14209126200001,4.630692866999993],[-74.14209135200002,4.630692767000028],[-74.14209144199998,4.630692658999976],[-74.142091532,4.630692549999992],[-74.14209161299999,4.630692441999997],[-74.14209169399999,4.630692333000013],[-74.14209177499998,4.630692225000018],[-74.14209185599998,4.630692108000005],[-74.14209192800001,4.630691999000021],[-74.14209201,4.630691882000008],[-74.14209208199998,4.630691764000005],[-74.14209214499999,4.6306916460000025],[-74.14209221700003,4.630691528999989],[-74.14209227999999,4.630691402000025],[-74.142092343,4.630691285000012],[-74.14209240600002,4.6306911579999905],[-74.14209246899998,4.630691040999977],[-74.14209252299997,4.630690914000013],[-74.14209258599999,4.630690787999981],[-74.14209263100003,4.630690661000017],[-74.14209268500002,4.630690534999985],[-74.14209273900002,4.630690408000021],[-74.142092784,4.630690281999989],[-74.14209282899998,4.630690146000006],[-74.142092865,4.630690018999985],[-74.14209290999997,4.630689883999992],[-74.14209294599999,4.630689757000027],[-74.14209298200001,4.630689621999977],[-74.142093009,4.630689485999994],[-74.14227323900002,4.630707501000018],[-74.14228364600001,4.630551043000025],[-74.14198273800002,4.630520847000014],[-74.141839059,4.6305066119999765],[-74.141828567,4.630664352999986]]]},"properties":{"CALCODIGO":24180765,"CALCIV":8004446,"CALFUNCION":1,"CALTSUPERF":2,"CALANCHO":17.42,"CALLONGITU":49.59,"OBJECTID":704199}},{"type":"Feature","id":704580,"geometry":{"type":"Polygon","coordinates":[[[-74.13627459799994,4.6314305400000535],[-74.13627973164137,4.631435480806961],[-74.1362840766314,4.631441127656411],[-74.13628753707057,4.631447355915225],[-74.13629003658258,4.631454028117775],[-74.13629151999999,4.631460997000033],[-74.13629788899993,4.631396357000028],[-74.13629795799994,4.631395654000073],[-74.13630229499995,4.63135163000004],[-74.13630029748997,4.631356141481764],[-74.13629760386706,4.631360275234195],[-74.13629428353708,4.631363924744076],[-74.13629042205407,4.63136699597549],[-74.13628611891578,4.631369409792865],[-74.13628148499998,4.6313711040000385],[-74.13627730654659,4.631371950420087],[-74.13627305099966,4.63137220775252],[-74.13626880099997,4.631371871000056],[-74.13576963699995,4.631319182000027],[-74.13576706199996,4.631343399000059],[-74.13576412399993,4.6313710310000715],[-74.13576613599997,4.6313712460000716],[-74.13582243599996,4.631377273000055],[-74.13582962616378,4.63137630395444],[-74.13583687899995,4.631376488000058],[-74.13595504899996,4.631388920000063],[-74.13606815099996,4.631400859000053],[-74.13624860699997,4.631419789000063],[-74.13625563832235,4.631420978631327],[-74.13626241349445,4.631423203886369],[-74.13626878088778,4.631426414963937],[-74.13627459799994,4.6314305400000535]]]},"properties":{"CALCODIGO":151446,"CALCIV":8004387,"CALFUNCION":1,"CALTSUPERF":2,"CALANCHO":5.67,"CALLONGITU":59.22,"OBJECTID":704580}},{"type":"Feature","id":704605,"geometry":{"type":"Polygon","coordinates":[[[-74.13082743500001,4.630299098000023],[-74.13122949400002,4.630339008000021],[-74.13123550400002,4.6302924429999734],[-74.13112595000001,4.6302813780000065],[-74.13085273299998,4.63025356899999],[-74.130814418,4.630249757000001],[-74.130716076,4.6302399740000055],[-74.130710647,4.630287506000002],[-74.13076585099998,4.630292984999983],[-74.13080972699998,4.630297340000027],[-74.13082743500001,4.630299098000023]]]},"properties":{"CALCODIGO":91026968,"CALCIV":8013654,"CALFUNCION":1,"CALTSUPERF":5,"CALANCHO":5.25,"CALLONGITU":57.910000000000004,"OBJECTID":704605}},{"type":"Feature","id":704853,"geometry":{"type":"Polygon","coordinates":[[[-74.13551417899998,4.627616468000042],[-74.13551711199995,4.62761867200004],[-74.13552304399997,4.6276245560000575],[-74.13552307999998,4.6276245940000535],[-74.13553065299999,4.6276344050000375],[-74.13553068999994,4.627634456000067],[-74.13553691799996,4.627645192000045],[-74.13553694199999,4.627645237000024],[-74.13554172699997,4.6276567480000494],[-74.13554354299998,4.627662721000036],[-74.13554637299995,4.627678475000039],[-74.13555461599998,4.6275762110000755],[-74.13555465999997,4.627575661000037],[-74.13556196499997,4.627485026000045],[-74.13555642399996,4.627495761000034],[-74.13554943399998,4.627505608000035],[-74.13554113499998,4.627514371000075],[-74.13553169099998,4.627521877000049],[-74.13552128899994,4.627527977000057],[-74.13551185899996,4.627532844000029],[-74.13551180799993,4.62753286700007],[-74.13550175199998,4.62753641300003],[-74.13549136199998,4.627538530000038],[-74.13549130299998,4.627538540000046],[-74.13548066599998,4.627539216000059],[-74.13515412299995,4.6275055350000684],[-74.13515106299997,4.627504328000043],[-74.13506907799996,4.627496543000063],[-74.13506223099995,4.627569150000056],[-74.13515513199997,4.6275779730000295],[-74.13515866699998,4.627577975000065],[-74.13548902799994,4.6276088330000675],[-74.1354956828845,4.627609263480518],[-74.1355021938175,4.627610705892795],[-74.13550840784808,4.627613126352626],[-74.13551417899998,4.627616468000042]]]},"properties":{"CALCODIGO":147213,"CALCIV":8005118,"CALFUNCION":1,"CALTSUPERF":2,"CALANCHO":8.33,"CALLONGITU":54.5,"OBJECTID":704853}},{"type":"Feature","id":705228,"geometry":{"type":"Polygon","coordinates":[[[-74.13693589699994,4.628997304000052],[-74.13693216399997,4.629036718000066],[-74.13692265199995,4.629137146000062],[-74.13692254862936,4.6291392045767035],[-74.13692226399996,4.629141246000074],[-74.13691708499994,4.629195927000069],[-74.13691427599997,4.629225589000043],[-74.13697144499997,4.629231223000033],[-74.13697365499996,4.62920867400004],[-74.13699553299995,4.628986901000076],[-74.13704185199998,4.628990907000059],[-74.13704292999995,4.628978957000072],[-74.13707261499997,4.628650166000057],[-74.13702921499998,4.6286454770000205],[-74.13702813499998,4.628645360000064],[-74.13704099699999,4.628473730000053],[-74.13704244887822,4.628468468520829],[-74.13704473728701,4.628463513291346],[-74.137047801268,4.628458996308442],[-74.13705155920319,4.62845503789499],[-74.13705591098916,4.628451743494755],[-74.13706074070352,4.628449200863592],[-74.13706591969289,4.628447477731822],[-74.13707130999995,4.628446620000034],[-74.13701782299995,4.628441315000032],[-74.13701772899998,4.628441305000024],[-74.13697099299998,4.628436670000042],[-74.13697936299997,4.628441332000023],[-74.13698582199999,4.628453409000031],[-74.13698688499994,4.628458941000076],[-74.13698620499997,4.628466113000059],[-74.13697447799996,4.628589942000076],[-74.13697065699995,4.628630282000074],[-74.13694477799999,4.628903530000059],[-74.13694464499997,4.628904933000058],[-74.13694212899998,4.6289315000000215],[-74.13693589699994,4.628997304000052]]]},"properties":{"CALCODIGO":91021097,"CALCIV":8013075,"CALFUNCION":1,"CALTSUPERF":2,"CALANCHO":6.5,"CALLONGITU":87.47,"OBJECTID":705228}},{"type":"Feature","id":705264,"geometry":{"type":"Polygon","coordinates":[[[-74.13262669699998,4.631432682000025],[-74.13263974309028,4.631435535685208],[-74.13265210424998,4.631440589962786],[-74.13266341231852,4.631447694297873],[-74.13267333050023,4.63145663709737],[-74.13268156339535,4.631467152011976],[-74.13268786579813,4.6314789258690485],[-74.13269204999995,4.631491608000033],[-74.13269577499995,4.631455850000066],[-74.13270053099995,4.631403315000057],[-74.13270713299994,4.631330386000059],[-74.13270383091823,4.631340027088714],[-74.13269909994908,4.6313490532875194],[-74.13269305032418,4.631357254285791],[-74.13268582299997,4.631364439000038],[-74.13267710895188,4.631370726625213],[-74.13266749429103,4.631375525287639],[-74.1326572311571,4.63137870914479],[-74.13264658869566,4.6313801947015945],[-74.13263584599997,4.63137994300007],[-74.13181447199997,4.6312968580000415],[-74.13180229108416,4.6312941516356725],[-74.13179062699999,4.631289719000051],[-74.1317834649302,4.631285768994701],[-74.1317770915869,4.631280642760115],[-74.13177169804376,4.6312744939815005],[-74.13176744599997,4.631267507000075],[-74.1317647388515,4.631260805721855],[-74.13176308099997,4.631253771000047],[-74.13175850999994,4.631314838000037],[-74.13175243199998,4.631396065000047],[-74.13175622125193,4.631387255478271],[-74.13176125656886,4.631379093879918],[-74.13176742995364,4.631371755254389],[-74.13177460899993,4.631365397000025],[-74.13178212780682,4.631360446150659],[-74.13179025736312,4.631356579151782],[-74.13179884241258,4.631353869854411],[-74.13180771899994,4.631352370000059],[-74.13181311999995,4.631352790000051],[-74.13250786699996,4.631421866000039],[-74.13262669699998,4.631432682000025]]]},"properties":{"CALCODIGO":151438,"CALCIV":8004391,"CALFUNCION":1,"CALTSUPERF":2,"CALANCHO":6.46,"CALLONGITU":105.03,"OBJECTID":705264}},{"type":"Feature","id":705355,"geometry":{"type":"Polygon","coordinates":[[[-74.13585022899997,4.630551344000025],[-74.13601995799996,4.63055298200004],[-74.13603999799994,4.6305531750000455],[-74.13612887999994,4.630554033000067],[-74.13614014599995,4.630457401000058],[-74.13581220899994,4.630455738000023],[-74.13571793652457,4.630454500865611],[-74.13562370899996,4.630451338000057],[-74.13557363999996,4.630448874000024],[-74.13556309799998,4.630448286000046],[-74.13542824299998,4.630440939000039],[-74.13532638299995,4.630434236000042],[-74.13525938899994,4.63042861200006],[-74.13522688499995,4.630425435000063],[-74.13522355999999,4.630464070000073],[-74.13521894599995,4.630517696000027],[-74.13521877299996,4.630519703000061],[-74.13534669499995,4.630531518000055],[-74.13551857099998,4.630548407000049],[-74.13553399399996,4.630549923000046],[-74.13554650599997,4.630551152000066],[-74.13555007999997,4.630551503000049],[-74.13555030594625,4.630550676707502],[-74.13555066255604,4.630549897836167],[-74.13555114043957,4.630549186894237],[-74.13555172701386,4.630548562601273],[-74.13555240683402,4.6305480413953175],[-74.13555316199995,4.630547637000063],[-74.13557981199995,4.630548034000071],[-74.13559235099996,4.630547935000038],[-74.13561652099997,4.630547742000033],[-74.13561657699995,4.630547742000033],[-74.13585022899997,4.630551344000025]]]},"properties":{"CALCODIGO":91026855,"CALCIV":8012583,"CALFUNCION":1,"CALTSUPERF":2,"CALANCHO":10.68,"CALLONGITU":101.33,"OBJECTID":705355}},{"type":"Feature","id":705519,"geometry":{"type":"Polygon","coordinates":[[[-74.14357530799998,4.629760433000058],[-74.14357537999996,4.629760741000041],[-74.14357548799995,4.629761156000029],[-74.14357559599995,4.629761581000025],[-74.14357571299996,4.629761988000041],[-74.14357583999998,4.6297624040000755],[-74.14357597499998,4.629762811000035],[-74.14357611899999,4.629763227000069],[-74.14357626299994,4.62976362400002],[-74.14357641599997,4.629764031000036],[-74.14357657799997,4.6297644290000335],[-74.14357674899998,4.629764827000031],[-74.14357692099998,4.629765226000075],[-74.14357710999997,4.629765613000075],[-74.14357729899996,4.6297660020000535],[-74.14357747899999,4.6297663810000245],[-74.14357769499998,4.629766761000042],[-74.14357790299994,4.629767141000059],[-74.14357811899998,4.62976752000003],[-74.14357834199996,4.629767884000046],[-74.14357856899994,4.629768253000066],[-74.14357879399995,4.629768616000035],[-74.14357904499997,4.629768968000064],[-74.14357928999993,4.629769328000066],[-74.14357954199994,4.629769674000045],[-74.14357980299997,4.6297700150000765],[-74.14358007399994,4.6297703590000765],[-74.14358034399999,4.629770693000069],[-74.14358061399997,4.629771019000032],[-74.14358089299998,4.629771346000041],[-74.14358119099995,4.629771671000071],[-74.14358147899998,4.629771986000037],[-74.14358178499998,4.6297722930000305],[-74.14358207199996,4.62977260100007],[-74.14358239799998,4.629772899000045],[-74.14358271299994,4.629773188000058],[-74.14358302799997,4.629773477000072],[-74.14358335299994,4.629773768000064],[-74.14358368599994,4.6297740380000505],[-74.14358401899995,4.629774311000062],[-74.14358436199996,4.62977458000006],[-74.14358469499996,4.629774833000056],[-74.14358505499996,4.629775088000031],[-74.14358540699999,4.629775339000048],[-74.14358575799997,4.629775575000053],[-74.14358612699994,4.629775810000069],[-74.14358648799998,4.629776036000067],[-74.14358685699995,4.629776263000053],[-74.14358722699995,4.629776478000053],[-74.14358760499994,4.6297766880000495],[-74.14358797399996,4.629776885000069],[-74.14358837099996,4.629777086000047],[-74.14358875799996,4.629777276000027],[-74.14358914499996,4.629777455000067],[-74.14358954199997,4.629777628000056],[-74.14358993799993,4.6297777980000205],[-74.14359033499994,4.629777961000059],[-74.14359072899998,4.629778115000022],[-74.14359114499996,4.629778259000034],[-74.14359155099999,4.629778406000071],[-74.14359195599997,4.629778530000067],[-74.14359237099995,4.629778657000031],[-74.14359278499995,4.629778775000034],[-74.14359319899995,4.629778892000047],[-74.14359361399994,4.629778993000059],[-74.14359403699996,4.629779091000046],[-74.14359445899998,4.629779183000039],[-74.14359488399998,4.629779263000046],[-74.14359530699994,4.629779335000023],[-74.14359573099995,4.629779398000039],[-74.14359615399997,4.629779463000034],[-74.14359657799997,4.629779516000042],[-74.14359700999995,4.629779561000021],[-74.14359743299997,4.629779597000038],[-74.14366572999995,4.629786134000028],[-74.14368953899998,4.629788413000028],[-74.14369015199998,4.629788402000031],[-74.14369074599995,4.629788375000032],[-74.14369134099996,4.629788348000034],[-74.14369194399995,4.629788303000055],[-74.14369253899997,4.629788248000068],[-74.14369313299994,4.629788185000052],[-74.14369372799996,4.629788106000035],[-74.14369431399996,4.629788022000071],[-74.14369490799999,4.629787923000038],[-74.14369549399999,4.629787825000051],[-74.14369607899994,4.629787708000038],[-74.14369666499994,4.629787579000038],[-74.14369724099998,4.629787446000023],[-74.14369782499995,4.629787290000024],[-74.14369840399996,4.62978713800004],[-74.14369897999995,4.629786983000031],[-74.14369954799997,4.629786793000051],[-74.14370011499994,4.6297866030000705],[-74.14370068299996,4.6297864130000335],[-74.14370124099997,4.629786205000073],[-74.14370179999997,4.629785989000027],[-74.14370234899997,4.629785763000029],[-74.14370289899995,4.6297855380000215],[-74.14370344899999,4.629785274000028],[-74.14370398899996,4.629785023000068],[-74.14370452999998,4.629784761000053],[-74.14370506099993,4.629784488000041],[-74.14370558399997,4.629784199000028],[-74.14370610599997,4.629783909000025],[-74.14370661999999,4.62978361100005],[-74.14370713299996,4.62978328600002],[-74.14370763799997,4.629782978000037],[-74.14370813299996,4.629782653000063],[-74.14370863799996,4.629782318000025],[-74.14370912399994,4.629781966000053],[-74.14370961099996,4.629781613000034],[-74.14371008799998,4.629781254000022],[-74.14371055599997,4.629780881000045],[-74.14371101599994,4.629780503000063],[-74.14371147499998,4.629780113000038],[-74.14371192399994,4.629779726000038],[-74.14371236699998,4.629779317000043],[-74.14371279999995,4.6297789110000735],[-74.14371323199998,4.629778495000039],[-74.14371365499994,4.629778070000043],[-74.14371406999999,4.629777629000046],[-74.14371447499997,4.629777193000052],[-74.14371487199998,4.629776750000076],[-74.14371525899998,4.629776298000024],[-74.14371564599998,4.629775839000047],[-74.14371602499995,4.629775369000072],[-74.14371638499995,4.62977489900004],[-74.14371674599994,4.629774418000068],[-74.14371709699998,4.629773932000035],[-74.14371743699996,4.629773433000025],[-74.14371777299993,4.629772936000052],[-74.14371809499994,4.629772438000032],[-74.14371841199994,4.629771923000021],[-74.14371871799995,4.629771408000067],[-74.14371901599998,4.629770894000046],[-74.14371930399994,4.629770368000038],[-74.14371958299995,4.629769837000026],[-74.14371985399998,4.6297693020000565],[-74.14372011499995,4.629768759000058],[-74.14372035799994,4.6297682170000485],[-74.14372059199997,4.629767666000021],[-74.14372083599994,4.62976711400006],[-74.14372106099995,4.629766565000068],[-74.14372126799998,4.6297660020000535],[-74.14372147299997,4.629765435000024],[-74.14372166399994,4.629764872000067],[-74.14372185399998,4.62976429400004],[-74.14372202499999,4.629763724000043],[-74.14372218699998,4.629763146000073],[-74.14372233999995,4.629762567000057],[-74.14372248199999,4.6297619890000306],[-74.14372260999994,4.629761401000053],[-74.14372273599997,4.629760814000065],[-74.14372284499996,4.62976022600003],[-74.14372295099997,4.629759638000053],[-74.14375583599997,4.6294283770000675],[-74.14375662927624,4.629421430710774],[-74.14375832517167,4.629414648074057],[-74.14376089449038,4.62940814585724],[-74.14376429299995,4.6294020360000445],[-74.14376886353942,4.629395958516026],[-74.14377425681408,4.62939059771092],[-74.14378036178651,4.62938606395368],[-74.14378705276674,4.629382450585891],[-74.14379419199997,4.6293798320000406],[-74.14373733299993,4.629373759000032],[-74.14367427599996,4.629367024000032],[-74.14368139307086,4.629370866843168],[-74.14368787919543,4.629375699061072],[-74.14369359785441,4.629381418945768],[-74.14369842868216,4.629387906105773],[-74.14370226999995,4.629395024000075],[-74.14370536850905,4.629403796037307],[-74.14370697199996,4.629412960000025],[-74.14370666599996,4.629422104000071],[-74.14370477399996,4.629452025000035],[-74.14368711599997,4.629609223000045],[-74.14368709799999,4.62960950300004],[-74.14368609747643,4.629616150899984],[-74.14368410299994,4.629622571000027],[-74.14368083997906,4.6296291644892245],[-74.14367652452333,4.629635122529753],[-74.14367127714775,4.629640278735195],[-74.14366524439244,4.629644489111476],[-74.14365859473033,4.629647636078089],[-74.14365151386231,4.629649631751696],[-74.1436441995313,4.629650420400387],[-74.14363685599994,4.629649980000067],[-74.14358412899998,4.629646511000033],[-74.14357530799998,4.629760433000058]]]},"properties":{"CALCODIGO":145634,"CALCIV":8004692,"CALFUNCION":1,"CALTSUPERF":2,"CALANCHO":5.8500000000000005,"CALLONGITU":46.18,"OBJECTID":705519}},{"type":"Feature","id":705681,"geometry":{"type":"Polygon","coordinates":[[[-74.12954344499997,4.627552207000065],[-74.12959906799995,4.627557738000064],[-74.12960477899998,4.627499941000053],[-74.12960331580113,4.6274934516485855],[-74.12960266799996,4.627486831000056],[-74.12962258399995,4.627301543000044],[-74.12962977099994,4.627225427000042],[-74.12964062499998,4.627104190000068],[-74.12964571510163,4.627091285583726],[-74.12965252065193,4.627079197673192],[-74.12966091399994,4.627068153000039],[-74.12967235683807,4.627056983790554],[-74.12968542307267,4.6270477662367515],[-74.12969978338388,4.627040732656801],[-74.12971507583606,4.627036060324246],[-74.12973091499998,4.627033867000023],[-74.12962189299998,4.627022989000068],[-74.12952668799994,4.627014494000036],[-74.12953934428967,4.627019352356707],[-74.12955110417856,4.627026097007354],[-74.12956168857797,4.627034567886214],[-74.12957084629619,4.627044563960237],[-74.12957835999998,4.6270558480000545],[-74.12958337298329,4.627066364491423],[-74.12958696039337,4.627077448582786],[-74.12958905999994,4.627088908000076],[-74.12957564999994,4.627210031000061],[-74.12957142499994,4.627255227000035],[-74.12956811699996,4.627290468000069],[-74.12956262399996,4.627349223000067],[-74.12955783699994,4.627398940000035],[-74.12955523299996,4.627426977000027],[-74.12955037399996,4.627478530000076],[-74.12954375599998,4.627549009000063],[-74.12954344499997,4.627552207000065]]]},"properties":{"CALCODIGO":147249,"CALCIV":8005265,"CALFUNCION":1,"CALTSUPERF":2,"CALANCHO":6.72,"CALLONGITU":59.11,"OBJECTID":705681}},{"type":"Feature","id":706041,"geometry":{"type":"Polygon","coordinates":[[[-74.14114332399998,4.62707473200004],[-74.14110749499997,4.627366679000033],[-74.14110446799998,4.627391112000055],[-74.14109932999997,4.627432707000025],[-74.14108805499995,4.627518501000054],[-74.14108760999994,4.627522946000056],[-74.14108687099997,4.627530403000037],[-74.14108612299998,4.627537870000026],[-74.14108602399995,4.627538548000075],[-74.14108592499997,4.627539217000049],[-74.14108581699998,4.627539895000041],[-74.14108571799994,4.627540573000033],[-74.14108561899997,4.627541251000025],[-74.14108551999993,4.627541929000074],[-74.14108541199994,4.627542598000048],[-74.14108530299995,4.62754327600004],[-74.14108521299994,4.627543954000032],[-74.14108510499995,4.627544632000024],[-74.14108500599997,4.627545310000073],[-74.14108490699994,4.627545988000065],[-74.14108480799996,4.6275466560000496],[-74.14108469999996,4.627547334000042],[-74.14108460099999,4.627548012000034],[-74.14108450199996,4.627548690000026],[-74.14108440199993,4.627549368000075],[-74.14108429399994,4.627550046000067],[-74.14108419499996,4.627550715000041],[-74.14108409599999,4.627551393000033],[-74.14108398799993,4.627552071000025],[-74.14108336599998,4.62755426800004],[-74.14108265499993,4.627556455000047],[-74.14108185299995,4.627558625000063],[-74.14108098799994,4.627560785000071],[-74.14108002399996,4.627562909000062],[-74.14107897899999,4.627565016000062],[-74.14107786199997,4.627567086000056],[-74.14107666399997,4.627569120000032],[-74.14107539399998,4.627571108000041],[-74.14107404199996,4.627573052000059],[-74.14107262799996,4.627574941000034],[-74.14107114999996,4.627576776000069],[-74.14106959199995,4.627578557000049],[-74.14106797899996,4.6275802740000245],[-74.14106631299995,4.627581919000022],[-74.14106459199996,4.6275835010000606],[-74.14106457099996,4.627583519000041],[-74.14106320599996,4.627584687000024],[-74.14106281699998,4.627585020000026],[-74.14106099799994,4.6275864570000635],[-74.14113885199998,4.627537695000058],[-74.14119863499997,4.627500251000072],[-74.14119307571673,4.627499309946644],[-74.14118766999997,4.627497707000032],[-74.14118712899995,4.627497564000066],[-74.14118657099993,4.627497410000046],[-74.14118603899993,4.627497238000046],[-74.14118549899996,4.627497067000036],[-74.14118496699996,4.627496886000074],[-74.14118442699998,4.627496687000075],[-74.14118390399994,4.627496488000077],[-74.14118337299993,4.627496271000041],[-74.14118284999995,4.6274960450000435],[-74.14118233699998,4.627495819000046],[-74.14118182299995,4.627495575000069],[-74.14118130999998,4.627495331000034],[-74.14118081399994,4.6274950690000765],[-74.14118030099996,4.627494807000062],[-74.14117980499998,4.627494526000021],[-74.14117930999998,4.627494246000026],[-74.14117882299996,4.627493948000051],[-74.14117834599995,4.627493650000076],[-74.14117786899999,4.627493342000037],[-74.14117739099999,4.627493026000025],[-74.14117693199995,4.627492691000043],[-74.14117647199998,4.627492357000051],[-74.14117601299995,4.6274920220000695],[-74.14117555299998,4.62749167000004],[-74.14117512099995,4.62749130800006],[-74.14117468799998,4.627490947000069],[-74.14117425599994,4.627490567000052],[-74.14117383299998,4.627490187000035],[-74.14117341799994,4.627489799000045],[-74.14117300399994,4.627489401000048],[-74.14117260699999,4.627489003000051],[-74.14117221099997,4.627488587000073],[-74.14117182399997,4.627488172000028],[-74.14117143599998,4.627487747000032],[-74.14117106699996,4.627487322000036],[-74.14117069799994,4.627486888000021],[-74.14117033699995,4.627486445000045],[-74.14116998599997,4.62748599300005],[-74.14116964399994,4.627485532000037],[-74.14116930099993,4.627485071000024],[-74.14116897699995,4.627484610000067],[-74.14116865299997,4.627484131000074],[-74.14116833699995,4.627483661000042],[-74.14116803999997,4.627483182000049],[-74.14116774299998,4.627482685000075],[-74.14116746399998,4.627482187000055],[-74.14116718399998,4.627481690000025],[-74.14116691399994,4.6274811840000325],[-74.14116665299997,4.627480669000022],[-74.14116640099996,4.62748016300003],[-74.14116615699999,4.62747964700003],[-74.14116592299996,4.627479132000076],[-74.14116569799995,4.627478599000028],[-74.14116548199996,4.6274780740000665],[-74.14116527399995,4.627477541000076],[-74.14116507599994,4.627477008000028],[-74.14116488699995,4.627476456000068],[-74.14116477199997,4.627476116000025],[-74.14118836399996,4.627274520000071],[-74.14121457899995,4.627061420000075],[-74.14114596199994,4.627052997000021],[-74.14114332399998,4.62707473200004]]]},"properties":{"CALCODIGO":145751,"CALCIV":8005242,"CALFUNCION":1,"CALTSUPERF":2,"CALANCHO":7.76,"CALLONGITU":55.910000000000004,"OBJECTID":706041}},{"type":"Feature","id":706057,"geometry":{"type":"Polygon","coordinates":[[[-74.13689814099996,4.626499671000033],[-74.13689621999998,4.626516779000042],[-74.13707555599996,4.626534030000073],[-74.13708003999994,4.62648710000002],[-74.13707981966584,4.626487943753213],[-74.13707947074641,4.6264887429539385],[-74.13707900173866,4.626489478139816],[-74.13707842406396,4.6264901314073805],[-74.13707775179003,4.6264906868480615],[-74.13707700128832,4.626491130935601],[-74.13707619083526,4.626491452855445],[-74.13707534016723,4.626491644768106],[-74.13707446999996,4.626491702000067],[-74.13690123899994,4.626472087000025],[-74.13689814099996,4.626499671000033]]]},"properties":{"CALCODIGO":91021091,"CALCIV":8013083,"CALFUNCION":1,"CALTSUPERF":2,"CALANCHO":4.8100000000000005,"CALLONGITU":19.95,"OBJECTID":706057}},{"type":"Feature","id":706278,"geometry":{"type":"Polygon","coordinates":[[[-74.13258453099996,4.632391435000045],[-74.13259000427463,4.632398873358125],[-74.13259437691998,4.632407007599269],[-74.13259756199994,4.6324156760000506],[-74.13260502699995,4.632348243000024],[-74.13261346099995,4.632272045000036],[-74.13260955974762,4.632281587966826],[-74.13260426725944,4.632290435427117],[-74.13259770399998,4.632298386000059],[-74.13259008156075,4.632305209777577],[-74.13258152077667,4.6323108114286855],[-74.1325722158284,4.632315063893489],[-74.13256237777617,4.632317870715113],[-74.1325522297724,4.6323191682276015],[-74.13254200199998,4.6323189270000285],[-74.13173391499998,4.632234563000054],[-74.1317175565267,4.632232741508716],[-74.13170155564067,4.632228882865738],[-74.13168616499996,4.632223048000071],[-74.1316783186824,4.632216933536431],[-74.13167159659854,4.632209601077535],[-74.13166618538901,4.632201254211269],[-74.13166223529767,4.632192124690839],[-74.13165985599994,4.632182466000074],[-74.13165203499995,4.6322507170000335],[-74.13164221899996,4.6323363700000755],[-74.13164639788198,4.632325437474947],[-74.1316523787804,4.632315377056722],[-74.13165998670694,4.632306483091664],[-74.13166899906999,4.632299015798118],[-74.13167915218715,4.632293193653078],[-74.13169014899995,4.632289187000026],[-74.13170567719573,4.632288028266586],[-74.13172124699997,4.632288249000055],[-74.13243513899994,4.632356512000058],[-74.13254832099994,4.63236988500006],[-74.1325585889096,4.632372947967315],[-74.13256821603092,4.6323776522496445],[-74.13257694204523,4.632383870642617],[-74.13258453099996,4.632391435000045]]]},"properties":{"CALCODIGO":151449,"CALCIV":8004198,"CALFUNCION":1,"CALTSUPERF":2,"CALANCHO":6.0600000000000005,"CALLONGITU":106.35000000000001,"OBJECTID":706278}},{"type":"Feature","id":706402,"geometry":{"type":"Polygon","coordinates":[[[-74.14150609999996,4.630107897000073],[-74.14150654670398,4.630118754560591],[-74.14150862461996,4.6301294207890775],[-74.14151228628172,4.630139652035239],[-74.14151744804538,4.630149214585151],[-74.14152399199997,4.630157890000021],[-74.14153237199997,4.6301660010000205],[-74.14154056519436,4.6301718586518055],[-74.14154948499998,4.630176536000022],[-74.14156088550762,4.630180459621249],[-74.14157277634061,4.630182453228159],[-74.14158483313508,4.63018246243818],[-74.14159672699998,4.630180487000075],[-74.14160735966698,4.630176914668907],[-74.14161732108931,4.630171758582937],[-74.14162637699997,4.630165140000031],[-74.14163536815614,4.630157563260046],[-74.14164295068646,4.6301485769865],[-74.14164890679142,4.630138439299788],[-74.14165306538875,4.6301274413933315],[-74.14165530702752,4.630115899169376],[-74.14165556731922,4.630104144165061],[-74.14165383878728,4.6300925140294],[-74.14165017108176,4.630081342824695],[-74.14164466955334,4.6300709514309855],[-74.14163749222709,4.630061638329134],[-74.14162884526348,4.630053671027305],[-74.1416189770366,4.630047278377103],[-74.14160817099997,4.630042644000071],[-74.14159764899995,4.630040872000052],[-74.14159183062674,4.63003944820203],[-74.14158631838389,4.630037103879849],[-74.14158125684689,4.630033900520544],[-74.14157677877006,4.630029922142036],[-74.1415730016047,4.6300252730895],[-74.14157002441854,4.630020075298596],[-74.14156792529744,4.630014465097328],[-74.14156675929728,4.63000858963043],[-74.14156655699998,4.630002603000037],[-74.14158601099996,4.629804399000022],[-74.14158646977793,4.62979870136815],[-74.14158760927248,4.629793100025601],[-74.14158941299996,4.629787676000035],[-74.14159508999995,4.62972983700007],[-74.14156535199999,4.629726898000058],[-74.14154423799994,4.629724812000063],[-74.14150609999996,4.630107897000073]]]},"properties":{"CALCODIGO":145613,"CALCIV":8004628,"CALFUNCION":1,"CALTSUPERF":2,"CALANCHO":5.54,"CALLONGITU":47.64,"OBJECTID":706402}},{"type":"Feature","id":706448,"geometry":{"type":"Polygon","coordinates":[[[-74.13337967099994,4.6289314190000255],[-74.13338324686698,4.62893318413592],[-74.13338660999995,4.628935327000022],[-74.13339279009176,4.628939586044631],[-74.1333983072398,4.628944674666566],[-74.13340305099996,4.628950491000069],[-74.13340723474249,4.62895752842221],[-74.13341029047737,4.628965123914052],[-74.13341214599996,4.628973098000074],[-74.13341945599996,4.62890055500003],[-74.13342647399998,4.628830897000057],[-74.13341978799997,4.628847209000071],[-74.13341655099998,4.628851023000038],[-74.13340906999997,4.628859729000055],[-74.13340817499994,4.628860769000028],[-74.13339706999994,4.6288666200000534],[-74.13339276099998,4.628868891000025],[-74.13337551699993,4.6288715740000725],[-74.13336756499996,4.628871573000026],[-74.13333441599997,4.628868040000043],[-74.13328535999995,4.628863026000033],[-74.13322975999995,4.628857233000076],[-74.13318140799998,4.628852641000037],[-74.13314237399999,4.628848504000075],[-74.13313613599996,4.628911017000064],[-74.13317621799996,4.6289150110000605],[-74.13319163599994,4.628916550000042],[-74.13319794599994,4.628914411000039],[-74.13336431099998,4.628928482000049],[-74.13336955430277,4.62892872040535],[-74.1333747096253,4.628929706159396],[-74.13337967099994,4.6289314190000255]]]},"properties":{"CALCODIGO":147191,"CALCIV":8004809,"CALFUNCION":1,"CALTSUPERF":2,"CALANCHO":6.98,"CALLONGITU":31.18,"OBJECTID":706448}},{"type":"Feature","id":706699,"geometry":{"type":"Polygon","coordinates":[[[-74.13506907799996,4.627496543000063],[-74.13515106299997,4.627504328000043],[-74.13514015808364,4.6274988199758536],[-74.13513015690421,4.627491803428243],[-74.13512126667327,4.627483423731084],[-74.13511367158503,4.627473854500959],[-74.13510752899998,4.6274632940000515],[-74.13510403888156,4.627453367765102],[-74.13510187584905,4.62744307056368],[-74.13510107699994,4.627432579000072],[-74.13513367199994,4.627116199000056],[-74.13513881199998,4.627066482000032],[-74.13514577999996,4.626998686000036],[-74.13516238299997,4.62683633000006],[-74.13510507399997,4.6268313290000265],[-74.13510033199998,4.626886040000045],[-74.13510152239388,4.626890548932777],[-74.13510213001284,4.626895172601366],[-74.13510214499996,4.626899836000064],[-74.13510116299994,4.626912943000036],[-74.13504612099996,4.627428374000033],[-74.1350422449924,4.627439773106727],[-74.13503648349898,4.627450345157686],[-74.13502900499998,4.627459781000027],[-74.13502729899994,4.627461534000076],[-74.13502726299998,4.627461571000026],[-74.13502443599998,4.627465138000048],[-74.13500699499997,4.627477738000039],[-74.13498679699995,4.627485105000062],[-74.13496535599995,4.627486696000062],[-74.13506907799996,4.627496543000063]]]},"properties":{"CALCODIGO":147288,"CALCIV":8005297,"CALFUNCION":1,"CALTSUPERF":2,"CALANCHO":6.44,"CALLONGITU":73.66,"OBJECTID":706699}},{"type":"Feature","id":707260,"geometry":{"type":"Polygon","coordinates":[[[-74.13647664699994,4.6283497090000765],[-74.13646732299998,4.628443350000055],[-74.13647031792858,4.628434202213528],[-74.13647462044338,4.62842559175697],[-74.13648013773864,4.628417704358872],[-74.1364867508057,4.628410710151282],[-74.13649431699997,4.6284047600000235],[-74.13650252751422,4.628400058899201],[-74.13651133238487,4.628396596653392],[-74.13652054589808,4.628394446288871],[-74.13652997372085,4.628393653161496],[-74.13653941699994,4.628394234000041],[-74.13697099299998,4.628436670000042],[-74.13701782299995,4.628441315000032],[-74.13702439699995,4.628374030000032],[-74.13654930899997,4.628326430000072],[-74.13653851733906,4.628324758943828],[-74.13652808666544,4.6283215257686114],[-74.13651824181599,4.62831680016667],[-74.13650919499997,4.628310684000041],[-74.13650095330777,4.628303117048096],[-74.1364939327889,4.628294405184542],[-74.13648829058852,4.628284743413126],[-74.13648415299997,4.628274348000048],[-74.13647664699994,4.6283497090000765]]]},"properties":{"CALCODIGO":147308,"CALCIV":8004928,"CALFUNCION":1,"CALTSUPERF":2,"CALANCHO":7.88,"CALLONGITU":60.78,"OBJECTID":707260}},{"type":"Feature","id":708045,"geometry":{"type":"Polygon","coordinates":[[[-74.12946120999999,4.633202580000045],[-74.12947515024678,4.633209004396646],[-74.12948800199996,4.633217397000067],[-74.12949690199997,4.63322108400007],[-74.12957457199997,4.633253295000031],[-74.12957626399998,4.633249187000047],[-74.12959850599998,4.633195187000069],[-74.12963007899998,4.633115318000023],[-74.12960642599995,4.63310560900004],[-74.12946961499995,4.6330494510000335],[-74.12946117453727,4.633046914637281],[-74.12945244226536,4.633045722172047],[-74.1294436307968,4.633045902638372],[-74.12943495467249,4.633047451642279],[-74.12942662513795,4.633050331468752],[-74.12941884499998,4.633054472000026],[-74.12937879999998,4.6330846070000575],[-74.12937310363849,4.63308795101819],[-74.12936691910153,4.633090271038528],[-74.12936042880074,4.63309149863256],[-74.1293538241661,4.633091597592665],[-74.12934729999995,4.633090565000032],[-74.12917210499995,4.633017600000073],[-74.12915098299999,4.633070333000035],[-74.12914870199995,4.633076028000062],[-74.12946120999999,4.633202580000045]]]},"properties":{"CALCODIGO":151459,"CALCIV":8004027,"CALFUNCION":1,"CALTSUPERF":2,"CALANCHO":6.8100000000000005,"CALLONGITU":51.22,"OBJECTID":708045}},{"type":"Feature","id":708079,"geometry":{"type":"Polygon","coordinates":[[[-74.13299249499994,4.626808233000077],[-74.13301142699999,4.626810141000021],[-74.13312783599997,4.626821656000061],[-74.13315704299998,4.626824551000027],[-74.13316738199995,4.6268255890000205],[-74.13317301099994,4.626769528000068],[-74.13307826599998,4.626760081000043],[-74.13307002637185,4.626760611815911],[-74.13306177499999,4.62676031500007],[-74.13279433999998,4.626735436000047],[-74.13270389099995,4.6267265270000735],[-74.13269880599995,4.626778499000068],[-74.13269597799996,4.62680741500003],[-74.13282604499994,4.626819387000069],[-74.13284335799995,4.626820941000062],[-74.13286855399997,4.626823272000024],[-74.13289755199997,4.62679883900006],[-74.13299249499994,4.626808233000077]]]},"properties":{"CALCODIGO":147221,"CALCIV":8005334,"CALFUNCION":1,"CALTSUPERF":2,"CALANCHO":5.97,"CALLONGITU":52.29,"OBJECTID":708079}},{"type":"Feature","id":708380,"geometry":{"type":"Polygon","coordinates":[[[-74.13730046799998,4.627669762000039],[-74.13730885560418,4.627683546322721],[-74.13731491999994,4.627698499000076],[-74.13731538699994,4.627705624000043],[-74.13732522799995,4.627613297000039],[-74.13733489599997,4.627522575000057],[-74.13733071206696,4.627534067477519],[-74.13732465741465,4.627544694025364],[-74.13731690404725,4.627554152758239],[-74.13730767222707,4.627562174966779],[-74.1372972242172,4.627568532751266],[-74.137285856831,4.627573045495941],[-74.13727389299999,4.627575585000045],[-74.13726437177368,4.6275761355377085],[-74.13725486099997,4.6275754270000675],[-74.13722227299996,4.627573661000042],[-74.13717898999994,4.6275694920000205],[-74.13705598199994,4.627557677000027],[-74.13704519899994,4.627678098000047],[-74.13704251299998,4.627689266000061],[-74.13704785093826,4.627675871942779],[-74.13705513989505,4.627663431465921],[-74.1370642145307,4.627652226764075],[-74.13707486899995,4.627642512000023],[-74.13708647833688,4.627634730398472],[-74.13709910207601,4.627628732795841],[-74.13711246802697,4.627624648511147],[-74.13712628799603,4.627622565608857],[-74.13714026399998,4.627622529000064],[-74.13723035699996,4.6276308550000635],[-74.13724975499997,4.627633193000065],[-74.13726447191017,4.62763916438934],[-74.13727805338401,4.627647397766807],[-74.13729015451744,4.62765768404434],[-74.13730046799998,4.627669762000039]]]},"properties":{"CALCODIGO":91021094,"CALCIV":8013078,"CALFUNCION":1,"CALTSUPERF":2,"CALANCHO":8,"CALLONGITU":30.310000000000002,"OBJECTID":708380}},{"type":"Feature","id":708566,"geometry":{"type":"Polygon","coordinates":[[[-74.13010915099994,4.6321511110000415],[-74.13011636555663,4.632163143780769],[-74.13012150099996,4.63217620000006],[-74.13012962399995,4.632099035000067],[-74.13013708099999,4.6320281860000705],[-74.13013396730481,4.632036113086904],[-74.13012971906255,4.632043494566501],[-74.13012442909853,4.63205016915142],[-74.13011821299995,4.6320559910000725],[-74.13011108739835,4.63206089900371],[-74.13010330387364,4.632064677818463],[-74.13009504000048,4.632067241233809],[-74.13008648431229,4.632068530767552],[-74.13007783199998,4.63206851700005],[-74.12960164699996,4.632022078000034],[-74.12924082199999,4.6319861320000655],[-74.1292333115994,4.631984866940537],[-74.12922603148594,4.631982629432942],[-74.12921910699998,4.631979458000046],[-74.12921133392335,4.631974416402653],[-74.12920445555824,4.631968209429315],[-74.12919864487738,4.631960993169026],[-74.12919404800405,4.631952949091687],[-74.1291907805375,4.6319442794846095],[-74.12918892464587,4.6319352023655265],[-74.12918852699994,4.631925946000024],[-74.12918128499996,4.632006113000045],[-74.12917566299996,4.63206834500005],[-74.12918120609503,4.6320599986719335],[-74.12918808101745,4.632052710150969],[-74.12919608966179,4.632046689460674],[-74.12920500125375,4.63204211009119],[-74.12921455899993,4.632039104000057],[-74.12922118433644,4.632038020418277],[-74.12922788999998,4.632037699000023],[-74.12967780599996,4.632081914000025],[-74.13007253599994,4.632122182000046],[-74.13008312303597,4.632127414925996],[-74.13009287800958,4.632134071451806],[-74.13010161074621,4.632142021807582],[-74.13010915099994,4.6321511110000415]]]},"properties":{"CALCODIGO":151433,"CALCIV":8004256,"CALFUNCION":1,"CALTSUPERF":2,"CALANCHO":6.16,"CALLONGITU":105.78,"OBJECTID":708566}},{"type":"Feature","id":708666,"geometry":{"type":"Polygon","coordinates":[[[-74.14142499899998,4.629073806000065],[-74.14148618999997,4.629079468000043],[-74.1414781388898,4.629075633078168],[-74.14147085429295,4.629070488989393],[-74.14146454702097,4.629064184600366],[-74.14145939960233,4.629056902356077],[-74.14145556099999,4.629048853000029],[-74.14145363818399,4.629042597328044],[-74.14145250602384,4.629036151487003],[-74.14145218199997,4.629029615000036],[-74.14147417399994,4.62882066700007],[-74.14147418299996,4.628820605000044],[-74.14147500852597,4.628816134103008],[-74.14147641299996,4.628811810000059],[-74.14147906781601,4.6288065158119425],[-74.14148259150022,4.628801755546658],[-74.14148687957658,4.628797670344443],[-74.14149180490509,4.628794381330139],[-74.14149722145144,4.628791986021896],[-74.1415029686169,4.628790555439782],[-74.14150887599999,4.628790132000063],[-74.14150947999997,4.6287901410000245],[-74.14151508199996,4.628790529000071],[-74.14152700130447,4.628788218985941],[-74.14153833885375,4.628783875489468],[-74.14154875057488,4.628777630327459],[-74.14155792049205,4.6287696730286285],[-74.1415655703158,4.628760245081771],[-74.14157146788862,4.628749632607031],[-74.14157543423049,4.628738157672711],[-74.1415773489705,4.628726168521109],[-74.14157715399995,4.628714029000037],[-74.14157546211189,4.628704185377983],[-74.14157216534252,4.6286947571919415],[-74.14156735451321,4.628686004175226],[-74.14156116215555,4.628678167461178],[-74.14155375886034,4.628671462940291],[-74.14154534857798,4.628666075312718],[-74.14153616299996,4.62866215300005],[-74.14152933196635,4.628660333334182],[-74.14152233399994,4.628659332000041],[-74.14149260899995,4.6286579260000735],[-74.14148534999998,4.628657583000063],[-74.1414787840177,4.628658035823506],[-74.14147234199999,4.628659384000059],[-74.14146494887416,4.628662150386901],[-74.14145810662929,4.628666086741933],[-74.14145199889616,4.6286710874220605],[-74.14144678959285,4.628677018220055],[-74.1414426185256,4.628683719966372],[-74.14143959763663,4.628691012800913],[-74.14143780799998,4.628698701000076],[-74.14143100299998,4.628748983000037],[-74.14141630999995,4.628897077000033],[-74.14140994999997,4.628965253000047],[-74.14140705799997,4.629011474000038],[-74.14140703099997,4.629011788000071],[-74.14140595670526,4.629019878114241],[-74.14140377011324,4.629027740866418],[-74.1414005135381,4.6290352240993276],[-74.14139624999996,4.629042183000024],[-74.14139017576987,4.629049397536037],[-74.14138301733817,4.629055537784926],[-74.14137496219183,4.629060442926982],[-74.14136622130381,4.629063984491268],[-74.14135702360734,4.629066069720416],[-74.14134760999997,4.629066644000034],[-74.14142499899998,4.629073806000065]]]},"properties":{"CALCODIGO":145619,"CALCIV":8004826,"CALFUNCION":1,"CALTSUPERF":2,"CALANCHO":5.78,"CALLONGITU":45.71,"OBJECTID":708666}},{"type":"Feature","id":709201,"geometry":{"type":"Polygon","coordinates":[[[-74.12767564399996,4.632919053000023],[-74.12772537399997,4.63293959300006],[-74.12775357599998,4.6328690550000715],[-74.12775525678104,4.632863643057205],[-74.12775745299996,4.632858419000058],[-74.12786148899994,4.632604818000061],[-74.12786502246037,4.63259991603836],[-74.12786899999998,4.632595367000022],[-74.12787780908532,4.632589825690607],[-74.12788733431911,4.632585633314718],[-74.12789737056504,4.63258288015976],[-74.12790770168155,4.632581625517939],[-74.12791810517675,4.632581896409339],[-74.12792835699997,4.632583687000022],[-74.12785272899998,4.63255024700004],[-74.12779834799994,4.632529112000043],[-74.12778240499995,4.632522918000063],[-74.12779058229847,4.6325303119016175],[-74.12779757964888,4.6325388310024325],[-74.12780324400099,4.63254828896769],[-74.1278074514607,4.6325584789271685],[-74.12781010999998,4.63256917800004],[-74.12781118145324,4.632581034634281],[-74.12781035699999,4.632592911000074],[-74.12775804299997,4.632716174000052],[-74.12770904099995,4.632836841000028],[-74.12767564399996,4.632919053000023]]]},"properties":{"CALCODIGO":151495,"CALCIV":8004150,"CALFUNCION":1,"CALTSUPERF":2,"CALANCHO":6.32,"CALLONGITU":45.2,"OBJECTID":709201}},{"type":"Feature","id":709347,"geometry":{"type":"Polygon","coordinates":[[[-74.13111967399993,4.627212246000056],[-74.13122994299994,4.627222725000024],[-74.13124767999994,4.6272244910000495],[-74.13128695199998,4.62722816400003],[-74.13132784299995,4.627192926000021],[-74.13139850499994,4.6271990730000425],[-74.13145107899999,4.6272035940000364],[-74.13154721899997,4.627211929000055],[-74.13157402799999,4.6272149730000365],[-74.13158050099997,4.627150182000037],[-74.13148407799997,4.627140116000021],[-74.1314732617049,4.627140481536188],[-74.13146246799994,4.627139693000061],[-74.13121063999995,4.627111423000031],[-74.13120179399994,4.627110649000031],[-74.13119667399997,4.627109853000036],[-74.13118708899998,4.6271074550000435],[-74.13112930699998,4.6271013760000415],[-74.13112322299997,4.627171393000026],[-74.13111967399993,4.627212246000056]]]},"properties":{"CALCODIGO":147206,"CALCIV":8005227,"CALFUNCION":1,"CALTSUPERF":2,"CALANCHO":7.44,"CALLONGITU":50.32,"OBJECTID":709347}},{"type":"Feature","id":709735,"geometry":{"type":"Polygon","coordinates":[[[-74.12744461299997,4.632408510000062],[-74.12746352211373,4.632405535324843],[-74.12748266368735,4.632405476710019],[-74.12750159066427,4.632408335524555],[-74.12751986099994,4.6324140450000755],[-74.12777173399996,4.6325160000000665],[-74.12778240499995,4.632522918000063],[-74.12779834799994,4.632529112000043],[-74.12785272899998,4.63255024700004],[-74.12787589899995,4.632490221000069],[-74.12786710099994,4.632482167000035],[-74.12785771007604,4.632470579188717],[-74.12785034200017,4.6324576108318105],[-74.12784519541947,4.632443611562907],[-74.12784240908839,4.632428958809518],[-74.12784205812787,4.63241404761743],[-74.12784415199997,4.632399280000072],[-74.12784955299998,4.632386950000068],[-74.12789559999999,4.63226830800005],[-74.12775468599995,4.632209765000027],[-74.12772501799998,4.632288154000037],[-74.12769985899996,4.632354230000033],[-74.1276921301814,4.632364178236867],[-74.12768285785255,4.63237270618914],[-74.12767229906639,4.632379577439908],[-74.12766074653983,4.632384601500285],[-74.12764852053888,4.632387639090295],[-74.12763595999996,4.632388606000063],[-74.12762701799994,4.632388012000035],[-74.12750266099994,4.632338589000028],[-74.12749533467216,4.632334547041395],[-74.12748870867536,4.632329437376558],[-74.12748293731659,4.632323379000029],[-74.12747815499995,4.632316513000035],[-74.12747298799997,4.632308458000068],[-74.12747017899994,4.632302930000037],[-74.12746740518506,4.632296050385938],[-74.12746529199995,4.632288940000024],[-74.1274636868074,4.632280440911109],[-74.12746302399995,4.63227181700006],[-74.12746302299996,4.632268335000049],[-74.12743067299994,4.63234688700004],[-74.12739038499996,4.632444720000024],[-74.12740463082544,4.632430818777704],[-74.12742090468817,4.632419358022166],[-74.12743879299995,4.632410629000049],[-74.12744461299997,4.632408510000062]]]},"properties":{"CALCODIGO":151456,"CALCIV":8004174,"CALFUNCION":1,"CALTSUPERF":2,"CALANCHO":8.040000000000001,"CALLONGITU":51.82,"OBJECTID":709735}},{"type":"Feature","id":710085,"geometry":{"type":"Polygon","coordinates":[[[-74.13534553399995,4.631327604000035],[-74.13535244475138,4.6313266763136625],[-74.13535941699996,4.631326759000046],[-74.13546787399997,4.6313381330000425],[-74.13551168399994,4.631342776000054],[-74.13551495299998,4.631310343000052],[-74.13551740699995,4.631285987000069],[-74.13551389670513,4.6312834719433456],[-74.1355107739451,4.6312804893186845],[-74.13550810048001,4.631277098114706],[-74.13550592918408,4.631273365400673],[-74.13550430299995,4.631269365000037],[-74.13550333882054,4.631265648344746],[-74.13550284426182,4.631261840644631],[-74.13550282699998,4.631258001000049],[-74.13550796699997,4.631202519000055],[-74.13527066799998,4.631175017000032],[-74.13526543499995,4.631225590000042],[-74.13526067299995,4.631271601000037],[-74.13525658699996,4.631318276000059],[-74.13528563699998,4.631321322000076],[-74.13534553399995,4.631327604000035]]]},"properties":{"CALCODIGO":91020936,"CALCIV":8013064,"CALFUNCION":1,"CALTSUPERF":2,"CALANCHO":15.02,"CALLONGITU":28.55,"OBJECTID":710085}},{"type":"Feature","id":710194,"geometry":{"type":"Polygon","coordinates":[[[-74.14057707899997,4.627850524000053],[-74.14057626199997,4.627857575000064],[-74.14057620799997,4.627858081000056],[-74.14057614499995,4.627858587000048],[-74.14057608199994,4.6278590930000405],[-74.14057601899998,4.627859599000033],[-74.14057593799998,4.627860106000071],[-74.14057586599995,4.627860612000063],[-74.14057577599993,4.627861118000055],[-74.14057570399996,4.627861615000029],[-74.14057559599996,4.627862121000021],[-74.14057549599994,4.627862628000059],[-74.14057540099998,4.6278631260000225],[-74.14057529299998,4.627863623000053],[-74.14057231614089,4.627873837058928],[-74.1405676957668,4.627883420421181],[-74.14056155837595,4.627892110710146],[-74.14055407199999,4.627899670000033],[-74.14062943799996,4.627852955000037],[-74.14070197599995,4.627807991000054],[-74.14069826399998,4.627808755000046],[-74.14068917962547,4.6278095318985635],[-74.14068009199997,4.627808794000032],[-74.14067226408815,4.627806895223317],[-74.14066479694718,4.627803874732986],[-74.14065785036597,4.627799797164351],[-74.14065157299409,4.627794749773092],[-74.14064609916066,4.627788840568071],[-74.14064154599998,4.627782196000055],[-74.1406394017628,4.6277757103354515],[-74.14063813907306,4.627768997123621],[-74.14063778036139,4.6277621756190666],[-74.14063833199998,4.62775536700002],[-74.14067289399998,4.62746794100002],[-74.14067563899994,4.627445342000044],[-74.14068563399996,4.627362151000057],[-74.14072765699996,4.627025925000055],[-74.14073020699993,4.6270060310000645],[-74.14068008499999,4.626999869000031],[-74.14067205599997,4.627063849000024],[-74.14066438299994,4.627125359000047],[-74.14066016099997,4.627158762000022],[-74.14064122499997,4.627318789000071],[-74.14063411599994,4.6273784630000705],[-74.14061208299995,4.62756377200003],[-74.14061039299997,4.6275782490000665],[-74.14060856299994,4.627594492000071],[-74.14057707899997,4.627850524000053]]]},"properties":{"CALCODIGO":147160,"CALCIV":8005261,"CALFUNCION":1,"CALTSUPERF":2,"CALANCHO":5.79,"CALLONGITU":96.8,"OBJECTID":710194}},{"type":"Feature","id":710199,"geometry":{"type":"Polygon","coordinates":[[[-74.13351889199998,4.632705242000043],[-74.13351031499997,4.6327877990000275],[-74.13352540063933,4.63278154622075],[-74.13353919162392,4.632772800792955],[-74.13355127995347,4.632761821446327],[-74.13356130799997,4.632748933000073],[-74.13356868778556,4.63273521886229],[-74.13357373895086,4.632720487109534],[-74.13357632699996,4.6327051300000335],[-74.13369006999994,4.63159025300007],[-74.1336933588093,4.631581282732156],[-74.13369814849145,4.631573015875534],[-74.13370429488643,4.631565701246211],[-74.13371161299995,4.6315595590000385],[-74.13371943663324,4.631554990556451],[-74.13372790650493,4.631551774784594],[-74.13373679071023,4.631549999732179],[-74.13374584599995,4.631549714000073],[-74.13366492499995,4.631540218000055],[-74.13359375799996,4.631532363000076],[-74.1336022011059,4.631536374268078],[-74.13361006536392,4.631541426965856],[-74.13361722299999,4.63154743900003],[-74.13362410262854,4.631554990908241],[-74.1336298713788,4.631563421929954],[-74.13363441831567,4.631572569933657],[-74.13363765599996,4.631582259000027],[-74.13363767399994,4.631582465000065],[-74.13355351699994,4.632387222000034],[-74.13352144799995,4.632695906000038],[-74.13351889199998,4.632705242000043]]]},"properties":{"CALCODIGO":151408,"CALCIV":8004356,"CALFUNCION":1,"CALTSUPERF":2,"CALANCHO":6.1000000000000005,"CALLONGITU":137.73,"OBJECTID":710199}},{"type":"Feature","id":710633,"geometry":{"type":"Polygon","coordinates":[[[-74.14089144699994,4.629712577000021],[-74.14089904116985,4.629709245639616],[-74.14090705105254,4.629707098278984],[-74.14091529323876,4.629706184088112],[-74.14092357899995,4.629706524000028],[-74.14122878699999,4.629738609000071],[-74.14124157455585,4.62973824914366],[-74.1412541066531,4.629735680560357],[-74.14126600470975,4.6297309808444655],[-74.14127690929756,4.629724291969647],[-74.14128649099996,4.629715816000044],[-74.14129118900436,4.62971036540625],[-74.14129533499994,4.629704484000058],[-74.14130055088167,4.6296947139864715],[-74.14130425599996,4.629684277000024],[-74.14130642776132,4.62967289551884],[-74.14130680530276,4.629661314839937],[-74.14130537945981,4.629649816073339],[-74.14130218484344,4.629638678340728],[-74.14129729899997,4.629628172000025],[-74.14129069087326,4.629617969966146],[-74.14128244751487,4.629609037112385],[-74.14127280798691,4.629601632496614],[-74.14126205184122,4.629595970856934],[-74.14125049101219,4.629592216384137],[-74.14123846077048,4.629590477960084],[-74.14122630999998,4.629590806000067],[-74.14121467957479,4.6295922820734745],[-74.14120345043231,4.629595651337789],[-74.14119292855096,4.629600821985279],[-74.14118340063726,4.629607653123044],[-74.1411751263135,4.629615958612145],[-74.14116833104345,4.6296255121396355],[-74.14116319998867,4.629636053385272],[-74.14115987296321,4.629647295114874],[-74.1411584406239,4.629658931007054],[-74.14115894199995,4.6296706440000435],[-74.14115891686815,4.629670963587697],[-74.14115883820344,4.629671274360505],[-74.14115870825893,4.629671567417324],[-74.14115853075648,4.62967183436443],[-74.14115831078013,4.629672067555932],[-74.14115805463041,4.629672260312765],[-74.14115776964397,4.629672407113997],[-74.14115746398336,4.629672503754948],[-74.14115714640333,4.629672547467634],[-74.14115682599999,4.629672537000033],[-74.14092690599995,4.629650967000032],[-74.14091891686338,4.629649489811427],[-74.1409112566572,4.629646782482428],[-74.1409041135479,4.6296429115162985],[-74.14089766299998,4.629637972000069],[-74.14089226216079,4.629632334025031],[-74.14088776387173,4.629625952706843],[-74.14088426902323,4.629618971169738],[-74.14088185599996,4.629611546000035],[-74.14087584499998,4.6296751630000585],[-74.14087566999996,4.629677020000031],[-74.14087044599995,4.629732301000047],[-74.14087466619957,4.6297263661692565],[-74.14087963299215,4.6297210404512015],[-74.14088525942566,4.629716417081509],[-74.14089144699994,4.629712577000021]]]},"properties":{"CALCODIGO":145611,"CALCIV":8004651,"CALFUNCION":1,"CALTSUPERF":2,"CALANCHO":6.61,"CALLONGITU":45.800000000000004,"OBJECTID":710633}},{"type":"Feature","id":710759,"geometry":{"type":"Polygon","coordinates":[[[-74.142710722,4.631339652999998],[-74.14312518000003,4.631376895000017],[-74.14313961699997,4.631218987000011],[-74.143034919,4.631212751000021],[-74.142845077,4.631194490999974],[-74.14272494400001,4.63118283],[-74.142710722,4.631339652999998]]]},"properties":{"CALCODIGO":91026984,"CALCIV":8013659,"CALFUNCION":1,"CALTSUPERF":2,"CALANCHO":17.32,"CALLONGITU":46.2,"OBJECTID":710759}},{"type":"Feature","id":711191,"geometry":{"type":"Polygon","coordinates":[[[-74.12834064200001,4.62960375900002],[-74.12833720700002,4.629638650000004],[-74.128343557,4.629639306000001],[-74.12835301899997,4.629640283000015],[-74.12837747600003,4.629642809000018],[-74.12840356599997,4.629645509999989],[-74.12841765500002,4.629646969000021],[-74.128458104,4.6296507659999975],[-74.12849846400002,4.629655016000015],[-74.12853851400001,4.6296587489999865],[-74.128578011,4.629662429999996],[-74.12861728899998,4.629666408999981],[-74.12865701700002,4.629670476999991],[-74.12869647600002,4.629674455999975],[-74.12873440200002,4.629678253000009],[-74.12877485199999,4.629682050999975],[-74.12880962499997,4.6296854870000175],[-74.12884494000002,4.629689283999994],[-74.128880434,4.62969271999998],[-74.128909082,4.629695793999986],[-74.12891332999999,4.629661418000012],[-74.12891754499998,4.629627316999972],[-74.12891619999999,4.629627185000004],[-74.12888710200002,4.629624201000013],[-74.128852058,4.629620675000012],[-74.12881692399998,4.6296171480000226],[-74.12878179,4.629613622000022],[-74.12874143099998,4.629609553000023],[-74.128702783,4.629605575000028],[-74.128663415,4.629601596999976],[-74.12862458799998,4.62959779900001],[-74.12858540000002,4.6295938210000145],[-74.12854558100003,4.629591016999996],[-74.128505582,4.629586496999991],[-74.12846486299998,4.6295825180000065],[-74.12842450400001,4.629578449000007],[-74.12838432500001,4.629574380999998],[-74.12835980199998,4.629571853000016],[-74.12834665399998,4.62957049900001],[-74.128343965,4.6295702209999945],[-74.12834064200001,4.62960375900002]]]},"properties":{"CALCODIGO":91026999,"CALCIV":8004666,"CALFUNCION":1,"CALTSUPERF":1,"CALANCHO":7.62,"CALLONGITU":63.88,"OBJECTID":711191}},{"type":"Feature","id":711310,"geometry":{"type":"Polygon","coordinates":[[[-74.13406080599998,4.632684222000023],[-74.13406108499998,4.632684247000043],[-74.13488212599998,4.632760739000048],[-74.13514164699995,4.632788572000038],[-74.13515100499995,4.632693618000076],[-74.13508596299994,4.632686641000021],[-74.1350789124891,4.632687869491759],[-74.13507176399997,4.632688213000051],[-74.13443421299996,4.632623828000021],[-74.13417188599993,4.632593451000048],[-74.13416168778178,4.632591956909549],[-74.13415184599995,4.632588895000026],[-74.13407282199995,4.632579744000054],[-74.13406080599998,4.632684222000023]]]},"properties":{"CALCODIGO":151532,"CALCIV":8004124,"CALFUNCION":1,"CALTSUPERF":2,"CALANCHO":10.52,"CALLONGITU":120.45,"OBJECTID":711310}},{"type":"Feature","id":711387,"geometry":{"type":"Polygon","coordinates":[[[-74.13224978399995,4.633318793000058],[-74.13228288199997,4.63335988700004],[-74.13228717699997,4.63336522000003],[-74.13260396199996,4.633103044000052],[-74.1326136278532,4.633098689108419],[-74.13262390154128,4.633096072787856],[-74.13263447299994,4.633095274000027],[-74.13264491409697,4.63309629790004],[-74.1326550258464,4.633099093861801],[-74.13266450979002,4.633103579359762],[-74.13267308599995,4.633109622000063],[-74.13257926899996,4.633009271000049],[-74.13254902599994,4.6329769220000685],[-74.13255647772043,4.632990649821673],[-74.13256159328765,4.633005408283527],[-74.13256423599995,4.633020803000022],[-74.13256456399995,4.6330320870000605],[-74.13256384003058,4.633041333873178],[-74.13256222299998,4.633050467000032],[-74.13255912405396,4.633059042381205],[-74.13255481668789,4.633067078999044],[-74.13254939159435,4.633074407640726],[-74.13254296299993,4.633080874000029],[-74.13253964499995,4.6330835650000495],[-74.13231907399995,4.6332624240000655],[-74.13231255599999,4.633266840000033],[-74.13224978399995,4.633318793000058]]]},"properties":{"CALCODIGO":151466,"CALCIV":8004049,"CALFUNCION":1,"CALTSUPERF":2,"CALANCHO":6.9,"CALLONGITU":50.46,"OBJECTID":711387}},{"type":"Feature","id":711435,"geometry":{"type":"Polygon","coordinates":[[[-74.12915768899995,4.631530864000069],[-74.12922920999995,4.631537170000058],[-74.12923819799994,4.631460196000035],[-74.12923753399997,4.631449572000065],[-74.12926179299996,4.631172586000048],[-74.12926981499999,4.631157404000021],[-74.12927864499994,4.631070604000058],[-74.12920777199997,4.6310651580000695],[-74.12919845499994,4.631156714000042],[-74.12919810999995,4.631169195000041],[-74.12917193299995,4.631433509000033],[-74.12917035764693,4.631442167821249],[-74.12916777263291,4.631450580586815],[-74.12916421399996,4.631458630000054],[-74.12915768899995,4.631530864000069]]]},"properties":{"CALCODIGO":151366,"CALCIV":8004425,"CALFUNCION":1,"CALTSUPERF":2,"CALANCHO":7.5200000000000005,"CALLONGITU":51.88,"OBJECTID":711435}},{"type":"Feature","id":711610,"geometry":{"type":"Polygon","coordinates":[[[-74.12621598099997,4.629571919999989],[-74.12637040599998,4.629592833000004],[-74.12665792299998,4.629632902000026],[-74.12693173500003,4.629664300999991],[-74.12723653299997,4.629700184000001],[-74.12754967400002,4.629735171999982],[-74.12779647500003,4.6297605369999815],[-74.12781141800002,4.62960072300001],[-74.12748813299999,4.629566980999982],[-74.12697056299999,4.6295076800000174],[-74.12623459899999,4.629421157000024],[-74.12621598099997,4.629571919999989]]]},"properties":{"CALCODIGO":91027028,"CALCIV":8004705,"CALFUNCION":1,"CALTSUPERF":2,"CALANCHO":17.63,"CALLONGITU":176.4,"OBJECTID":711610}},{"type":"Feature","id":711802,"geometry":{"type":"Polygon","coordinates":[[[-74.13874035599997,4.627243399000065],[-74.13874633101734,4.6272463214053925],[-74.13875174813515,4.627250180954593],[-74.13875646170641,4.627254873878139],[-74.13876034499998,4.627260274000037],[-74.13876288603689,4.627265237721634],[-74.13876472603417,4.627270501732523],[-74.13876583057522,4.627275967570949],[-74.13876617899996,4.62728153300003],[-74.13871696799998,4.627772269000047],[-74.13870823599996,4.627867554000034],[-74.13867338699998,4.628247818000034],[-74.13867335999998,4.628248017000033],[-74.138671037998,4.628256583906486],[-74.13866738199994,4.628264672000057],[-74.13866144805598,4.628274830063253],[-74.13865408099997,4.6282840020000435],[-74.13864496390569,4.628292361199448],[-74.138634657226,4.628299200057302],[-74.13862341199996,4.628304352000043],[-74.13868906399995,4.628310549000048],[-74.13875797099996,4.628317053000046],[-74.13875066503388,4.628314276454789],[-74.1387438215451,4.62831050113951],[-74.13873757624951,4.628305801923944],[-74.13873205299996,4.628300272000047],[-74.13873166499997,4.628299820000052],[-74.13872728451003,4.628293908277921],[-74.13872372099996,4.6282874710000215],[-74.13872063399998,4.628279302000067],[-74.13871963399998,4.62827532600005],[-74.13871919199994,4.628273009000054],[-74.13875797199995,4.627870161000033],[-74.13878542499998,4.62759989500006],[-74.13881377899997,4.627287100000046],[-74.13881459842504,4.627282171064101],[-74.13881600936318,4.627277377827142],[-74.13881799099994,4.627272791000053],[-74.13882092954469,4.62726786963602],[-74.1388245264944,4.627263406809331],[-74.13882871137093,4.627259489963971],[-74.13883340217645,4.6272561958460425],[-74.13883850699995,4.62725358900002],[-74.13879070399997,4.627248626000039],[-74.13874035599997,4.627243399000065]]]},"properties":{"CALCODIGO":145743,"CALCIV":8005204,"CALFUNCION":1,"CALTSUPERF":2,"CALANCHO":5.68,"CALLONGITU":118.02,"OBJECTID":711802}},{"type":"Feature","id":712485,"geometry":{"type":"Polygon","coordinates":[[[-74.14380438699999,4.633613277000052],[-74.14380461899998,4.633610886000042],[-74.14381117899995,4.633543280000026],[-74.14373302999996,4.633535645000052],[-74.14372951399997,4.633535532000053],[-74.14355976799999,4.6335188540000445],[-74.14339000799998,4.6335021750000465],[-74.14322025499996,4.633485497000038],[-74.14305050199994,4.6334688200000755],[-74.14288205599996,4.633451958000023],[-74.14285416399997,4.633449090000056],[-74.14280948899994,4.633444495000049],[-74.14280275199997,4.633512152000037],[-74.14280178299998,4.633517920000031],[-74.14280197299996,4.633517693000044],[-74.14280511499999,4.6335149550000665],[-74.14280864699998,4.633512747000054],[-74.14289833199996,4.633521801000029],[-74.14290133699996,4.633525323000072],[-74.14290370899994,4.633529301000067],[-74.14290537999995,4.633533623000062],[-74.14290630399995,4.633538165000061],[-74.14290645399996,4.6335427980000645],[-74.14290582499996,4.633547391000036],[-74.14290443699997,4.633551812000064],[-74.14294431999997,4.633555838000063],[-74.14294432299994,4.6335515370000735],[-74.14294498099997,4.633547288000045],[-74.14294628199997,4.6335431900000685],[-74.14294819199995,4.633539340000027],[-74.14295066799997,4.633535830000028],[-74.14295365099997,4.633532742000057],[-74.14295706999997,4.633530149000023],[-74.14296084499995,4.633528112000022],[-74.14380438699999,4.633613277000052]]]},"properties":{"CALCODIGO":151869,"CALCIV":8003921,"CALFUNCION":1,"CALTSUPERF":2,"CALANCHO":7.75,"CALLONGITU":111.74000000000001,"OBJECTID":712485}},{"type":"Feature","id":712489,"geometry":{"type":"Polygon","coordinates":[[[-74.14378103099995,4.62788755400004],[-74.14383325499995,4.6278932500000565],[-74.14383913299997,4.627839001000041],[-74.14383688262534,4.627832234583298],[-74.14383565657438,4.627825209956579],[-74.14383548175373,4.627818081280737],[-74.14383636199994,4.627811005000069],[-74.14383932599998,4.627782424000031],[-74.14384227199997,4.627753831000064],[-74.14384521799997,4.627725240000075],[-74.14384818999997,4.627696667000066],[-74.14385114599997,4.627668073000052],[-74.14385410099999,4.6276394900000355],[-74.14385705599994,4.627610898000057],[-74.14386001099996,4.627582315000041],[-74.14386296599997,4.627553732000024],[-74.14386592099999,4.627525141000035],[-74.14386887599994,4.627496558000075],[-74.14387183799994,4.627467968000076],[-74.14387479499999,4.6274393830000236],[-74.14387774999994,4.627410793000024],[-74.14388133699998,4.627376655000035],[-74.14388329213082,4.627368857657685],[-74.1438864387721,4.627361460378927],[-74.14389069999999,4.627354644000036],[-74.14389634467035,4.627348213624051],[-74.14390298299226,4.6273428150389595],[-74.14391042891148,4.62733859955253],[-74.14391847373898,4.627335685313471],[-74.14392689199997,4.627334154000039],[-74.14385751199995,4.627326923000055],[-74.14379214599995,4.627320111000074],[-74.14379994461751,4.627323248548165],[-74.14380719413734,4.62732750379271],[-74.14381373546236,4.627332783348636],[-74.14381942503748,4.627338971351457],[-74.14382413799996,4.627345932000026],[-74.14382804229234,4.627354201657351],[-74.14383057498804,4.627362988931318],[-74.14383167099999,4.6273720680000565],[-74.14383082399996,4.627382732000058],[-74.14382885999999,4.62740285600006],[-74.14382690499997,4.6274229670000295],[-74.14382494099993,4.627443080000035],[-74.14382298599998,4.627463202000058],[-74.14382102199994,4.627483316000053],[-74.14381906699998,4.62750343700003],[-74.14381710299995,4.627523551000024],[-74.14381513899997,4.6275436620000505],[-74.14381318399995,4.627563784000074],[-74.14381121999998,4.627583897000022],[-74.14380926499996,4.627604012000063],[-74.14380729899995,4.627624132000051],[-74.14380540899998,4.627643214000045],[-74.14380354399998,4.627661919000047],[-74.14380167899998,4.627680612000063],[-74.14379981399998,4.627699324000048],[-74.14379794999996,4.627717998000037],[-74.14379608499996,4.627736710000022],[-74.14379421999996,4.627755403000037],[-74.14379235499996,4.627774106000061],[-74.14379048999996,4.627792801000055],[-74.14378862499996,4.627811502000043],[-74.14378675999995,4.627830196000048],[-74.14378489399996,4.62784890000006],[-74.14378302099993,4.62786759200003],[-74.14378103099995,4.62788755400004]]]},"properties":{"CALCODIGO":145631,"CALCIV":8005174,"CALFUNCION":1,"CALTSUPERF":2,"CALANCHO":5.66,"CALLONGITU":62.58,"OBJECTID":712489}},{"type":"Feature","id":712807,"geometry":{"type":"Polygon","coordinates":[[[-74.13027283799994,4.630667598000059],[-74.13026395499998,4.630760276000046],[-74.13026414599994,4.6307665650000445],[-74.13023188699998,4.631103112000062],[-74.13023090034093,4.631109114538195],[-74.13022892799995,4.631114869000044],[-74.13022344399997,4.63117207800002],[-74.13028192999997,4.631177723000064],[-74.13033232299995,4.630673523000041],[-74.13034534399998,4.630543246000059],[-74.13034559199997,4.630534232000059],[-74.13034436410652,4.630525464701897],[-74.13034169965101,4.63051702231383],[-74.1303376723824,4.630509138511019],[-74.13033239377059,4.630502031507651],[-74.13032600992126,4.630495898017041],[-74.13031869753166,4.630490907806841],[-74.13031065899997,4.630487199000072],[-74.13029073199993,4.630485255000053],[-74.13027283799994,4.630667598000059]]]},"properties":{"CALCODIGO":151375,"CALCIV":8004475,"CALFUNCION":1,"CALTSUPERF":2,"CALANCHO":6.48,"CALLONGITU":56.06,"OBJECTID":712807}},{"type":"Feature","id":712909,"geometry":{"type":"Polygon","coordinates":[[[-74.14004782399996,4.634510900000066],[-74.14004781499995,4.634510925000029],[-74.14004473499995,4.6345196500000725],[-74.14004012599997,4.634532706000073],[-74.14005972099994,4.634541565000063],[-74.14006920999998,4.634545855000056],[-74.14007091541119,4.6345472390557525],[-74.14007236171616,4.634548892004465],[-74.14007350710926,4.634550766067478],[-74.14007431848275,4.6345528070747335],[-74.14007477238373,4.634554956030628],[-74.14007485569215,4.634557150819284],[-74.14007456599995,4.634559328000023],[-74.14007340399996,4.634562524000046],[-74.14006996399996,4.634571985000036],[-74.14006599999993,4.634583004000035],[-74.14006203599996,4.634594023000034],[-74.14005806299997,4.634605044000068],[-74.14005409899994,4.634616063000067],[-74.14005013499997,4.63462708000003],[-74.14004616199998,4.634638099000028],[-74.14004219799995,4.634649118000027],[-74.14003823399997,4.634660147000034],[-74.14003426099998,4.634671157000071],[-74.14003029699995,4.634682176000069],[-74.14002633299998,4.634693195000068],[-74.14002235999999,4.634704214000067],[-74.14001839599996,4.634715235000044],[-74.14001443199999,4.634726254000043],[-74.14001045899994,4.634737280000024],[-74.14000649499997,4.634748290000061],[-74.14000251999994,4.63475930900006],[-74.13999855599997,4.634770329000048],[-74.13999390899994,4.634783065000022],[-74.13998857599995,4.634797519000074],[-74.13998323399994,4.634811973000069],[-74.13997789999996,4.634826427000064],[-74.13997255799995,4.634840882000049],[-74.13996722499996,4.634855346000052],[-74.13996189099998,4.634869790000039],[-74.13995654899998,4.634884244000034],[-74.13995121499994,4.634898698000029],[-74.13994588199995,4.634913152000024],[-74.13994053999994,4.634927606000076],[-74.13993520599996,4.634942060000071],[-74.13992986199997,4.634956514000066],[-74.13992453099996,4.6349709680000615],[-74.13991919699998,4.634985422000057],[-74.13991384599996,4.634999876000052],[-74.13990852099994,4.635014331000036],[-74.13990317899999,4.635028796000029],[-74.13989785499996,4.635043250000024],[-74.13989251199996,4.635057704000076],[-74.13988716999995,4.635072156000035],[-74.13988183699996,4.63508661000003],[-74.13987338599998,4.6351106100000266],[-74.1398726116594,4.635115065595557],[-74.1398725560019,4.635119587634602],[-74.13987322044512,4.635124060938758],[-74.13987458806538,4.635128371570926],[-74.13987662402879,4.635132409737333],[-74.13987927647838,4.635136072584036],[-74.1398824778551,4.635139266816655],[-74.1398861466184,4.635141911076624],[-74.13989018932318,4.635143938013434],[-74.13989450299994,4.635145296000076],[-74.13992324799995,4.63515575100007],[-74.13993172399995,4.635158833000048],[-74.13996108699996,4.635077886000033],[-74.1399614221583,4.635074795772368],[-74.13996220026749,4.635071786389677],[-74.13996340499995,4.635068921000027],[-74.14019935299996,4.634418372000027],[-74.14021043899999,4.634387805000074],[-74.14023630199995,4.634316497000043],[-74.14024146299994,4.634302268000056],[-74.14041868199996,4.633813639000039],[-74.14041946360851,4.633811717017104],[-74.14042054579139,4.633809946759904],[-74.14042190005048,4.633808374846217],[-74.14042349072287,4.633807042670669],[-74.14042527591994,4.63380598531464],[-74.14042720863047,4.6338052306224435],[-74.14042923795867,4.63380479846807],[-74.1404313104644,4.63380470023183],[-74.14043337157048,4.633804938500668],[-74.14043536699995,4.633805507000034],[-74.14046330999997,4.633814452000024],[-74.14048794933895,4.633722282468084],[-74.14050645254646,4.6336286878584385],[-74.14051873895495,4.633534076211114],[-74.14052475499994,4.633438860000069],[-74.14049901199996,4.633436408000023],[-74.14049696347203,4.6334361266982125],[-74.14049499138781,4.633435505022077],[-74.14049315187965,4.633434560666682],[-74.14049149730633,4.633433320511653],[-74.14049007476274,4.6334318198561],[-74.14048892473937,4.63343010141388],[-74.14048807996991,4.633428214097812],[-74.14048756449941,4.633426211627451],[-74.14048739299994,4.6334241510000425],[-74.14053208799999,4.6330021350000266],[-74.14058648099996,4.632470452000064],[-74.14059150999998,4.632422175000045],[-74.1405937295086,4.632411756193928],[-74.14059746019237,4.632401778231313],[-74.14060262058501,4.632392458999207],[-74.14060909799997,4.6323840020000375],[-74.14061670362575,4.6323766372694655],[-74.14062531092831,4.63237047292502],[-74.14063473220438,4.632365643395309],[-74.14064476199997,4.632362254000043],[-74.14065472699997,4.632360996000045],[-74.14056598899998,4.632351659000051],[-74.14047961399996,4.6323425700000485],[-74.14048884860426,4.632347890898308],[-74.14049722399994,4.632354482000039],[-74.1405051477361,4.632362918340639],[-74.14051166499996,4.63237248300004],[-74.14051613917223,4.632381716145307],[-74.14051930303377,4.632391476225695],[-74.14052109663771,4.6324015783132975],[-74.14052148599995,4.63241183100007],[-74.14052145899996,4.6324124190000475],[-74.14051810799998,4.632445343000029],[-74.14051476499998,4.632478253000045],[-74.14051141399995,4.632511175000047],[-74.14050806199998,4.6325440880000315],[-74.14050471999997,4.632577010000034],[-74.14050136799995,4.632609923000075],[-74.14049802399995,4.632642846000067],[-74.14049710399996,4.632651827000075],[-74.14049618320115,4.632653123540365],[-74.14049506793299,4.632654257147041],[-74.14049378658147,4.632655198967338],[-74.1404923717598,4.6326559250298756],[-74.14049085947826,4.632656416854777],[-74.14048928822774,4.6326566619240275],[-74.14048769799996,4.632656654000073],[-74.14046676999999,4.632654496000043],[-74.14045874899995,4.632653669000035],[-74.14041797399994,4.633058101000074],[-74.14042059599996,4.633058371000061],[-74.14044871599998,4.633061269000052],[-74.14044970759345,4.63306134478767],[-74.14045067199754,4.633061587534678],[-74.14045158130925,4.633061990217694],[-74.14045240921949,4.633062541185922],[-74.14045313177445,4.63306322449824],[-74.14045372806845,4.633064020384428],[-74.140454180849,4.633064905817173],[-74.14045447701584,4.633065855178319],[-74.14045460799997,4.633066841000073],[-74.14045466199997,4.633067130000029],[-74.14045363899999,4.633077404000062],[-74.14045281499995,4.633085663000031],[-74.14045097799993,4.633104201000037],[-74.14044913999999,4.633122732000061],[-74.14044730199998,4.633141265000063],[-74.14044546399998,4.633159803000069],[-74.14044362599998,4.633178334000036],[-74.14044178799998,4.633196874000021],[-74.14043994099995,4.633215405000044],[-74.14043810099997,4.633233945000029],[-74.14043626499995,4.633252476000052],[-74.14043442699995,4.633271018000073],[-74.14043258699996,4.633289547000061],[-74.14043075099994,4.633308087000046],[-74.14042890399998,4.633326620000048],[-74.14042706599997,4.633345158000054],[-74.14042522799997,4.633363689000021],[-74.14042338999997,4.633382229000063],[-74.14042226899994,4.633393525000031],[-74.14042155199996,4.633400760000029],[-74.14041971399996,4.63341930100006],[-74.14041787599996,4.633437830000048],[-74.14041602899994,4.633456372000069],[-74.14041478599995,4.633468538000045],[-74.14041413699994,4.633474334000027],[-74.14041348899997,4.633480128000031],[-74.14041283999995,4.633485930000063],[-74.14041218199998,4.633491724000066],[-74.14041153399995,4.63349751800007],[-74.14041088499994,4.633503321000035],[-74.14041022699996,4.633509127000025],[-74.14040958799995,4.633514921000028],[-74.14040893699996,4.633520722000071],[-74.14040828099996,4.633526517000064],[-74.14040763199995,4.633532320000029],[-74.14039929653374,4.633608700214646],[-74.14038498445913,4.633684189165507],[-74.14036478430009,4.633758319933454],[-74.14033882099994,4.633830634000049],[-74.14033392899995,4.633844717000045],[-74.14032372099996,4.6338730900000655],[-74.14031160399998,4.633906663000062],[-74.14029949599995,4.633940235000068],[-74.14028738799993,4.633973808000064],[-74.14027527999997,4.63400738200005],[-74.14024097399994,4.634099359000061],[-74.14024027299996,4.634101240000064],[-74.14023946008555,4.634102598356063],[-74.14023843844933,4.634103807579064],[-74.14023723491901,4.634104835915393],[-74.14023588109877,4.634105656361382],[-74.14023441253937,4.634106247372474],[-74.14023286780453,4.63410659342897],[-74.1402312874583,4.634106685443578],[-74.14022971299994,4.634106521000035],[-74.14022695499995,4.634105558000044],[-74.14021779899997,4.634102358000064],[-74.14020069399999,4.634096379000027],[-74.14004782399996,4.634510900000066]]]},"properties":{"CALCODIGO":91013114,"CALCIV":8014089,"CALFUNCION":1,"CALTSUPERF":1,"CALANCHO":7.7700000000000005,"CALLONGITU":320.13,"OBJECTID":712909}},{"type":"Feature","id":712951,"geometry":{"type":"Polygon","coordinates":[[[-74.13057507299999,4.6303093980000085],[-74.130571385,4.630346438000004],[-74.13056207099999,4.630439951000028],[-74.13055695600002,4.630491303999975],[-74.13060048099999,4.630495407000012],[-74.13060366600001,4.630451928000014],[-74.13060428400001,4.630443495000009],[-74.130606054,4.630419336999978],[-74.130606661,4.630411037999977],[-74.13061379999999,4.630313581999985],[-74.130616396,4.630278149999981],[-74.13059657000002,4.630276181999989],[-74.13057856,4.630274395000015],[-74.13057507299999,4.6303093980000085]]]},"properties":{"CALCODIGO":91021117,"CALCIV":8013652,"CALFUNCION":1,"CALTSUPERF":4,"CALANCHO":4.54,"CALLONGITU":24.11,"OBJECTID":712951}},{"type":"Feature","id":713477,"geometry":{"type":"Polygon","coordinates":[[[-74.13291894999998,4.63035352899999],[-74.13292395799999,4.63035404499999],[-74.13312482600003,4.630374712999981],[-74.133175365,4.630380435000006],[-74.13318483900002,4.630381508000028],[-74.13328211200002,4.630391244999998],[-74.13328941100002,4.630391975000009],[-74.13329092999999,4.63034645099998],[-74.13329485700001,4.630228681999995],[-74.13309940699997,4.630208353],[-74.13293161299998,4.630192387000022],[-74.132930397,4.630192271999988],[-74.13291894999998,4.63035352899999]]]},"properties":{"CALCODIGO":91026955,"CALCIV":8013648,"CALFUNCION":1,"CALTSUPERF":2,"CALANCHO":18,"CALLONGITU":41.01,"OBJECTID":713477}},{"type":"Feature","id":713980,"geometry":{"type":"Polygon","coordinates":[[[-74.12781605200001,4.629551153000023],[-74.12781280899998,4.629585845999998],[-74.12785334799997,4.629590005000011],[-74.12789343700001,4.629593983999996],[-74.127933616,4.629598052000006],[-74.12797406499999,4.629602212000009],[-74.128013974,4.629606190000004],[-74.12805469300002,4.629610259000003],[-74.12809523200002,4.629614418000017],[-74.12813541100002,4.629618487000016],[-74.12817577099997,4.629622556000015],[-74.12821613,4.629626625000014],[-74.12825657899998,4.629630784000028],[-74.12829684799999,4.629634672000009],[-74.12833720700002,4.629638650000004],[-74.12834064200001,4.62960375900002],[-74.128343965,4.6295702209999945],[-74.12830351600002,4.629566061999981],[-74.12826331899998,4.629562032000024],[-74.12822305499998,4.629557996000017],[-74.12818250499998,4.629553929999986],[-74.12814207999998,4.629549876999988],[-74.12810155599999,4.629545585000017],[-74.128061016,4.6295415160000175],[-74.12802146799999,4.629537448000008],[-74.12798065800001,4.629533288000005],[-74.12794030700002,4.629529140999978],[-74.127899565,4.629525374000025],[-74.127859205,4.629521305000026],[-74.12782564499997,4.629518043000019],[-74.12781920700002,4.629517416999988],[-74.12781605200001,4.629551153000023]]]},"properties":{"CALCODIGO":91027031,"CALCIV":8004679,"CALFUNCION":1,"CALTSUPERF":1,"CALANCHO":7.640000000000001,"CALLONGITU":58.52,"OBJECTID":713980}},{"type":"Feature","id":714413,"geometry":{"type":"Polygon","coordinates":[[[-74.12839562199997,4.633416068000031],[-74.1283981031584,4.6334257131444385],[-74.12839918860139,4.633435612981372],[-74.12839885630063,4.633445566600513],[-74.12839711299995,4.633455372000071],[-74.12839512399995,4.633461898000064],[-74.12843459099997,4.633399463000046],[-74.12843561999995,4.633397835000039],[-74.12847607299994,4.63333384200007],[-74.12846958419185,4.633339977239089],[-74.12846218230537,4.6333449730237835],[-74.12845406523593,4.6333486957878005],[-74.12844544999996,4.63335104600003],[-74.12843823167493,4.633351897404474],[-74.12843096425256,4.633351780452571],[-74.12842377706083,4.63335069722555],[-74.12841679799999,4.633348667000064],[-74.12840823799996,4.633344676000036],[-74.12826019899995,4.633247957000037],[-74.12777280899996,4.632934507000073],[-74.12776606996975,4.6329274150932935],[-74.12776055351425,4.632919335589061],[-74.12775640199999,4.632910477000053],[-74.12775412724241,4.632902965468082],[-74.12775283599996,4.632895224000038],[-74.12775172199997,4.632885198000054],[-74.12775208770283,4.632877062035904],[-74.12775357599998,4.6328690550000715],[-74.12772537399997,4.63293959300006],[-74.12769076799998,4.633026161000032],[-74.1276941904974,4.633020849794181],[-74.12769810999998,4.633015894000039],[-74.12770538868625,4.633008747396567],[-74.12771368840914,4.633002817150804],[-74.12772280799999,4.632998247000046],[-74.12773161118757,4.632995373941391],[-74.1277407322257,4.632993774803741],[-74.12774998774778,4.632993481735679],[-74.12775919168358,4.632994500628957],[-74.12776815899997,4.632996811000055],[-74.12818710799996,4.633265628000061],[-74.12838086799997,4.633391050000057],[-74.12838693998528,4.633398671968491],[-74.1283918902061,4.633407065937884],[-74.12839562199997,4.633416068000031]]]},"properties":{"CALCODIGO":151469,"CALCIV":8004054,"CALFUNCION":1,"CALTSUPERF":2,"CALANCHO":6.46,"CALLONGITU":93.73,"OBJECTID":714413}},{"type":"Feature","id":714450,"geometry":{"type":"Polygon","coordinates":[[[-74.14316360599997,4.626804728000025],[-74.14310508799997,4.626828897000053],[-74.14310533499997,4.6268289070000606],[-74.14310734399999,4.626829087000033],[-74.14310936199996,4.626829368000074],[-74.14311137099997,4.626829747000045],[-74.14311336199995,4.626830236000046],[-74.14311534399997,4.626830814000073],[-74.14311728999996,4.626831492000065],[-74.14311919999994,4.626832269000033],[-74.14312106399996,4.626833137000062],[-74.14312288399998,4.626834095000049],[-74.14312464999995,4.62683514400004],[-74.14312635299996,4.626836274000027],[-74.14312798299994,4.62683746700003],[-74.14312955099996,4.626838742000075],[-74.14313104599995,4.626840071000061],[-74.14313245099999,4.626841463000062],[-74.14313378499997,4.626842900000042],[-74.14313503699998,4.62684439100002],[-74.14313619899997,4.626845910000043],[-74.14313727099994,4.626847465000026],[-74.14313827099994,4.626849038000046],[-74.14313918099998,4.6268506380000645],[-74.14314000999997,4.626852247000045],[-74.14314074799995,4.626853865000044],[-74.14314104599998,4.626854986000069],[-74.14314115399998,4.62685586300006],[-74.14314126199997,4.626856739000061],[-74.14314136099995,4.626857616000052],[-74.14314146899994,4.626858493000043],[-74.14314157699994,4.626859370000034],[-74.14314167599997,4.626860247000025],[-74.14314178399997,4.626861124000072],[-74.14314188299994,4.626862028000062],[-74.14314188299994,4.626863139000022],[-74.14314188299994,4.626864260000048],[-74.14314188299994,4.626865372000054],[-74.14314188299994,4.626866484000061],[-74.14314188299994,4.626867596000068],[-74.14314188299994,4.626868717000036],[-74.14314189199996,4.6268698200000244],[-74.14314189199996,4.626870289000067],[-74.14313927999996,4.626896911000074],[-74.14313458599997,4.626942761000066],[-74.14312989199993,4.626988607000044],[-74.14312519799995,4.627034465000065],[-74.14312050299998,4.627080313000022],[-74.14311581099997,4.627126163000071],[-74.14311110799997,4.627172020000046],[-74.14310641399999,4.62721786700007],[-74.14310580399996,4.627223825000044],[-74.14317176299994,4.6272310200000675],[-74.14317905699994,4.627163696000025],[-74.14317934299999,4.627156638000031],[-74.14321594899997,4.626818750000041],[-74.14321707999994,4.6268081340000435],[-74.14321713399994,4.626807945000053],[-74.14321745799998,4.626806896000062],[-74.14321779099998,4.626805847000071],[-74.14321815199997,4.62680479900007],[-74.14321852999996,4.6268037770000205],[-74.14321891699996,4.626802756000075],[-74.14321933199994,4.626801735000072],[-74.14321976399998,4.62680073100006],[-74.14322020599997,4.626799719000076],[-74.14322067399996,4.626798724000025],[-74.14322115199997,4.626797730000021],[-74.14322164699996,4.626796754000054],[-74.14322216999994,4.626795787000049],[-74.14322270099996,4.626794819000054],[-74.14322325099994,4.626793870000029],[-74.14322380899995,4.626792930000022],[-74.14322439499995,4.626791999000034],[-74.14322498899998,4.626791077000064],[-74.14322560199997,4.626790164000056],[-74.14322623299995,4.626789269000028],[-74.14322688099998,4.626788374000057],[-74.14322753899995,4.626787497000066],[-74.14322821399998,4.626786630000026],[-74.14322889899995,4.626785780000034],[-74.14322961099998,4.626784939000061],[-74.14323033199997,4.626784108000038],[-74.14323106099994,4.626783294000063],[-74.14323180899999,4.62678248900005],[-74.14323257499996,4.626781694000044],[-74.14323334899996,4.626780917000076],[-74.14323413299996,4.6267801570000415],[-74.14323493499995,4.626779398000053],[-74.14323575499998,4.6267786750000255],[-74.14323658399996,4.626777961000073],[-74.14323742099998,4.626777247000064],[-74.14323826799995,4.6267765510000345],[-74.14323913299995,4.626775882000061],[-74.14324000699997,4.62677521300003],[-74.14324089899998,4.626774571000055],[-74.14324179999994,4.626773938000042],[-74.14324270099996,4.626773324000055],[-74.14324361899997,4.626772727000059],[-74.14324455599996,4.626772148000043],[-74.14324549299994,4.626771579000035],[-74.14324643899994,4.626771027000075],[-74.14324740299998,4.626770494000027],[-74.14324836699996,4.626769979000073],[-74.14324934899997,4.626769482000043],[-74.14325033099993,4.626769012000068],[-74.14325132199997,4.626768542000036],[-74.14325231299995,4.626768090000041],[-74.14316360599997,4.626804728000025]]]},"properties":{"CALCODIGO":145622,"CALCIV":8005340,"CALFUNCION":1,"CALTSUPERF":2,"CALANCHO":7.71,"CALLONGITU":47.92,"OBJECTID":714450}},{"type":"Feature","id":714510,"geometry":{"type":"Polygon","coordinates":[[[-74.13078931999996,4.629555227000026],[-74.13092778899994,4.629569125000046],[-74.13130749199996,4.6296085960000255],[-74.13131367699998,4.629609222000056],[-74.13132900999994,4.629453642000044],[-74.13121785099997,4.629442891000053],[-74.13121775199994,4.629442882000035],[-74.13121377099998,4.629442499000049],[-74.13080436199994,4.629401134000034],[-74.13078931999996,4.629555227000026]]]},"properties":{"CALCODIGO":91026989,"CALCIV":8013654,"CALFUNCION":1,"CALTSUPERF":2,"CALANCHO":17.17,"CALLONGITU":58.52,"OBJECTID":714510}},{"type":"Feature","id":715062,"geometry":{"type":"Polygon","coordinates":[[[-74.13260502699995,4.632348243000024],[-74.13266001399995,4.632354372000066],[-74.13266308899995,4.632322690000024],[-74.13270789199998,4.6318921170000635],[-74.13265411899994,4.6318861240000615],[-74.13264701399999,4.6319503160000295],[-74.13264800599995,4.631959975000029],[-74.13261346099995,4.632272045000036],[-74.13260502699995,4.632348243000024]]]},"properties":{"CALCODIGO":151399,"CALCIV":8004283,"CALFUNCION":1,"CALTSUPERF":2,"CALANCHO":5.98,"CALLONGITU":51.42,"OBJECTID":715062}},{"type":"Feature","id":715103,"geometry":{"type":"Polygon","coordinates":[[[-74.12944496699998,4.6287788910000245],[-74.12946397299999,4.628780845000051],[-74.12950584999999,4.6287850840000715],[-74.12959093899997,4.628793773000041],[-74.12966005399994,4.628800768000076],[-74.12978110699999,4.62881327100007],[-74.12987956999996,4.628823373000046],[-74.12990589199995,4.628826058000072],[-74.12993027999994,4.628828548000058],[-74.12993305199996,4.6288007640000615],[-74.12993553999996,4.628775835000056],[-74.12986671699997,4.628768927000067],[-74.12986140804902,4.6287692735877926],[-74.12985609099997,4.628769089000059],[-74.12952298799996,4.628735836000033],[-74.12945029599996,4.628728479000074],[-74.12944790399996,4.6287511040000595],[-74.12944496699998,4.6287788910000245]]]},"properties":{"CALCODIGO":147173,"CALCIV":8004827,"CALFUNCION":1,"CALTSUPERF":2,"CALANCHO":5.68,"CALLONGITU":54.13,"OBJECTID":715103}},{"type":"Feature","id":715123,"geometry":{"type":"Polygon","coordinates":[[[-74.13561926199998,4.626912435000008],[-74.135690281,4.626919573999999],[-74.13569927999998,4.62682946000001],[-74.13570143999999,4.626807833999976],[-74.13577538200002,4.62606733299998],[-74.13570311900003,4.626060117999998],[-74.13569448800001,4.626147154000023],[-74.13568716700001,4.626221305000001],[-74.13567076300001,4.626391217999981],[-74.13566844000002,4.626415654000027],[-74.13566541400002,4.626447292000023],[-74.13565907700001,4.626512333999983],[-74.13564886900002,4.626618123000014],[-74.135643942,4.626667839999982],[-74.1356419,4.626687754999978],[-74.13563007300002,4.626805267000009],[-74.135626624,4.626839588999985],[-74.13561926199998,4.626912435000008]]]},"properties":{"CALCODIGO":147295,"CALCIV":8005505,"CALFUNCION":1,"CALTSUPERF":2,"CALANCHO":7.97,"CALLONGITU":94.74,"OBJECTID":715123}},{"type":"Feature","id":715430,"geometry":{"type":"Polygon","coordinates":[[[-74.128362122,4.629371903999981],[-74.12837953799999,4.629372733000025],[-74.12841322999998,4.629374337999991],[-74.12880261499998,4.629396041999996],[-74.128905605,4.62940086499998],[-74.12891122399998,4.629401127999984],[-74.12892786700002,4.629401906999988],[-74.12892927799999,4.629401972999972],[-74.12893728699999,4.6292481500000235],[-74.12893449,4.629248030999975],[-74.128918376,4.629247349000025],[-74.128793541,4.629242065000028],[-74.128394362,4.629223173000014],[-74.12836840199998,4.629221944999983],[-74.128362122,4.629371903999981]]]},"properties":{"CALCODIGO":24120003,"CALCIV":8004666,"CALFUNCION":1,"CALTSUPERF":2,"CALANCHO":16.82,"CALLONGITU":63.120000000000005,"OBJECTID":715430}},{"type":"Feature","id":715992,"geometry":{"type":"Polygon","coordinates":[[[-74.13361180099997,4.627955709000048],[-74.13361913439046,4.62795381086918],[-74.1336266712759,4.627953051346694],[-74.13363423593528,4.627953448140716],[-74.13364165199994,4.62795499200007],[-74.13377150399998,4.62796792000006],[-74.13379881199995,4.627970675000029],[-74.13396241999999,4.627987062000045],[-74.13397151799995,4.627989511000067],[-74.13403807599997,4.62799599300007],[-74.13405148799995,4.6279972990000715],[-74.13405701299996,4.627940200000069],[-74.13405949799994,4.627914524000062],[-74.13404606799998,4.627913367000076],[-74.13398426599997,4.627908039000033],[-74.13395906999995,4.627930638000066],[-74.13363418199998,4.627904815000022],[-74.13362600296695,4.627900354707307],[-74.13361840699997,4.627894961000038],[-74.13361278523206,4.6278899923728405],[-74.13360765999994,4.627884513000026],[-74.13360273399996,4.62787907400002],[-74.13359872199999,4.627872718000049],[-74.13359766699995,4.627870035000058],[-74.13359654099997,4.627867352000067],[-74.13359576699997,4.627865515000053],[-74.13359483399995,4.627861980000034],[-74.13358936399999,4.627919918000032],[-74.13358451699997,4.6279712690000565],[-74.13358369799994,4.627979948000075],[-74.13358769390156,4.627973485221678],[-74.13359262612182,4.627967705261677],[-74.13359837993528,4.627962742564309],[-74.13360482150584,4.627958712563946],[-74.13361180099997,4.627955709000048]]]},"properties":{"CALCODIGO":147195,"CALCIV":8005023,"CALFUNCION":1,"CALTSUPERF":2,"CALANCHO":6.11,"CALLONGITU":51.88,"OBJECTID":715992}},{"type":"Feature","id":716099,"geometry":{"type":"Polygon","coordinates":[[[-74.13359375799996,4.631532363000076],[-74.13366492499995,4.631540218000055],[-74.13367065399996,4.6314879680000445],[-74.13324970599996,4.631446025000059],[-74.13324179712247,4.631443186190941],[-74.133234427715,4.631439148739503],[-74.13322777810328,4.631434011440162],[-74.13322201099999,4.631427900000062],[-74.13321013299998,4.631396917000075],[-74.13320382599994,4.631461262000073],[-74.13319736499994,4.631527161000065],[-74.13319691999999,4.631531715000051],[-74.13320101398153,4.631524713910173],[-74.13320613740272,4.631518426899791],[-74.13321216799994,4.631513004000055],[-74.13321961063669,4.631508229556489],[-74.13322775191132,4.631504778788414],[-74.13323635856374,4.6315027505656845],[-74.13324518399997,4.631502203000025],[-74.13351233799995,4.631523376000075],[-74.13359375799996,4.631532363000076]]]},"properties":{"CALCODIGO":151440,"CALCIV":8004365,"CALFUNCION":1,"CALTSUPERF":2,"CALANCHO":6.15,"CALLONGITU":51.82,"OBJECTID":716099}},{"type":"Feature","id":717042,"geometry":{"type":"Polygon","coordinates":[[[-74.12902173399993,4.6275591220000365],[-74.12902828664299,4.627563553509975],[-74.12903417091115,4.62756884036155],[-74.12903927599996,4.6275748830000225],[-74.12904167399995,4.627578418000041],[-74.12904549134942,4.6275855969456865],[-74.12904826499994,4.627593240000067],[-74.12905477099997,4.627532562000056],[-74.12906303399996,4.627455484000052],[-74.12906023924596,4.627464773181052],[-74.12905594861242,4.627473473180902],[-74.12905027995738,4.627481345022082],[-74.1290433889913,4.627488172475502],[-74.12903546499996,4.627493768000022],[-74.12902236972539,4.627498476017197],[-74.12900866499996,4.627500891000068],[-74.12806465699998,4.627406286000053],[-74.12805492699994,4.627507362000074],[-74.12805684898831,4.627498692968932],[-74.12806022417223,4.6274904799138525],[-74.12806495325216,4.627482964466877],[-74.1280708970963,4.62747636773608],[-74.12807788083386,4.627470883800465],[-74.12808569899994,4.627466674000061],[-74.128092525186,4.627464282381839],[-74.12809961928852,4.627462871579397],[-74.12810684112777,4.627462469470239],[-74.12811404799999,4.6274630840000555],[-74.12831843199996,4.627483854000047],[-74.12867730099998,4.627519601000074],[-74.12871530699994,4.627523416000031],[-74.12873628099999,4.627525465000076],[-74.12880271999995,4.62753295300007],[-74.12900535499995,4.62755375200004],[-74.12901368582418,4.6275560059479615],[-74.12902173399993,4.6275591220000365]]]},"properties":{"CALCODIGO":147178,"CALCIV":8005138,"CALFUNCION":1,"CALTSUPERF":2,"CALANCHO":5.94,"CALLONGITU":110.73,"OBJECTID":717042}},{"type":"Feature","id":717053,"geometry":{"type":"Polygon","coordinates":[[[-74.142730589,4.631081543999983],[-74.14273085399998,4.631117652],[-74.14277129300001,4.63111888200001],[-74.14281173199998,4.631120113000009],[-74.14285217100002,4.631121343000018],[-74.14285835099997,4.631121531000019],[-74.14289238200001,4.631122874000027],[-74.14293255000001,4.631124551000028],[-74.14297235499998,4.631126323999979],[-74.14298024200002,4.631126677999987],[-74.142986861,4.631126973999983],[-74.14301278699998,4.63112866900002],[-74.14305321900002,4.631131293999999],[-74.14305407799998,4.631095211999991],[-74.14305494299998,4.631059155999992],[-74.143014515,4.631056649000016],[-74.14297408599998,4.631054141999982],[-74.14296588299999,4.631053790999999],[-74.14293301499998,4.631052386000022],[-74.142892308,4.6310507239999765],[-74.14285782000002,4.631049314999984],[-74.14285164,4.631049126999983],[-74.14281120099997,4.63104789800002],[-74.142770762,4.631046667000021],[-74.14273032300002,4.631045437000012],[-74.142730589,4.631081543999983]]]},"properties":{"CALCODIGO":91026986,"CALCIV":8013659,"CALFUNCION":1,"CALTSUPERF":1,"CALANCHO":7.98,"CALLONGITU":35.94,"OBJECTID":717053}},{"type":"Feature","id":717695,"geometry":{"type":"Polygon","coordinates":[[[-74.13303041599994,4.627889364000055],[-74.13308459399997,4.627894696000055],[-74.13308705599997,4.627870020000046],[-74.13308888599994,4.627851941000074],[-74.13310183999994,4.627709146000029],[-74.13310500899996,4.627673835000053],[-74.13311160899997,4.6276242070000535],[-74.13312722699999,4.627458610000076],[-74.13312921989986,4.627447897293535],[-74.13313274020855,4.627437585108606],[-74.13313771399999,4.627427890000035],[-74.13314329717517,4.627419927201453],[-74.13314986399996,4.627412754000034],[-74.13316793535708,4.627399894619858],[-74.133187749883,4.627389928569061],[-74.13320884799998,4.627383087000055],[-74.13310355999994,4.627372312000034],[-74.13300846699997,4.627362581000057],[-74.13302157898745,4.627367126611849],[-74.13303381215655,4.627373679197301],[-74.13304486159306,4.627382075431893],[-74.13305445188753,4.627392106037779],[-74.13306234399994,4.627403521000076],[-74.1330659565814,4.627410421748908],[-74.13306894699997,4.627417614000024],[-74.13307235560382,4.627431551105648],[-74.13307377562931,4.627445828536119],[-74.13307317899995,4.62746016400007],[-74.13303041599994,4.627889364000055]]]},"properties":{"CALCODIGO":147274,"CALCIV":8005159,"CALFUNCION":1,"CALTSUPERF":2,"CALANCHO":6.68,"CALLONGITU":57.72,"OBJECTID":717695}},{"type":"Feature","id":717774,"geometry":{"type":"Polygon","coordinates":[[[-74.13101743099998,4.63335223100006],[-74.13103494599994,4.633363505000034],[-74.13104798799998,4.633371899000053],[-74.13105070560192,4.633373257584359],[-74.1310536141179,4.633374136018472],[-74.13105662942459,4.633374508895354],[-74.13105966431,4.6333743654302495],[-74.13106263099581,4.633373709772614],[-74.13106544367629,4.633372560886098],[-74.13106802099998,4.633370952000064],[-74.13107009852226,4.633369131126065],[-74.13107187199995,4.633367013000054],[-74.13122033699995,4.633189671000025],[-74.13109256599995,4.633174585000063],[-74.1310987074867,4.633176677456872],[-74.13110442794148,4.633179738932343],[-74.13110957567511,4.633183688245387],[-74.13111401418523,4.633188420672142],[-74.13111762577593,4.633193810722938],[-74.13112031467875,4.633199715469896],[-74.13112200959209,4.633205978336953],[-74.13112266557198,4.633212433251779],[-74.1311222652238,4.633218909049517],[-74.13112081916357,4.63322523401156],[-74.13111836573646,4.633231240419006],[-74.13111496999994,4.633236769000064],[-74.13107444799994,4.633284124000056],[-74.13101743099998,4.63335223100006]]]},"properties":{"CALCODIGO":91021114,"CALCIV":8013040,"CALFUNCION":1,"CALTSUPERF":2,"CALANCHO":6.3500000000000005,"CALLONGITU":25.35,"OBJECTID":717774}},{"type":"Feature","id":717925,"geometry":{"type":"Polygon","coordinates":[[[-74.13807218599999,4.628642801000069],[-74.13807274361493,4.628642425697019],[-74.1380733552826,4.628642147040477],[-74.1380740044013,4.628641972593643],[-74.1380746733529,4.628641907091294],[-74.13807534398093,4.628641952311272],[-74.13807599808344,4.628642107026232],[-74.13807661790698,4.628642367036953],[-74.13807718662852,4.628642725286312],[-74.13807768881203,4.628643172050827],[-74.1380781108274,4.628643695204567],[-74.13807844122042,4.6286442805482695],[-74.13807867102369,4.628644912194734],[-74.13807879399997,4.628645573000028],[-74.13807881499997,4.628646118000063],[-74.13806332699994,4.628804589000026],[-74.13804895599998,4.628962680000029],[-74.13804682899996,4.62900499400007],[-74.13804951499998,4.629040661000033],[-74.13803980599994,4.629237441000043],[-74.13803624299999,4.629309656000032],[-74.13803566399997,4.6293147320000685],[-74.13802285299994,4.629451283000037],[-74.13810880599993,4.629460871000049],[-74.13811283999996,4.629424454000059],[-74.13811363699995,4.6294157340000766],[-74.13811386399993,4.629413245000023],[-74.13811797099999,4.629368271000033],[-74.13812029599995,4.629342810000026],[-74.13812259599996,4.629317621000041],[-74.13812360299994,4.629306602000042],[-74.13813877199993,4.629046091000021],[-74.13813990799997,4.628968883000027],[-74.13815252199998,4.628794864000042],[-74.13817857499998,4.628494380000063],[-74.13811735799999,4.628489534000039],[-74.13810672899996,4.628596228000049],[-74.13810662999998,4.628597226000068],[-74.13810647737131,4.628597569755614],[-74.13810626772282,4.628597882022971],[-74.1381060073423,4.628598153436634],[-74.13810570403908,4.628598375856378],[-74.1381053669098,4.6285985426114005],[-74.13810500606563,4.628598648700393],[-74.13810463232899,4.62859869094154],[-74.13810425690897,4.628598668067946],[-74.13810389106516,4.628598580765635],[-74.13810354576991,4.628598431652974],[-74.13810323137932,4.628598225202143],[-74.13810295732256,4.628597967605006],[-74.13810273181915,4.628597666587402],[-74.13810256163235,4.628597331177438],[-74.13810245186642,4.628596971434713],[-74.13810240581343,4.628596598148613],[-74.13810242485461,4.628596222514719],[-74.13810250841887,4.628595855799021],[-74.13810265399997,4.628595509000036],[-74.13809740999994,4.628568004000044],[-74.13809146332574,4.628538642766157],[-74.13808743099997,4.6285089580000545],[-74.13808760099994,4.628515681000067],[-74.13807715699994,4.628602077000039],[-74.13807712999994,4.628601895000031],[-74.13807218599999,4.628642801000069]]]},"properties":{"CALCODIGO":502714,"CALCIV":8004900,"CALFUNCION":1,"CALTSUPERF":2,"CALANCHO":9.61,"CALLONGITU":107.12,"OBJECTID":717925}},{"type":"Feature","id":718040,"geometry":{"type":"Polygon","coordinates":[[[-74.13394795699998,4.628926326000055],[-74.13401651699996,4.628933320000044],[-74.13401001894032,4.628931006433589],[-74.13400393718027,4.628927752272631],[-74.1339984069657,4.628923629883048],[-74.1339935512773,4.628918730938357],[-74.13398947809564,4.628913164381066],[-74.13398627799995,4.628907054000024],[-74.13398396201536,4.628900332980872],[-74.133982697499,4.6288933374907995],[-74.13398251399997,4.628886231000024],[-74.13398916799997,4.6288210260000255],[-74.13399198499997,4.628791153000066],[-74.13400000899998,4.628705278000041],[-74.13400205099998,4.628683598000066],[-74.13400747299994,4.628625760000034],[-74.13401035899994,4.628595039000061],[-74.13401711799997,4.6285227240000495],[-74.13402267899994,4.628463049000061],[-74.13402760699995,4.628409732000023],[-74.13403302799998,4.628351821000024],[-74.13404267299995,4.628247868000074],[-74.13404527799997,4.628219903000058],[-74.13405999199995,4.628061712000033],[-74.13406252599998,4.628042716000039],[-74.13406531396147,4.628034859127519],[-74.13406927101079,4.628027521216659],[-74.13407430399997,4.628020875000061],[-74.13408006892101,4.628015265853957],[-74.13408660262287,4.628010574630813],[-74.13409376032634,4.62800690528267],[-74.13410138342502,4.628004339118013],[-74.13410930299995,4.628002933000062],[-74.13405148799995,4.6279972990000715],[-74.13403807599997,4.62799599300007],[-74.13397151799995,4.627989511000067],[-74.13397914175863,4.627992965057762],[-74.13398615389846,4.627997534752028],[-74.13399239238734,4.6280031144892355],[-74.13399771307019,4.628009575336316],[-74.13400199299997,4.628016768000066],[-74.13400512638556,4.62802448297226],[-74.1340070666964,4.628032580755598],[-74.13400776999998,4.628040878000036],[-74.13400727699997,4.628047233000075],[-74.13399397199998,4.628181908000045],[-74.13399101399995,4.628211710000073],[-74.13397777899996,4.62834553600004],[-74.13397489299996,4.6283744190000675],[-74.13397017699998,4.628422371000056],[-74.13396785299994,4.628445888000044],[-74.13396144599994,4.6285100100000705],[-74.13395581499998,4.628567001000022],[-74.13394243899995,4.628701676000048],[-74.13393004799997,4.6288263920000645],[-74.13392554299998,4.628871589000028],[-74.13392431561519,4.628880018883868],[-74.133921762948,4.628888146202323],[-74.13391794999995,4.628895764000049],[-74.13391306910171,4.628902565864318],[-74.13390717958139,4.628908515828653],[-74.1339004279072,4.628913465921654],[-74.13389298198848,4.628917293038016],[-74.13388502699996,4.628919902000064],[-74.13394795699998,4.628926326000055]]]},"properties":{"CALCODIGO":147285,"CALCIV":8005010,"CALFUNCION":1,"CALTSUPERF":2,"CALANCHO":6.48,"CALLONGITU":103.41,"OBJECTID":718040}},{"type":"Feature","id":718082,"geometry":{"type":"Polygon","coordinates":[[[-74.13164915299996,4.631355160000055],[-74.13165558579661,4.631362914289476],[-74.13166107296125,4.631371364194878],[-74.13166553999997,4.631380395000065],[-74.13166878599998,4.631389403000071],[-74.13167820599995,4.631308140000044],[-74.13168702999997,4.631231974000059],[-74.13168505079045,4.631238623808599],[-74.13168213627942,4.631244920065378],[-74.13167834699993,4.631250732000069],[-74.13167380975264,4.63125588727741],[-74.13166858299996,4.6312603420000755],[-74.1316629596388,4.631266138964566],[-74.13165653199997,4.631271029000061],[-74.13164871737234,4.631275368834178],[-74.13164036374874,4.63127854995625],[-74.13163164186905,4.631280507347255],[-74.13162272999995,4.631281201000036],[-74.13082077799999,4.631202257000041],[-74.13081138843494,4.631199914164329],[-74.13080232199997,4.631196530000068],[-74.13078984325837,4.631189773358089],[-74.13077864296285,4.631181059886743],[-74.13076902499995,4.631170626000028],[-74.13076428277355,4.631163910066117],[-74.13076019999994,4.631156774000033],[-74.13075568299996,4.631146272000024],[-74.13074888399996,4.631220077000023],[-74.13074090799995,4.631306657000039],[-74.13074252237197,4.631299009341053],[-74.13074503199994,4.631291607000037],[-74.13074897841118,4.631283533515595],[-74.13075399038078,4.631276074596556],[-74.13075997399994,4.631269370000041],[-74.13076770851347,4.631262898548326],[-74.13077634756694,4.631257695746966],[-74.13078568494358,4.631253885788384],[-74.13079549775742,4.631251559617424],[-74.13080555177368,4.631250772760479],[-74.13081560699999,4.631251544000065],[-74.13132348299996,4.631303280000054],[-74.13161253699997,4.631334109000022],[-74.13162441099996,4.631336736000037],[-74.13163337707816,4.631341870659884],[-74.13164166412759,4.631348041567597],[-74.13164915299996,4.631355160000055]]]},"properties":{"CALCODIGO":151437,"CALCIV":8004409,"CALFUNCION":1,"CALTSUPERF":2,"CALANCHO":6.12,"CALLONGITU":103.62,"OBJECTID":718082}},{"type":"Feature","id":718277,"geometry":{"type":"Polygon","coordinates":[[[-74.13112930699998,4.6271013760000415],[-74.13118708899998,4.6271074550000435],[-74.13117835899999,4.62710415600003],[-74.13116568093568,4.627093706518989],[-74.13115473019215,4.627081458817791],[-74.13114575899993,4.627067695000051],[-74.13113818109849,4.627050503876718],[-74.13113367723116,4.627032264510206],[-74.13113238199998,4.627013522000027],[-74.13114000499996,4.626934378000044],[-74.13115317199998,4.626812274000031],[-74.13115823899994,4.626765311000042],[-74.13116021099995,4.62674723300006],[-74.13117451699998,4.6265994750000345],[-74.13111967299994,4.626594243000056],[-74.13110087999996,4.626785225000049],[-74.13107799199997,4.627024940000069],[-74.1310729063006,4.627037884495761],[-74.1310659606295,4.627049933643436],[-74.13105730799998,4.627060822000033],[-74.13104688265227,4.627070509043803],[-74.13103510438496,4.6270784964783775],[-74.13102224764279,4.627084598189002],[-74.13100861199996,4.62708867200007],[-74.13109930399997,4.627098219000061],[-74.13112930699998,4.6271013760000415]]]},"properties":{"CALCODIGO":147263,"CALCIV":8005372,"CALFUNCION":1,"CALTSUPERF":2,"CALANCHO":6.67,"CALLONGITU":55.76,"OBJECTID":718277}},{"type":"Feature","id":718312,"geometry":{"type":"Polygon","coordinates":[[[-74.13921953999994,4.62732113900006],[-74.13921970945279,4.62732743619169],[-74.13921893599996,4.6273336880000215],[-74.13920264299998,4.627498632000027],[-74.13919644799995,4.627560144000029],[-74.13918954999997,4.627627939000035],[-74.13916547599996,4.627870169000062],[-74.13914210499996,4.628113316000054],[-74.13911972699998,4.6283117640000455],[-74.13911320355717,4.628320326111066],[-74.13910558316223,4.628327928389167],[-74.13909700554811,4.628334431433622],[-74.13908762799997,4.628339716000028],[-74.13907848672305,4.628343398225827],[-74.13906895899999,4.628345917000047],[-74.13906889199995,4.628345930000023],[-74.13914065399996,4.628352835000044],[-74.13921147999997,4.6283596490000605],[-74.13921136899995,4.628359611000064],[-74.13920444999997,4.628356751000069],[-74.13919932096208,4.628353938767641],[-74.13919448499996,4.628350648000037],[-74.13919111699994,4.628347919000021],[-74.13918503686867,4.628341818828697],[-74.13917987399998,4.628334925000047],[-74.13917969799996,4.628334650000056],[-74.13917604094402,4.628328040634347],[-74.13917322403643,4.628321031868059],[-74.13917128999998,4.628313730000059],[-74.13919552299996,4.628076240000041],[-74.13921607899994,4.627870169000062],[-74.13922713099998,4.62775901200007],[-74.13925613299995,4.627459792000025],[-74.13926612999995,4.627341361000049],[-74.13926689660191,4.627335096073592],[-74.13926847899995,4.627328986000066],[-74.13927464799997,4.627272241000071],[-74.13922490799996,4.627266796000072],[-74.13921953999994,4.62732113900006]]]},"properties":{"CALCODIGO":145742,"CALCIV":8005179,"CALFUNCION":1,"CALTSUPERF":2,"CALANCHO":5.67,"CALLONGITU":120.46000000000001,"OBJECTID":718312}},{"type":"Feature","id":718578,"geometry":{"type":"Polygon","coordinates":[[[-74.12814318199997,4.629796774000056],[-74.12818339077424,4.629803919514078],[-74.12822252496167,4.6298155950985915],[-74.12826007593924,4.629831649007224],[-74.12829555566077,4.62985187258898],[-74.12832850299998,4.629876003000049],[-74.12836819499995,4.629909605000023],[-74.12837144599996,4.62991235800007],[-74.12839793899997,4.629934787000025],[-74.12840087999996,4.629935175000071],[-74.12840095099995,4.629935187000058],[-74.12840379799997,4.629936033000035],[-74.12840386299996,4.629936056000076],[-74.12840656599997,4.62993735200007],[-74.12840660299997,4.629937373000075],[-74.12840910399996,4.629939105000062],[-74.12848131699997,4.629996040000037],[-74.12848918999998,4.630002248000039],[-74.12849012499998,4.630003388000034],[-74.12849015999996,4.630003434000059],[-74.12849085899995,4.630004611000061],[-74.12849093299997,4.630004758000041],[-74.12849152021478,4.630006298102273],[-74.12849183823239,4.630007915384226],[-74.12849187787263,4.6300095631599305],[-74.12849163799119,4.630011193863158],[-74.12849112551271,4.630012760420509],[-74.12849035523088,4.630014217610278],[-74.12848934938138,4.630015523367868],[-74.12848813699998,4.630016640000065],[-74.12855403499998,4.630022623000059],[-74.12863744799995,4.630030195000074],[-74.12860707999994,4.630020076000051],[-74.12857131299995,4.63000270200007],[-74.12854824799996,4.629986353000049],[-74.12852088699998,4.629966509000042],[-74.12851386799997,4.629961338000044],[-74.12843334999997,4.629899599000055],[-74.12842851299996,4.629895742000031],[-74.12842165199999,4.629890243000034],[-74.12840452699999,4.62987636400004],[-74.12840095399997,4.629873443000065],[-74.12839907599994,4.629871902000048],[-74.12839899299996,4.629871834000028],[-74.12839897199996,4.629871816000048],[-74.12839344299994,4.629867268000055],[-74.12838622388877,4.629860913968695],[-74.12837973699999,4.629853814000057],[-74.1283789481016,4.6298496713709305],[-74.1283788680304,4.629845455054369],[-74.12837949907305,4.629841285459433],[-74.1283808232083,4.629837281660916],[-74.12838280262169,4.629833557998814],[-74.12838538078532,4.629830220813021],[-74.12838848407233,4.629827365406489],[-74.12839202385942,4.629825073323573],[-74.12839589905778,4.629823410021304],[-74.12839999899995,4.629822423000064],[-74.12833560399997,4.629815991000044],[-74.12831984799993,4.629814418000024],[-74.12814318199997,4.629796774000056]]]},"properties":{"CALCODIGO":91027009,"CALCIV":8004666,"CALFUNCION":1,"CALTSUPERF":5,"CALANCHO":5.8,"CALLONGITU":40.01,"OBJECTID":718578}},{"type":"Feature","id":719204,"geometry":{"type":"Polygon","coordinates":[[[-74.12999173099996,4.627634274000059],[-74.12999905441507,4.627640139152105],[-74.13000540822938,4.627647042880162],[-74.13001064673675,4.627654826867434],[-74.13001464980736,4.627663312610953],[-74.1300173256425,4.627672305515029],[-74.13001861287971,4.6276815993537275],[-74.13001848199997,4.6276909810000575],[-74.13001938399998,4.627681933000076],[-74.13001959399998,4.627680097000052],[-74.13001980599995,4.627677414000061],[-74.13001980599995,4.627670140000021],[-74.13002919899998,4.627575922000062],[-74.12964944499998,4.627537955000037],[-74.12964261092232,4.627536661704276],[-74.12963600437516,4.627534486671888],[-74.12962973860068,4.627531467184898],[-74.12962392099996,4.627527655000051],[-74.12961751994806,4.627521975426229],[-74.12961210813755,4.627515346449585],[-74.12960782449878,4.627507938247165],[-74.12960477899998,4.627499941000053],[-74.12959906799995,4.627557738000064],[-74.12959238399998,4.6276254180000365],[-74.12959516450506,4.627618013856621],[-74.12959896899997,4.627611080000065],[-74.12960493874567,4.627605333488996],[-74.12961165030998,4.627600473946024],[-74.12961897299994,4.627596596000046],[-74.12962707270331,4.6275936901011665],[-74.12963550811153,4.627591989121637],[-74.12964410099994,4.6275915290000285],[-74.12997410399998,4.6276259770000365],[-74.12998324771755,4.6276294239518805],[-74.12999173099996,4.627634274000059]]]},"properties":{"CALCODIGO":147180,"CALCIV":8005114,"CALFUNCION":1,"CALTSUPERF":2,"CALANCHO":6.47,"CALLONGITU":47.71,"OBJECTID":719204}},{"type":"Feature","id":719662,"geometry":{"type":"Polygon","coordinates":[[[-74.13685080599998,4.631507710000051],[-74.13684983799999,4.631517563000045],[-74.13685014499998,4.631522604000054],[-74.13685294765621,4.631530461563138],[-74.13685442054496,4.631538672944161],[-74.13685452359408,4.631547014740157],[-74.13685325399996,4.631555260000027],[-74.13681535399996,4.631935487000021],[-74.13681511099998,4.631937932000028],[-74.13681463099994,4.631942563000052],[-74.13680020699996,4.632081844000027],[-74.13679775499998,4.632105523000064],[-74.13679769099997,4.632106145000023],[-74.13679465699994,4.632135792000042],[-74.13681124699997,4.632137327000066],[-74.13684881999995,4.632140804000073],[-74.13685163899999,4.632111649000024],[-74.13685172899994,4.632110717000046],[-74.13685400099996,4.632087210000066],[-74.13685799299998,4.632045918000074],[-74.13686175699996,4.632006975000024],[-74.13686239399993,4.632000392000066],[-74.13686730499995,4.6319495880000545],[-74.13686731399997,4.631949492000047],[-74.13686752699994,4.6319472790000304],[-74.13686838599995,4.631938394000031],[-74.13687371599997,4.63188326300002],[-74.13691320399994,4.63153505300005],[-74.13691402034067,4.631526646386977],[-74.13691351183547,4.631518215552023],[-74.13691169099997,4.631509968000046],[-74.13690946899999,4.631503978000069],[-74.13690615647194,4.631497632129495],[-74.13690203133108,4.631491781819402],[-74.13689716650545,4.631486530496997],[-74.13689164799996,4.631481971000028],[-74.13688976199995,4.63148110100002],[-74.13688553999998,4.631479157000058],[-74.13687162399998,4.631472744000064],[-74.13685676599994,4.6314658980000445],[-74.13685501699996,4.63146484400005],[-74.13685080599998,4.631507710000051]]]},"properties":{"CALCODIGO":151552,"CALCIV":8004362,"CALFUNCION":1,"CALTSUPERF":2,"CALANCHO":6.12,"CALLONGITU":73.08,"OBJECTID":719662}},{"type":"Feature","id":719766,"geometry":{"type":"Polygon","coordinates":[[[-74.13410932899995,4.628002932000072],[-74.13411485464216,4.628002660646956],[-74.13412037899997,4.628002957000035],[-74.13444532699998,4.6280346040000495],[-74.13445351799999,4.628036275000056],[-74.13452126399994,4.628042871000048],[-74.13452665899996,4.627985347000049],[-74.13447735099999,4.627980368000067],[-74.13430590399997,4.627964969000061],[-74.13428380399995,4.627962496000066],[-74.13427240299995,4.6279613670000685],[-74.13426825099998,4.6279613670000685],[-74.13426437899994,4.627960447000021],[-74.13426086199996,4.627958611000054],[-74.13425825699994,4.627955010000051],[-74.13425656799996,4.627951408000058],[-74.13424671599995,4.627936013000067],[-74.13424404099999,4.627932411000074],[-74.13408101899995,4.627916379000055],[-74.13405949799994,4.627914524000062],[-74.13405701299996,4.627940200000069],[-74.13405148799995,4.6279972990000715],[-74.13410930299995,4.628002933000062],[-74.13410932899995,4.628002932000072]]]},"properties":{"CALCODIGO":147196,"CALCIV":8005011,"CALFUNCION":1,"CALTSUPERF":2,"CALANCHO":6.2700000000000005,"CALLONGITU":52.38,"OBJECTID":719766}},{"type":"Feature","id":719961,"geometry":{"type":"Polygon","coordinates":[[[-74.14395067899994,4.631026401000042],[-74.14395135599995,4.631026460000044],[-74.14395440699997,4.6310267300000305],[-74.14395595999997,4.63102686700006],[-74.14395643399996,4.63102690900007],[-74.14396057199997,4.6310272740000755],[-74.14396517599994,4.631027681000035],[-74.14397842699998,4.631029037000076],[-74.14399413899997,4.631030655000075],[-74.14400985899994,4.631032282000035],[-74.14402556999994,4.631033900000034],[-74.14404129099995,4.631035527000051],[-74.14405701099997,4.63103714600004],[-74.14406372099995,4.631037841000023],[-74.14407272199998,4.631038773000057],[-74.14408844299999,4.631040391000056],[-74.14410415399993,4.631042018000073],[-74.14411838799998,4.631043184000021],[-74.14413188299994,4.631044124000027],[-74.14414537799996,4.631045064000034],[-74.14415887299998,4.63104600500003],[-74.14417236799994,4.631046945000037],[-74.14418586299996,4.631047885000044],[-74.14419934999995,4.63104882500005],[-74.14421284499997,4.631049765000057],[-74.14422633999999,4.631050705000064],[-74.14424724899999,4.631052152000052],[-74.14427408599994,4.6310540140000285],[-74.14430093299995,4.631055867000043],[-74.14432776999996,4.631057720000058],[-74.14435461599999,4.631059583000024],[-74.14438145299994,4.631061436000039],[-74.14440828999994,4.631063289000053],[-74.14443513599997,4.631065142000068],[-74.14446197299998,4.631067004000045],[-74.14466157999993,4.631079698000065],[-74.14483426999993,4.631091896000044],[-74.14483975299999,4.63109227700005],[-74.14484543099996,4.631047942000066],[-74.14441578699996,4.630999619000022],[-74.14441537566087,4.631000340019674],[-74.14441485883214,4.631000989602038],[-74.14441424868791,4.631001552445896],[-74.14441355960042,4.631002015293193],[-74.14441280780144,4.6310023672413445],[-74.14441201099999,4.631002600000045],[-74.14429206899996,4.6309926490000635],[-74.14415896347458,4.630982938470126],[-74.14402609299998,4.630970416000025],[-74.14396092499999,4.6309633700000745],[-74.14395951599994,4.6309632180000335],[-74.14395691799996,4.630962937000049],[-74.14395067899994,4.631026401000042]]]},"properties":{"CALCODIGO":24119995,"CALCIV":8004450,"CALFUNCION":1,"CALTSUPERF":2,"CALANCHO":6.47,"CALLONGITU":99,"OBJECTID":719961}},{"type":"Feature","id":720261,"geometry":{"type":"Polygon","coordinates":[[[-74.12822656399999,4.625333627000032],[-74.12817790499997,4.625828477000027],[-74.12815873599999,4.625852230000021],[-74.12813778699996,4.625878189000048],[-74.12812849899996,4.625881371000048],[-74.12811360799998,4.625895618000072],[-74.12812247699998,4.625904952000042],[-74.12811093199997,4.62591599700005],[-74.12811937799995,4.625924887000053],[-74.12810907399995,4.625934745000052],[-74.12811712999996,4.625943223000036],[-74.12810892399995,4.6259510740000565],[-74.12811683099994,4.625959395000052],[-74.12810866099994,4.625967212000035],[-74.12811629099997,4.625975242000038],[-74.12810624899998,4.625984850000066],[-74.12811516299996,4.62599423100005],[-74.12810590799995,4.626003086000026],[-74.12811311899998,4.626010675000032],[-74.12810504799995,4.626018398000042],[-74.12811120399994,4.626024876000031],[-74.12810223899999,4.626033453000048],[-74.12810909099994,4.626040664000072],[-74.12810106999996,4.626048337000043],[-74.12810842399995,4.626056076000054],[-74.12809929799994,4.6260648050000555],[-74.12810694999996,4.626072858000043],[-74.12809712899997,4.626082254000039],[-74.12810535399996,4.6260909110000625],[-74.12809566699997,4.626100178000058],[-74.12810426999994,4.626109232000033],[-74.12809394399994,4.626119110000047],[-74.12810320399996,4.626128856000037],[-74.12809313599996,4.626138488000038],[-74.12810284899996,4.626148711000042],[-74.12809148199995,4.626159586000028],[-74.12810120899996,4.626169823000055],[-74.12808960299998,4.626180927000064],[-74.12810000499996,4.626191875000075],[-74.12808940299993,4.6262020170000255],[-74.12809776999995,4.626210824000054],[-74.12808604299994,4.626222042000052],[-74.12809659099997,4.626233142000046],[-74.12808377899995,4.626245399000027],[-74.12809241899998,4.626256760000047],[-74.12808318299994,4.626269018000073],[-74.12812988199994,4.626316081000027],[-74.12809972599996,4.626586308000071],[-74.12808666499996,4.626724551000052],[-74.12807813799998,4.6268003180000505],[-74.1280793629719,4.626810717412534],[-74.12808198439073,4.626820855287041],[-74.12808595399997,4.626830545000075],[-74.1280921637587,4.626841012785996],[-74.12809995053883,4.626850367020368],[-74.12810911843019,4.626858372356923],[-74.1281194367748,4.6268648273867585],[-74.12813064596999,4.62686956970565],[-74.12814246399995,4.626872480000031],[-74.12815538799998,4.626739928000063],[-74.12815524599995,4.626729971000032],[-74.12815573999995,4.626725452000073],[-74.12815630299997,4.626720932000069],[-74.12815749899994,4.626714647000028],[-74.12816524499993,4.626635057000044],[-74.12816805999995,4.626606174000074],[-74.12817087699995,4.626577219000069],[-74.12817319999994,4.626552785000058],[-74.12818256499997,4.626456104000056],[-74.12822558199997,4.626023129000032],[-74.12826873999995,4.625586482000074],[-74.12828570799996,4.625419253000075],[-74.12829493799995,4.625328288000048],[-74.12821746399999,4.625320374000069],[-74.12822656399999,4.625333627000032]]]},"properties":{"CALCODIGO":147242,"CALCIV":8005694,"CALFUNCION":1,"CALTSUPERF":2,"CALANCHO":7.47,"CALLONGITU":170.4,"OBJECTID":720261}},{"type":"Feature","id":720504,"geometry":{"type":"Polygon","coordinates":[[[-74.14008168999999,4.632287255999984],[-74.14008072600001,4.632297455000014],[-74.14008041699998,4.632300725999983],[-74.14047961400001,4.632342569999992],[-74.14056598899998,4.632351658999994],[-74.14056742999998,4.632337612000015],[-74.14057327,4.632280723000008],[-74.14008679400001,4.632233266000014],[-74.14008168999999,4.632287255999984]]]},"properties":{"CALCODIGO":91013116,"CALCIV":8014090,"CALFUNCION":1,"CALTSUPERF":2,"CALANCHO":7.69,"CALLONGITU":54.22,"OBJECTID":720504}},{"type":"Feature","id":720633,"geometry":{"type":"Polygon","coordinates":[[[-74.14212627299997,4.629782014000057],[-74.14212035199995,4.629845834000037],[-74.14212049089821,4.629851724916392],[-74.14211993299995,4.629857591000075],[-74.14210564199993,4.6300027290000685],[-74.14208963499993,4.630162050000024],[-74.14208871653062,4.63017318580209],[-74.1420897302562,4.630184313337036],[-74.14209264586273,4.630195099852327],[-74.14209737616328,4.630205222793118],[-74.14210377970518,4.630214379447783],[-74.14211166499996,4.630222296000056],[-74.1421177263839,4.630226820495283],[-74.14212427767444,4.630230600974695],[-74.14213122799998,4.630233585000042],[-74.14214100545158,4.630236263734319],[-74.14215108299999,4.630237367000063],[-74.14216612799999,4.630237857000054],[-74.14217596543551,4.630237637516713],[-74.14218563899993,4.630235836000054],[-74.14219439905804,4.630232717787448],[-74.14220258544412,4.630228308144519],[-74.1422100090884,4.630222708914772],[-74.14221649853705,4.630216049415984],[-74.14222190391214,4.630208483453519],[-74.1422261003731,4.630200185768095],[-74.14222899099997,4.630191348000039],[-74.14222929699997,4.630189829000074],[-74.14223000899995,4.630186096000045],[-74.14223065799996,4.6301823540000555],[-74.14223124299997,4.630178602000058],[-74.14223174799997,4.6301748440000665],[-74.14223219799999,4.630171074000032],[-74.14223257699996,4.630167294000046],[-74.14223288999995,4.630163506000031],[-74.14223314399999,4.630159719000062],[-74.14223334199994,4.630155922000029],[-74.14223345099998,4.63015213500006],[-74.14223350499998,4.630148338000026],[-74.14223348699994,4.630144532000031],[-74.14223143091922,4.63013663621043],[-74.14222819933354,4.630129144360503],[-74.14222386724155,4.630122230321137],[-74.14221853518247,4.63011605455339],[-74.14221232690274,4.630110760384509],[-74.14220538648415,4.630106470681588],[-74.14219787499997,4.630103285000075],[-74.14218017299999,4.630098196000063],[-74.14217338802567,4.630095678416453],[-74.14216711371408,4.63009207187826],[-74.14216152336479,4.630087475999847],[-74.14215677138598,4.630082017721633],[-74.14215298902965,4.630075847803947],[-74.14215028076636,4.630069136662947],[-74.14214872139964,4.6300620696636505],[-74.14214835399997,4.63005484200005],[-74.14217419999994,4.629785097000024],[-74.14214533199998,4.629782401000057],[-74.14212640099998,4.629780633000053],[-74.14212627299997,4.629782014000057]]]},"properties":{"CALCODIGO":145618,"CALCIV":8004621,"CALFUNCION":1,"CALTSUPERF":2,"CALANCHO":5.22,"CALLONGITU":48.800000000000004,"OBJECTID":720633}},{"type":"Feature","id":720961,"geometry":{"type":"Polygon","coordinates":[[[-74.13655544599999,4.629682778000074],[-74.13646516899996,4.62974949200003],[-74.13644629299995,4.629763571000069],[-74.13646140699996,4.629796135000049],[-74.13647606899997,4.629827722000073],[-74.13654524899994,4.629773557000021],[-74.13656631399994,4.629758498000058],[-74.13663716599996,4.629707850000045],[-74.13677906399994,4.62960010200004],[-74.13682168399998,4.629566164000039],[-74.13689605827902,4.629511246442654],[-74.13697416420194,4.629461779925758],[-74.13705560299996,4.6294180170000345],[-74.13706309399998,4.629414360000055],[-74.13719197499995,4.629351449000069],[-74.13746206899998,4.629229801000065],[-74.13746216999994,4.629229756000029],[-74.13751952699994,4.629203922000045],[-74.13755856650657,4.629181228889866],[-74.13759524299996,4.629154887000027],[-74.13760799699998,4.629144391000068],[-74.13761685399999,4.629136849000076],[-74.13762355099993,4.62913114600002],[-74.13762545999998,4.6291295210000385],[-74.13763312799995,4.6291229920000205],[-74.13766099899993,4.629095359000075],[-74.13766425899996,4.629091299000038],[-74.13766744478431,4.629088402202285],[-74.13767105374056,4.629086053565686],[-74.13767499252289,4.629084313837849],[-74.13767915925446,4.629083228016923],[-74.13768344616257,4.629082824187725],[-74.1376877423661,4.629083112795316],[-74.13769193674352,4.629084086374847],[-74.13769592080706,4.629085719744631],[-74.13769959150869,4.629087970657476],[-74.13770285390554,4.629090780893403],[-74.13770562361553,4.629094077765513],[-74.13770782899996,4.629097776000037],[-74.13770908999999,4.629100791000042],[-74.13770921699995,4.629098355000053],[-74.13770958099997,4.629084385000056],[-74.13771125699998,4.629020105000052],[-74.13771353099997,4.628932856000063],[-74.13771538099996,4.628861860000029],[-74.13771571399997,4.628849095000021],[-74.13771139499994,4.628865306000023],[-74.13769485174669,4.628914310252793],[-74.13767357599994,4.628961453000045],[-74.13767215599995,4.628964737000047],[-74.13764229999998,4.629018883000072],[-74.13764098499996,4.629021007000063],[-74.13760475999999,4.629060672000037],[-74.13758796299999,4.629075409000052],[-74.13758797499997,4.62907529000006],[-74.13754714199996,4.629108135000024],[-74.13753237899994,4.629118444000028],[-74.13751339099997,4.62913063000002],[-74.1374697037011,4.629154550209737],[-74.13742392699999,4.629174178000028],[-74.13733884999994,4.629214346000026],[-74.13733279199994,4.629217206000021],[-74.13730691699999,4.629229424000073],[-74.13725564899994,4.629253629000061],[-74.13702794699998,4.6293576810000445],[-74.13696853699997,4.62938559600002],[-74.13692716399999,4.62940995200006],[-74.13692709499998,4.629409994000071],[-74.13690310699997,4.629426227000067],[-74.13683818499999,4.6294718950000515],[-74.13673590099995,4.629548081000053],[-74.13669324499995,4.629580162000025],[-74.13664842399999,4.6296140680000235],[-74.13655544599999,4.629682778000074]]]},"properties":{"CALCODIGO":91026846,"CALCIV":8012650,"CALFUNCION":1,"CALTSUPERF":2,"CALANCHO":7.48,"CALLONGITU":168.05,"OBJECTID":720961}},{"type":"Feature","id":721213,"geometry":{"type":"Polygon","coordinates":[[[-74.13481907299996,4.6306875320000245],[-74.13515918999997,4.630724237000038],[-74.13520049599998,4.63072853500006],[-74.13520457299995,4.630679020000059],[-74.13511915799995,4.630670423000026],[-74.13482062899999,4.630640862000064],[-74.13467223899994,4.630626169000038],[-74.13437041799995,4.630596267000044],[-74.13427538799993,4.630586845000039],[-74.13427503399998,4.630586809000022],[-74.13427132399994,4.630630051000026],[-74.13427047799996,4.630639912000049],[-74.13432707199996,4.630645406000042],[-74.13433993799998,4.630646656000067],[-74.1343505861925,4.630642803855201],[-74.13436164416845,4.6306403657838695],[-74.13437292499998,4.630639383000073],[-74.13481907299996,4.6306875320000245]]]},"properties":{"CALCODIGO":91026915,"CALCIV":8013741,"CALFUNCION":1,"CALTSUPERF":5,"CALANCHO":5.18,"CALLONGITU":103.7,"OBJECTID":721213}},{"type":"Feature","id":721653,"geometry":{"type":"Polygon","coordinates":[[[-74.13792974599994,4.629440898000041],[-74.13798963399995,4.629447578000054],[-74.13800437799995,4.629299341000035],[-74.13801519399993,4.629193642000075],[-74.13803096499998,4.629039533000025],[-74.13804496599994,4.628902830000072],[-74.13807071799994,4.628645258000063],[-74.13807086438966,4.628644692387255],[-74.13807108970461,4.628644153331629],[-74.13807138936754,4.628643651784094],[-74.13807175729079,4.6286431979335845],[-74.13807218599999,4.628642801000069],[-74.13807712999994,4.628601895000031],[-74.13807715699994,4.628602077000039],[-74.13808760099994,4.628515681000067],[-74.13808743099997,4.6285089580000545],[-74.13808713099996,4.62849708400006],[-74.13808749899994,4.628487169000039],[-74.13802431499994,4.628482167000072],[-74.13798529199994,4.628872999000066],[-74.13796936999995,4.629035786000031],[-74.13796670099998,4.629063077000069],[-74.13796301299993,4.629100777000076],[-74.13796197199997,4.629111428000044],[-74.13796183199997,4.629112852000048],[-74.13794503399998,4.629284599000073],[-74.13792974599994,4.629440898000041]]]},"properties":{"CALCODIGO":502716,"CALCIV":8004900,"CALFUNCION":1,"CALTSUPERF":2,"CALANCHO":6.890000000000001,"CALLONGITU":106.68,"OBJECTID":721653}},{"type":"Feature","id":721730,"geometry":{"type":"Polygon","coordinates":[[[-74.14267102499997,4.627430562000029],[-74.14267624256264,4.62743796885281],[-74.14268259689467,4.627444426940199],[-74.14268991827765,4.627449763772561],[-74.1426980111641,4.627453836807962],[-74.14270665940037,4.6274565372593335],[-74.14271563199998,4.627457793000076],[-74.14272473999995,4.62745867700005],[-74.14273383899996,4.627459563000059],[-74.14274293799997,4.627460449000068],[-74.14275204599994,4.627461327000049],[-74.14276114499995,4.627462212000069],[-74.14277024299997,4.627463097000032],[-74.14277935099994,4.62746398500002],[-74.14278844999995,4.62746486900005],[-74.14279755799998,4.62746575500006],[-74.14280665699994,4.627466641000069],[-74.14281577299994,4.627467520000039],[-74.14282486299999,4.627468415000067],[-74.14283397099996,4.62746929900004],[-74.14284306999997,4.62747018500005],[-74.14285216899998,4.627471073000038],[-74.14286127699995,4.62747194800005],[-74.14287037499997,4.627472834000059],[-74.14287948299994,4.627473719000022],[-74.14288858199996,4.627474605000032],[-74.14289768999998,4.627475491000041],[-74.14290678899994,4.62747637700005],[-74.14291588699996,4.6274772720000215],[-74.14292499499999,4.627478149000069],[-74.14293409399994,4.627479035000022],[-74.14294320199997,4.627479923000067],[-74.14295230099998,4.62748080700004],[-74.14296140899995,4.627481684000031],[-74.14297050699997,4.627482570000041],[-74.14297959699996,4.627483457000039],[-74.14298871399996,4.62748434100007],[-74.14299781299997,4.627485227000022],[-74.14300692099994,4.6274861150000675],[-74.14301601899996,4.627486999000041],[-74.14302350299994,4.6274876650000465],[-74.14303145880675,4.6274892327956145],[-74.143039110948,4.627491915626062],[-74.14304630399994,4.627495659000033],[-74.14305312588323,4.627500581455835],[-74.14305915193074,4.6275064513292685],[-74.1430642517796,4.627513141636011],[-74.14306831510362,4.627520507643118],[-74.14307125399995,4.627528390000066],[-74.14307730499996,4.627465099000062],[-74.14308342299995,4.627401113000076],[-74.14308041777595,4.62740791321036],[-74.14307651371834,4.627414240339674],[-74.14307178369734,4.6274199762905575],[-74.14306631599999,4.627425014000039],[-74.14305953472571,4.627429655141495],[-74.14305212890282,4.627433215992846],[-74.14304426930313,4.627435614443971],[-74.14303613716216,4.627436795188684],[-74.14302791999995,4.627436731000046],[-74.14302041599996,4.627436098000032],[-74.14300337999998,4.627434597000047],[-74.14298633599998,4.627433097000051],[-74.14296929999995,4.627431598000044],[-74.14295226499996,4.627430104000041],[-74.14293522899999,4.627428605000034],[-74.14291818499998,4.627427103000059],[-74.14290114799996,4.6274256020000735],[-74.14288411399997,4.62742410200002],[-74.14286706899998,4.6274226030000705],[-74.14285003399993,4.627421100000049],[-74.14283299699997,4.627419600000053],[-74.14282859301424,4.627419090936399],[-74.14282428099995,4.627418061000071],[-74.14281869738882,4.627415859981095],[-74.14281353826327,4.627412793285571],[-74.14280893676269,4.627408940054424],[-74.14280501163607,4.627404399726368],[-74.1428018641775,4.627399289471738],[-74.14279957561212,4.627393741168726],[-74.14279820499996,4.627387898000052],[-74.14279816199996,4.627376040000058],[-74.14279817099998,4.627375839000024],[-74.14279817999994,4.627375632000053],[-74.14279819799998,4.627375433000054],[-74.14279820499996,4.627375225000037],[-74.14279636154451,4.627364471831465],[-74.14279277767734,4.627354167227718],[-74.14278755065848,4.627344590838201],[-74.14278082234034,4.627336002549822],[-74.14277277531801,4.627328635434108],[-74.14276362797398,4.627322689422037],[-74.14275362855159,4.627318325878254],[-74.14274304841815,4.62731566322191],[-74.14273217470048,4.627314773712964],[-74.14272130249275,4.627315681491175],[-74.14271072684816,4.627318361920989],[-74.14270073477172,4.627322742260102],[-74.14269159743137,4.627328703633568],[-74.14268356279896,4.627336084259861],[-74.14267684892076,4.627344683841346],[-74.14267163799997,4.627354269000023],[-74.14266853499998,4.627362804000029],[-74.14266675999994,4.627377538000076],[-74.14266496799996,4.627392263000047],[-74.14266379099996,4.6274022600000535],[-74.14266339999995,4.627405580000072],[-74.14266461389784,4.627414274713637],[-74.14266717671795,4.627422671352555],[-74.14267102499997,4.627430562000029]]]},"properties":{"CALCODIGO":145596,"CALCIV":8005148,"CALFUNCION":1,"CALTSUPERF":2,"CALANCHO":5.89,"CALLONGITU":44.77,"OBJECTID":721730}},{"type":"Feature","id":721840,"geometry":{"type":"Polygon","coordinates":[[[-74.12920777199997,4.6310651580000695],[-74.12927864499994,4.631070604000058],[-74.12928741499996,4.630984420000061],[-74.12928681099999,4.630974208000055],[-74.12930615299996,4.6307207660000245],[-74.12930940299998,4.63068796500005],[-74.12931084556125,4.630679661768239],[-74.12931343277329,4.6306716411089495],[-74.12931711399995,4.630664060000072],[-74.12932359099995,4.6305966450000255],[-74.12925392399995,4.630589905000022],[-74.12924467799996,4.630680777000066],[-74.12924551681715,4.630688055411954],[-74.12924568799997,4.63069538000002],[-74.12921752799997,4.630972135000036],[-74.12921706830596,4.630977885084866],[-74.12921607299995,4.630983567000044],[-74.12920777199997,4.6310651580000695]]]},"properties":{"CALCODIGO":151365,"CALCIV":8004488,"CALFUNCION":1,"CALTSUPERF":2,"CALANCHO":7.48,"CALLONGITU":52.74,"OBJECTID":721840}},{"type":"Feature","id":721916,"geometry":{"type":"Polygon","coordinates":[[[-74.13199987899998,4.627260955000054],[-74.13211334299996,4.627273837000075],[-74.13212132899997,4.627203028000054],[-74.13211485399995,4.627202365000073],[-74.13201668099998,4.627192318000027],[-74.13200224899998,4.6271933480000484],[-74.13199799399996,4.627192861000026],[-74.13170358899998,4.627163805000066],[-74.13169840499995,4.627162487000021],[-74.13158050099997,4.627150182000037],[-74.13157402799999,4.6272149730000365],[-74.13159451399997,4.627217299000051],[-74.13171972099997,4.627230367000038],[-74.13176159799997,4.6272347470000454],[-74.13184682799994,4.627243577000058],[-74.13199987899998,4.627260955000054]]]},"properties":{"CALCODIGO":147207,"CALCIV":8005212,"CALFUNCION":1,"CALTSUPERF":2,"CALANCHO":7.37,"CALLONGITU":60.26,"OBJECTID":721916}},{"type":"Feature","id":722126,"geometry":{"type":"Polygon","coordinates":[[[-74.14441578699996,4.630999619000022],[-74.14484543099996,4.631047942000066],[-74.14485735899996,4.630954815000052],[-74.14461686599998,4.630926602000045],[-74.1444019968022,4.630894259152144],[-74.14418765652456,4.6308585789426795],[-74.14397389699997,4.630819570000028],[-74.14397344733452,4.630819506382675],[-74.14397301405162,4.63081937032339],[-74.14397260873982,4.630819165461194],[-74.14397224223947,4.63081889727529],[-74.14397192435293,4.63081857293853],[-74.14397166358233,4.630818201125563],[-74.1439714669022,4.630817791780827],[-74.1439713395729,4.630817355852579],[-74.14397128499996,4.630816905000074],[-74.14396173599994,4.630913928000041],[-74.14396345699998,4.630914225000026],[-74.14396438599994,4.63091438400005],[-74.14407228699997,4.630932960000052],[-74.14429454799995,4.6309716030000345],[-74.14441239199994,4.630992076000041],[-74.1444132169712,4.630992387333428],[-74.14441398040518,4.630992828552941],[-74.14441466201846,4.6309933879359955],[-74.14441524370156,4.630994050620569],[-74.14441570999998,4.630994799000064],[-74.14441603263269,4.630995565400626],[-74.14441623470074,4.63099637201714],[-74.14441631148361,4.630997200006323],[-74.14441626118759,4.630998030025603],[-74.14441608498764,4.630998842684987],[-74.14441578699996,4.630999619000022]]]},"properties":{"CALCODIGO":24119993,"CALCIV":8004450,"CALFUNCION":1,"CALTSUPERF":2,"CALANCHO":10.49,"CALLONGITU":99.4,"OBJECTID":722126}},{"type":"Feature","id":722641,"geometry":{"type":"Polygon","coordinates":[[[-74.13069421199998,4.631213885000022],[-74.13074888399996,4.631220077000023],[-74.13075568299996,4.631146272000024],[-74.13075565700174,4.631140987009969],[-74.13075614999997,4.631135725000036],[-74.13078319399995,4.630849373000046],[-74.13078422313244,4.6308410511049765],[-74.13078627999994,4.630832922000025],[-74.13079604099994,4.630729573000053],[-74.13078489299994,4.63073332700003],[-74.13078404199996,4.630733698000029],[-74.13077303315083,4.630739691773206],[-74.13076316220544,4.630747417348475],[-74.13075469892867,4.630756663592171],[-74.13074787461497,4.630767177812],[-74.13074287576725,4.63077867266292],[-74.13073983899994,4.630790834000038],[-74.13069421199998,4.631213885000022]]]},"properties":{"CALCODIGO":151382,"CALCIV":8004466,"CALFUNCION":1,"CALTSUPERF":2,"CALANCHO":5.68,"CALLONGITU":52.730000000000004,"OBJECTID":722641}},{"type":"Feature","id":722668,"geometry":{"type":"Polygon","coordinates":[[[-74.13640217699998,4.628342309000061],[-74.13646790099995,4.628348840000058],[-74.13647664699994,4.6283497090000765],[-74.13648415299997,4.628274348000048],[-74.13659940599996,4.627086990000066],[-74.13660024995235,4.627082011928575],[-74.13660173849712,4.627077187233152],[-74.13660384599996,4.62707259900003],[-74.13660426799999,4.627068160000022],[-74.13660915799994,4.627016856000068],[-74.13660063999998,4.6270160040000405],[-74.13654950399996,4.6270108860000505],[-74.13653635299994,4.627009569000052],[-74.13653592999998,4.627009527000041],[-74.13652838499996,4.627092080000068],[-74.13653051711454,4.627092109778877],[-74.13653261630563,4.627092484206574],[-74.13653462723248,4.627093193412157],[-74.13653649688122,4.627094218698912],[-74.1365381759625,4.627095533037307],[-74.13653962021085,4.627097101777574],[-74.13654079155172,4.627098883563171],[-74.13654165910516,4.627100831421065],[-74.13654219999995,4.627102894000075],[-74.13643209299994,4.628240357000038],[-74.1364316607017,4.628242553859499],[-74.13643085641269,4.628244643403093],[-74.1364297041816,4.628246563152236],[-74.13642823846082,4.628248255705299],[-74.13642650307628,4.628249670453949],[-74.136424549917,4.628250765096368],[-74.13642243738356,4.628251506902104],[-74.13642022864198,4.62825187369073],[-74.13641798973492,4.628251854495049],[-74.13641578760705,4.628251449889023],[-74.13641368810325,4.628250671970611],[-74.13641175399994,4.6282495440000275],[-74.13640217699998,4.628342309000061]]]},"properties":{"CALCODIGO":519178,"CALCIV":8005259,"CALFUNCION":1,"CALTSUPERF":2,"CALANCHO":6.4,"CALLONGITU":148.20000000000002,"OBJECTID":722668}},{"type":"Feature","id":722788,"geometry":{"type":"Polygon","coordinates":[[[-74.13351707099997,4.627913049000028],[-74.13358936399999,4.627919918000032],[-74.13359483399995,4.627861980000034],[-74.13359386599996,4.627858312000058],[-74.13359319799997,4.627851392000025],[-74.13359316399993,4.627851038000074],[-74.13360185499994,4.627776195000024],[-74.13363093799995,4.627474414000062],[-74.13363232899997,4.627459974000033],[-74.13363299899999,4.627453022000054],[-74.13363422368587,4.6274484542930665],[-74.13363618431518,4.627444150836851],[-74.133638827283,4.627440229290749],[-74.13364208032881,4.627436796872429],[-74.13364585451222,4.627433947426478],[-74.13365004664455,4.627431758858636],[-74.13365454211012,4.627430291005798],[-74.13365921799993,4.627429584000026],[-74.13360266499996,4.6274247900000205],[-74.13352236799994,4.627417985000022],[-74.13353223065988,4.627424392825688],[-74.13354096422836,4.627432270456824],[-74.13354835182659,4.627441422269933],[-74.13355420999994,4.627451621000034],[-74.13355725620004,4.6274590493397785],[-74.13355948999998,4.627466761000051],[-74.13356090002807,4.627474786194659],[-74.13356143099998,4.627482917000066],[-74.13353038599996,4.62777059900003],[-74.13352496399995,4.62782850800005],[-74.13352116299995,4.627870033000022],[-74.13351926199994,4.627890795000042],[-74.13351707099997,4.627913049000028]]]},"properties":{"CALCODIGO":147280,"CALCIV":8005146,"CALFUNCION":1,"CALTSUPERF":2,"CALANCHO":8.03,"CALLONGITU":54.660000000000004,"OBJECTID":722788}},{"type":"Feature","id":722837,"geometry":{"type":"Polygon","coordinates":[[[-74.13166998299994,4.625725525000064],[-74.13167912264944,4.625739052114526],[-74.13168607311255,4.625753823948582],[-74.13169066899997,4.625769489000049],[-74.13168323599996,4.625839701000075],[-74.13167908299994,4.625878612000065],[-74.13167422499998,4.625923810000074],[-74.13167070499998,4.625956295000037],[-74.13166866299997,4.625974374000066],[-74.13166626899994,4.625999727000021],[-74.13166352399998,4.626027763000025],[-74.13163789699996,4.626295274000029],[-74.13163465699995,4.626328748000049],[-74.13160342399993,4.626640389000045],[-74.13165905599999,4.6266456960000255],[-74.13166062099998,4.626629735000051],[-74.13166195799994,4.626616176000027],[-74.13168145999998,4.626417308000043],[-74.13168948399993,4.626335953000023],[-74.13169758099997,4.626253750000046],[-74.13170110099998,4.626217593000035],[-74.13171335099997,4.626092806000031],[-74.13171820899998,4.626043090000053],[-74.13172926299995,4.625931015000049],[-74.13172947399994,4.625929178000035],[-74.13173348599997,4.625889419000032],[-74.13173721699997,4.625852344000066],[-74.13174026199994,4.625822154000048],[-74.13174031499994,4.625821623000036],[-74.13174981299994,4.625741498000025],[-74.13174982376685,4.625740364314873],[-74.1317500238458,4.625739248372953],[-74.13175040760903,4.625738181562882],[-74.1317509642623,4.625737193891326],[-74.13175167814832,4.625736313138982],[-74.13175252918731,4.625735564079182],[-74.1317534934417,4.62573496778108],[-74.13175454378946,4.625734541017031],[-74.13175565068694,4.625734295790825],[-74.13175678299996,4.625734239000053],[-74.13172446499993,4.625730989000033],[-74.13166998299994,4.625725525000064]]]},"properties":{"CALCODIGO":147265,"CALCIV":8005608,"CALFUNCION":1,"CALTSUPERF":2,"CALANCHO":6.22,"CALLONGITU":101.43,"OBJECTID":722837}},{"type":"Feature","id":722951,"geometry":{"type":"Polygon","coordinates":[[[-74.13733070199999,4.635508716000004],[-74.13739159300002,4.635525964999999],[-74.13740856599998,4.635450277000018],[-74.13744037800001,4.635276674000011],[-74.13751173399999,4.634865450999996],[-74.13758212599998,4.634400930000027],[-74.13760161300002,4.634254183999985],[-74.13761318299998,4.63409860500002],[-74.13766911599998,4.633599625999977],[-74.13772476999998,4.633033375000025],[-74.13772770999998,4.633006324000007],[-74.13766730399999,4.633001558999979],[-74.13766380800001,4.633036005000008],[-74.13766230300001,4.6330338440000105],[-74.137662132,4.633023874000003],[-74.13766018799998,4.633002149999982],[-74.13763797000001,4.63299990500002],[-74.13763336699998,4.633037677000004],[-74.13763656499998,4.633037179999974],[-74.13764014999998,4.633038508000027],[-74.13761867900001,4.63328948100002],[-74.13761135499999,4.633360664999998],[-74.13761100300002,4.633364083000004],[-74.13761101400002,4.633365180999988],[-74.13761145299998,4.6334118390000185],[-74.13761693800001,4.633502044000011],[-74.137614622,4.633537416000024],[-74.137601125,4.633690263999995],[-74.13757374400001,4.633959713000024],[-74.13754481299998,4.63425285400001],[-74.13748636700001,4.63465779500001],[-74.137480052,4.6347103780000225],[-74.13747134900001,4.63475443599998],[-74.13745290600002,4.634889187999988],[-74.13742889500003,4.635026062999998],[-74.137364118,4.635358479999979],[-74.13733070199999,4.635508716000004]]]},"properties":{"CALCODIGO":521584,"CALCIV":8003644,"CALFUNCION":1,"CALTSUPERF":2,"CALANCHO":6.8100000000000005,"CALLONGITU":280.73,"OBJECTID":722951}},{"type":"Feature","id":723058,"geometry":{"type":"Polygon","coordinates":[[[-74.13293482099999,4.628858447000027],[-74.133000735,4.628865672000018],[-74.13300538200002,4.628818986999988],[-74.132999617,4.628810333999979],[-74.13299475999997,4.62879112600001],[-74.13299673199998,4.628775800000028],[-74.133010319,4.628639292000003],[-74.13301285300003,4.62861393899999],[-74.13301897899998,4.628552497999976],[-74.133029539,4.628446708000013],[-74.133051293,4.628228915000022],[-74.133054179,4.628199960000018],[-74.13305938799999,4.628147560000002],[-74.13306128900001,4.628128560999983],[-74.13306262700002,4.628115003000005],[-74.133065654,4.628084283000021],[-74.13307015999999,4.628039086000001],[-74.13307522899999,4.62798852200001],[-74.13308459400002,4.6278946959999985],[-74.133030416,4.627889363999998],[-74.132979078,4.628394625999988],[-74.13297907600003,4.628394657000001],[-74.13297907100002,4.628394703000026],[-74.13297478200002,4.628439504000028],[-74.13296893900002,4.628500943000006],[-74.13296717999998,4.628519021999978],[-74.13296140699998,4.6285796160000245],[-74.132959153,4.628603132000023],[-74.132951198,4.628686252000023],[-74.132948311,4.628716123999993],[-74.13294655200002,4.628734203000022],[-74.13293482099999,4.628858447000027]]]},"properties":{"CALCODIGO":147275,"CALCIV":8005032,"CALFUNCION":1,"CALTSUPERF":2,"CALANCHO":6.15,"CALLONGITU":107.76,"OBJECTID":723058}},{"type":"Feature","id":723216,"geometry":{"type":"Polygon","coordinates":[[[-74.13017721199998,4.6316326320000485],[-74.13023631999994,4.631638580000072],[-74.13024508099994,4.631550961000073],[-74.13024513699997,4.63154584800003],[-74.13028192999997,4.631177723000064],[-74.13022344399997,4.63117207800002],[-74.13021798199998,4.631229056000052],[-74.13021808726336,4.631232817643487],[-74.13021778999996,4.631236569000066],[-74.13018526699994,4.631561590000047],[-74.13018434099996,4.631564896000043],[-74.13017721199998,4.6316326320000485]]]},"properties":{"CALCODIGO":151376,"CALCIV":8004410,"CALFUNCION":1,"CALTSUPERF":2,"CALANCHO":6.47,"CALLONGITU":51.22,"OBJECTID":723216}},{"type":"Feature","id":723368,"geometry":{"type":"Polygon","coordinates":[[[-74.12841202399994,4.630061144000024],[-74.12841731099996,4.630060064000077],[-74.12854936799994,4.630073137000068],[-74.12885866099998,4.630103754000061],[-74.12886482499994,4.630053877000023],[-74.12866010099998,4.63003529100007],[-74.12863744799995,4.630030195000074],[-74.12855403499998,4.630022623000059],[-74.12848813699998,4.630016640000065],[-74.1284867989295,4.630017508071865],[-74.12848533584784,4.630018143188615],[-74.12848378795314,4.630018527900488],[-74.12848219777379,4.630018651637529],[-74.12848060899995,4.63001851100006],[-74.12840528899994,4.6300108560000695],[-74.12836983699998,4.630014553000024],[-74.12834030999994,4.630089302000044],[-74.12834396699998,4.630085188000066],[-74.12835254149614,4.63007739738345],[-74.12836215582175,4.63007093360479],[-74.12837260641304,4.630065933521453],[-74.12838367199998,4.630062503000033],[-74.12839304559664,4.630060916374809],[-74.12840254162266,4.630060461200588],[-74.12841202399994,4.630061144000024]]]},"properties":{"CALCODIGO":91027010,"CALCIV":8004666,"CALFUNCION":1,"CALTSUPERF":5,"CALANCHO":3.69,"CALLONGITU":84.12,"OBJECTID":723368}},{"type":"Feature","id":723899,"geometry":{"type":"Polygon","coordinates":[[[-74.13060474399998,4.63212263500003],[-74.13060522802296,4.632132410857068],[-74.13060725898943,4.632141985659114],[-74.13061078531085,4.632151116196685],[-74.13061571741513,4.632159570545055],[-74.13062193002193,4.632167133955377],[-74.13062926532488,4.632173614309515],[-74.13063753699998,4.632178847000034],[-74.13065256899995,4.632180493000021],[-74.13065886199996,4.632112909000057],[-74.13066174899996,4.632081906000053],[-74.13068979399998,4.63178072200003],[-74.13069247399994,4.631751942000051],[-74.13069327446509,4.631748293951936],[-74.13069443499995,4.631744744000059],[-74.13070040299993,4.631685698000069],[-74.13064319299997,4.631679875000032],[-74.13063565899995,4.63176078500004],[-74.13063617571721,4.631768296061965],[-74.13063575299998,4.631775813000047],[-74.13060474399998,4.63212263500003]]]},"properties":{"CALCODIGO":151384,"CALCIV":8004325,"CALFUNCION":1,"CALTSUPERF":2,"CALANCHO":5.95,"CALLONGITU":54.300000000000004,"OBJECTID":723899}},{"type":"Feature","id":723963,"geometry":{"type":"Polygon","coordinates":[[[-74.13465127599994,4.62752665000005],[-74.1346537349621,4.627526554309903],[-74.13465618720178,4.627526759668226],[-74.13465859599995,4.627527263000047],[-74.13496416799995,4.627558360000023],[-74.13497634499998,4.627560999000025],[-74.13506223099995,4.627569150000056],[-74.13506907799996,4.627496543000063],[-74.13496535599995,4.627486696000062],[-74.13496528399997,4.627486696000062],[-74.13493927999997,4.627484124000034],[-74.13423512899993,4.627413099000023],[-74.13422753499998,4.627412333000052],[-74.13415779699994,4.627405029000045],[-74.13415463699994,4.627436887000044],[-74.13415147799998,4.627468725000028],[-74.13415070199994,4.627476542000068],[-74.13433440599994,4.627495472000021],[-74.13433782013558,4.627495726484185],[-74.13434117399999,4.627496414000063],[-74.13434493245987,4.627497744514913],[-74.13434845263365,4.627499616590535],[-74.13435165699997,4.627501989000052],[-74.13435436947434,4.6275059624628785],[-74.13435663999996,4.627510204000032],[-74.13437733499995,4.62754065200005],[-74.13459757499999,4.627562180000041],[-74.13462617799996,4.627547352000022],[-74.13463571299997,4.627536829000064],[-74.13463750949994,4.627534159436633],[-74.13463970764381,4.6275318095122495],[-74.13464225149346,4.627529839027523],[-74.13464507631329,4.627528298127125],[-74.1346481102176,4.627527226023712],[-74.13465127599994,4.62752665000005]]]},"properties":{"CALCODIGO":147212,"CALCIV":8005134,"CALFUNCION":1,"CALTSUPERF":2,"CALANCHO":7.930000000000001,"CALLONGITU":101.67,"OBJECTID":723963}},{"type":"Feature","id":724114,"geometry":{"type":"Polygon","coordinates":[[[-74.13498321699996,4.628061634000062],[-74.13504139599996,4.628067377000036],[-74.13504489799993,4.628032785000073],[-74.13505172799995,4.627965907000032],[-74.13505982299995,4.627886317000048],[-74.13506144299998,4.627870075000033],[-74.13506284999994,4.627856515000076],[-74.13506805999998,4.6278049620000274],[-74.13507108699997,4.627775161000045],[-74.13508404099997,4.627647689000071],[-74.13508458799998,4.627639983000051],[-74.13508674232413,4.627630397115094],[-74.13509015599254,4.627621184234382],[-74.13509476799999,4.627612509000073],[-74.13510195119821,4.62760281318115],[-74.13511063274922,4.627594432374897],[-74.13512057569187,4.627587595333678],[-74.13513150863564,4.627582488673113],[-74.13514313316806,4.627579251778441],[-74.13515513199997,4.6275779730000295],[-74.13506223099995,4.627569150000056],[-74.13497634499998,4.627560999000025],[-74.13498771002779,4.627565448518467],[-74.13499823590601,4.6275716265407425],[-74.13500766175974,4.627579379949849],[-74.13501575397729,4.627588516584175],[-74.13502231199993,4.627598810000052],[-74.13502734937174,4.627610490502199],[-74.13503041899997,4.627622835000068],[-74.13501372699994,4.627771557000074],[-74.13501020699994,4.627804113000025],[-74.13500527899998,4.6278501570000685],[-74.13500309799997,4.627870073000054],[-74.13500091399999,4.627890836000063],[-74.13499795799999,4.627918872000066],[-74.13499141099999,4.6279794640000205],[-74.13499056599994,4.627986668000062],[-74.13498321699996,4.628061634000062]]]},"properties":{"CALCODIGO":147289,"CALCIV":8005117,"CALFUNCION":1,"CALTSUPERF":2,"CALANCHO":6.8500000000000005,"CALLONGITU":55.08,"OBJECTID":724114}},{"type":"Feature","id":724154,"geometry":{"type":"Polygon","coordinates":[[[-74.14023320399997,4.62690501700007],[-74.14028092399997,4.626910989000066],[-74.14028384099998,4.626887572000044],[-74.14032586399998,4.62655042800003],[-74.14033711499997,4.626455789000033],[-74.14028696399998,4.626450127000055],[-74.14027967799996,4.6265151040000205],[-74.14027887399999,4.6265226320000465],[-74.14026836199997,4.62661638700007],[-74.14026505399994,4.626645342000074],[-74.14024399899995,4.626833972000043],[-74.14024335262644,4.626839706974079],[-74.14024199692066,4.626845316767991],[-74.14023995299993,4.6268507140000565],[-74.14023320399997,4.62690501700007]]]},"properties":{"CALCODIGO":145746,"CALCIV":8005399,"CALFUNCION":1,"CALTSUPERF":2,"CALANCHO":5.37,"CALLONGITU":50.71,"OBJECTID":724154}},{"type":"Feature","id":724201,"geometry":{"type":"Polygon","coordinates":[[[-74.12846892999994,4.633477869000046],[-74.12848163266001,4.633475040962904],[-74.12849462285658,4.633474259835751],[-74.12850757287143,4.633475545324952],[-74.12852015599998,4.633478865000029],[-74.12879156299994,4.633656436000024],[-74.12887055399995,4.6337077440000485],[-74.12889960199993,4.633662983000022],[-74.12883879299994,4.633623483000065],[-74.12883265604341,4.633620549423491],[-74.12882695899998,4.633616833000076],[-74.12854455299998,4.63343026900003],[-74.12853753822277,4.6334247091672385],[-74.12853147122064,4.633418128109188],[-74.1285264989894,4.633410685276629],[-74.12852274199997,4.633402561000025],[-74.12852035930518,4.633394306467964],[-74.12851922833609,4.633385789693758],[-74.12851937415279,4.633377199392746],[-74.12852079352425,4.633368725909482],[-74.12852345499994,4.63336055700006],[-74.12848042199994,4.6334286320000615],[-74.12843841699998,4.6334950820000245],[-74.12844772796808,4.633487901544025],[-74.12845796894858,4.6334821243999444],[-74.12846892999994,4.633477869000046]]]},"properties":{"CALCODIGO":151470,"CALCIV":8003937,"CALFUNCION":1,"CALTSUPERF":2,"CALANCHO":6.32,"CALLONGITU":53.14,"OBJECTID":724201}},{"type":"Feature","id":724207,"geometry":{"type":"Polygon","coordinates":[[[-74.14385481499994,4.626981511000054],[-74.14385444295564,4.626987396900651],[-74.14385504784097,4.626993263446188],[-74.14385661305195,4.6269989496010755],[-74.14385909562382,4.627004299281413],[-74.14386242741044,4.627009165639465],[-74.1438665169549,4.627013415094604],[-74.14387125199994,4.627016931000071],[-74.14387568758903,4.627019262116048],[-74.14388040820106,4.62702094270358],[-74.14388531899993,4.627021939000031],[-74.14392735199993,4.627026585000067],[-74.14393383299995,4.627026367000042],[-74.14394059576455,4.627025476518127],[-74.14394723599997,4.6270239160000415],[-74.14395734672719,4.627020101183487],[-74.14396673430976,4.6270147483409],[-74.14397516655241,4.627007989871088],[-74.14398243488952,4.626999992940061],[-74.14398835954388,4.626990955346302],[-74.14399279397331,4.626981100628354],[-74.14399562849532,4.626970672535756],[-74.14399679299999,4.626959929000066],[-74.14404864599999,4.626485606000074],[-74.14405066494938,4.626475067711307],[-74.14405438004464,4.626465001443183],[-74.1440596912635,4.626455678211931],[-74.14406645561091,4.626447349028844],[-74.14407449096893,4.626440238142249],[-74.14408358099996,4.626434537000023],[-74.14400623399996,4.626465359000065],[-74.14394355299999,4.626490336000074],[-74.14394383299998,4.6264902730000586],[-74.14394451699997,4.62649011000002],[-74.14394521099996,4.626489975000027],[-74.14394590499995,4.6264898300000254],[-74.14394660699998,4.626489712000023],[-74.14394730099997,4.626489595000066],[-74.14394800399998,4.626489496000033],[-74.14394870599995,4.626489405000029],[-74.14394941799998,4.626489333000052],[-74.14395012099999,4.626489270000036],[-74.14395083199997,4.626489224000068],[-74.14395153499999,4.62648917000007],[-74.14395224699996,4.626489161000052],[-74.14395294899998,4.626489143000072],[-74.14395366099995,4.626489143000072],[-74.14395437299999,4.626489161000052],[-74.14395507499995,4.62648917000007],[-74.14395578699998,4.626489215000049],[-74.14395648999994,4.626489270000036],[-74.14395720199997,4.626489333000052],[-74.14395791299995,4.626489405000029],[-74.14395860699995,4.626489487000072],[-74.14395930999996,4.626489586000048],[-74.14396001199998,4.626489713000069],[-74.14396070599997,4.626489821000064],[-74.14396139999997,4.626489957000047],[-74.14396209299997,4.62649011000002],[-74.14396278699996,4.62649026400004],[-74.14396347199994,4.62649043600004],[-74.14396415599998,4.626490635000039],[-74.14396484099996,4.626490815000068],[-74.14396550799995,4.626491014000067],[-74.14396619199994,4.626491249000026],[-74.14396685899999,4.626491475000023],[-74.14396752599998,4.626491719000057],[-74.14396818299997,4.6264919720000535],[-74.14396884099995,4.626492244000076],[-74.14396949799993,4.626492515000052],[-74.14397014699995,4.6264928040000655],[-74.14397078699994,4.626493111000059],[-74.14397142599995,4.626493419000042],[-74.14397205699998,4.626493744000072],[-74.14397267799995,4.626494079000054],[-74.14397329999997,4.626494422000064],[-74.14397390399995,4.626494775000026],[-74.14397451599996,4.626495145000035],[-74.14397511999994,4.626495516000034],[-74.14397571399996,4.62649590500007],[-74.14397629999996,4.626496302000021],[-74.14397688599996,4.626496709000037],[-74.14397744399997,4.626497125000071],[-74.14397802099995,4.626497559000029],[-74.14397857899996,4.626497993000044],[-74.14397912899994,4.626498445000038],[-74.14397968699996,4.626498897000033],[-74.14398020099998,4.626499367000065],[-74.14398074099995,4.626499846000058],[-74.14398126399993,4.626500325000052],[-74.14398176799995,4.626500822000025],[-74.14398226399999,4.626501319000056],[-74.14398275899998,4.626501835000056],[-74.14398324599995,4.626502350000067],[-74.14398371399994,4.626502883000057],[-74.14398418299999,4.626503416000048],[-74.14398463299995,4.626503959000047],[-74.14398508299996,4.6265045190000365],[-74.14398551599999,4.626505080000072],[-74.14398594799997,4.626505640000062],[-74.14398636299995,4.626506219000021],[-74.14398675899997,4.626506797000047],[-74.14398716399995,4.626507394000043],[-74.14398756099996,4.62650799000005],[-74.14398792999998,4.626508587000046],[-74.14398829099997,4.6265092020000225],[-74.14398865099997,4.626509816000066],[-74.14398900199996,4.626510440000061],[-74.14398932699999,4.626511064000056],[-74.14398964199995,4.626511697000069],[-74.14398995699997,4.626512338000055],[-74.14399025399996,4.6265129800000295],[-74.14399054299997,4.626513631000023],[-74.14399082199998,4.626514282000073],[-74.14399089299997,4.626514463000035],[-74.14395606299996,4.626843683000061],[-74.14395533859488,4.626850734247279],[-74.14395363647289,4.626857615208753],[-74.14395098999995,4.626864191000038],[-74.14394659494099,4.626871570076228],[-74.14394100827396,4.626878093607494],[-74.14393439296909,4.626883571294069],[-74.1439269420033,4.62688784334482],[-74.14391887273082,4.626890785138553],[-74.14391042054267,4.6268923108593745],[-74.14390183199998,4.6268923760000575],[-74.14386600499995,4.626889212000037],[-74.14385481499994,4.626981511000054]]]},"properties":{"CALCODIGO":145630,"CALCIV":8005406,"CALFUNCION":1,"CALTSUPERF":2,"CALANCHO":6.17,"CALLONGITU":62.26,"OBJECTID":724207}},{"type":"Feature","id":724524,"geometry":{"type":"Polygon","coordinates":[[[-74.13295274000001,4.629828476],[-74.13294917500002,4.629864261000023],[-74.13298944299999,4.629869529000018],[-74.133029711,4.629874796000024],[-74.13306997900003,4.629880062999973],[-74.133110246,4.629885331000025],[-74.13315051400002,4.6298905979999745],[-74.13319078199999,4.62989586499998],[-74.13323105,4.629901132999976],[-74.13327131699998,4.629906399999982],[-74.133311585,4.629911666999988],[-74.13335185199998,4.6299169339999935],[-74.13335541700002,4.629881149000028],[-74.133358982,4.629845363000015],[-74.133318713,4.6298400960000095],[-74.13327844600002,4.629834828000014],[-74.133238178,4.629829561000008],[-74.13319791100002,4.629824294000002],[-74.13315764200001,4.629819026000007],[-74.13311737499998,4.629813759000001],[-74.13307710700002,4.629808491999995],[-74.13303683999999,4.629803224999989],[-74.13299657200002,4.629797957999983],[-74.132956304,4.629792690999977],[-74.13295274000001,4.629828476]]]},"properties":{"CALCODIGO":91026959,"CALCIV":8013648,"CALFUNCION":1,"CALTSUPERF":1,"CALANCHO":7.95,"CALLONGITU":45.08,"OBJECTID":724524}},{"type":"Feature","id":724709,"geometry":{"type":"Polygon","coordinates":[[[-74.13725012299994,4.631519339000022],[-74.13728039999995,4.631522586000074],[-74.13728411399995,4.631523120000054],[-74.13728416899994,4.631523128000026],[-74.13731147217591,4.631528307997909],[-74.13733827799996,4.631535639000049],[-74.13733839999998,4.631535678000034],[-74.13734326999997,4.631537261000062],[-74.13734338299997,4.631537298000069],[-74.13736249399994,4.631544296000072],[-74.13737763295318,4.63155350148272],[-74.13739119710658,4.631564900717688],[-74.13740287136586,4.631578228901572],[-74.13741238453883,4.631593176421621],[-74.13741951563516,4.631609396048026],[-74.13742409899999,4.631626511000036],[-74.13744570299997,4.63175566700005],[-74.13746106299999,4.631565764000072],[-74.13746054968703,4.631565630323587],[-74.13746006621676,4.63156541211247],[-74.13745962639891,4.631565115599647],[-74.13745924279633,4.631564749254644],[-74.13745892636616,4.631564323541656],[-74.13745868614684,4.6315638506206485],[-74.13745852899996,4.631563344000028],[-74.13745781899996,4.631561537000039],[-74.13745129358124,4.631548269881928],[-74.13744290455226,4.631536095248239],[-74.13743283099996,4.6315252730000225],[-74.13740843636884,4.631506953567114],[-74.13738197699996,4.631491768000046],[-74.13736340099996,4.631483507000041],[-74.13735802499997,4.6314815530000715],[-74.13734791499996,4.631478491000053],[-74.13731961099995,4.6314713700000425],[-74.13731356599999,4.631469941000034],[-74.13727921153784,4.631463599686003],[-74.13724441439345,4.63146050128724],[-74.13720947999997,4.631460673000049],[-74.13718005799996,4.631461212000033],[-74.13711616399996,4.631459758000062],[-74.13707598499997,4.631456996000054],[-74.13704084356746,4.631453692520977],[-74.13700606099997,4.631447692000052],[-74.13700589899997,4.631447663000074],[-74.13700571799995,4.631447620000074],[-74.13695723299998,4.631434460000037],[-74.13691331941888,4.631418467484695],[-74.13687144296745,4.631397718365054],[-74.13683211699998,4.631372467000062],[-74.13680352799997,4.631349856000043],[-74.13679137299994,4.631338944000049],[-74.13678294299996,4.631330857000023],[-74.13674339304085,4.631286190790597],[-74.13670927078037,4.631237252657517],[-74.13668103360091,4.631184698578453],[-74.13665905999994,4.631129233000024],[-74.13664900699996,4.631082543000048],[-74.13662812699994,4.630963860000065],[-74.13662646499995,4.6309525800000415],[-74.13662125099995,4.630924098000037],[-74.13661876699996,4.630912808000062],[-74.13660559899995,4.6308651290000284],[-74.13659085499995,4.630824745000041],[-74.13659053299995,4.630823955000039],[-74.13658394099997,4.630808518000038],[-74.13657538099994,4.630790132000072],[-74.13654830199994,4.630751829000076],[-74.13653008037296,4.63073130110128],[-74.13651024399996,4.630712329000062],[-74.13647429364626,4.630684758470236],[-74.13643494578453,4.630662301671159],[-74.13639292299996,4.630645371000071],[-74.13638754499993,4.630712051000046],[-74.13640734227025,4.630720016101107],[-74.13642597099994,4.630730425000024],[-74.13642888699997,4.6307322360000285],[-74.13646009040148,4.630754084260677],[-74.13648892699996,4.630778973000076],[-74.13649119199994,4.630781155000022],[-74.13650952947584,4.630803090652856],[-74.13652477599999,4.630827277000037],[-74.13653544999994,4.630850159000033],[-74.13654298707866,4.630867511273974],[-74.13654849899996,4.6308856090000745],[-74.13654963099998,4.630890591000025],[-74.13655185699997,4.630900289000067],[-74.13655286099998,4.6309046620000345],[-74.13655494099999,4.630916139000021],[-74.13655633599996,4.630923838000058],[-74.13655724199998,4.630928238000024],[-74.13656040399997,4.630947804000073],[-74.13656558899999,4.6309789210000645],[-74.13656889499998,4.630998179000073],[-74.13656974699995,4.631003073000045],[-74.13658097799998,4.631072363000044],[-74.13659353999998,4.631130780000035],[-74.13659903199994,4.63115177100002],[-74.13660039499996,4.631156691000058],[-74.13662120685214,4.631207983783067],[-74.13664652599994,4.631257208000022],[-74.13666378399995,4.631285563000063],[-74.13668909305309,4.631320830820063],[-74.13671765499998,4.6313535200000615],[-74.13675067183705,4.631385800317373],[-74.13678580199996,4.631415767000021],[-74.13680326099995,4.631427263000035],[-74.13685147599995,4.631456693000075],[-74.13689074850494,4.631475765300974],[-74.13693134099998,4.631491838000045],[-74.13694915399998,4.6314982520000285],[-74.13696740299997,4.631503331000033],[-74.1370249503596,4.631513950889954],[-74.13708332999994,4.631517988000041],[-74.13711436499995,4.631518659000051],[-74.13711443599993,4.63151866100003],[-74.13715376199997,4.631519511000022],[-74.13716796199998,4.631519486000059],[-74.13723825999995,4.631519360000027],[-74.13725012299994,4.631519339000022]]]},"properties":{"CALCODIGO":91026837,"CALCIV":8004480,"CALFUNCION":1,"CALTSUPERF":2,"CALANCHO":6.890000000000001,"CALLONGITU":177.1,"OBJECTID":724709}},{"type":"Feature","id":724985,"geometry":{"type":"Polygon","coordinates":[[[-74.14122568599998,4.62611313900004],[-74.14123125902236,4.626116093112846],[-74.14123630922928,4.626119872103589],[-74.14124071555402,4.626124385379934],[-74.14124437236536,4.62612952474679],[-74.14124719199998,4.6261351670000295],[-74.14124845599997,4.626138738000066],[-74.14125071412926,4.626144212775754],[-74.14125220394244,4.626149944509645],[-74.14125289755943,4.62615582593908],[-74.14125278199998,4.626161747000026],[-74.14123377599998,4.626327141000047],[-74.14123053799995,4.62635517800004],[-74.14122962299996,4.62636245300007],[-74.14119111899998,4.626680598000064],[-74.14118837399997,4.626703196000051],[-74.14118562899995,4.626725796000073],[-74.14117718199998,4.626795428000037],[-74.14117042399994,4.626851429000055],[-74.14114596199994,4.627052997000021],[-74.14121457899995,4.627061420000075],[-74.14123918699994,4.626861388000066],[-74.14129972099994,4.626357934000055],[-74.14132765999994,4.6261466930000665],[-74.14133167706362,4.626141307788874],[-74.14133648383475,4.626136613936358],[-74.14134196299995,4.626132726000037],[-74.14134702154739,4.6261301403725845],[-74.14135237783455,4.626128247079262],[-74.14135793759961,4.626127079438899],[-74.14136360299995,4.626126658000032],[-74.14129040499995,4.626119483000025],[-74.14122568599998,4.62611313900004]]]},"properties":{"CALCODIGO":145750,"CALCIV":8005493,"CALFUNCION":1,"CALTSUPERF":2,"CALANCHO":7.82,"CALLONGITU":104.46000000000001,"OBJECTID":724985}},{"type":"Feature","id":725020,"geometry":{"type":"Polygon","coordinates":[[[-74.14254616699998,4.626935159000027],[-74.14253491800002,4.626939687999993],[-74.142185342,4.627080331000002],[-74.14212126500001,4.627105917999984],[-74.14214438200003,4.627159972000015],[-74.14216497500001,4.627208128000007],[-74.14269967199999,4.626992437000013],[-74.142679891,4.626943768999979],[-74.14265825400003,4.626890532999994],[-74.14254616699998,4.626935159000027]]]},"properties":{"CALCODIGO":145550,"CALCIV":8005274,"CALFUNCION":1,"CALTSUPERF":2,"CALANCHO":12.25,"CALLONGITU":64.08,"OBJECTID":725020}},{"type":"Feature","id":725162,"geometry":{"type":"Polygon","coordinates":[[[-74.12911228399997,4.63199983800007],[-74.12918128499996,4.632006113000045],[-74.12918852699994,4.631925946000024],[-74.12921391599997,4.631644881000057],[-74.1292171596659,4.631634809287176],[-74.12922150599996,4.631625162000034],[-74.12922230399994,4.6316160290000425],[-74.12922920999995,4.631537170000058],[-74.12915768899995,4.631530864000069],[-74.12915072999994,4.631607897000038],[-74.12915221826938,4.631617081384784],[-74.12915247599994,4.631626382000036],[-74.12912043499995,4.631932063000022],[-74.12911940931772,4.631936255735621],[-74.12911796699996,4.631940324000027],[-74.12911714799998,4.631948904000069],[-74.12911228399997,4.63199983800007]]]},"properties":{"CALCODIGO":151367,"CALCIV":8004349,"CALFUNCION":1,"CALTSUPERF":2,"CALANCHO":7.43,"CALLONGITU":52.14,"OBJECTID":725162}},{"type":"Feature","id":725166,"geometry":{"type":"Polygon","coordinates":[[[-74.13312391499994,4.63149745000004],[-74.13312995170097,4.631504122651401],[-74.1331348663386,4.631511660049661],[-74.13313853709924,4.63151987537386],[-74.13314087299995,4.631528565000053],[-74.13314181599998,4.6315192020000495],[-74.13314819999994,4.631455771000049],[-74.13315462399999,4.631391951000069],[-74.13315145453623,4.631399189668483],[-74.13314733921621,4.631405935627422],[-74.13314235299998,4.631412066000053],[-74.13313500926415,4.631418713176212],[-74.13312664496867,4.631424019207473],[-74.13311750224031,4.631427830496634],[-74.13310784573972,4.631430036715783],[-74.13309795499998,4.631430574000035],[-74.13282725699997,4.631401194000034],[-74.13282074999995,4.6314004870000645],[-74.13280523099996,4.631398803000025],[-74.13279848202642,4.631397501461112],[-74.13279199882021,4.631395218768703],[-74.13278592318247,4.631392004850006],[-74.13278038799996,4.6313879300000735],[-74.13277532945878,4.631382872669776],[-74.13277110141551,4.631377103000922],[-74.13276780279661,4.631370755990452],[-74.13276551078214,4.631363980143768],[-74.13276427899996,4.631356934000053],[-74.13275881699997,4.631409422000047],[-74.13275259399995,4.63146923100004],[-74.13275128299995,4.63147510400006],[-74.13274922399995,4.63149489500006],[-74.1327515748888,4.631486376875683],[-74.1327552909859,4.631478359660225],[-74.13276027165178,4.631471060476118],[-74.13276638199994,4.631464677000054],[-74.13277372905695,4.631459217961865],[-74.13278190083841,4.631455094573425],[-74.13279065699754,4.631452428111007],[-74.13279973999994,4.631451297000069],[-74.13310828799996,4.631486980000034],[-74.13311653721244,4.631491564677291],[-74.13312391499994,4.63149745000004]]]},"properties":{"CALCODIGO":151439,"CALCIV":8004371,"CALFUNCION":1,"CALTSUPERF":2,"CALANCHO":6.55,"CALLONGITU":43.52,"OBJECTID":725166}},{"type":"Feature","id":725329,"geometry":{"type":"Polygon","coordinates":[[[-74.13324658199997,4.630787629000054],[-74.13323799855057,4.630791427489131],[-74.13323011635364,4.630796524065898],[-74.13322313015449,4.630802792809343],[-74.13321721256098,4.630810078837753],[-74.13321250977897,4.6308182021353765],[-74.13320913799998,4.6308269620000715],[-74.13320016999995,4.630952922000063],[-74.13319940799994,4.630963619000056],[-74.13315802299996,4.63137481900003],[-74.13315696435517,4.6313835121461375],[-74.13315462399999,4.631391951000069],[-74.13314819999994,4.631455771000049],[-74.13316839299995,4.631457764000061],[-74.13320382599994,4.631461262000073],[-74.13321013299998,4.631396917000075],[-74.13320949158484,4.6313917113582805],[-74.13320935999997,4.631386468000073],[-74.13321300999996,4.631349301000057],[-74.13321849999994,4.63129329800006],[-74.13322525799998,4.631224585000041],[-74.13322779299995,4.631198384000072],[-74.13323952899998,4.6310780440000485],[-74.13324050399996,4.631068044000074],[-74.13324744899995,4.63099683300004],[-74.13325117599999,4.6309586160000435],[-74.13326660799999,4.630784279000068],[-74.13325709083979,4.630784988195245],[-74.13324780999994,4.63078721200003],[-74.13324664299995,4.630787088000034],[-74.13324658199997,4.630787629000054]]]},"properties":{"CALCODIGO":151402,"CALCIV":8004431,"CALFUNCION":1,"CALTSUPERF":2,"CALANCHO":5.8,"CALLONGITU":55.88,"OBJECTID":725329}},{"type":"Feature","id":725715,"geometry":{"type":"Polygon","coordinates":[[[-74.14393858799997,4.631770193000023],[-74.14394110331236,4.631770937274109],[-74.14394346521524,4.631772078394189],[-74.14394561157077,4.631773586339228],[-74.14394748591178,4.631775421437616],[-74.14394903892736,4.631777535410865],[-74.14395022976018,4.631779872643738],[-74.14395102708133,4.631782371647395],[-74.14395140991459,4.631784966677067],[-74.14395136818821,4.631787589461696],[-74.14395090299996,4.631790171000034],[-74.14395035699994,4.63179709700006],[-74.14394992099994,4.63180262000003],[-74.14394739799997,4.631827865000048],[-74.14394497899997,4.631851993000055],[-74.14394486699996,4.631853113000034],[-74.14394234399998,4.63187836000003],[-74.14393982199994,4.631903607000027],[-74.14393729899996,4.631928854000023],[-74.14393476599997,4.631954102000066],[-74.14393224499997,4.631979349000062],[-74.14392971299998,4.632004596000058],[-74.14392719999995,4.632029844000044],[-74.14392466799995,4.632055091000041],[-74.14392213699995,4.632080349000034],[-74.14391961399997,4.632105594000052],[-74.14391722699997,4.63212958500003],[-74.14391526999998,4.63214941800004],[-74.14391332599996,4.632169242000032],[-74.14391206899995,4.632182041000021],[-74.14398396099995,4.632189165000057],[-74.14399203899995,4.632189966000055],[-74.14402329699993,4.631884262000028],[-74.14403241399998,4.631795098000055],[-74.14403250099997,4.631794891000027],[-74.14403280199997,4.631794175000039],[-74.14403321599997,4.6317932720000385],[-74.14403364799995,4.631792368000049],[-74.14403410799997,4.631791473000021],[-74.14403459399995,4.63179059600003],[-74.14403510799997,4.631789728000058],[-74.14403563899998,4.631788869000047],[-74.14403618899996,4.631788029000063],[-74.14403676599994,4.6317872060000695],[-74.14403736899999,4.631786402000046],[-74.14403798199999,4.631785606000051],[-74.14403862099994,4.631784838000044],[-74.1440406989097,4.6317832440470985],[-74.14404297674679,4.6317819518190575],[-74.14404541099998,4.631780986000024],[-74.14404271099994,4.6317807120000225],[-74.14400020599999,4.631776418000072],[-74.14399840399994,4.631776236000064],[-74.14393858799997,4.631770193000023]]]},"properties":{"CALCODIGO":151866,"CALCIV":8004381,"CALFUNCION":1,"CALTSUPERF":2,"CALANCHO":9.01,"CALLONGITU":45.63,"OBJECTID":725715}},{"type":"Feature","id":725799,"geometry":{"type":"Polygon","coordinates":[[[-74.13078520900001,4.629597348000004],[-74.130781824,4.629632019999974],[-74.13079239199999,4.6296331770000165],[-74.13082227400002,4.629636450000021],[-74.130833155,4.629637480999975],[-74.13086236200002,4.629640247999987],[-74.130902902,4.629644315999997],[-74.13094335099998,4.629648384999996],[-74.13098352999998,4.6296522729999765],[-74.131023889,4.629656250999972],[-74.13105051600002,4.629658942999981],[-74.131064202,4.6296603270000105],[-74.13110433700001,4.629664387999981],[-74.13114470199997,4.629668493999986],[-74.13118523600002,4.6296726159999935],[-74.13122550499997,4.629676503999974],[-74.13126562100001,4.629681247999997],[-74.13128311399998,4.629683316000012],[-74.13130600300002,4.629686022999977],[-74.13130613300001,4.629684731999987],[-74.13130964700002,4.62965011],[-74.13131304199999,4.629615670000021],[-74.13127217200002,4.629611692000026],[-74.131232334,4.629607561],[-74.13119208400002,4.629603555000017],[-74.13115187,4.629599563999989],[-74.131111546,4.62959559799998],[-74.13107161800002,4.629591646999984],[-74.13103091800002,4.629587461000028],[-74.13099082899998,4.629582669000001],[-74.13095064999999,4.629579413999977],[-74.13091011,4.629575435999982],[-74.130869931,4.629571456999997],[-74.13082948200002,4.629567297999984],[-74.130789483,4.629563410000003],[-74.13078853000002,4.629563318999999],[-74.13078520900001,4.629597348000004]]]},"properties":{"CALCODIGO":91026982,"CALCIV":8013654,"CALFUNCION":1,"CALTSUPERF":1,"CALANCHO":7.68,"CALLONGITU":58.5,"OBJECTID":725799}},{"type":"Feature","id":725944,"geometry":{"type":"Polygon","coordinates":[[[-74.14277863999996,4.6305208460000244],[-74.14277789899995,4.630528984000023],[-74.14277237428598,4.630542766737342],[-74.142764627777,4.630555434724989],[-74.14275487656577,4.63056663294772],[-74.1427433939261,4.630576047579864],[-74.14273050165428,4.630583414780152],[-74.14271656105107,4.630588528085772],[-74.14270196279621,4.630591244198395],[-74.14268711599993,4.630591487000061],[-74.14277305799999,4.6305992850000735],[-74.14280400799998,4.630602092000061],[-74.14287730499996,4.63060874100006],[-74.14291595599997,4.630612247000045],[-74.14292615699998,4.630613172000039],[-74.14291733974916,4.630611776041988],[-74.14290871299994,4.630609480000032],[-74.14290869599995,4.630609459000027],[-74.14290777599996,4.630609158000027],[-74.14290702399995,4.63060890600002],[-74.14290627599996,4.630608645000052],[-74.14290536399994,4.630608319000032],[-74.14289557510735,4.6306040233815065],[-74.1428863880515,4.630598557783476],[-74.14287794199998,4.6305920050000395],[-74.14287108199994,4.63058527000004],[-74.14286237514386,4.630573992564783],[-74.1428556165186,4.63056145020163],[-74.14285098577425,4.630547976297386],[-74.14284860599997,4.630533929000023],[-74.14284857199993,4.630533464000052],[-74.14284833499994,4.630529471000045],[-74.14284833099998,4.630529370000033],[-74.14284832999994,4.630529328000023],[-74.14284828999996,4.630527713000049],[-74.14285240099997,4.630455005000044],[-74.14286672999998,4.6302851360000545],[-74.14290144299997,4.629946248000067],[-74.14290324149505,4.629939421074427],[-74.14290596660985,4.629932908375476],[-74.14290956599996,4.629926835000049],[-74.14291350499997,4.6298788150000405],[-74.14291388699996,4.629874160000043],[-74.14286938299995,4.629870484000037],[-74.14284043199996,4.629868093000027],[-74.14284011899997,4.6298715300000595],[-74.14283497199995,4.6299280150000754],[-74.14283548253542,4.629931874241492],[-74.14283563799995,4.629935764000038],[-74.14278586699999,4.630438144000038],[-74.14277863999996,4.6305208460000244]]]},"properties":{"CALCODIGO":145629,"CALCIV":8004606,"CALFUNCION":1,"CALTSUPERF":2,"CALANCHO":7.96,"CALLONGITU":81.28,"OBJECTID":725944}},{"type":"Feature","id":726110,"geometry":{"type":"Polygon","coordinates":[[[-74.13414302599995,4.631561398000031],[-74.13420998099997,4.631567314000051],[-74.13421664599997,4.631497682000031],[-74.13421575004134,4.631488593965856],[-74.13421635599997,4.631479482000032],[-74.13422543799999,4.631395443000031],[-74.13423177399994,4.631327648000024],[-74.13423719399998,4.631269810000049],[-74.13424331899995,4.631204698000033],[-74.13424571299998,4.6311794150000765],[-74.13424681318737,4.631172135289984],[-74.13424896699996,4.6311650950000285],[-74.13425465099994,4.631105045000027],[-74.13421604399997,4.631101365000063],[-74.13418902199999,4.631098790000067],[-74.13418254899995,4.631167152000046],[-74.13418215899998,4.631174893000036],[-74.13417976499994,4.63120017600005],[-74.13417371099996,4.6312625340000295],[-74.13416751599993,4.631325810000021],[-74.13416117999998,4.631390922000037],[-74.13415533699998,4.6314515150000375],[-74.13415181699997,4.631486754000036],[-74.13415099947707,4.6314931334450025],[-74.13414922699997,4.631499316000031],[-74.13414827099996,4.6315088900000205],[-74.13414302599995,4.631561398000031]]]},"properties":{"CALCODIGO":151405,"CALCIV":8004419,"CALFUNCION":1,"CALTSUPERF":2,"CALANCHO":7.18,"CALLONGITU":51.4,"OBJECTID":726110}},{"type":"Feature","id":726267,"geometry":{"type":"Polygon","coordinates":[[[-74.13749413400001,4.632201443999975],[-74.13755433400001,4.632207460000018],[-74.13755719,4.632177822000017],[-74.13755729299999,4.632176773000026],[-74.13755735400002,4.632176146999996],[-74.13755739300001,4.632175752000023],[-74.13758450199998,4.631898773999978],[-74.13759026899999,4.63183985500001],[-74.13759436499998,4.631798000999993],[-74.13762591300002,4.631479576999993],[-74.13762919599998,4.631446435999976],[-74.13756863499998,4.631440010999995],[-74.137565166,4.631475061999993],[-74.13755255799998,4.6316024220000145],[-74.13753762900001,4.631757886000003],[-74.137524439,4.631895239000016],[-74.137520951,4.631931558000019],[-74.13749730699999,4.632169506000025],[-74.13749729400001,4.632169641000019],[-74.137497145,4.632171142000004],[-74.13749413400001,4.632201443999975]]]},"properties":{"CALCODIGO":24122337,"CALCIV":8014093,"CALFUNCION":1,"CALTSUPERF":2,"CALANCHO":6.71,"CALLONGITU":84.62,"OBJECTID":726267}},{"type":"Feature","id":726277,"geometry":{"type":"Polygon","coordinates":[[[-74.12993553999996,4.628775835000056],[-74.12993593599998,4.628775875000031],[-74.13000250599998,4.628782552000075],[-74.12999445861867,4.628777533139755],[-74.12998731299996,4.628771297000071],[-74.12998157274124,4.628764453907369],[-74.12997691957361,4.628756829832416],[-74.12997345799994,4.628748596000037],[-74.1299716042125,4.628741731055002],[-74.12997057903992,4.628734694506174],[-74.12997039699997,4.628727586000025],[-74.12997036399997,4.628721471000063],[-74.12997057499996,4.628719635000039],[-74.12998275499996,4.628594918000033],[-74.12998902099997,4.62853072300004],[-74.12999908899997,4.628427689000034],[-74.13000106099997,4.628407774000038],[-74.13000676299998,4.628349936000063],[-74.13001267799996,4.628289343000063],[-74.13003161599994,4.628095912000049],[-74.13003830399998,4.628028117000042],[-74.13004393699998,4.627970279000067],[-74.13005062399998,4.627902483000071],[-74.13005379299995,4.627869928000052],[-74.13005611599993,4.62784633900003],[-74.13005977799997,4.627809334000062],[-74.13007836399998,4.627623178000022],[-74.13007937499998,4.627612960000022],[-74.13008033499995,4.627603264000072],[-74.13008251999997,4.6275812530000735],[-74.13002919899998,4.627575922000062],[-74.13001980599995,4.627670140000021],[-74.13001980599995,4.627677414000061],[-74.13001959399998,4.627680097000052],[-74.13001938399998,4.627681933000076],[-74.13001848199997,4.6276909810000575],[-74.13001835699998,4.627692232000072],[-74.12991701699997,4.628708756000037],[-74.12991576320728,4.628715856628969],[-74.12991370799995,4.628722768000046],[-74.12991205431489,4.6287305613576395],[-74.12990926969442,4.628738025738779],[-74.12990541499994,4.628744998000059],[-74.12990062231205,4.628751271920714],[-74.1298949611529,4.6287567749394105],[-74.12988855399993,4.6287613880000436],[-74.12988166676196,4.628764952449051],[-74.1298743363676,4.628767483192439],[-74.12986671699997,4.628768927000067],[-74.12993553999996,4.628775835000056]]]},"properties":{"CALCODIGO":147251,"CALCIV":8005098,"CALFUNCION":1,"CALTSUPERF":2,"CALANCHO":6.0600000000000005,"CALLONGITU":133.11,"OBJECTID":726277}},{"type":"Feature","id":726278,"geometry":{"type":"Polygon","coordinates":[[[-74.14316662499994,4.629925700000058],[-74.14330025199996,4.62994214400004],[-74.14330404016576,4.629942249437393],[-74.14330779284822,4.62994172152504],[-74.14331140490063,4.6299405750546],[-74.14331477511661,4.629938842149124],[-74.14331780906579,4.62993657136303],[-74.1433204217397,4.629933826321659],[-74.14332253993364,4.629930683938551],[-74.14332410429772,4.6299272322603935],[-74.14332507099994,4.629923568000038],[-74.14332849599998,4.629891279000049],[-74.14333568399996,4.62982351900007],[-74.14333567573912,4.629819459401715],[-74.14333500262474,4.629815455987666],[-74.1433336828397,4.629811616902553],[-74.14333175203551,4.629808045851976],[-74.14332926236918,4.629804839301089],[-74.14332628109432,4.629802083868778],[-74.1433228887444,4.629799853987819],[-74.14331917695733,4.629798209894213],[-74.14331524599999,4.629797196000027],[-74.14325190199997,4.629790671000023],[-74.14321917899997,4.629788026000028],[-74.14321076299996,4.629832048000026],[-74.14320686003003,4.629841103803184],[-74.14320164052475,4.629849470254619],[-74.14319522302625,4.629856957340703],[-74.14318775328475,4.629863395019403],[-74.14317940094838,4.6298686370821756],[-74.14317035571018,4.629872564474558],[-74.14316082299996,4.6298750880000625],[-74.14315054548962,4.629876152122179],[-74.14314022899998,4.629875578000053],[-74.14296100099995,4.629856465000046],[-74.14295288206385,4.629854527944104],[-74.14294519651948,4.629851271916341],[-74.14293815699995,4.629846787000076],[-74.1429323464358,4.629841607895181],[-74.14292740126385,4.629835596983648],[-74.14292343908647,4.629828897212493],[-74.1429205541292,4.629821667910676],[-74.14291881499997,4.629814081000063],[-74.14291388699996,4.629874160000043],[-74.14291350499997,4.6298788150000405],[-74.14290956599996,4.629926835000049],[-74.14291392960851,4.629921363829167],[-74.14291900485959,4.629916545466687],[-74.1429246951086,4.629912471665435],[-74.14293089199998,4.629909220000059],[-74.14293763331237,4.62990681221453],[-74.14294464724331,4.629905381306848],[-74.14295179299995,4.629904956000075],[-74.14316662499994,4.629925700000058]]]},"properties":{"CALCODIGO":145600,"CALCIV":8004607,"CALFUNCION":1,"CALTSUPERF":2,"CALANCHO":5.69,"CALLONGITU":45.95,"OBJECTID":726278}},{"type":"Feature","id":726287,"geometry":{"type":"Polygon","coordinates":[[[-74.13672770699998,4.632790018000037],[-74.13672645399998,4.632802266000056],[-74.13672544699995,4.632806664000043],[-74.13672341270824,4.632812495562373],[-74.13672064714176,4.6328180179806795],[-74.13671719599995,4.632823140000028],[-74.13671083520717,4.6328305367214],[-74.13670331223875,4.6328367476889705],[-74.13669484499997,4.632841593000023],[-74.13668858339251,4.632844061208594],[-74.13668207494219,4.632845775809358],[-74.13667540999995,4.632846713000049],[-74.13674389499994,4.632855001000053],[-74.13674705299997,4.632855383000049],[-74.13681988699994,4.632864195000025],[-74.1368136936975,4.632862093265271],[-74.13680779930912,4.6328592594569145],[-74.13680228999993,4.632855735000021],[-74.1367956969257,4.6328500653122635],[-74.13679009107943,4.63284341787104],[-74.13678561559291,4.632835962402743],[-74.1367823847369,4.632827889264783],[-74.1367804810035,4.6328194045852795],[-74.13677995299997,4.63281072500007],[-74.13678001199997,4.63280900500007],[-74.13678837199996,4.632741116000034],[-74.13682493499994,4.632387275000042],[-74.13682588099994,4.632378109000058],[-74.13684881999995,4.632140804000073],[-74.13681124699997,4.632137327000066],[-74.13679465699994,4.632135792000042],[-74.13672770699998,4.632790018000037]]]},"properties":{"CALCODIGO":151553,"CALCIV":8004227,"CALFUNCION":1,"CALTSUPERF":2,"CALANCHO":6.3100000000000005,"CALLONGITU":79.76,"OBJECTID":726287}},{"type":"Feature","id":726409,"geometry":{"type":"Polygon","coordinates":[[[-74.13523808899998,4.631230903000073],[-74.13524464748224,4.631235675532639],[-74.13525028042045,4.631241511692649],[-74.13525481760962,4.631248235134549],[-74.13525812195394,4.631255642702654],[-74.13526009360923,4.631263510569704],[-74.13526067299995,4.631271601000037],[-74.13526543499995,4.631225590000042],[-74.13527066799998,4.631175017000032],[-74.13520908599997,4.631168636000041],[-74.13515095199995,4.631163126000047],[-74.13512095199997,4.631160148000049],[-74.13430730599998,4.631079994000061],[-74.1342995392013,4.631078165353735],[-74.13429215313687,4.631075146552374],[-74.13428532894898,4.631071011631689],[-74.13427923399996,4.631065862000071],[-74.13427454034111,4.631060527448995],[-74.13427062989496,4.631054594803755],[-74.1342675778793,4.631048178179325],[-74.13426544299995,4.631041401000061],[-74.13426325581828,4.631034492595582],[-74.13426200499998,4.631027355000072],[-74.13425516099994,4.631099651000056],[-74.13425465099994,4.631105045000027],[-74.13424896699996,4.6311650950000285],[-74.13425274342688,4.631157394956238],[-74.1342577797851,4.631150453258288],[-74.13426392799994,4.6311444740000525],[-74.13426994113122,4.631140255074646],[-74.13427651000282,4.631136967673637],[-74.13428349137429,4.631134683481904],[-74.13429073301025,4.631133452308403],[-74.13429807699998,4.631133301000034],[-74.13431123999999,4.631133301000034],[-74.13451689199997,4.631153999000048],[-74.13457847499996,4.631160145000024],[-74.13461204599997,4.6311635350000415],[-74.13483430899998,4.631185857000048],[-74.13489518799997,4.63119200400007],[-74.13492108799994,4.631194617000062],[-74.13493129399995,4.6311956060000625],[-74.13495852999995,4.631198432000076],[-74.13502102799998,4.631204647000061],[-74.13504911099994,4.631207474000064],[-74.13518980199996,4.6312216710000484],[-74.13521999399995,4.631224638000049],[-74.13522629675465,4.631225880535411],[-74.135232367267,4.631227982318218],[-74.13523808899998,4.631230903000073]]]},"properties":{"CALCODIGO":151444,"CALCIV":8004420,"CALFUNCION":1,"CALTSUPERF":2,"CALANCHO":6.1000000000000005,"CALLONGITU":112.98,"OBJECTID":726409}},{"type":"Feature","id":726474,"geometry":{"type":"Polygon","coordinates":[[[-74.13016313799994,4.626525234000042],[-74.13016851999998,4.626473150000038],[-74.13006738699994,4.626461449000033],[-74.1300612799381,4.626460989915615],[-74.13005524099998,4.626459971000031],[-74.12977878299995,4.626432659000045],[-74.12971887199996,4.626426168000023],[-74.12971364099997,4.626479471000039],[-74.12971086299996,4.626507788000026],[-74.12986521099998,4.626523355000074],[-74.12989416599999,4.6264973050000435],[-74.13016313799994,4.626525234000042]]]},"properties":{"CALCODIGO":147215,"CALCIV":8005404,"CALFUNCION":1,"CALTSUPERF":2,"CALANCHO":5.88,"CALLONGITU":50.22,"OBJECTID":726474}},{"type":"Feature","id":726514,"geometry":{"type":"Polygon","coordinates":[[[-74.14372829299998,4.630164788000059],[-74.14372811099997,4.630166562000056],[-74.14372822697014,4.6301682798815875],[-74.14372862978988,4.630169953889443],[-74.1437293080172,4.630171536473957],[-74.14373024238728,4.630172982682311],[-74.14373140635962,4.630174251435413],[-74.14373276687195,4.630175306694731],[-74.14373428527935,4.630176118485955],[-74.14373591845194,4.63017666375041],[-74.14373761999997,4.630176927000036],[-74.14391962999997,4.630193200000065],[-74.14414227399999,4.63021584400002],[-74.14416449799995,4.6302181040000505],[-74.14416623699998,4.630184960000065],[-74.14416735699996,4.630163612000047],[-74.14414845299996,4.630161009000062],[-74.14410722499997,4.630155332000072],[-74.14409846433392,4.6301576013731705],[-74.14408946499998,4.630158556000026],[-74.14389094199998,4.63014126500002],[-74.14388617534102,4.630140242952553],[-74.14388165101856,4.630138427429213],[-74.14387750007195,4.630135871013567],[-74.14387384272634,4.630132647747867],[-74.14387078491055,4.630128850988551],[-74.14386841518905,4.630124590702328],[-74.1438668021968,4.630119990281183],[-74.1438659926514,4.630115182968528],[-74.14386600999995,4.630110308000042],[-74.14387165699998,4.630053237000027],[-74.14387165921526,4.630051334360267],[-74.14387135813229,4.630049455692653],[-74.14387076144973,4.630047649034717],[-74.14386988442479,4.630045960582702],[-74.14386874948298,4.63004443351033],[-74.14386738564475,4.630043106864839],[-74.14386582778346,4.6300420145685575],[-74.14386411573362,4.630041184551501],[-74.14386229327235,4.630040638037206],[-74.14386040699998,4.630040389000044],[-74.14375103899994,4.63003165300006],[-74.1437496622665,4.630031581910845],[-74.14374829138355,4.630031727267453],[-74.14374696016999,4.630032085484024],[-74.14374570146614,4.63003264772355],[-74.14374454632356,4.630033400115891],[-74.14374352323895,4.63003432409994],[-74.14374265745127,4.630035396881519],[-74.143741970319,4.630036591995693],[-74.14374147879334,4.630037879959652],[-74.14374119499996,4.630039229000033],[-74.14373213199997,4.630127432000052],[-74.14372829299998,4.630164788000059]]]},"properties":{"CALCODIGO":145570,"CALCIV":8004574,"CALFUNCION":1,"CALTSUPERF":2,"CALANCHO":5.6000000000000005,"CALLONGITU":48.59,"OBJECTID":726514}},{"type":"Feature","id":726532,"geometry":{"type":"Polygon","coordinates":[[[-74.134307767,4.630226556000025],[-74.13430656600002,4.630262588999983],[-74.13434698200001,4.6302654780000125],[-74.13438739999998,4.630268366999985],[-74.13442781700002,4.6302712560000145],[-74.13446823499999,4.6302741459999766],[-74.13450865200002,4.630277035000006],[-74.134549069,4.630279922999989],[-74.13458948599998,4.630282813000008],[-74.13462990300002,4.630285701999981],[-74.13467032,4.63028859100001],[-74.13471073800002,4.630291479999983],[-74.134751155,4.630294369000012],[-74.13479157299997,4.630297258999974],[-74.13483199000001,4.6303001480000034],[-74.134851449,4.6303015390000155],[-74.13487236499998,4.630303108000021],[-74.13491269399998,4.630306174999987],[-74.13495302299998,4.630309260999979],[-74.13499334900001,4.630312412000023],[-74.13503367300001,4.63031562499998],[-74.13507399500003,4.630318862000024],[-74.135091509,4.630320301999973],[-74.13511430800003,4.630322299999989],[-74.135154613,4.6303259100000105],[-74.13519491699998,4.63032954800002],[-74.13523521799999,4.630333251000025],[-74.13523718099998,4.630297411000015],[-74.13523915399998,4.630261384999983],[-74.13519869200002,4.630257670999981],[-74.13515822800002,4.630253992999997],[-74.135117761,4.630250350999972],[-74.13509584399998,4.630248395000024],[-74.13507728600001,4.630246897000006],[-74.13503680000002,4.630243655000015],[-74.13499631399998,4.63024045100002],[-74.13495582600001,4.630237282999985],[-74.13494838999998,4.630236707999984],[-74.134915337,4.630234152000014],[-74.13487484500001,4.630231057000003],[-74.13485530399998,4.630229577000023],[-74.134834393,4.630228081999974],[-74.13479397499998,4.630225193000001],[-74.134753558,4.630222303999972],[-74.13471314100002,4.630219414999999],[-74.134672723,4.63021652499998],[-74.13463230600001,4.630213636999997],[-74.13459188899998,4.630210746999978],[-74.134551472,4.630207858000006],[-74.13451105500002,4.630204968999976],[-74.13447063699999,4.630202079000014],[-74.13443022000001,4.630199190999974],[-74.13438980199999,4.630196301000012],[-74.13434938500001,4.630193411999983],[-74.13430896800003,4.63019052300001],[-74.134307767,4.630226556000025]]]},"properties":{"CALCODIGO":91026912,"CALCIV":8013741,"CALFUNCION":1,"CALTSUPERF":1,"CALANCHO":7.97,"CALLONGITU":103.47,"OBJECTID":726532}},{"type":"Feature","id":726553,"geometry":{"type":"Polygon","coordinates":[[[-74.13032840900001,4.630045567000025],[-74.13034069499997,4.630047251999997],[-74.13037731700001,4.630052272],[-74.13067034599999,4.630092440999988],[-74.13071824399998,4.630098960999987],[-74.13073196900001,4.630100829000014],[-74.13075019299998,4.6299412700000175],[-74.13074219999999,4.629940195000017],[-74.130622975,4.629924173000006],[-74.13039893299998,4.629893502000016],[-74.13035321199999,4.629887242999985],[-74.13034781099998,4.629886503000023],[-74.13032840900001,4.630045567000025]]]},"properties":{"CALCODIGO":91026977,"CALCIV":8013653,"CALFUNCION":1,"CALTSUPERF":2,"CALANCHO":17.73,"CALLONGITU":45.15,"OBJECTID":726553}},{"type":"Feature","id":726644,"geometry":{"type":"Polygon","coordinates":[[[-74.12888733900002,4.629871714999979],[-74.12903849700001,4.629887313999973],[-74.12933275400002,4.629919347999987],[-74.12934324000003,4.629760744000009],[-74.12896125100002,4.629717950999975],[-74.12890703800002,4.629712327999982],[-74.12888733900002,4.629871714999979]]]},"properties":{"CALCODIGO":91027001,"CALCIV":8013655,"CALFUNCION":1,"CALTSUPERF":2,"CALANCHO":17.650000000000002,"CALLONGITU":49.230000000000004,"OBJECTID":726644}},{"type":"Feature","id":726756,"geometry":{"type":"Polygon","coordinates":[[[-74.14216301799996,4.631287013000076],[-74.14217353189518,4.631290031003701],[-74.14218343304839,4.63129468046642],[-74.14219247013638,4.631300843369872],[-74.14220041376872,4.631308363279687],[-74.14220706231039,4.631317049316297],[-74.14221224699997,4.6313266810000755],[-74.14221579509513,4.631336811173586],[-74.14221773061688,4.631347368784588],[-74.14221800680914,4.631358098794483],[-74.14221661699997,4.631368742000063],[-74.14221497999995,4.631375028000036],[-74.14220040099997,4.631413517000055],[-74.14217110999994,4.631490849000045],[-74.14200518499996,4.63192422700007],[-74.14206855599997,4.631948667000074],[-74.14208752499997,4.631899143000055],[-74.14210515199994,4.631853124000031],[-74.14213661799994,4.63177097800002],[-74.14220341899994,4.631596579000075],[-74.14224980199998,4.631471133000048],[-74.14226236699994,4.631437149000021],[-74.14226398599999,4.631432769000071],[-74.14228258999998,4.6313824580000755],[-74.14227827865102,4.63137542846862],[-74.14227494957848,4.631367883979348],[-74.14227266299997,4.631359961000044],[-74.14226771495669,4.631332351788015],[-74.14225836199995,4.6313059080000585],[-74.14225798916296,4.631304831532266],[-74.14225780618345,4.631303707117384],[-74.14225781846775,4.6313025679776105],[-74.14225802565295,4.631301447770208],[-74.14225842161748,4.6313003795930605],[-74.1422589946621,4.631299395006756],[-74.14225972785552,4.631298523102086],[-74.14226059953464,4.6312977896405325],[-74.14226158394463,4.631297216293103],[-74.14226265199994,4.6312968200000455],[-74.14223027599996,4.631293633000041],[-74.14218141199996,4.631288824000023],[-74.14216301799996,4.631287013000076]]]},"properties":{"CALCODIGO":91027069,"CALCIV":8004439,"CALFUNCION":1,"CALTSUPERF":2,"CALANCHO":7.4,"CALLONGITU":75.14,"OBJECTID":726756}},{"type":"Feature","id":726899,"geometry":{"type":"Polygon","coordinates":[[[-74.13634198799997,4.630882417000066],[-74.13634415499996,4.63088749800005],[-74.13634542857078,4.630891814994254],[-74.13634624099996,4.630896242000063],[-74.13634633399994,4.630906512000024],[-74.13630510899998,4.631337217000066],[-74.13630429546136,4.631341547728086],[-74.13630287799998,4.63134572000007],[-74.13630229499995,4.63135163000004],[-74.13629795799994,4.631395654000073],[-74.13629788899993,4.631396357000028],[-74.13632105899995,4.631398577000027],[-74.13636035599995,4.631402342000058],[-74.13636043599996,4.631401505000042],[-74.13636625899994,4.631340317000024],[-74.13636554127989,4.631335797704542],[-74.13636526699997,4.6313312300000575],[-74.13640300399999,4.630934685000057],[-74.13640589799996,4.630911256000047],[-74.13640595199996,4.63090614500004],[-74.13640484199993,4.630892647000053],[-74.13640418699998,4.630888792000064],[-74.13637544699998,4.630885846000069],[-74.13634198799997,4.630882417000066]]]},"properties":{"CALCODIGO":151548,"CALCIV":8004486,"CALFUNCION":1,"CALTSUPERF":1,"CALANCHO":6.62,"CALLONGITU":57.04,"OBJECTID":726899}},{"type":"Feature","id":726905,"geometry":{"type":"Polygon","coordinates":[[[-74.14310552299997,4.630789865999986],[-74.143256248,4.630805149000025],[-74.143294707,4.630809048999993],[-74.14329558899999,4.630809151999983],[-74.143317932,4.6306515389999845],[-74.14320884799997,4.63064043899999],[-74.14292615699998,4.630613171999983],[-74.14291595600002,4.630612246999988],[-74.14287730500001,4.630608741000003],[-74.14280400799998,4.630602092000004],[-74.14277305799999,4.630599285000017],[-74.14275885299998,4.630755867999994],[-74.14277291899998,4.630757268000025],[-74.14277291899998,4.630757440000025],[-74.142772928,4.630757585000026],[-74.14277294599998,4.630757738],[-74.142772955,4.630757883000001],[-74.14277297299998,4.630758027000013],[-74.14277299100002,4.630758180999976],[-74.142773009,4.630758325999977],[-74.142773036,4.630758479000008],[-74.14277306299999,4.630758624000009],[-74.14277308999999,4.6307587690000105],[-74.14277311699999,4.630758913000022],[-74.142773154,4.630759058000024],[-74.14277319000001,4.630759203000025],[-74.14277322599997,4.63075934699998],[-74.14277327100001,4.6307594919999815],[-74.14277331599999,4.630759635999993],[-74.14277336100002,4.630759780999995],[-74.142773406,4.630759916999978],[-74.14277346,4.6307600609999895],[-74.142773514,4.630760196999972],[-74.142773568,4.630760333000012],[-74.14277363100001,4.630760468000005],[-74.14277369400003,4.630760613000007],[-74.14277375699999,4.630760738999982],[-74.14277382,4.630760875000021],[-74.14277389199998,4.630761010000015],[-74.142773955,4.6307611459999976],[-74.14277402699997,4.630761273000019],[-74.14277410800003,4.630761398999994],[-74.14277418,4.630761526000015],[-74.14277426199999,4.63076165199999],[-74.14277434299999,4.630761779000011],[-74.14277442399998,4.630761904999986],[-74.142774514,4.630762022999988],[-74.14277460400001,4.63076214900002],[-74.14277469400002,4.630762267000023],[-74.14277478399998,4.6307623850000255],[-74.142774874,4.63076249300002],[-74.14277497299997,4.630762609999977],[-74.142775072,4.630762719000018],[-74.14277517099998,4.630762835999974],[-74.142775271,4.630762945000015],[-74.142775379,4.630763043999991],[-74.142775487,4.630763152999975],[-74.14277559499999,4.630763261000027],[-74.14277570299998,4.6307633609999925],[-74.14277581099998,4.630763460000026],[-74.14277592799999,4.630763550999973],[-74.14277603599999,4.630763650000006],[-74.142776153,4.63076374000002],[-74.142776271,4.630763831000024],[-74.14277639699998,4.630763920999982],[-74.14277651399999,4.630764011999986],[-74.14277664000002,4.630764092999982],[-74.14277675699998,4.630764182999997],[-74.14277688300001,4.63076425600002],[-74.14277700899999,4.630764337000016],[-74.14277714399998,4.6307644180000125],[-74.14277727000001,4.630764490999979],[-74.142777406,4.630764563000014],[-74.14277753200003,4.630764625999973],[-74.14277766700002,4.630764698999997],[-74.14277780200001,4.6307647620000125],[-74.142777937,4.630764825000028],[-74.142778072,4.630764879000026],[-74.14277820699999,4.630764942999974],[-74.142778352,4.630764997000028],[-74.14277848699999,4.630765051000026],[-74.142778631,4.630765096000005],[-74.14277876599999,4.630765150999991],[-74.14277891,4.630765196000027],[-74.14277905400002,4.6307652319999875],[-74.14277919800003,4.630765277000023],[-74.14277934199998,4.6307653129999835],[-74.14277948699998,4.630765349000001],[-74.142779631,4.630765386000007],[-74.14277978400003,4.630765413000006],[-74.14277992799998,4.630765440000005],[-74.142780072,4.630765467000003],[-74.14278022500002,4.6307654849999835],[-74.14278036899998,4.6307655030000205],[-74.14278051399998,4.630765521000001],[-74.14278066700001,4.630765538999981],[-74.14278081100002,4.630765547999999],[-74.142780964,4.630765557000018],[-74.14278111700003,4.63076556599998],[-74.14278126099998,4.630765574999998],[-74.142781415,4.630765574999998],[-74.14278155900001,4.630765574999998],[-74.14278171199999,4.63076556599998],[-74.142781856,4.63076556599998],[-74.14278200899997,4.630765557000018],[-74.14278215299998,4.630765547999999],[-74.14278230600002,4.630765530000019],[-74.14278245100002,4.630765511999982],[-74.14278260399999,4.630765494000002],[-74.142782748,4.630765476000022],[-74.14278290099998,4.630765449000023],[-74.14278304499999,4.6307654220000245],[-74.142783189,4.630765395000026],[-74.14278333300001,4.630765359000009],[-74.14278348699997,4.630765322000002],[-74.14278363099999,4.630765285999985],[-74.142783775,4.6307652500000245],[-74.14278391900001,4.630765204999989],[-74.142784054,4.63076516000001],[-74.14278419800002,4.630765113999985],[-74.14278434200003,4.630765069000006],[-74.14278447700002,4.630765015000009],[-74.14278462200002,4.630764961000011],[-74.14278475700002,4.630764907000014],[-74.14278490100003,4.630764843000009],[-74.14278503600002,4.630764779999993],[-74.14278517100001,4.630764716999977],[-74.14278530600001,4.630764653000028],[-74.14278543199998,4.630764580999994],[-74.14278556800002,4.630764517999978],[-74.142785694,4.630764446000001],[-74.14278582899999,4.630764364000015],[-74.14278595500002,4.630764291999981],[-74.142786081,4.630764210999985],[-74.14278620699997,4.630764128999999],[-74.142786333,4.630764038999985],[-74.14278645000002,4.630763956999999],[-74.14278657699998,4.630763866999985],[-74.142786694,4.630763777000027],[-74.14278681100001,4.630763686000023],[-74.14278692800002,4.63076358699999],[-74.14278703600002,4.630763495999986],[-74.14278715299997,4.63076339700001],[-74.14278726100002,4.630763297999977],[-74.14278736900002,4.6307631889999925],[-74.14278747700001,4.630763090000016],[-74.142787586,4.630762980999975],[-74.14278768499997,4.630762872999981],[-74.14278779300002,4.630762763999996],[-74.142787892,4.630762646999983],[-74.14278799099998,4.630762537999999],[-74.14278808099999,4.630762420999986],[-74.14278818000003,4.630762302999983],[-74.14278826999998,4.630762186000027],[-74.14278836,4.630762068000024],[-74.14278845000001,4.630761951000011],[-74.14278853100001,4.63076182399999],[-74.142788613,4.630761698000015],[-74.14278869399999,4.630761570999994],[-74.14278877499999,4.6307614439999725],[-74.14278885599998,4.630761317999998],[-74.14278892800002,4.630761190999976],[-74.142789,4.630761055999983],[-74.14278907200003,4.63076092],[-74.14278913499999,4.630760794000025],[-74.142789198,4.630760657999986],[-74.14278926100002,4.630760522000003],[-74.14278932399998,4.630760387000009],[-74.14278937799997,4.630760242000008],[-74.14278944099999,4.630760107000015],[-74.14278949499999,4.630759970999975],[-74.14278954000002,4.630759825999974],[-74.14278959500001,4.6307596820000185],[-74.14278963999999,4.630759545999979],[-74.142789676,4.630759402000024],[-74.14278972099999,4.6307592570000224],[-74.142789757,4.630759112000021],[-74.14278979300002,4.630758968000009],[-74.14278982899998,4.630758823000008],[-74.14278985599998,4.6307586780000065],[-74.142789892,4.630758524999976],[-74.14278990999998,4.630758379999975],[-74.14278993699997,4.630758234999973],[-74.14278995500001,4.630758082],[-74.14310552299997,4.630789865999986]]]},"properties":{"CALCODIGO":24122320,"CALCIV":8013659,"CALFUNCION":1,"CALTSUPERF":2,"CALANCHO":17.52,"CALLONGITU":60.32,"OBJECTID":726905}},{"type":"Feature","id":726934,"geometry":{"type":"Polygon","coordinates":[[[-74.13525117799998,4.630023986000026],[-74.13525698199999,4.630024927000022],[-74.13532442699994,4.630035866000071],[-74.13549809299997,4.630064034000043],[-74.13556568299998,4.63007727400003],[-74.13588895499998,4.630140596000047],[-74.13611020899998,4.630182560000037],[-74.13614428199998,4.630189401000052],[-74.13616616099995,4.630193794000036],[-74.13616662699997,4.630193887000075],[-74.13617702599998,4.630100971000047],[-74.13587684699996,4.630042618000061],[-74.13535675199995,4.62994311500006],[-74.13533285899996,4.629939077000074],[-74.13526617699995,4.629927807000058],[-74.1352651476451,4.629927406578675],[-74.13526419947208,4.629926840118944],[-74.13526335903113,4.629926123482565],[-74.1352626498558,4.629925276736399],[-74.13526209180407,4.629924323590577],[-74.13526170050217,4.629923290734573],[-74.13526148690714,4.62992220708986],[-74.13526145699996,4.629921103000072],[-74.13525117799998,4.630023986000026]]]},"properties":{"CALCODIGO":91026854,"CALCIV":8012583,"CALFUNCION":1,"CALTSUPERF":2,"CALANCHO":10.370000000000001,"CALLONGITU":103.53,"OBJECTID":726934}},{"type":"Feature","id":727008,"geometry":{"type":"Polygon","coordinates":[[[-74.14003158899999,4.631071631999987],[-74.14011995999999,4.63108053000002],[-74.14018734299998,4.631087315000002],[-74.14074044,4.6311430069999915],[-74.14074838599998,4.630986367999981],[-74.14052582300002,4.63096458199999],[-74.14023858600001,4.630936775000009],[-74.14022690299998,4.630935643999976],[-74.14020126899999,4.630932944999984],[-74.14019462499999,4.630932244999997],[-74.14008435800002,4.630916000000013],[-74.1400372,4.630909052999982],[-74.14003381700002,4.631007070999999],[-74.140033727,4.6310096839999915],[-74.14003158899999,4.631071631999987]]]},"properties":{"CALCODIGO":91026948,"CALCIV":8004470,"CALFUNCION":1,"CALTSUPERF":2,"CALANCHO":17.3,"CALLONGITU":79.25,"OBJECTID":727008}},{"type":"Feature","id":727047,"geometry":{"type":"Polygon","coordinates":[[[-74.13998833699998,4.63085999499998],[-74.13998737999998,4.6308860560000085],[-74.13998706000001,4.630894754999986],[-74.140002014,4.630896867999979],[-74.140013571,4.630898182999999],[-74.140022606,4.630899210999985],[-74.140062935,4.630903799999999],[-74.14008219200002,4.63090599100002],[-74.140103264,4.6309083890000124],[-74.14012452700001,4.63091080800001],[-74.140143609,4.630912717000001],[-74.140183976,4.630916685999978],[-74.140224338,4.6309207240000205],[-74.14026470099998,4.630924760000028],[-74.14030506400002,4.630928797000024],[-74.14033008400003,4.630931361000023],[-74.140345427,4.630932834000021],[-74.14038578999998,4.630936870000028],[-74.14042615300002,4.630940905999978],[-74.14046651500001,4.630944941999985],[-74.140506878,4.630948977999992],[-74.14054723999999,4.630953014999989],[-74.14058760299997,4.630957050999996],[-74.14062796600001,4.630961087000003],[-74.140668329,4.63096512300001],[-74.14070869099999,4.630969159000017],[-74.14072778100001,4.630971068000008],[-74.14074905400003,4.630973195000024],[-74.14075124800002,4.630937157999995],[-74.14075342699999,4.630901354999992],[-74.14072727000001,4.630898738999974],[-74.14071306400001,4.630897317999995],[-74.14067270100003,4.630893282999978],[-74.14063233899998,4.630889247000027],[-74.140591976,4.63088521100002],[-74.14055161300001,4.630881176000003],[-74.14051124999997,4.6308771399999955],[-74.14047088699999,4.630873104999978],[-74.14043052400001,4.630869067999981],[-74.14039016100003,4.6308650330000205],[-74.14034980000002,4.630860997000013],[-74.14030943699998,4.630856961999996],[-74.140269074,4.630852925999989],[-74.14022871100002,4.630848889999982],[-74.14018834799998,4.6308448539999745],[-74.140147985,4.630840818000024],[-74.14010762200002,4.630836783000007],[-74.14006726000002,4.6308327469999995],[-74.140066322,4.630832653000027],[-74.14003992800002,4.630830014000026],[-74.14002689699998,4.630828710999992],[-74.13998962400001,4.630824984000014],[-74.13998833699998,4.63085999499998]]]},"properties":{"CALCODIGO":91026949,"CALCIV":8004470,"CALFUNCION":1,"CALTSUPERF":3,"CALANCHO":7.94,"CALLONGITU":85.11,"OBJECTID":727047}},{"type":"Feature","id":727073,"geometry":{"type":"Polygon","coordinates":[[[-74.13741682699998,4.632978060000028],[-74.13747775799999,4.632985195999993],[-74.13747790500003,4.632983731000024],[-74.137518736,4.632576914000026],[-74.13753700799998,4.6323872840000035],[-74.13755433400001,4.632207460000018],[-74.13749413400001,4.632201443999975],[-74.13747566699999,4.6323872840000035],[-74.13747429799997,4.632401023999989],[-74.137436041,4.632776153000009],[-74.13741687499999,4.632977562999997],[-74.13741682699998,4.632978060000028]]]},"properties":{"CALCODIGO":24122331,"CALCIV":8014092,"CALFUNCION":1,"CALTSUPERF":2,"CALANCHO":6.84,"CALLONGITU":86.4,"OBJECTID":727073}},{"type":"Feature","id":727181,"geometry":{"type":"Polygon","coordinates":[[[-74.14004921499998,4.630560933000027],[-74.140053061,4.630561252999996],[-74.140282727,4.630580329999987],[-74.14062863200002,4.63062060499999],[-74.14062922900001,4.630612095999993],[-74.14063100999999,4.630586728000026],[-74.14063334399998,4.630553468000016],[-74.14048045499999,4.630541651999977],[-74.14036904800003,4.630536130999985],[-74.140055335,4.630523544000027],[-74.14005051200002,4.630523349999976],[-74.14004921499998,4.630560933000027]]]},"properties":{"CALCODIGO":91026950,"CALCIV":8004470,"CALFUNCION":1,"CALTSUPERF":2,"CALANCHO":5.79,"CALLONGITU":64.7,"OBJECTID":727181}},{"type":"Feature","id":727186,"geometry":{"type":"Polygon","coordinates":[[[-74.14224532200001,4.631066780000026],[-74.14224558799998,4.631102886999997],[-74.14228602600002,4.631104117999996],[-74.14232646599999,4.6311053480000055],[-74.14236690400003,4.631106579000004],[-74.142407343,4.631107808000024],[-74.14244778199998,4.631109039000023],[-74.14248822100001,4.631110268999976],[-74.14252865999998,4.6311114999999745],[-74.14256909800002,4.631112729999984],[-74.14260953799999,4.631113960999983],[-74.14264997599997,4.631115190999992],[-74.142690415,4.6311164210000015],[-74.14273085399998,4.631117652],[-74.142730589,4.631081543999983],[-74.14273032300002,4.631045437000012],[-74.14268988499998,4.631044206000013],[-74.14264944500002,4.631042976000003],[-74.14260900699998,4.6310417450000045],[-74.142568568,4.631040514999995],[-74.14252812900003,4.631039284999986],[-74.14248769,4.631038054999976],[-74.14244725100002,4.6310368239999775],[-74.14240681199999,4.631035594000025],[-74.14236637300002,4.631034363000026],[-74.14232593499997,4.631033133000017],[-74.14228549500001,4.631031902000018],[-74.14224505700003,4.6310306720000085],[-74.14224532200001,4.631066780000026]]]},"properties":{"CALCODIGO":91026985,"CALCIV":8013658,"CALFUNCION":1,"CALTSUPERF":1,"CALANCHO":7.98,"CALLONGITU":53.9,"OBJECTID":727186}},{"type":"Feature","id":727211,"geometry":{"type":"Polygon","coordinates":[[[-74.13295796300002,4.629776042999993],[-74.13304046500002,4.62978549799999],[-74.13334779600001,4.629815989999997],[-74.13335219099997,4.629816478000009],[-74.133361767,4.629817401000025],[-74.13337740700001,4.629660385000022],[-74.133358144,4.629658129999996],[-74.13326030600001,4.6296466769999824],[-74.13326001899998,4.629646716000025],[-74.13326021799998,4.629646665999985],[-74.13325870199998,4.629646488999981],[-74.13297586800002,4.629618721999975],[-74.13295796300002,4.629776042999993]]]},"properties":{"CALCODIGO":91026960,"CALCIV":8013648,"CALFUNCION":1,"CALTSUPERF":2,"CALANCHO":17.62,"CALLONGITU":44.94,"OBJECTID":727211}},{"type":"Feature","id":727378,"geometry":{"type":"Polygon","coordinates":[[[-74.13368872099994,4.631070080000029],[-74.13374882699998,4.631075943000042],[-74.13381259099998,4.63108230000006],[-74.13387389299999,4.631088375000047],[-74.13389697799994,4.631090635000021],[-74.13390830799995,4.631091766000054],[-74.13394152899997,4.631095086000073],[-74.13413282499994,4.631114017000073],[-74.1341405697623,4.631115240990195],[-74.13414805688389,4.631117569617654],[-74.13415512967919,4.631120954150466],[-74.13416164013339,4.631125323759357],[-74.13416745199999,4.63113058700003],[-74.13417259061579,4.631136833914614],[-74.13417674910987,4.631143771943244],[-74.13417983606955,4.631151248573111],[-74.13418178363682,4.631159099451785],[-74.13418254899995,4.631167152000046],[-74.13418902199999,4.631098790000067],[-74.13418962699996,4.631092401000046],[-74.13419453399996,4.631040571000028],[-74.1341902885097,4.631046833435481],[-74.13418514248949,4.631052379673965],[-74.13417921495582,4.6310570814427825],[-74.13417264299994,4.631060830000024],[-74.13416514967086,4.631063659956827],[-74.1341572981846,4.631065245138203],[-74.13414929385684,4.631065544091805],[-74.13414134599998,4.63106454900003],[-74.13413977799996,4.6310645840000575],[-74.13408860799996,4.63105887200004],[-74.13339809299998,4.630988495000054],[-74.13339042791098,4.630987415457946],[-74.13338305044964,4.6309850719424945],[-74.13337616750823,4.63098153017485],[-74.13336997211078,4.630976889479744],[-74.13336463799999,4.63097128000004],[-74.13336067934732,4.630965511530536],[-74.13335763051617,4.630959214642409],[-74.1333555604611,4.630952531750563],[-74.13335451599994,4.630945614000041],[-74.13335346981556,4.630939855787414],[-74.13335313681058,4.630934012789716],[-74.13335352199994,4.630928173000029],[-74.13337305599998,4.630797330000064],[-74.13326938299997,4.630784361000053],[-74.13326660799999,4.630784279000068],[-74.13325117599999,4.6309586160000435],[-74.13324744899995,4.63099683300004],[-74.13324050399996,4.631068044000074],[-74.13323952899998,4.6310780440000485],[-74.13324295974766,4.631067966729374],[-74.13324806240776,4.631058624124067],[-74.13325468681009,4.631050291134949],[-74.13326263799996,4.631043213000055],[-74.13327028678304,4.6310383347771715],[-74.13327856819608,4.631034630841499],[-74.13328730321253,4.631032181264242],[-74.13329630299995,4.6310310390000495],[-74.13346702199993,4.6310480390000635],[-74.13349848199994,4.6310510760000625],[-74.13356316299996,4.631057646000045],[-74.13362340899994,4.6310635800000455],[-74.13368872099994,4.631070080000029]]]},"properties":{"CALCODIGO":151443,"CALCIV":8004432,"CALFUNCION":1,"CALTSUPERF":2,"CALANCHO":6.1000000000000005,"CALLONGITU":105.21000000000001,"OBJECTID":727378}},{"type":"Feature","id":727384,"geometry":{"type":"Polygon","coordinates":[[[-74.13639434399994,4.628419097000062],[-74.13639653191558,4.628418460598427],[-74.13639879490933,4.628418194438399],[-74.13640107077671,4.628418305836111],[-74.13640329695943,4.628418791729498],[-74.13640541226485,4.628419638762473],[-74.13640735854811,4.62842082365206],[-74.1364090823104,4.628422313828381],[-74.13641053616945,4.628424068329935],[-74.13641168016206,4.628426038929532],[-74.13641248284252,4.628428171459943],[-74.13641292214697,4.6284304073028375],[-74.13641298599998,4.628432685000064],[-74.13634872699998,4.629082543000038],[-74.13640249899998,4.629087779000031],[-74.13646600199996,4.628450199000042],[-74.13646732299998,4.628443350000055],[-74.13647664699994,4.6283497090000765],[-74.13646790099995,4.628348840000058],[-74.13640217699998,4.628342309000061],[-74.13639434399994,4.628419097000062]]]},"properties":{"CALCODIGO":519183,"CALCIV":8004927,"CALFUNCION":1,"CALTSUPERF":2,"CALANCHO":6.2700000000000005,"CALLONGITU":82.06,"OBJECTID":727384}},{"type":"Feature","id":727466,"geometry":{"type":"Polygon","coordinates":[[[-74.13036555799994,4.629513112000041],[-74.13037922599995,4.629514456000038],[-74.13057025499995,4.629533241000047],[-74.13078931999996,4.629555227000026],[-74.13080436199994,4.629401134000034],[-74.13052122599998,4.629372526000054],[-74.13051095299994,4.629371458000037],[-74.13038885599997,4.6293587810000645],[-74.13038276999998,4.629358149000041],[-74.13038071399995,4.62935793500003],[-74.13036555799994,4.629513112000041]]]},"properties":{"CALCODIGO":91026990,"CALCIV":8013653,"CALFUNCION":1,"CALTSUPERF":2,"CALANCHO":17.16,"CALLONGITU":47.28,"OBJECTID":727466}},{"type":"Feature","id":727653,"geometry":{"type":"Polygon","coordinates":[[[-74.12783677799996,4.62934440500004],[-74.12784415699997,4.629344866000054],[-74.12784438899996,4.629344880000076],[-74.12786067599995,4.629345897000064],[-74.12800460199998,4.629354883000076],[-74.12836212199994,4.629371904000038],[-74.12836840199998,4.62922194500004],[-74.12796429699995,4.629202820000046],[-74.12796118699998,4.629202597000074],[-74.12796057799994,4.62920254200003],[-74.12786830999994,4.62919598600007],[-74.12785919099997,4.629195338000045],[-74.12784627299999,4.629194419000044],[-74.12783677799996,4.62934440500004]]]},"properties":{"CALCODIGO":91024394,"CALCIV":8004679,"CALFUNCION":1,"CALTSUPERF":2,"CALANCHO":16.59,"CALLONGITU":58.2,"OBJECTID":727653}},{"type":"Feature","id":727656,"geometry":{"type":"Polygon","coordinates":[[[-74.13522449199996,4.631667112000059],[-74.13527741399997,4.631672700000024],[-74.13528276399995,4.6316187750000495],[-74.13528938299999,4.63155182600002],[-74.13529304299993,4.6315148200000635],[-74.13529459199998,4.631499427000051],[-74.13529782999996,4.631466869000064],[-74.13530205399996,4.63142442700007],[-74.13530501099996,4.631394555000043],[-74.13530726399995,4.63137195500002],[-74.13530807168974,4.6313656424448375],[-74.13530969899995,4.631359490000023],[-74.13531303056948,4.631351826366001],[-74.13531763458863,4.6313448525829894],[-74.13532337293005,4.631338777874785],[-74.13533007343499,4.631333784491614],[-74.13533753507839,4.631330022242352],[-74.13534553399995,4.631327604000035],[-74.13528563699998,4.631321322000076],[-74.13525658699996,4.631318276000059],[-74.13522997999996,4.631622179000033],[-74.13522916979639,4.6316257560923235],[-74.13522781399996,4.63162916400006],[-74.13522449199996,4.631667112000059]]]},"properties":{"CALCODIGO":151542,"CALCIV":8004401,"CALFUNCION":1,"CALTSUPERF":2,"CALANCHO":6.11,"CALLONGITU":38.76,"OBJECTID":727656}},{"type":"Feature","id":727691,"geometry":{"type":"Polygon","coordinates":[[[-74.12783389399999,4.629389961000015],[-74.127831641,4.629424943999993],[-74.12783608000001,4.629425190000006],[-74.12783615500001,4.629425194000021],[-74.12787245099997,4.629427204000024],[-74.12791290000001,4.629429285000015],[-74.12795370999999,4.629431365000016],[-74.12799424899998,4.629433445000018],[-74.12803469800002,4.629435435000005],[-74.12807523800001,4.629437153000026],[-74.12811586700002,4.629439052999999],[-74.12815613599997,4.629440862000024],[-74.12819676599997,4.629442942000026],[-74.12823739499999,4.629444841000009],[-74.12827775400001,4.629446739999992],[-74.12831811299998,4.629448549000017],[-74.128358833,4.6294504489999895],[-74.128360305,4.629415290999987],[-74.12836171800001,4.629381567999985],[-74.12832090799998,4.629379668000013],[-74.128280744,4.629377364999982],[-74.12824018999999,4.629375599000014],[-74.12819938000001,4.629373970000017],[-74.12815893099997,4.629371890000016],[-74.12811818,4.629370074999997],[-74.12807776199998,4.629367910999974],[-74.12803821300002,4.629366372999982],[-74.12799731400003,4.629364382999995],[-74.12795704500002,4.6293623939999975],[-74.12791650499997,4.6293603130000065],[-74.12787632599998,4.629358051999986],[-74.12786010399998,4.6293571420000035],[-74.12784301900001,4.629356181999981],[-74.12783605700002,4.629355792000013],[-74.12783389399999,4.629389961000015]]]},"properties":{"CALCODIGO":91024393,"CALCIV":8004679,"CALFUNCION":1,"CALTSUPERF":1,"CALANCHO":7.65,"CALLONGITU":58.5,"OBJECTID":727691}},{"type":"Feature","id":727841,"geometry":{"type":"Polygon","coordinates":[[[-74.13075623399999,4.629888379000022],[-74.13075226900003,4.629923091000023],[-74.13079253799998,4.6299281540000266],[-74.130832537,4.6299333069999875],[-74.130872716,4.629938279999976],[-74.13091298500001,4.629943523999998],[-74.130953164,4.629948677000016],[-74.13099325299999,4.6299535590000005],[-74.13103379199998,4.62995889299998],[-74.131073791,4.629964137000002],[-74.13111423999999,4.629969200000005],[-74.13115396900002,4.629974263000008],[-74.131194418,4.629979506999973],[-74.131234657,4.629984659999991],[-74.13127459600003,4.629989541999976],[-74.13127900799998,4.629955350999978],[-74.13128346600001,4.629920815999981],[-74.13124319100001,4.629915911000012],[-74.13120294499998,4.629910842000015],[-74.131162529,4.6299056540000265],[-74.131122388,4.629900202999977],[-74.13108198999998,4.629895165999983],[-74.13104199200001,4.62989010299998],[-74.13102190199999,4.629887571999973],[-74.13100181300001,4.6298850399999765],[-74.13096163400002,4.629879976999973],[-74.13092118499998,4.629874733000008],[-74.130881096,4.629869670000005],[-74.130840917,4.629864516999987],[-74.13080055799998,4.62985936299998],[-74.13076055900001,4.629854299999977],[-74.13076013199998,4.629854245999979],[-74.13075623399999,4.629888379000022]]]},"properties":{"CALCODIGO":91026980,"CALCIV":8013654,"CALFUNCION":1,"CALTSUPERF":1,"CALANCHO":7.66,"CALLONGITU":58.5,"OBJECTID":727841}},{"type":"Feature","id":727856,"geometry":{"type":"Polygon","coordinates":[[[-74.131823247,4.630241044000002],[-74.13223575400002,4.630283811000027],[-74.132611166,4.630322682999974],[-74.13272379,4.630333447999988],[-74.13291894999998,4.63035352899999],[-74.132930397,4.630192271999988],[-74.13286841399997,4.630186374000004],[-74.13285223399998,4.630184837000002],[-74.13284719799998,4.630184358000008],[-74.132449264,4.630144341000005],[-74.13203239299997,4.630102406999981],[-74.13183875800001,4.630081484000016],[-74.131823247,4.630241044000002]]]},"properties":{"CALCODIGO":91026954,"CALCIV":8013647,"CALFUNCION":1,"CALTSUPERF":2,"CALANCHO":17.75,"CALLONGITU":122.01,"OBJECTID":727856}},{"type":"Feature","id":727979,"geometry":{"type":"Polygon","coordinates":[[[-74.13295694199996,4.629055231000052],[-74.13298095799996,4.62905764900006],[-74.13301312199997,4.629060898000034],[-74.13304007799996,4.629063582000072],[-74.13305063499996,4.62906464100007],[-74.13308238299999,4.629067805000034],[-74.13308539399998,4.629037374000063],[-74.13309212799999,4.628969315000063],[-74.13308904574221,4.6289778015796585],[-74.13308462839898,4.628985676185995],[-74.13307899284686,4.6289927304682745],[-74.13307228819448,4.628998777780297],[-74.13306469183735,4.629003658118854],[-74.13305640476416,4.629007242357179],[-74.13304764623904,4.629009435661464],[-74.13303864799997,4.629010180000023],[-74.13303187119212,4.629009761897666],[-74.13302519666777,4.629008516643096],[-74.13301872499994,4.629006463000053],[-74.13296237299994,4.629000906000044],[-74.13295934499996,4.629031201000032],[-74.13295694199996,4.629055231000052]]]},"properties":{"CALCODIGO":91021100,"CALCIV":8013071,"CALFUNCION":1,"CALTSUPERF":2,"CALANCHO":6.49,"CALLONGITU":13.99,"OBJECTID":727979}},{"type":"Feature","id":728160,"geometry":{"type":"Polygon","coordinates":[[[-74.13200160899999,4.6289616970000225],[-74.1320066886855,4.628960922820582],[-74.13201182699999,4.628960906000032],[-74.13204707899996,4.628963765000037],[-74.13207065699999,4.628966239000022],[-74.13210443999998,4.628969558000051],[-74.13232839099999,4.628992093000022],[-74.13238265299998,4.628997462000029],[-74.13245753799998,4.629005068000026],[-74.13246033499996,4.62897711100004],[-74.13246351299995,4.6289453370000615],[-74.13245854499996,4.628944868000076],[-74.13240496399999,4.628939803000037],[-74.13239854111576,4.6289404861295225],[-74.13239208599998,4.628940259000046],[-74.13238786399995,4.62893983500004],[-74.13233599299997,4.628934819000051],[-74.13231368299995,4.62893255900002],[-74.13227201699993,4.628928250000058],[-74.13221409499994,4.628922245000069],[-74.13216848799993,4.62891765400002],[-74.13212907399998,4.6289140500000485],[-74.13210922699994,4.62891200100006],[-74.13209057699999,4.628909954000051],[-74.13201956899997,4.628901819000021],[-74.13201322499998,4.628899904000036],[-74.13201318999995,4.628899889000024],[-74.13201215899994,4.628899473000047],[-74.13200640294501,4.628896515703761],[-74.13200115902265,4.628892723732245],[-74.13199654731386,4.628888183918168],[-74.13199267342257,4.628883000219108],[-74.1319896260573,4.628877291337019],[-74.13198747499996,4.628871188000062],[-74.13198105399994,4.628931922000049],[-74.13198095999996,4.62893281700002],[-74.13197472699994,4.628991799000062],[-74.13197574380453,4.628986523475272],[-74.13197755714297,4.628981466118545],[-74.13198012416719,4.628976746432113],[-74.13198338421999,4.62897247593927],[-74.13198726026832,4.628968755549139],[-74.13199166072353,4.628965673172255],[-74.13199648160558,4.6289633016432905],[-74.13200160899999,4.6289616970000225]]]},"properties":{"CALCODIGO":147189,"CALCIV":8004776,"CALFUNCION":1,"CALTSUPERF":2,"CALANCHO":6.58,"CALLONGITU":53.44,"OBJECTID":728160}},{"type":"Feature","id":728190,"geometry":{"type":"Polygon","coordinates":[[[-74.13772830099998,4.632387286999972],[-74.13768065599999,4.632870013000002],[-74.13766730399999,4.633001558999979],[-74.13772770999998,4.633006324000007],[-74.13778807300002,4.632450861999985],[-74.13779380400001,4.632387288000018],[-74.13780761599998,4.632233927000016],[-74.13780771900002,4.632232783999996],[-74.13780023999999,4.632232036999994],[-74.13774417799999,4.632226434000017],[-74.13772830099998,4.632387286999972]]]},"properties":{"CALCODIGO":24122333,"CALCIV":8014092,"CALFUNCION":1,"CALTSUPERF":2,"CALANCHO":7.05,"CALLONGITU":86.10000000000001,"OBJECTID":728190}},{"type":"Feature","id":728234,"geometry":{"type":"Polygon","coordinates":[[[-74.13913649699998,4.628406185000017],[-74.13913271500002,4.62845471899999],[-74.13958293600001,4.628496534000021],[-74.13958674600002,4.628450955999995],[-74.13959145500002,4.628394603999993],[-74.13952189600002,4.628388479000023],[-74.139521349,4.628388428999983],[-74.13923581199998,4.6283619089999775],[-74.13921147999997,4.628359649000004],[-74.13914065400002,4.628352834999987],[-74.13913649699998,4.628406185000017]]]},"properties":{"CALCODIGO":145543,"CALCIV":8004887,"CALFUNCION":1,"CALTSUPERF":2,"CALANCHO":11.28,"CALLONGITU":50.22,"OBJECTID":728234}},{"type":"Feature","id":728731,"geometry":{"type":"Polygon","coordinates":[[[-74.13190386499997,4.628925638000055],[-74.13193801799997,4.62892881800002],[-74.13198095999996,4.62893281700002],[-74.13198105399994,4.628931922000049],[-74.13198747499996,4.628871188000062],[-74.13198628857045,4.6288650576313755],[-74.13198600356249,4.628858820019196],[-74.13198662599996,4.628852607000056],[-74.13199760899994,4.628742297000031],[-74.13199979099994,4.6287206160000665],[-74.13200492999994,4.628669063000075],[-74.13201119599995,4.628605787000026],[-74.13201344899994,4.6285831890000395],[-74.13201541899997,4.628563345000032],[-74.13201865799994,4.628530787000045],[-74.13201929199994,4.628524432000063],[-74.13202154599998,4.628501834000076],[-74.13202372699999,4.628480153000055],[-74.13202576899994,4.628459390000046],[-74.13202773999996,4.62843947600004],[-74.13202872599999,4.628429518000075],[-74.13203133099995,4.628403318000039],[-74.13203303899996,4.628386186000057],[-74.13199167799996,4.628382092000038],[-74.13196148999998,4.628379104000032],[-74.13190386499997,4.628925638000055]]]},"properties":{"CALCODIGO":147784,"CALCIV":8004920,"CALFUNCION":1,"CALTSUPERF":2,"CALANCHO":8.19,"CALLONGITU":60.78,"OBJECTID":728731}},{"type":"Feature","id":728851,"geometry":{"type":"Polygon","coordinates":[[[-74.14212640099998,4.629780633000053],[-74.14214533199998,4.629782401000057],[-74.14217419999994,4.629785097000024],[-74.14218053599996,4.629718982000043],[-74.14222668099995,4.629272402000026],[-74.14222683399998,4.629271367000058],[-74.14223413699995,4.629196444000058],[-74.14220381299998,4.629193469000029],[-74.14218148299994,4.629191277000075],[-74.14217597099997,4.629260428000066],[-74.14217626799996,4.6292679470000735],[-74.14216820499996,4.62936910600007],[-74.14213562699996,4.629705332000071],[-74.14213431653634,4.629711959052162],[-74.14213217799994,4.629718367000066],[-74.14212640099998,4.629780633000053]]]},"properties":{"CALCODIGO":145617,"CALCIV":8004720,"CALFUNCION":1,"CALTSUPERF":2,"CALANCHO":5.36,"CALLONGITU":65.48,"OBJECTID":728851}},{"type":"Feature","id":728987,"geometry":{"type":"Polygon","coordinates":[[[-74.14077991899995,4.630562481000027],[-74.14078179399996,4.6305626450000545],[-74.14096881499995,4.6305790150000234],[-74.14119931299996,4.630601797000054],[-74.14139696499996,4.630619669000055],[-74.14139694699998,4.63061973300006],[-74.14139691999998,4.630619841000055],[-74.14139689299998,4.630619959000057],[-74.14139686599998,4.630620067000052],[-74.14139683899998,4.630620176000036],[-74.14139682099994,4.630620284000031],[-74.14139679399995,4.630620392000026],[-74.14139677599997,4.630620510000028],[-74.14139676699995,4.630620618000023],[-74.14139674899997,4.630620727000064],[-74.14139673999995,4.6306208440000205],[-74.14139673099999,4.6306209530000615],[-74.14139672199997,4.630621070000075],[-74.14139671299995,4.630621179000059],[-74.14139671299995,4.630621296000072],[-74.14139670399999,4.630621405000056],[-74.14139670399999,4.6306215220000695],[-74.14139671299995,4.630621631000054],[-74.14139671299995,4.630621739000048],[-74.14139672199997,4.630621857000051],[-74.14139672199997,4.630621965000046],[-74.14139673099999,4.630622083000048],[-74.14139674899997,4.630622191000043],[-74.14139675799998,4.630622309000046],[-74.14139677599997,4.6306224170000405],[-74.14139679399995,4.630622526000025],[-74.14139681199998,4.630622634000076],[-74.14139682999996,4.630622752000022],[-74.14139685699996,4.630622860000074],[-74.14139688399996,4.630622969000058],[-74.14139691099996,4.6306230770000525],[-74.14139693799996,4.630623186000037],[-74.14139696499996,4.630623294000031],[-74.14139700099997,4.630623403000072],[-74.14139703699993,4.630623511000067],[-74.14139707299995,4.630623620000051],[-74.14139710899997,4.6306237190000274],[-74.14139715399995,4.630623827000022],[-74.14139718999996,4.630623936000063],[-74.14139723499994,4.630624035000039],[-74.14139727999998,4.630624135000062],[-74.14139732499996,4.630624243000057],[-74.14139737999994,4.630624343000022],[-74.14139743399994,4.630624442000055],[-74.14139747899998,4.630624542000021],[-74.14139754199994,4.630624641000054],[-74.14139759599993,4.63062474000003],[-74.14139764999999,4.630624831000034],[-74.14139771299995,4.630624930000067],[-74.14139777599996,4.630625021000071],[-74.14139783899998,4.6306251200000474],[-74.14139790199994,4.630625211000051],[-74.14139796499995,4.630625301000066],[-74.14139803699999,4.630625391000024],[-74.14139809999995,4.630625482000028],[-74.14139817199998,4.630625563000024],[-74.14139824399996,4.630625653000038],[-74.14139831599994,4.630625735000024],[-74.14139839699999,4.630625816000077],[-74.14139846999996,4.630625907000024],[-74.14139855099995,4.630625979000058],[-74.14139863199995,4.630626060000054],[-74.14139871299994,4.63062614200004],[-74.14139879399994,4.630626214000074],[-74.14139887499994,4.63062629500007],[-74.14139896499995,4.630626368000037],[-74.14139904599995,4.630626440000071],[-74.14139913599996,4.630626512000049],[-74.14139922599998,4.630626576000054],[-74.14139931599993,4.630626648000032],[-74.14139940599995,4.630626711000048],[-74.14139949699995,4.6306267740000635],[-74.14139958699997,4.630626838000069],[-74.14139968599994,4.630626901000028],[-74.14139978499998,4.630626964000044],[-74.14139987499993,4.630627018000041],[-74.14139997399997,4.630627073000028],[-74.14140007299994,4.630627127000025],[-74.14140017199998,4.630627181000023],[-74.14140027099995,4.63062723500002],[-74.14140036999999,4.630627281000045],[-74.14140047899997,4.630627326000024],[-74.14140057799995,4.63062737100006],[-74.14140068599994,4.6306274160000385],[-74.14140078499997,4.630627461000074],[-74.14140089299997,4.630627498000024],[-74.14140100099996,4.63062754300006],[-74.14140110899996,4.63062757900002],[-74.14140120799993,4.6306276060000755],[-74.14140131599999,4.630627642000036],[-74.14140142399998,4.6306276690000345],[-74.14140154199998,4.630627705000052],[-74.14140164999998,4.63062773300004],[-74.14140175799997,4.63062775100002],[-74.14140186599997,4.6306277780000755],[-74.14140197399996,4.630627796000056],[-74.14140209099997,4.630627823000054],[-74.14140219899997,4.630627832000073],[-74.14140231599998,4.630627850000053],[-74.14140242399998,4.630627868000033],[-74.14140253199997,4.630627877000052],[-74.14140264999997,4.63062788600007],[-74.14140275799997,4.630627895000032],[-74.14140287499998,4.630627895000032],[-74.14140298299998,4.63062790400005],[-74.14140309999993,4.63062790400005],[-74.14140320799999,4.63062790400005],[-74.14140332499994,4.63062790400005],[-74.14140343299994,4.630627895000032],[-74.14140354999995,4.630627895000032],[-74.14140365899993,4.63062788600007],[-74.14140377599995,4.630627877000052],[-74.14140388399994,4.630627859000072],[-74.14140400099996,4.630627850000053],[-74.14140410899995,4.630627832000073],[-74.14140422599996,4.630627814000036],[-74.14140433399996,4.630627796000056],[-74.14140444199995,4.630627769000057],[-74.14140455899997,4.63062775100002],[-74.14140466799995,4.630627724000021],[-74.14140477599994,4.630627696000033],[-74.14140488399994,4.6306276690000345],[-74.14140499199993,4.630627633000074],[-74.14140509999999,4.6306276060000755],[-74.14140520799998,4.630627570000058],[-74.14140531599998,4.630627534000041],[-74.14140542399997,4.630627489000062],[-74.14140552299995,4.630627452000056],[-74.14140563199999,4.63062740700002],[-74.14140573099996,4.630627362000041],[-74.14140583899996,4.630627317000062],[-74.14140593799993,4.6306272720000266],[-74.14140604599999,4.63062721700004],[-74.14140614499996,4.630627172000061],[-74.14140624399994,4.6306271180000635],[-74.14140634299997,4.630627064000066],[-74.14140644199995,4.6306270090000226],[-74.14140653199996,4.6306269460000635],[-74.14140663099994,4.630626883000048],[-74.14140673099996,4.63062682900005],[-74.14140682099998,4.630626765000045],[-74.14140691099993,4.6306266930000675],[-74.14140700099995,4.630626630000052],[-74.14140709099996,4.630626567000036],[-74.14140718099998,4.630626494000069],[-74.14140727099993,4.630626422000034],[-74.14140736099995,4.630626350000057],[-74.14140744199995,4.630626277000033],[-74.14140752299994,4.630626196000037],[-74.14140761299996,4.6306261240000595],[-74.14140769499994,4.630626042000074],[-74.14140776699998,4.630625961000021],[-74.14140784799997,4.630625880000025],[-74.14140792899997,4.63062579800004],[-74.14140800099995,4.6306257170000436],[-74.14140807299998,4.630625635000058],[-74.14140814499996,4.6306255450000435],[-74.14140821699993,4.630625455000029],[-74.14140828899997,4.6306253730000435],[-74.14140836099995,4.630625283000029],[-74.14140842399996,4.630625183000063],[-74.14140848699998,4.630625093000049],[-74.14140854999994,4.630625003000034],[-74.14140861299995,4.630624903000069],[-74.14140867699996,4.630624813000054],[-74.14140873099996,4.6306247130000315],[-74.14140879399997,4.630624614000055],[-74.14140884799997,4.630624515000022],[-74.14140890199997,4.630624415000057],[-74.14140894699995,4.6306243160000236],[-74.14140900099994,4.630624216000058],[-74.14140904599998,4.630624117000025],[-74.14140909099996,4.630624008000041],[-74.14140913599994,4.6306239090000645],[-74.14140918099997,4.6306238000000235],[-74.14140921699999,4.630623701000047],[-74.14140926199997,4.6306235930000526],[-74.14140929799999,4.630623484000068],[-74.14140933399995,4.630623376000074],[-74.14140936099994,4.630623267000033],[-74.14140939699996,4.630623159000038],[-74.14140942399996,4.630623050000054],[-74.14140945099996,4.630622942000059],[-74.14140947799996,4.630622833000075],[-74.14140950499996,4.630622725000023],[-74.14140952299994,4.630622616000039],[-74.14140954099997,4.630622499000026],[-74.14164270599997,4.6306457410000235],[-74.14182856699995,4.630664353000043],[-74.14183905899995,4.630506612000033],[-74.14145644499996,4.630468705000055],[-74.14091966399997,4.630415605000053],[-74.14090701499998,4.6304141550000395],[-74.14079357999998,4.6304011780000565],[-74.14077991899995,4.630562481000027]]]},"properties":{"CALCODIGO":91026967,"CALCIV":8004464,"CALFUNCION":1,"CALTSUPERF":2,"CALANCHO":17.48,"CALLONGITU":116.76,"OBJECTID":728987}},{"type":"Feature","id":729276,"geometry":{"type":"Polygon","coordinates":[[[-74.12839999900001,4.629822423000007],[-74.12842667899997,4.629825052000001],[-74.12861541299998,4.629843655000002],[-74.12888733900002,4.629871714999979],[-74.12890703800002,4.629712327999982],[-74.12861169400003,4.6296816939999985],[-74.12840225500003,4.629660794000017],[-74.12835148800002,4.629655727999989],[-74.12834285600002,4.629654866999999],[-74.128335676,4.629654150000022],[-74.12831984799999,4.629814418000024],[-74.12833560399997,4.629815990999987],[-74.12839999900001,4.629822423000007]]]},"properties":{"CALCODIGO":91027002,"CALCIV":8004666,"CALFUNCION":1,"CALTSUPERF":2,"CALANCHO":17.79,"CALLONGITU":63.52,"OBJECTID":729276}},{"type":"Feature","id":729845,"geometry":{"type":"Polygon","coordinates":[[[-74.13274553199994,4.630947308000032],[-74.13273660299996,4.631036109000036],[-74.13271647499994,4.63123629200004],[-74.13271260299996,4.631275204000076],[-74.13270847299998,4.631323928000029],[-74.13270713299994,4.631330386000059],[-74.13270053099995,4.631403315000057],[-74.13272130799999,4.631405492000056],[-74.13275881699997,4.631409422000047],[-74.13276427899996,4.631356934000053],[-74.13276483599998,4.63135104600002],[-74.13278680899998,4.63111896700002],[-74.13279898199994,4.630993981000074],[-74.13279747091207,4.630982017907743],[-74.13279468499996,4.630970286000036],[-74.13279038983987,4.630957550425921],[-74.13278402999998,4.630945710000049],[-74.13278341599994,4.630944767000074],[-74.13278335699994,4.63094467600007],[-74.13278221299998,4.6309430090000205],[-74.13278102299995,4.63094137500002],[-74.13277971599996,4.630939683000065],[-74.13277382899997,4.630933281000068],[-74.13276568104214,4.630926672035749],[-74.13275658399994,4.630921446000059],[-74.13275462299998,4.63092055900006],[-74.13274845399997,4.630918248000057],[-74.13274553199994,4.630947308000032]]]},"properties":{"CALCODIGO":151397,"CALCIV":8004436,"CALFUNCION":1,"CALTSUPERF":2,"CALANCHO":6.42,"CALLONGITU":52.36,"OBJECTID":729845}},{"type":"Feature","id":729854,"geometry":{"type":"Polygon","coordinates":[[[-74.13693947799999,4.62787916000002],[-74.13695235799997,4.627880502000039],[-74.13697016299994,4.627882409000051],[-74.13697720099998,4.627883116000021],[-74.13702666499995,4.6278882990000625],[-74.13703666999999,4.62777658300007],[-74.13703555299998,4.627766990000055],[-74.13704251299998,4.627689266000061],[-74.13704519899994,4.627678098000047],[-74.13705598199994,4.627557677000027],[-74.13704294499996,4.627556425000023],[-74.13697636499995,4.6275492200000485],[-74.13697326699997,4.627577256000052],[-74.13696735399998,4.627629656000067],[-74.13695693499994,4.627720970000041],[-74.13695081099996,4.6277753470000675],[-74.13694151999994,4.627857478000067],[-74.13694032199999,4.627870121000058],[-74.13693947799999,4.62787916000002]]]},"properties":{"CALCODIGO":91020911,"CALCIV":8013079,"CALFUNCION":1,"CALTSUPERF":2,"CALANCHO":9.25,"CALLONGITU":36.82,"OBJECTID":729854}},{"type":"Feature","id":730153,"geometry":{"type":"Polygon","coordinates":[[[-74.13169522799996,4.630887889000064],[-74.13170366931358,4.63089865919248],[-74.13171024999997,4.630910657000072],[-74.13171437799997,4.630922023000039],[-74.13172233299997,4.630842528000073],[-74.13172971399996,4.630768769000042],[-74.13172679070189,4.630776193132231],[-74.13172297399996,4.630783200000053],[-74.13171754495384,4.630790614725216],[-74.13171111526049,4.630797180677871],[-74.13170381599997,4.630802764000066],[-74.13169554784548,4.630807363028194],[-74.13168669290505,4.630810695214927],[-74.13167744399993,4.630812688000049],[-74.1316696636078,4.630812865860136],[-74.13166189999998,4.630812325000022],[-74.13159440399994,4.630805967000072],[-74.13082169599994,4.630728259000023],[-74.13081170299995,4.630727342000057],[-74.13080381330062,4.630728045420753],[-74.13079604099994,4.630729573000053],[-74.13078627999994,4.630832922000025],[-74.13078975434145,4.630824223071765],[-74.13079440702438,4.630816093192098],[-74.13080014725098,4.630808691016718],[-74.13080686299998,4.6308021610000765],[-74.13081450316012,4.630796583931192],[-74.13082285568078,4.63079214420788],[-74.13083175243823,4.630788931195108],[-74.13084101435412,4.630787009566001],[-74.13085045499997,4.630786418000071],[-74.13159440299995,4.630857520000063],[-74.13164528799996,4.630862959000069],[-74.13166474799993,4.6308669550000445],[-74.1316759105493,4.630872392817188],[-74.13168614565274,4.630879422399057],[-74.13169522799996,4.630887889000064]]]},"properties":{"CALCODIGO":151429,"CALCIV":8004467,"CALFUNCION":1,"CALTSUPERF":2,"CALANCHO":6.19,"CALLONGITU":103.53,"OBJECTID":730153}},{"type":"Feature","id":730423,"geometry":{"type":"Polygon","coordinates":[[[-74.13158050099997,4.627150182000037],[-74.13169840499995,4.627162487000021],[-74.13167721399998,4.627156142000047],[-74.13167169999997,4.627154225000027],[-74.1316592711515,4.627148214272222],[-74.13164798899999,4.627140257000065],[-74.13163960205276,4.627132210662868],[-74.13163239486873,4.627123092498329],[-74.13162650299995,4.627113074000022],[-74.13162236775835,4.627103310253234],[-74.13161948011746,4.627093107679812],[-74.13161788499997,4.627082625000071],[-74.13161746299994,4.627072668000039],[-74.13163457099995,4.626896399000032],[-74.13163823199994,4.626858476000052],[-74.13164759499995,4.626762643000063],[-74.13165905599999,4.6266456960000255],[-74.13160342399993,4.626640389000045],[-74.13158981299995,4.626776201000041],[-74.13158734799998,4.626800635000052],[-74.13157756299995,4.62689823300002],[-74.13155981499995,4.627085934000036],[-74.13155773102655,4.627093034540082],[-74.13155482243528,4.627099839002654],[-74.13155112999993,4.627106252000033],[-74.13154609522186,4.627112895807339],[-74.1315402178129,4.627118807256365],[-74.13153360319176,4.627123880317848],[-74.13152636999996,4.627128024000058],[-74.13152129521724,4.627130220777458],[-74.13151604499996,4.627131957000074],[-74.13150039473857,4.627137342130453],[-74.13148407799997,4.627140116000021],[-74.13158050099997,4.627150182000037]]]},"properties":{"CALCODIGO":147266,"CALCIV":8005363,"CALFUNCION":1,"CALTSUPERF":2,"CALANCHO":6.87,"CALLONGITU":56.42,"OBJECTID":730423}},{"type":"Feature","id":730534,"geometry":{"type":"Polygon","coordinates":[[[-74.13335814399994,4.6296581300000526],[-74.13337740699995,4.629660385000022],[-74.13338342499998,4.629661089000024],[-74.13338384999997,4.6296611390000635],[-74.13340637299996,4.62966377500004],[-74.13341325199997,4.629664453000032],[-74.13340954300749,4.629663092862566],[-74.13340602954398,4.62966128671383],[-74.13340276499997,4.62965906200003],[-74.13340272899995,4.6296590350000315],[-74.13339916747854,4.629655813211528],[-74.1333961255264,4.629652096911876],[-74.13339367099996,4.629647969000075],[-74.13339222586427,4.629643127964303],[-74.13339147574712,4.629638131828917],[-74.13339143555169,4.629633079856147],[-74.13339210607658,4.62962807241759],[-74.13339347399994,4.629623209000044],[-74.13339486999996,4.629621357000076],[-74.13340272999994,4.629609823000067],[-74.13340275199994,4.629609787000049],[-74.13340740099994,4.629601857000068],[-74.13341695099996,4.629582980000066],[-74.13341696999998,4.629582931000073],[-74.13342375499997,4.629562941000074],[-74.13342799599997,4.629539099000056],[-74.13343015199996,4.629505454000025],[-74.13343453099998,4.629437084000074],[-74.13343494699996,4.629430586000069],[-74.13343210099998,4.629430341000045],[-74.13340257599998,4.62942780100002],[-74.13336812799997,4.629424838000034],[-74.13335291399994,4.629573002000029],[-74.13335278199997,4.629574268000056],[-74.13334605799997,4.629589858000031],[-74.1333391424696,4.629601176664927],[-74.13333087999996,4.629611553000075],[-74.13332062136148,4.6296214901919965],[-74.13330912654217,4.629629967017823],[-74.13329660183109,4.629636831350217],[-74.13328327199997,4.629641960000072],[-74.13328316399998,4.629641992000074],[-74.13327106494015,4.629644958205318],[-74.13325870199998,4.629646489000038],[-74.13326021799998,4.629646666000042],[-74.13326001899998,4.629646716000025],[-74.13326030599995,4.629646677000039],[-74.13335814399994,4.6296581300000526]]]},"properties":{"CALCODIGO":91013198,"CALCIV":8013627,"CALFUNCION":1,"CALTSUPERF":2,"CALANCHO":7.5200000000000005,"CALLONGITU":27.68,"OBJECTID":730534}},{"type":"Feature","id":730983,"geometry":{"type":"Polygon","coordinates":[[[-74.14094890299998,4.629101966000064],[-74.14095506105093,4.629099227764392],[-74.14096154598757,4.629097393337275],[-74.14096822592185,4.62909650002656],[-74.14097496499994,4.629096566000044],[-74.14124864699994,4.629122729000073],[-74.14141888799998,4.629140297000049],[-74.14142499899998,4.629073806000065],[-74.14134760999997,4.629066644000034],[-74.14104747099998,4.629038870000045],[-74.14098032299995,4.6290327020000746],[-74.1409736880062,4.6290311349197975],[-74.14096735331857,4.6290286148771],[-74.14096145499997,4.629025196000043],[-74.14095595028297,4.629020792844442],[-74.14095116891939,4.6290156132449605],[-74.14094721926811,4.629009774585596],[-74.1409441908391,4.629003409186457],[-74.14094215226491,4.628996661305032],[-74.14094114974525,4.628989683866906],[-74.14094120599998,4.628982635000057],[-74.14094128099998,4.628981525000029],[-74.14093385799998,4.629059186000063],[-74.14092753799997,4.629125312000042],[-74.14093130363325,4.629118190120621],[-74.14093621879441,4.629111807147075],[-74.14094214205987,4.629106346736226],[-74.14094890299998,4.629101966000064]]]},"properties":{"CALCODIGO":145558,"CALCIV":8004751,"CALFUNCION":1,"CALTSUPERF":2,"CALANCHO":7.38,"CALLONGITU":54.44,"OBJECTID":730983}},{"type":"Feature","id":731020,"geometry":{"type":"Polygon","coordinates":[[[-74.14182086,4.630758180999976],[-74.141817016,4.630793927000013],[-74.14185056399998,4.630798819000006],[-74.14185716399999,4.630799845000013],[-74.14189699899998,4.630806081999992],[-74.14190110099997,4.630806742999994],[-74.14193681199998,4.630812492000018],[-74.141971619,4.630818173000023],[-74.14197660399998,4.63081908800001],[-74.14201629399997,4.63082641699998],[-74.142055959,4.630833915999972],[-74.14209222199997,4.63084085700001],[-74.14209563399999,4.630841546999989],[-74.142135542,4.630849619000003],[-74.14217545000002,4.630857692000006],[-74.14221535899998,4.630865764000021],[-74.142255267,4.630873837000024],[-74.14226107600001,4.630838433000008],[-74.14226186600001,4.6308336170000075],[-74.14226688399998,4.6308030280000025],[-74.142226977,4.630794954999999],[-74.142187068,4.630786882999985],[-74.14214715899999,4.630778811000027],[-74.14210725100003,4.630770738000024],[-74.14210383900001,4.630770047999988],[-74.142066968,4.630763113],[-74.142026654,4.630755530999977],[-74.14198633799998,4.630747948000021],[-74.14198127499998,4.630746994999981],[-74.14194588800001,4.630741338000007],[-74.14190542300003,4.6307348679999905],[-74.141864956,4.63072839900002],[-74.14185825099997,4.630727326999988],[-74.14182470399999,4.630722434000006],[-74.14182086,4.630758180999976]]]},"properties":{"CALCODIGO":91027005,"CALCIV":8004446,"CALFUNCION":1,"CALTSUPERF":1,"CALANCHO":7.94,"CALLONGITU":49.660000000000004,"OBJECTID":731020}},{"type":"Feature","id":731057,"geometry":{"type":"Polygon","coordinates":[[[-74.13777187999995,4.629423289000044],[-74.13783130599995,4.629429917000039],[-74.13783439599996,4.629397847000064],[-74.13784497599994,4.629288036000048],[-74.13784650099996,4.629273014000034],[-74.13786915399999,4.62904982200007],[-74.13787115599996,4.62903009300004],[-74.13787118499994,4.629029815000024],[-74.13787513199998,4.6289909360000365],[-74.13788653799998,4.628878548000046],[-74.13792669799994,4.628475734000062],[-74.13792682599995,4.62847444800002],[-74.13786661999995,4.62846968100007],[-74.13786638799996,4.628472001000034],[-74.13783755299994,4.628759712000033],[-74.13783753399997,4.628759905000038],[-74.13783737961747,4.628760647039912],[-74.13783710045591,4.628761351685893],[-74.13783670476109,4.628761998124393],[-74.13783620422087,4.628762567261136],[-74.13783561362007,4.628763042285159],[-74.13783495040363,4.628763409165367],[-74.13783423416142,4.6287636570649795],[-74.13783348604953,4.628763778661625],[-74.13783272816546,4.628763770363624],[-74.1378319828953,4.628763632416079],[-74.1378312722526,4.628763368893638],[-74.13783061722806,4.628762987580133],[-74.13783003716958,4.628762499738672],[-74.13782954921072,4.628761919778945],[-74.13782916776464,4.628761264831603],[-74.13782890409837,4.628760554242251],[-74.13782876599998,4.62875980900003],[-74.13782945899999,4.628778049000061],[-74.13781714099997,4.628897187000064],[-74.13782007999998,4.628913195000052],[-74.13782119699994,4.628926565000029],[-74.13781381399997,4.629001851000055],[-74.13781142799996,4.629026180000039],[-74.13780898899995,4.629050760000041],[-74.13778703299994,4.62927195900005],[-74.13777902199996,4.629351960000065],[-74.13777187999995,4.629423289000044]]]},"properties":{"CALCODIGO":502718,"CALCIV":8004900,"CALFUNCION":1,"CALTSUPERF":2,"CALANCHO":6.78,"CALLONGITU":106.11,"OBJECTID":731057}},{"type":"Feature","id":731118,"geometry":{"type":"Polygon","coordinates":[[[-74.13428457899994,4.630491253000059],[-74.13463499599999,4.63052691300004],[-74.13482382699993,4.630544961000055],[-74.13486650099998,4.630549040000062],[-74.13516355399997,4.630577745000039],[-74.13521335399997,4.6305826770000635],[-74.13521877299996,4.630519703000061],[-74.13522688499995,4.630425435000063],[-74.13482913899998,4.630385625000031],[-74.13430008299997,4.6303300040000295],[-74.13428457899994,4.630491253000059]]]},"properties":{"CALCODIGO":91026913,"CALCIV":8013741,"CALFUNCION":1,"CALTSUPERF":2,"CALANCHO":17.66,"CALLONGITU":103.5,"OBJECTID":731118}},{"type":"Feature","id":731162,"geometry":{"type":"Polygon","coordinates":[[[-74.13743632400002,4.626533354999992],[-74.137492823,4.626538747999973],[-74.13750522999999,4.626408422999987],[-74.137509453,4.626364142999989],[-74.137516774,4.626288225999986],[-74.13753233199998,4.626126435000003],[-74.13753676699997,4.626081236999994],[-74.137539774,4.626042213000005],[-74.13750085999999,4.626038396000013],[-74.13748847599999,4.626037181000015],[-74.137475628,4.626170801000001],[-74.13744940599997,4.626420494000001],[-74.13743632400002,4.626533354999992]]]},"properties":{"CALCODIGO":147312,"CALCIV":8011843,"CALFUNCION":1,"CALTSUPERF":2,"CALANCHO":5.94,"CALLONGITU":55.18,"OBJECTID":731162}},{"type":"Feature","id":731295,"geometry":{"type":"Polygon","coordinates":[[[-74.14083360799998,4.629088367000065],[-74.14083979893744,4.629093123121188],[-74.14084525320965,4.629098708755391],[-74.1408498606752,4.629105011108601],[-74.14085352829277,4.629111902913603],[-74.14085618199994,4.629119245000027],[-74.14086228299993,4.629052298000033],[-74.14086785299997,4.628991160000055],[-74.14086335195435,4.628996925633303],[-74.14085808605773,4.62900200227307],[-74.14085215961136,4.629006289366712],[-74.14084568999994,4.629009702000076],[-74.14083829930327,4.6290123087757795],[-74.1408305998414,4.629013770269471],[-74.14082276799996,4.6290140530000485],[-74.14081462399997,4.629013377000035],[-74.14079517399995,4.629011458000036],[-74.14077573199995,4.629009533000044],[-74.14075629199994,4.629007616000024],[-74.14073684299996,4.62900570100004],[-74.14071740199995,4.62900378300003],[-74.14069796099994,4.629001857000048],[-74.14067851099998,4.628999941000075],[-74.14065906999997,4.628998026000033],[-74.14063962899996,4.628996099000062],[-74.14062018799996,4.628994182000042],[-74.14060074699995,4.628992266000068],[-74.14058129799997,4.62899034000003],[-74.14056185699997,4.628988424000056],[-74.14054240699994,4.628986507000036],[-74.14052296599993,4.628984583000033],[-74.14050352499999,4.628982665000024],[-74.14048407299998,4.62898074800006],[-74.14046463399995,4.62897883200003],[-74.14044519299995,4.628976908000027],[-74.14042576199995,4.628974990000074],[-74.14040630299996,4.628973073000054],[-74.14038686199996,4.628971148000062],[-74.14036742099995,4.628969233000021],[-74.14034797099998,4.628967315000068],[-74.14032852999998,4.628965398000048],[-74.14030908899997,4.628963472000066],[-74.14028963999993,4.628961547000074],[-74.14027019899999,4.6289596390000725],[-74.14025075799998,4.628957714000023],[-74.14024416372138,4.628957168612827],[-74.14023771937599,4.628955667823009],[-74.14023156262853,4.628953243690578],[-74.14022582499996,4.62894994800007],[-74.14022060764339,4.6289458319825645],[-74.14021604456762,4.628941000756087],[-74.14021223285746,4.628935557110669],[-74.14020925361154,4.628929616866274],[-74.14020717021683,4.628923306408592],[-74.14020602699998,4.628916760000038],[-74.14019848399994,4.6289936520000765],[-74.14019177699998,4.629062034000071],[-74.14019452591742,4.62905482535975],[-74.14019836570708,4.629048133793578],[-74.14020320235201,4.629042123144006],[-74.14020891742734,4.629036940581296],[-74.14021537099995,4.629032713000072],[-74.14022238125153,4.629029559116299],[-74.14022979830968,4.629027539745505],[-74.14023743984251,4.629026704529435],[-74.14024511799994,4.629027074000021],[-74.14025490999995,4.629028113000061],[-74.14026470299996,4.629029153000033],[-74.14027449499997,4.629030193000062],[-74.14028428799998,4.629031232000045],[-74.14029407999993,4.629032274000053],[-74.14030387299994,4.629033311000057],[-74.14031367399997,4.62903435100003],[-74.14032346699997,4.629035400000021],[-74.14033325899999,4.629036430000042],[-74.14034305199993,4.629037470000071],[-74.14037804199995,4.62904067900007],[-74.14042142799997,4.62904461200003],[-74.14046481199995,4.629048535000038],[-74.14050819999994,4.629052468000054],[-74.14055158599996,4.629056391000063],[-74.14059497199997,4.629060324000022],[-74.14063834799998,4.629064257000039],[-74.14068173599998,4.629068180000047],[-74.14072512199994,4.629072113000063],[-74.14076851699997,4.629076038000051],[-74.14081189399997,4.629079970000021],[-74.14081950904924,4.629081720182213],[-74.14082679670035,4.629084538382761],[-74.14083360799998,4.629088367000065]]]},"properties":{"CALCODIGO":145557,"CALCIV":8004764,"CALFUNCION":1,"CALTSUPERF":2,"CALANCHO":7.88,"CALLONGITU":73.96000000000001,"OBJECTID":731295}},{"type":"Feature","id":731321,"geometry":{"type":"Polygon","coordinates":[[[-74.14303354199996,4.627936607000038],[-74.14309892099999,4.62794318300007],[-74.14310001499996,4.627932250000072],[-74.14310647399998,4.627867589000061],[-74.14310673599994,4.627864952000039],[-74.14310699699996,4.6278623120000475],[-74.14310726699995,4.627859671000067],[-74.14310752799997,4.627857022000057],[-74.14310778999999,4.627854384000045],[-74.14310805999997,4.627851745000044],[-74.14310832099994,4.627849103000074],[-74.14310858199997,4.627846475000069],[-74.14310885299994,4.627843824000024],[-74.14310911399997,4.62784117800004],[-74.14310937499994,4.627838538000049],[-74.14310963699995,4.627835897000068],[-74.14310990699994,4.62783325700002],[-74.14311016799996,4.6278306180000754],[-74.14311042899999,4.6278279780000275],[-74.14311069999997,4.627825331000054],[-74.14311096099993,4.627822690000073],[-74.14311141099995,4.6278188750000595],[-74.14311225799997,4.627814412000021],[-74.14311369099994,4.627809237000065],[-74.14312098999994,4.627737724000042],[-74.14305515999996,4.627730960000065],[-74.14305437699994,4.627739011000074],[-74.14305346699996,4.627748177000058],[-74.14305255799997,4.62775735200006],[-74.14305165699994,4.627766518000044],[-74.14305074699996,4.627775694000036],[-74.14304984599994,4.627784860000077],[-74.14304894499998,4.6277940260000605],[-74.14304803499994,4.627803202000052],[-74.14304713399997,4.627812367000047],[-74.14304623299995,4.627821544000028],[-74.14304531399995,4.627830708000033],[-74.14304442199995,4.627839874000074],[-74.14304352099998,4.627849049000076],[-74.14304280999994,4.627856253000061],[-74.14304191370877,4.6278631727042905],[-74.14304020199995,4.627869937000071],[-74.14303354199996,4.627936607000038]]]},"properties":{"CALCODIGO":145625,"CALCIV":8005062,"CALFUNCION":1,"CALTSUPERF":2,"CALANCHO":7.2700000000000005,"CALLONGITU":22.87,"OBJECTID":731321}},{"type":"Feature","id":731348,"geometry":{"type":"Polygon","coordinates":[[[-74.13708805300001,4.635443516000009],[-74.13714779200001,4.635459067999989],[-74.137179978,4.635303201999989],[-74.13722776399999,4.635057427999982],[-74.13726089199997,4.634865365999985],[-74.13730210199998,4.634608961000026],[-74.13735549299997,4.634203397000022],[-74.13747775799999,4.632985195999993],[-74.13741682699998,4.632978060000028],[-74.13740953400003,4.633054704000017],[-74.13737944000002,4.633365029999993],[-74.13737598099999,4.633387175999985],[-74.13736096999997,4.633532828999989],[-74.13735702299999,4.63360388000001],[-74.13730416200002,4.6341017830000055],[-74.13729672,4.6341959650000035],[-74.13725027499999,4.6345352889999845],[-74.13722283200002,4.6347147500000005],[-74.13718471200002,4.634939569999972],[-74.137168874,4.635031663999996],[-74.137134602,4.635214505000022],[-74.13708805300001,4.635443516000009]]]},"properties":{"CALCODIGO":521588,"CALCIV":8003644,"CALFUNCION":1,"CALTSUPERF":2,"CALANCHO":6.76,"CALLONGITU":275.84000000000003,"OBJECTID":731348}},{"type":"Feature","id":731377,"geometry":{"type":"Polygon","coordinates":[[[-74.14222923299997,4.628481405000059],[-74.14223463982785,4.628485332325497],[-74.14223937250252,4.628490050319075],[-74.14224331660736,4.628495444919133],[-74.1422463767902,4.62850138570645],[-74.14224847906837,4.628507729057247],[-74.14224957261747,4.628514321615419],[-74.14224963099997,4.628521004000049],[-74.14225487499994,4.628464898000061],[-74.14226187899999,4.628389951000031],[-74.14225830979969,4.628397649816638],[-74.14225356618141,4.628404686083655],[-74.14224776791839,4.628410882139968],[-74.14224106141295,4.628416081539233],[-74.14223361599994,4.628420153000036],[-74.14222606733868,4.628422864453024],[-74.14221819656326,4.62842440884878],[-74.14221018299997,4.628424751000068],[-74.14220648899999,4.628424500000051],[-74.14220292099998,4.6284240030000205],[-74.14219682299995,4.628423370000064],[-74.14219015599997,4.6284227260000534],[-74.14218348099996,4.62842209300004],[-74.14217681399998,4.628421452000055],[-74.14217014799993,4.628420810000023],[-74.14216347199994,4.628420177000066],[-74.14215680599995,4.628419535000035],[-74.14215012999995,4.6284188950000384],[-74.14214346399996,4.628418262000025],[-74.14213680599994,4.628417619000061],[-74.14213012199997,4.628416988000026],[-74.14212345499999,4.6284163440000725],[-74.14211677999998,4.628415702000041],[-74.14211011299994,4.628415062000045],[-74.14210344699995,4.628414428000042],[-74.14209677199995,4.628413787000056],[-74.14209009599995,4.6284131550000325],[-74.14208342999996,4.628412511000022],[-74.14207676299998,4.628411869000047],[-74.14207009699999,4.628411236000034],[-74.14206342099999,4.628410587000076],[-74.14205675499994,4.628409962000035],[-74.14205156599996,4.628409446000035],[-74.14205033999997,4.62840929500004],[-74.14204911299998,4.628409130000023],[-74.14204789899998,4.628408967000041],[-74.14204667399997,4.628408814000068],[-74.14204544899997,4.628408651000029],[-74.14204422399996,4.628408479000029],[-74.14204299799997,4.628408327000045],[-74.14204177299996,4.628408172000036],[-74.14204054799995,4.628408009000054],[-74.14203932999999,4.628407846000073],[-74.14203810699996,4.628407693000042],[-74.14203688099997,4.628407530000061],[-74.14203565599996,4.6284073670000225],[-74.14203443099996,4.6284072050000304],[-74.14203320599995,4.628407053000046],[-74.14203198099995,4.628406890000065],[-74.14203075499995,4.628406727000026],[-74.14202953899996,4.6284065630000555],[-74.14202831399996,4.628406409000036],[-74.14202708899995,4.6284062570000515],[-74.14202586399995,4.628406084000062],[-74.14202463899994,4.628405930000042],[-74.14201598099999,4.628405026000053],[-74.14200454899998,4.628403842000068],[-74.14199311699997,4.628402657000038],[-74.14198167599994,4.628401475000032],[-74.14197024399994,4.628400289000069],[-74.14195880299997,4.628399105000028],[-74.14194737099996,4.628397922000033],[-74.14193592899994,4.62839673600007],[-74.14192449699993,4.628395552000029],[-74.14191305599996,4.628394368000045],[-74.14190162399996,4.628393183000071],[-74.14189018299999,4.62839199900003],[-74.14187875099998,4.628390815000046],[-74.14186730999995,4.628389632000051],[-74.14185587799994,4.628388446000031],[-74.14184443699997,4.628387262000047],[-74.14183299599995,4.628386080000041],[-74.14182156399994,4.628384894000021],[-74.14181013099994,4.6283837090000475],[-74.14179868999997,4.628382527000042],[-74.14178725799997,4.628381341000022],[-74.14177581699994,4.628380166000056],[-74.14176228399998,4.628378557000076],[-74.14175824933902,4.628377525452947],[-74.14175433499997,4.62837610400004],[-74.14169924999999,4.628370389000054],[-74.14169367899996,4.628424452000047],[-74.14177227599998,4.628432126000064],[-74.14202825999996,4.628456849000031],[-74.14221064099996,4.6284752790000425],[-74.1422171297886,4.628476353310186],[-74.14222337654637,4.628478411595367],[-74.14222923299997,4.628481405000059]]]},"properties":{"CALCODIGO":145577,"CALCIV":8004916,"CALFUNCION":1,"CALTSUPERF":2,"CALANCHO":5.83,"CALLONGITU":62.42,"OBJECTID":731377}},{"type":"Feature","id":731413,"geometry":{"type":"Polygon","coordinates":[[[-74.13061991599994,4.626538608000033],[-74.13068790399996,4.6265450940000505],[-74.13069803199994,4.62644171200003],[-74.13070570599996,4.626363041000047],[-74.13071513999995,4.626266362000024],[-74.13071809799999,4.626236489000064],[-74.13072295499995,4.62618677200004],[-74.13072584199995,4.626156970000068],[-74.13073069899997,4.626107253000043],[-74.13073203699997,4.626093694000076],[-74.13073386699995,4.6260756150000475],[-74.13073844399997,4.626030418000028],[-74.13074245599995,4.625990659000024],[-74.13074703299998,4.625945461000072],[-74.13075090399997,4.625907468000037],[-74.13076435099998,4.625775477000047],[-74.13077290499996,4.625682923000056],[-74.13077742099995,4.625669660000028],[-74.13078111899995,4.625632557000074],[-74.13078757399995,4.625567813000032],[-74.13071626599998,4.62556064000006],[-74.13071002899994,4.625623055000062],[-74.13070636999998,4.625659659000064],[-74.13070815847831,4.625672170926052],[-74.13070813099995,4.6256848100000525],[-74.13070782599993,4.625688082000067],[-74.13069981299998,4.625773992000063],[-74.13069291399995,4.625847791000069],[-74.13068059299997,4.625979781000069],[-74.13067700199997,4.626004216000069],[-74.13066749799998,4.626089172000036],[-74.13066566799995,4.62610845100005],[-74.13066306299999,4.626136276000068],[-74.13065806399999,4.62618881700007],[-74.13065566999995,4.626214030000028],[-74.13064313899997,4.626345878000052],[-74.13063545999995,4.626426086000038],[-74.13063494899995,4.626431419000028],[-74.13063225672857,4.626444684564591],[-74.13062760999998,4.6264573980000705],[-74.13062551999997,4.6264794630000665],[-74.13061991599994,4.626538608000033]]]},"properties":{"CALCODIGO":147257,"CALCIV":8005624,"CALFUNCION":1,"CALTSUPERF":2,"CALANCHO":7.24,"CALLONGITU":108.69,"OBJECTID":731413}},{"type":"Feature","id":731709,"geometry":{"type":"Polygon","coordinates":[[[-74.13002467399997,4.633364803000063],[-74.13000117799999,4.63342300100004],[-74.12999990899993,4.633426144000055],[-74.13011003999998,4.633469976000072],[-74.13036158999995,4.63357009300006],[-74.13044562199997,4.633606893000035],[-74.13045927299999,4.633572360000073],[-74.13047201699999,4.633540120000021],[-74.13041110399996,4.633515876000047],[-74.13028953799994,4.633467493000069],[-74.13026907031195,4.633463511822379],[-74.13024924099994,4.6334570640000265],[-74.13004794899996,4.633374067000034],[-74.13004674133836,4.633372107001169],[-74.1300458655172,4.6333699779216975],[-74.13004534445743,4.633367735481328],[-74.1300451917956,4.633365438366517],[-74.13004541152699,4.633363146694593],[-74.13004599790105,4.63336092044044],[-74.13004693557191,4.63335881786691],[-74.13004819999998,4.6333568940000305],[-74.13008490799996,4.633319585000038],[-74.13008551544404,4.633316561530778],[-74.13008561555363,4.633313479269799],[-74.13008520558296,4.6333104227556525],[-74.13008429677649,4.633307475820723],[-74.13008291406047,4.633304719291913],[-74.13008109535926,4.6333022287737755],[-74.1300788905552,4.633300072574867],[-74.13007636012044,4.63329830983422],[-74.13007357345833,4.633296988899313],[-74.13007060699994,4.633296146000021],[-74.13006346299994,4.633293213000059],[-74.13005187399995,4.633288456000059],[-74.13002467399997,4.633364803000063]]]},"properties":{"CALCODIGO":151461,"CALCIV":8003944,"CALFUNCION":1,"CALTSUPERF":2,"CALANCHO":7.390000000000001,"CALLONGITU":53.34,"OBJECTID":731709}},{"type":"Feature","id":732029,"geometry":{"type":"Polygon","coordinates":[[[-74.13786662000001,4.628469681000013],[-74.13792682600001,4.62847444800002],[-74.13792688799998,4.628473822999979],[-74.13793390299998,4.6284034600000155],[-74.13794439100002,4.628298982999979],[-74.13788371499999,4.628294342999993],[-74.13787143600001,4.628421629000002],[-74.13786664000003,4.628469485999972],[-74.13786662000001,4.628469681000013]]]},"properties":{"CALCODIGO":522011,"CALCIV":8012420,"CALFUNCION":1,"CALTSUPERF":2,"CALANCHO":6.72,"CALLONGITU":19.5,"OBJECTID":732029}},{"type":"Feature","id":732374,"geometry":{"type":"Polygon","coordinates":[[[-74.14102533099998,4.628367178000076],[-74.14103143067257,4.628364798875657],[-74.14103779720773,4.628363271306114],[-74.14104431232911,4.6283626236703626],[-74.14105085499995,4.6283628680000675],[-74.14129810999998,4.62838583000007],[-74.14169367899996,4.628424452000047],[-74.14169924999999,4.628370389000054],[-74.14164691099995,4.628364959000066],[-74.14163939217762,4.62836711183327],[-74.14163164268982,4.6283681667356],[-74.14162382199999,4.6283681020000245],[-74.14159347999998,4.628365106000047],[-74.14155676999997,4.628361489000042],[-74.14152005899996,4.628357863000076],[-74.14148334799995,4.628354238000043],[-74.14144663799993,4.628350613000066],[-74.14140992699998,4.62834699900003],[-74.14137321699997,4.628343374000053],[-74.14133649699994,4.628339749000077],[-74.14129979499995,4.628336131000026],[-74.14126308499993,4.628332506000049],[-74.14122637399998,4.628328881000073],[-74.14120475299995,4.628326731000072],[-74.14119067299998,4.6283253100000366],[-74.14117660999995,4.628323900000055],[-74.14116251999997,4.628322480000065],[-74.14114844899996,4.628321061000065],[-74.14113435899998,4.628319643000054],[-74.14112029599994,4.628318222000075],[-74.14110621599997,4.628316812000037],[-74.14109213499995,4.628315393000037],[-74.14107806299995,4.628313982000066],[-74.14106398299998,4.628312556000026],[-74.14105907199996,4.6283119840000495],[-74.14105107943651,4.628310153956144],[-74.14104344528178,4.628307162332336],[-74.14103633733525,4.6283030748848],[-74.14102991183024,4.628297981456022],[-74.14102430999998,4.628291994000051],[-74.14101940995528,4.628284833679936],[-74.14101568399997,4.628276998000047],[-74.14100856399995,4.628332191000027],[-74.14100054599999,4.628394338000021],[-74.14100366859691,4.628387478784561],[-74.14100782056511,4.6283811890621225],[-74.14101290074122,4.628375622082784],[-74.14101878534595,4.628370913486874],[-74.14102533099998,4.628367178000076]]]},"properties":{"CALCODIGO":145576,"CALCIV":8004934,"CALFUNCION":1,"CALTSUPERF":2,"CALANCHO":5.71,"CALLONGITU":76.7,"OBJECTID":732374}},{"type":"Feature","id":732899,"geometry":{"type":"Polygon","coordinates":[[[-74.14026488699994,4.626481451000075],[-74.14027011622719,4.626486936586295],[-74.14027431877714,4.626493243332495],[-74.14027736818728,4.626500181456991],[-74.14027917269522,4.626507542178754],[-74.14027967799996,4.6265151040000205],[-74.14028696399998,4.626450127000055],[-74.14029375899997,4.626389517000064],[-74.14029043488532,4.626396305401334],[-74.14028618097566,4.626402553311611],[-74.14028108339213,4.626408134240943],[-74.14027524533611,4.626412935202511],[-74.14026878499999,4.626416859000074],[-74.14026108537293,4.62642007186809],[-74.1402529760744,4.626422033004232],[-74.14024465919537,4.626422693535228],[-74.14023634199998,4.626422037000054],[-74.14001865599994,4.626399436000042],[-74.13994975399999,4.6263922320000574],[-74.13992561399994,4.626390394000055],[-74.13985720399995,4.626383331000056],[-74.13977915199996,4.626375278000069],[-74.13973192599997,4.626370546000032],[-74.13967147099999,4.626364188000025],[-74.13961924799997,4.626358751000055],[-74.13960862099998,4.6263579030000415],[-74.13941078099998,4.626337984000031],[-74.13940327879916,4.626335869710218],[-74.13939623543278,4.626332531412992],[-74.13938984899994,4.626328063000074],[-74.1393849115392,4.626323292361707],[-74.13938072615677,4.626317849928154],[-74.13937738314686,4.626311853112856],[-74.13937495463055,4.626305431289318],[-74.13937349299994,4.626298723000048],[-74.13936770699996,4.626363137000055],[-74.13936292999995,4.626416308000046],[-74.13936736741725,4.6264094799599205],[-74.13937284176016,4.626403451330399],[-74.13937921150983,4.626398377959376],[-74.13938631199994,4.626394391000076],[-74.13939322086891,4.6263918085799896],[-74.13940043255944,4.626390261685103],[-74.13940779276464,4.62638978341397],[-74.13941514399994,4.626390384000047],[-74.13960784499994,4.626409244000058],[-74.13965570299996,4.626413906000039],[-74.13973488199997,4.6264216050000755],[-74.13978133299997,4.626426125000023],[-74.13984101499994,4.626431988000036],[-74.13985811699996,4.626433683000073],[-74.13990485099998,4.626438204000067],[-74.14023583499994,4.626470619000031],[-74.14024215746923,4.626471027732006],[-74.14024835299453,4.626472352928607],[-74.14025428945283,4.6264745663292866],[-74.14025984024588,4.626477620732051],[-74.14026488699994,4.626481451000075]]]},"properties":{"CALCODIGO":145718,"CALCIV":8005429,"CALFUNCION":1,"CALTSUPERF":2,"CALANCHO":5.76,"CALLONGITU":102.51,"OBJECTID":732899}},{"type":"Feature","id":733099,"geometry":{"type":"Polygon","coordinates":[[[-74.13818524699997,4.628417429000024],[-74.13818470199999,4.6284237120000284],[-74.13818795914956,4.6284141599671855],[-74.13819276367147,4.6284052848939945],[-74.13819898100013,4.62839733535444],[-74.13820643699995,4.6283905340000615],[-74.13821387580056,4.628384529364518],[-74.13822210059753,4.62837965657093],[-74.1382309405027,4.628376016862255],[-74.13824021184766,4.62837368586141],[-74.13824972199995,4.6283727120000435],[-74.13826114599993,4.628373362000048],[-74.13828005199997,4.628375421000044],[-74.13828666599994,4.628376141000047],[-74.13867964699995,4.628412640000022],[-74.13868428499995,4.628362354000046],[-74.13868906399995,4.628310549000048],[-74.13862341199996,4.628304352000043],[-74.13827566099997,4.628271940000047],[-74.13826843799995,4.628271376000043],[-74.13826838899996,4.6282713690000605],[-74.13826130799998,4.62827007900006],[-74.13825564199993,4.628268496000032],[-74.13825551399998,4.628268454000022],[-74.13824886399993,4.628265903000056],[-74.13824883599995,4.628265890000023],[-74.13824253999996,4.628262714000073],[-74.13824238299998,4.628262630000052],[-74.13823689999998,4.628259155000023],[-74.13822803299996,4.628251814000066],[-74.13822800799994,4.6282517870000675],[-74.13822031899997,4.628242941000053],[-74.13822028199996,4.628242890000024],[-74.13821694099994,4.62823789600003],[-74.13821280699995,4.628230063000046],[-74.13821279799998,4.628230039000073],[-74.13820967199996,4.628221779000057],[-74.13819863199996,4.628310215000056],[-74.13819761699995,4.628318345000025],[-74.13818524699997,4.628417429000024]]]},"properties":{"CALCODIGO":145541,"CALCIV":8004901,"CALFUNCION":1,"CALTSUPERF":2,"CALANCHO":11.75,"CALLONGITU":54.24,"OBJECTID":733099}},{"type":"Feature","id":733153,"geometry":{"type":"Polygon","coordinates":[[[-74.13929694399997,4.627299274000052],[-74.13930483568234,4.627297051405681],[-74.139312991956,4.627296218473258],[-74.13932116999996,4.627296800000067],[-74.13938577799996,4.627302875000055],[-74.13940928399995,4.62730534800005],[-74.13946009999995,4.627310645000023],[-74.13947494999996,4.627312130000064],[-74.13950035699997,4.627314742000067],[-74.13962591499995,4.627327456000046],[-74.13963084099998,4.6273284160000685],[-74.13969512799997,4.627334684000061],[-74.13969962699997,4.627288219000036],[-74.13951320499996,4.627268440000023],[-74.13932228799996,4.627248184000052],[-74.1393150439705,4.627246952897636],[-74.13930806729839,4.62724464690061],[-74.13930151651815,4.62724131840933],[-74.13929554048651,4.627237043058818],[-74.13929027499995,4.627231918000064],[-74.13928642986359,4.627226961067922],[-74.13928324949063,4.627221553528941],[-74.13928078599997,4.627215784000043],[-74.13927464799997,4.627272241000071],[-74.13926847899995,4.627328986000066],[-74.13927119053565,4.627322442184678],[-74.13927484014437,4.627316371410265],[-74.13927934754037,4.627310907224416],[-74.13928461356795,4.627306169830717],[-74.13929052238274,4.627302263444457],[-74.13929694399997,4.627299274000052]]]},"properties":{"CALCODIGO":145725,"CALCIV":8005180,"CALFUNCION":1,"CALTSUPERF":2,"CALANCHO":5.46,"CALLONGITU":47.12,"OBJECTID":733153}},{"type":"Feature","id":733493,"geometry":{"type":"Polygon","coordinates":[[[-74.14167509999999,4.631237118999991],[-74.141699846,4.631239772000015],[-74.14177846899997,4.631248201000005],[-74.14178258800001,4.631213150000008],[-74.14179701500001,4.631090363999988],[-74.14179342599999,4.631090008000001],[-74.14179261200002,4.631089927000005],[-74.141655604,4.631076328000006],[-74.14127101000003,4.631037979999974],[-74.14096664700003,4.631007813999986],[-74.140950089,4.631006173000003],[-74.140901606,4.63100136700001],[-74.14082470900001,4.630993839999974],[-74.14074838599998,4.630986367999981],[-74.14074044,4.6311430069999915],[-74.14087439999997,4.631156496000017],[-74.14094053500003,4.631163155000024],[-74.140953722,4.6311644830000205],[-74.14167509999999,4.631237118999991]]]},"properties":{"CALCODIGO":91026964,"CALCIV":8004464,"CALFUNCION":1,"CALTSUPERF":2,"CALANCHO":17.43,"CALLONGITU":116.41,"OBJECTID":733493}},{"type":"Feature","id":733563,"geometry":{"type":"Polygon","coordinates":[[[-74.14093963099998,4.628323238000064],[-74.14100856399995,4.628332191000027],[-74.14101568399997,4.628276998000047],[-74.1410130161931,4.628267671200401],[-74.1410120066573,4.628258023028421],[-74.14101268599995,4.628248346000021],[-74.14101440799999,4.628231037000035],[-74.14106298799999,4.62774270500006],[-74.14106311299997,4.627741439000033],[-74.14106350099996,4.627737615000058],[-74.14106364499997,4.627735446000031],[-74.14106377999997,4.627733747000036],[-74.14106396899996,4.627732029000072],[-74.14106422199995,4.62773031200004],[-74.14106453699998,4.627728585000057],[-74.14106491499996,4.627726859000063],[-74.14106535699995,4.627725132000023],[-74.14106585199994,4.627723414000059],[-74.14106642899998,4.627721706000045],[-74.14106704999995,4.62772000700005],[-74.14106772599996,4.627718325000046],[-74.14106849199999,4.62771665300005],[-74.14106931199996,4.627715017000071],[-74.14107018499993,4.627713399000072],[-74.14107111299995,4.627711808000072],[-74.14107211299995,4.627710253000032],[-74.14107315799998,4.627708734000066],[-74.14107426599998,4.627707261000069],[-74.14107541999994,4.62770581500007],[-74.14107662699996,4.627704423000068],[-74.14107787899997,4.627703076000046],[-74.14107917599995,4.62770178300002],[-74.14108050999994,4.62770053600002],[-74.14108188799997,4.627699342000028],[-74.14108330199997,4.627698203000023],[-74.14108474399995,4.627697119000061],[-74.14108622099997,4.627696097000069],[-74.14100374299994,4.627746741000067],[-74.14094133299994,4.627785063000033],[-74.14094559399996,4.627784150000025],[-74.14095000799995,4.627783734000047],[-74.14095447699998,4.6277838430000315],[-74.14095891799997,4.627784484000074],[-74.14096322399996,4.6277856510000674],[-74.14096732299998,4.627787278000028],[-74.14097113399998,4.62778933900006],[-74.14097460199997,4.627791761000026],[-74.14097778199994,4.627794555000037],[-74.14097840399995,4.627795242000047],[-74.14098200214382,4.6277995593566645],[-74.14098492642471,4.627804358813787],[-74.1409871132847,4.627809536057344],[-74.14098851519333,4.627814978562246],[-74.14098910168076,4.627820568038064],[-74.14098885999994,4.627826183000025],[-74.14098191399995,4.627895742000021],[-74.14097830399999,4.627930754000033],[-74.14097514999997,4.62796234700005],[-74.14097199699995,4.627993940000067],[-74.14096884399999,4.62802552200003],[-74.14096568999997,4.628057115000047],[-74.14096253699995,4.628088699000045],[-74.14095672599996,4.628148071000055],[-74.14094957199995,4.62822133800006],[-74.14094242799996,4.62829460100005],[-74.14093963099998,4.628323238000064]]]},"properties":{"CALCODIGO":145607,"CALCIV":8005088,"CALFUNCION":1,"CALTSUPERF":2,"CALANCHO":7.58,"CALLONGITU":66.42,"OBJECTID":733563}},{"type":"Feature","id":733857,"geometry":{"type":"Polygon","coordinates":[[[-74.13507835399997,4.6268633520000435],[-74.13508330395005,4.626865608631262],[-74.13508786281129,4.626868576993509],[-74.1350919289894,4.626872190936776],[-74.13509541186949,4.626876369924271],[-74.13509823383554,4.62688102082718],[-74.13510033199998,4.626886040000045],[-74.13510507399997,4.6268313290000265],[-74.13511027099997,4.626771371000075],[-74.13510867602189,4.626776459304647],[-74.13510625870249,4.626781212342146],[-74.135103086087,4.62678549828539],[-74.13509924616903,4.626789198262222],[-74.13509484545008,4.626792209652472],[-74.13509000598565,4.626794448934161],[-74.13508486199999,4.626795854000022],[-74.13508089771986,4.626796330274189],[-74.13507690499995,4.626796307000063],[-74.13487925499999,4.626777212000036],[-74.13480641199999,4.626769937000063],[-74.13475264099998,4.6267645680000555],[-74.13463503499997,4.626752770000053],[-74.13459576399998,4.6267486730000655],[-74.13455740599994,4.626744647000066],[-74.13433197899997,4.626722961000041],[-74.13432859999995,4.626722043000029],[-74.13431690173397,4.626719256314132],[-74.13430572889838,4.626714808529263],[-74.13429531599996,4.626708793000034],[-74.13428543784099,4.626700925302649],[-74.13427685899264,4.626691658045883],[-74.13426977563687,4.626681203154291],[-74.13426434975659,4.626669799711381],[-74.13426070543136,4.626657708492226],[-74.13425892599997,4.626645206000035],[-74.13426003999996,4.626633433000052],[-74.13424884999995,4.626742291000028],[-74.13424240499995,4.626804980000031],[-74.13424447178133,4.626799858407201],[-74.1342473345006,4.626795135364033],[-74.13425091879282,4.626790933561135],[-74.13425513154877,4.626787362148845],[-74.13425986333355,4.62678451390183],[-74.1342649912295,4.6267824628090715],[-74.13427038202913,4.626781262151856],[-74.1342758956955,4.626780943119688],[-74.13428138899997,4.626781514000072],[-74.13428277899999,4.626781678000043],[-74.13432058799998,4.626786161000041],[-74.13507430199996,4.626862126000049],[-74.13507835399997,4.6268633520000435]]]},"properties":{"CALCODIGO":147223,"CALCIV":8005329,"CALFUNCION":1,"CALTSUPERF":2,"CALANCHO":7.43,"CALLONGITU":95.64,"OBJECTID":733857}},{"type":"Feature","id":733952,"geometry":{"type":"Polygon","coordinates":[[[-74.12889960199993,4.633662983000022],[-74.12896469699996,4.633705262000035],[-74.12895958399997,4.6336982870000725],[-74.12895388293802,4.633688168427585],[-74.12894960984379,4.63367736897009],[-74.12894684399998,4.63366608900003],[-74.12894564638745,4.633654865167507],[-74.12894593976314,4.6336435814348365],[-74.12894771899994,4.633632435000038],[-74.12901952899995,4.633458740000037],[-74.12902044152233,4.633457719161178],[-74.12902151362637,4.6334568674558225],[-74.12902271439089,4.633456209448497],[-74.12902400918395,4.633455764117165],[-74.12902536066169,4.633455544305886],[-74.12902672984535,4.633455556354363],[-74.12902807724554,4.633455799915099],[-74.12902936400108,4.633456267963419],[-74.12903055299995,4.63345694700007],[-74.12919741699994,4.633525139000028],[-74.12919881799996,4.633521539000071],[-74.12925487399997,4.633377471000074],[-74.12908185199996,4.633307992000027],[-74.12907601599994,4.633305649000022],[-74.12906060999995,4.633299462000025],[-74.12904007099996,4.633291218000068],[-74.12902807099994,4.633286400000031],[-74.12890430899995,4.633597897000072],[-74.12890070804089,4.633604209302642],[-74.12889625739558,4.633609954198303],[-74.12889104503833,4.6336150181297535],[-74.12888517399995,4.633619301000067],[-74.12887742955745,4.633623284109025],[-74.12886912411828,4.633625903503371],[-74.1288604958057,4.633627084083078],[-74.12885179199998,4.63362679200003],[-74.12884518399431,4.633625563751149],[-74.12883879299994,4.633623483000065],[-74.12889960199993,4.633662983000022]]]},"properties":{"CALCODIGO":151504,"CALCIV":8004026,"CALFUNCION":1,"CALTSUPERF":2,"CALANCHO":6.5600000000000005,"CALLONGITU":44.04,"OBJECTID":733952}},{"type":"Feature","id":734027,"geometry":{"type":"Polygon","coordinates":[[[-74.138117556,4.62848754800001],[-74.13811735799999,4.628489533999982],[-74.13817857499998,4.6284943800000065],[-74.13817883899998,4.628491339999982],[-74.13818470199999,4.628423711999972],[-74.13818524700002,4.628417429000024],[-74.138197617,4.628318345000025],[-74.13813488800002,4.628313547999994],[-74.138117556,4.62848754800001]]]},"properties":{"CALCODIGO":522007,"CALCIV":8012420,"CALFUNCION":1,"CALTSUPERF":2,"CALANCHO":6.84,"CALLONGITU":19.47,"OBJECTID":734027}},{"type":"Feature","id":734203,"geometry":{"type":"Polygon","coordinates":[[[-74.13038183700002,4.629556982999986],[-74.13037850299997,4.629591694999988],[-74.13041895200001,4.6295957629999975],[-74.13045913100001,4.629599831999997],[-74.13049940000002,4.629603809999992],[-74.13053994,4.629607878999991],[-74.13058002899999,4.629612038000005],[-74.130620298,4.629616016],[-74.13066092700001,4.6296199949999846],[-74.13070119600002,4.629624062999994],[-74.13073810499998,4.629627445999972],[-74.130741645,4.629627770000013],[-74.130781824,4.629632019999974],[-74.13078520900001,4.629597348000004],[-74.13078853000002,4.629563318999999],[-74.130748944,4.629559522000022],[-74.13070885500002,4.629555272999994],[-74.13066822600001,4.629551294999999],[-74.13062786699999,4.629547226],[-74.13058759699999,4.6295431570000005],[-74.13054696799998,4.629539179000005],[-74.13050642899998,4.629535110000006],[-74.13046643000001,4.629531041999996],[-74.130425801,4.629526972999997],[-74.13038544099999,4.629522995000002],[-74.13038183700002,4.629556982999986]]]},"properties":{"CALCODIGO":91026981,"CALCIV":8013653,"CALFUNCION":1,"CALTSUPERF":1,"CALANCHO":7.640000000000001,"CALLONGITU":45,"OBJECTID":734203}},{"type":"Feature","id":734519,"geometry":{"type":"Polygon","coordinates":[[[-74.13342799599997,4.629539099000056],[-74.13342926951972,4.629531128705523],[-74.13343181393853,4.629523468850407],[-74.13343556240932,4.629516320674816],[-74.13344041645205,4.629509871975982],[-74.13344624854108,4.629504292174452],[-74.13345290545544,4.629499727863055],[-74.13346021230437,4.629496298955615],[-74.13346797712195,4.629494095536564],[-74.13347599591049,4.629493175494238],[-74.13348405799996,4.62949356300004],[-74.13366959499996,4.629512317000035],[-74.13379964299997,4.629525904000047],[-74.13386164699995,4.629531985000028],[-74.13393940399999,4.629539611000041],[-74.13394527699995,4.629540193000025],[-74.13436426299995,4.629581683000026],[-74.13487186299994,4.629631948000053],[-74.13487657299999,4.629584442000066],[-74.13488068899994,4.629542921000052],[-74.13487835099994,4.629542693000076],[-74.13463340399994,4.629518894000057],[-74.13437310699999,4.629492896000045],[-74.13387050399996,4.629442697000059],[-74.13381837999998,4.629437491000033],[-74.13348837899997,4.629404684000065],[-74.13348684899995,4.629404378000061],[-74.13347951899993,4.629402301000027],[-74.13347327699995,4.629399671000044],[-74.13346562699996,4.629395167000041],[-74.13345829899998,4.629389135000054],[-74.13345826699998,4.629389099000036],[-74.13345203199998,4.629382000000021],[-74.13345199999998,4.629381954000053],[-74.13344698699996,4.629373947000033],[-74.13344330199999,4.6293651860000296],[-74.13344328899996,4.629365141000051],[-74.13344106499994,4.629355943000064],[-74.13344105899995,4.6293558930000245],[-74.13344033599998,4.629346461000068],[-74.13344021899997,4.629348289000063],[-74.13343497699998,4.629430120000052],[-74.13343494699996,4.629430586000069],[-74.13343453099998,4.629437084000074],[-74.13343015199996,4.629505454000025],[-74.13342799599997,4.629539099000056]]]},"properties":{"CALCODIGO":91029075,"CALCIV":8013743,"CALFUNCION":1,"CALTSUPERF":2,"CALANCHO":9.98,"CALLONGITU":160.86,"OBJECTID":734519}},{"type":"Feature","id":734548,"geometry":{"type":"Polygon","coordinates":[[[-74.13411423399998,4.631593329000054],[-74.13412042466595,4.631598002093275],[-74.1341258791182,4.631603516718927],[-74.13413048401156,4.631609758281427],[-74.13413414365499,4.63161659707923],[-74.13413678199998,4.631623891000061],[-74.13413722599995,4.63161946300005],[-74.13414302599995,4.631561398000031],[-74.13414827099996,4.6315088900000205],[-74.13414574412543,4.631514223839484],[-74.13414237846025,4.631519072265643],[-74.1341382647472,4.6315233045585416],[-74.13413351389737,4.631526806609986],[-74.13412825399996,4.631529484000055],[-74.13412363508716,4.631531016576082],[-74.13411885090768,4.631531908075585],[-74.13411398999995,4.631532142000026],[-74.13367065399996,4.6314879680000445],[-74.13366492499995,4.631540218000055],[-74.13374584599995,4.631549714000073],[-74.13409801899996,4.631586313000071],[-74.13410641786996,4.631589147601489],[-74.13411423399998,4.631593329000054]]]},"properties":{"CALCODIGO":151441,"CALCIV":8004357,"CALFUNCION":1,"CALTSUPERF":2,"CALANCHO":6.19,"CALLONGITU":53.02,"OBJECTID":734548}},{"type":"Feature","id":734665,"geometry":{"type":"Polygon","coordinates":[[[-74.13443366799999,4.628975161000028],[-74.13449311599999,4.628981210000063],[-74.13448703399816,4.62897850740621],[-74.13448142500914,4.628974924948641],[-74.13447641539595,4.628970543335298],[-74.1344721180184,4.628965461278033],[-74.13446862969063,4.628959793268753],[-74.13446602899995,4.628953667000076],[-74.13446450814817,4.628947963782274],[-74.13446375449641,4.628942109579302],[-74.13446378127028,4.628936207125017],[-74.13446458799996,4.628930360000027],[-74.13446458799996,4.628926758000034],[-74.13447049999996,4.628866236000022],[-74.13447317499998,4.62883911800003],[-74.13447824499997,4.628787565000039],[-74.13448415799996,4.6287269730000276],[-74.13448922699996,4.628675489000045],[-74.13449239499994,4.628642933000037],[-74.13450330699999,4.628531777000035],[-74.13450640499997,4.628500139000039],[-74.13451337399994,4.6284286710000515],[-74.13451640099998,4.628397951000068],[-74.13452125799995,4.628348234000043],[-74.13452290999999,4.628331477000074],[-74.13454705699996,4.628089658000022],[-74.13455199675089,4.6280800442048],[-74.13455844399994,4.628071369000054],[-74.13456636679584,4.628063753363061],[-74.1345754518025,4.628057570218573],[-74.13458544304137,4.628052993782454],[-74.13459605899999,4.628050153000061],[-74.13457747599995,4.628048342000056],[-74.13452126399994,4.628042871000048],[-74.13445351799999,4.628036275000056],[-74.13446208033172,4.628039520508377],[-74.134469980819,4.628044149671339],[-74.13447699779341,4.628050032605908],[-74.13448293437574,4.6280570042512785],[-74.13448762399997,4.62806486900007],[-74.13449067393641,4.628072519391997],[-74.13449254671065,4.628080539574385],[-74.13449320028833,4.6280887495345],[-74.13449261999995,4.628096965000054],[-74.13447072599996,4.628316594000069],[-74.13446861499995,4.628337427000076],[-74.13446755799998,4.628348232000064],[-74.13446551699997,4.628369065000072],[-74.13446009499995,4.628423302000044],[-74.13445467499997,4.628477538000027],[-74.13444671999997,4.628557057000023],[-74.13444362299998,4.628587777000064],[-74.13443799099997,4.628643851000049],[-74.13443545699994,4.6286691330000735],[-74.13443123199994,4.628711646000056],[-74.13442841599993,4.6287396820000595],[-74.13442172799995,4.628806560000044],[-74.13441954599995,4.628828241000065],[-74.13441067499997,4.628915952000057],[-74.13440971817322,4.6289236976282035],[-74.1344076836182,4.628931232272109],[-74.13440461161879,4.62893840674717],[-74.13440056299999,4.6289450790000615],[-74.134394711257,4.628952053141036],[-74.13438779141704,4.628957968997105],[-74.13437999223575,4.6289626651987215],[-74.13437152645506,4.6289660136454165],[-74.13436262499994,4.6289679230000615],[-74.13443366799999,4.628975161000028]]]},"properties":{"CALCODIGO":147286,"CALCIV":8004995,"CALFUNCION":1,"CALTSUPERF":2,"CALANCHO":6.24,"CALLONGITU":103.59,"OBJECTID":734665}},{"type":"Feature","id":734892,"geometry":{"type":"Polygon","coordinates":[[[-74.13125111400001,4.630171490999999],[-74.13125908699999,4.630172576000007],[-74.13128561500002,4.630176102000007],[-74.13152008700001,4.63020726100001],[-74.13181925100002,4.6302406209999845],[-74.13182041699997,4.63024075200002],[-74.13182054399999,4.630240764999996],[-74.131823247,4.630241044000002],[-74.13183875800001,4.630081484000016],[-74.13183331099998,4.630080894999992],[-74.13183261799998,4.630080820999979],[-74.13160349499998,4.630056061999994],[-74.13159098199998,4.63005437999999],[-74.13130163099999,4.630015429000025],[-74.13127177400003,4.630011409000019],[-74.13125111400001,4.630171490999999]]]},"properties":{"CALCODIGO":24180782,"CALCIV":8004615,"CALFUNCION":1,"CALTSUPERF":2,"CALANCHO":17.77,"CALLONGITU":63.68,"OBJECTID":734892}},{"type":"Feature","id":734904,"geometry":{"type":"Polygon","coordinates":[[[-74.14399157899999,4.631452465999985],[-74.14443802300002,4.631492888000025],[-74.14480895700001,4.631525151000005],[-74.14482212799999,4.631369699999993],[-74.144800261,4.631367685999976],[-74.144766199,4.631364557999973],[-74.14473214600002,4.631361421000008],[-74.14469809299999,4.631358283999987],[-74.14466403099999,4.6313551480000115],[-74.14462997700002,4.63135201099999],[-74.14459592399999,4.631348874000025],[-74.144555024,4.631345113000009],[-74.14451298,4.631341263000024],[-74.144470936,4.631337402999975],[-74.14442890100003,4.6313335429999825],[-74.14438685699997,4.63132968299999],[-74.144344822,4.631325832000016],[-74.14430277899999,4.631321972000023],[-74.14426073499999,4.631318111999974],[-74.14421962699998,4.631314395999993],[-74.144180845,4.6313110329999745],[-74.144142053,4.631307671000002],[-74.14410327000002,4.631304307999983],[-74.14406448699998,4.6313009539999825],[-74.144039954,4.631298827000023],[-74.14402569600003,4.6312975910000205],[-74.14398691299999,4.631294228000002],[-74.14394813000001,4.631290864999983],[-74.14393784399999,4.631289974000026],[-74.14393317600002,4.631289568999989],[-74.14392247400002,4.631415840999978],[-74.143919832,4.6314470059999735],[-74.14392671000002,4.631447530000003],[-74.14392896700002,4.631447701000013],[-74.14399157899999,4.631452465999985]]]},"properties":{"CALCODIGO":91026891,"CALCIV":8004450,"CALFUNCION":1,"CALTSUPERF":2,"CALANCHO":17.42,"CALLONGITU":99.06,"OBJECTID":734904}},{"type":"Feature","id":734956,"geometry":{"type":"Polygon","coordinates":[[[-74.135286248,4.629672982999978],[-74.13537832399999,4.629682101000014],[-74.13538295699999,4.629635377],[-74.13538350599998,4.629629829999999],[-74.135387219,4.6295923769999945],[-74.13537679799998,4.629591392000009],[-74.13529950999998,4.629584093999995],[-74.13528760600002,4.629582970000001],[-74.13516639900001,4.629570681000018],[-74.134880689,4.629542920999995],[-74.13487657299999,4.629584442000009],[-74.134871863,4.6296319479999966],[-74.135286248,4.629672982999978]]]},"properties":{"CALCODIGO":91012964,"CALCIV":8004584,"CALFUNCION":1,"CALTSUPERF":2,"CALANCHO":9.93,"CALLONGITU":56.5,"OBJECTID":734956}},{"type":"Feature","id":734995,"geometry":{"type":"Polygon","coordinates":[[[-74.13294479299998,4.630453558000056],[-74.13303179299999,4.630460955000046],[-74.13313842399998,4.630470021000065],[-74.13313998899997,4.630469334000054],[-74.13314087499998,4.6304689510000685],[-74.13314434199998,4.630467467000074],[-74.13317839299998,4.630454397000051],[-74.13318027199995,4.630453752000051],[-74.13319039799995,4.630450418000066],[-74.1332319331489,4.630439061794519],[-74.13327425799997,4.630431141000031],[-74.13333270669591,4.630425966682154],[-74.13339136799993,4.630427336000025],[-74.13365326299999,4.630454546000067],[-74.13373460199995,4.630460825000057],[-74.13381085904966,4.630459760170481],[-74.13388685399997,4.630453354000053],[-74.13390562399996,4.630453654000064],[-74.13330438499997,4.630393474000073],[-74.13328941099996,4.630391975000066],[-74.13328211199996,4.630391245000055],[-74.13318483899997,4.630381508000028],[-74.13302073399996,4.63043360100005],[-74.13300220799994,4.630438469000069],[-74.13295955899997,4.630449677000058],[-74.13295289199993,4.6304514300000506],[-74.13294479299998,4.630453558000056]]]},"properties":{"CALCODIGO":900104,"CALCIV":8013648,"CALFUNCION":1,"CALTSUPERF":3,"CALANCHO":5.36,"CALLONGITU":68.08,"OBJECTID":734995}},{"type":"Feature","id":735041,"geometry":{"type":"Polygon","coordinates":[[[-74.13523718099998,4.630297411000072],[-74.13523597499994,4.6303194220000705],[-74.13523521799993,4.630333251000025],[-74.13559773499998,4.630370513000059],[-74.13561195399996,4.6303721060000385],[-74.13561705999996,4.630372678000072],[-74.13563806399998,4.630375031000028],[-74.13567839499996,4.630379549000054],[-74.13571872499995,4.630384067000023],[-74.13575905399995,4.630388586000038],[-74.13579938499998,4.630393104000063],[-74.13583971399999,4.630397623000022],[-74.13588004499996,4.630402142000037],[-74.13592037399997,4.630406660000062],[-74.13596070499995,4.630411179000021],[-74.13600103399995,4.630415697000046],[-74.13604136499998,4.630420215000072],[-74.13605085199998,4.6304212780000285],[-74.13608171899995,4.630424403000063],[-74.13612209599995,4.630428277000021],[-74.13614321299997,4.630430303000026],[-74.13614684199996,4.630395211000064],[-74.13615048099996,4.630360045000032],[-74.13612731699999,4.630357450000076],[-74.13608698799999,4.630352932000051],[-74.13604665699995,4.630348413000036],[-74.13600632699996,4.630343895000067],[-74.13596599699997,4.630339377000041],[-74.13592566699998,4.630334859000072],[-74.13588533799998,4.630330340000057],[-74.13584500699994,4.630325822000032],[-74.13580467699995,4.630321303000073],[-74.13576434699996,4.630316785000048],[-74.13572401699997,4.630312267000022],[-74.13568368699998,4.630307748000064],[-74.13564335699994,4.630303230000038],[-74.13560302799993,4.630298711000023],[-74.13557642699999,4.6302957310000465],[-74.13556266599994,4.630294248000041],[-74.13552224099993,4.630289914000059],[-74.13548181399995,4.630285616000037],[-74.13544138399999,4.630281356000069],[-74.13540095299999,4.63027713300005],[-74.13536051799997,4.630272945000058],[-74.13535112099999,4.630271979000042],[-74.13533623299998,4.630270448000033],[-74.13532007299995,4.630268924000063],[-74.13527961499994,4.630265136000048],[-74.13523915399998,4.63026138500004],[-74.13523718099998,4.630297411000072]]]},"properties":{"CALCODIGO":91027007,"CALCIV":8012583,"CALFUNCION":1,"CALTSUPERF":1,"CALANCHO":7.96,"CALLONGITU":101.56,"OBJECTID":735041}},{"type":"Feature","id":735051,"geometry":{"type":"Polygon","coordinates":[[[-74.14009573199996,4.629814507000049],[-74.14009807599996,4.62981475600003],[-74.14018172899995,4.62982366600005],[-74.14031341499998,4.629837700000053],[-74.14042448399994,4.6298477960000355],[-74.14046269999994,4.629851269000028],[-74.14046964699997,4.629851806000033],[-74.14047863723174,4.629851279683081],[-74.14048744350893,4.629849395337376],[-74.14049586190251,4.629846196599158],[-74.14050369746576,4.62984175754236],[-74.1405107687487,4.6298361809632675],[-74.14051691199995,4.629829596000036],[-74.14052142986489,4.629823113286261],[-74.14052504945072,4.629816089378525],[-74.14052770699993,4.629808648000051],[-74.14052803999994,4.629806237000025],[-74.14052836399998,4.629803812000034],[-74.14052850399997,4.629802801000039],[-74.14052869799997,4.62980139900003],[-74.14052903099997,4.629798976000075],[-74.14052936399997,4.629796572000032],[-74.14052968899995,4.629794140000058],[-74.14053002199995,4.629791727000054],[-74.14053035399996,4.629789304000042],[-74.14053067999998,4.629786890000048],[-74.14053101299999,4.629784468000025],[-74.14053134599999,4.629782056000067],[-74.14053167999998,4.6297796340000446],[-74.14053201299998,4.629777211000032],[-74.14053233699997,4.629774796000049],[-74.14053267099996,4.629772384000034],[-74.14053300399996,4.629769961000022],[-74.14053333699997,4.629767546000039],[-74.14053366199994,4.629765123000027],[-74.14053341306652,4.629756587552994],[-74.14053175499998,4.629748211000049],[-74.1405286968576,4.629740134979447],[-74.14052432320999,4.6297326888025685],[-74.14051875881684,4.629726084874],[-74.14051216240428,4.629720511572929],[-74.14050472213708,4.6297161278795596],[-74.14049665025125,4.629713058840155],[-74.14048817699995,4.629711392000047],[-74.14048551899998,4.629710859000056],[-74.14048287099996,4.629710326000065],[-74.14048022199995,4.629709792000028],[-74.14047755599995,4.6297092590000375],[-74.14047491599996,4.629708735000065],[-74.14047226799994,4.629708201000028],[-74.14046960999997,4.629707670000073],[-74.14045960403702,4.62970780223841],[-74.14044975105544,4.629709550247451],[-74.14044031023991,4.629712868045465],[-74.14043152993298,4.629717668357106],[-74.14042364110242,4.629723824909205],[-74.14041685126548,4.629731175752415],[-74.14041133903021,4.629739527521322],[-74.14040724939707,4.6297486605209555],[-74.14040468994469,4.629758334505917],[-74.14040372799997,4.629768295000076],[-74.14040273442893,4.629772435039542],[-74.14040108021638,4.6297763581366596],[-74.14039880948573,4.629779959649187],[-74.14039598280503,4.62978314351263],[-74.1403926755714,4.629785824802605],[-74.14038897599994,4.629787932000056],[-74.14038512459807,4.629789363963272],[-74.14038109525352,4.629790169070461],[-74.14037698930052,4.629790327073937],[-74.14037290999994,4.629789834000064],[-74.14015364199997,4.629763034000064],[-74.14010204999994,4.6297575360000565],[-74.14010176499994,4.629757506000033],[-74.14009977799998,4.629776273000061],[-74.14009573199996,4.629814507000049]]]},"properties":{"CALCODIGO":91021471,"CALCIV":8013130,"CALFUNCION":1,"CALTSUPERF":2,"CALANCHO":6.11,"CALLONGITU":46.6,"OBJECTID":735051}},{"type":"Feature","id":735117,"geometry":{"type":"Polygon","coordinates":[[[-74.13674346999994,4.629213837000066],[-74.13674332799997,4.629214674000025],[-74.13674304999995,4.62921547600007],[-74.13674175799997,4.629228684000054],[-74.13678442899999,4.629233255000031],[-74.13678588099998,4.629218410000021],[-74.13678658499998,4.629217263000044],[-74.13678745699997,4.629216239000073],[-74.13678847499995,4.629215363000071],[-74.13678961699998,4.629214654000066],[-74.13679085399997,4.629214132000072],[-74.13679215699995,4.629213807000042],[-74.13679349399996,4.62921368800005],[-74.13679536799998,4.629213872000037],[-74.13691427599997,4.629225589000043],[-74.13691708499994,4.629195927000069],[-74.13692226399996,4.629141246000074],[-74.13692121800217,4.629145074436687],[-74.13691953446806,4.6291486684248895],[-74.13691726271591,4.629151922680632],[-74.13691446929553,4.6291547418721555],[-74.13691123603874,4.629157043412685],[-74.13690765766215,4.629158759879769],[-74.13690383899247,4.629159840990379],[-74.13689989189568,4.629160255073934],[-74.13689593199996,4.629159990000062],[-74.13689156699996,4.629159596000022],[-74.13678439499995,4.629149912000059],[-74.13642317899996,4.629113091000022],[-74.13641990406052,4.629112991251566],[-74.13641668853798,4.629112362289708],[-74.13641361737862,4.629111220730084],[-74.13641077171498,4.629109596729913],[-74.13640822672252,4.6291075331913145],[-74.13640604963375,4.629105084627939],[-74.13640429796202,4.629102315724853],[-74.13640301798222,4.629099299629715],[-74.1364022435083,4.629096116020393],[-74.13640199499997,4.629092849000074],[-74.13639716499995,4.629149129000041],[-74.13639350499994,4.629191780000042],[-74.13639453257485,4.629188618145525],[-74.13639606181302,4.629185666084414],[-74.1363980518066,4.629183002785752],[-74.1364004493223,4.629180699494052],[-74.13640319022542,4.629178817823466],[-74.13640620119553,4.629177408109583],[-74.13640940168771,4.629176508062921],[-74.13641270608727,4.6291761417601585],[-74.13641602599995,4.6291763190000665],[-74.13641798099997,4.629176684000072],[-74.13663880399997,4.629198444000053],[-74.13664022299997,4.629200081000022],[-74.13664138499996,4.629201910000063],[-74.13664226599997,4.6292038910000315],[-74.13664284499998,4.629205981000041],[-74.13664310999997,4.629208134000066],[-74.13664201299997,4.629219336000062],[-74.13667720499996,4.629221770000072],[-74.13668176399995,4.629222259000073],[-74.13668294799999,4.62921016100006],[-74.13668294399997,4.62920916500002],[-74.13668309599996,4.629208181000024],[-74.13668340099997,4.6292072340000345],[-74.13668385199998,4.629206347000036],[-74.13668443699999,4.629205542000022],[-74.13668514099999,4.629204840000057],[-74.13668594699999,4.629204259000062],[-74.13668683399999,4.629203813000061],[-74.13668778099998,4.62920351300005],[-74.13668876199995,4.629203367000059],[-74.13669081799998,4.629203570000072],[-74.13673854199999,4.629208273000074],[-74.13673921499998,4.629208340000048],[-74.13674003599994,4.629208547000076],[-74.13674081099998,4.629208888000051],[-74.13674151899994,4.629209352000032],[-74.13674214199995,4.629209928000023],[-74.13674266099997,4.629210599000032],[-74.13674306199994,4.629211346000034],[-74.13674333599994,4.629212150000058],[-74.13674347299997,4.629212988000063],[-74.13674346999994,4.629213837000066]]]},"properties":{"CALCODIGO":91021098,"CALCIV":8013074,"CALFUNCION":1,"CALTSUPERF":2,"CALANCHO":7.41,"CALLONGITU":57.95,"OBJECTID":735117}},{"type":"Feature","id":735199,"geometry":{"type":"Polygon","coordinates":[[[-74.14208350499996,4.629801917000066],[-74.14209071772125,4.629804414920604],[-74.1420974615945,4.629807990270797],[-74.14210357680831,4.629812558324601],[-74.14210891844878,4.629818010831596],[-74.1421133599336,4.629824218582239],[-74.1421167960117,4.629831034469766],[-74.14211914525738,4.629838296976231],[-74.14212035199995,4.629845834000037],[-74.14212627299997,4.629782014000057],[-74.14212640099998,4.629780633000053],[-74.14213217799994,4.629718367000066],[-74.14212858906122,4.629725588715366],[-74.1421239470004,4.629732183025363],[-74.1421183590795,4.629737997558281],[-74.14211195441612,4.629742897960307],[-74.14210488099997,4.629746771000043],[-74.14209787485673,4.6297493581781195],[-74.14209057371927,4.629750930731859],[-74.14208312372729,4.629751457184996],[-74.14207567399995,4.629750927000032],[-74.14176340299997,4.629720984000073],[-74.14163923499996,4.629706628000065],[-74.14163207350276,4.629705245880817],[-74.14162520717848,4.629702786025885],[-74.1416187971927,4.629699306172723],[-74.14161299399996,4.629694888000074],[-74.14160783360813,4.629689518722688],[-74.14160356883984,4.6296834137628275],[-74.14160030299996,4.629676721000067],[-74.14159536199998,4.62972706100004],[-74.14159508999995,4.62972983700007],[-74.14158941299996,4.629787676000035],[-74.14159282630766,4.629780818271057],[-74.14159730173941,4.629774601388651],[-74.1416027219322,4.629769188383354],[-74.14160894474776,4.629764721204956],[-74.14161580699994,4.629761317000032],[-74.14162178851524,4.629759385883672],[-74.14162797398517,4.629758268879925],[-74.14163425313002,4.62975798590367],[-74.14164051399996,4.629758542000047],[-74.14169346099999,4.629764064000028],[-74.14177558099993,4.629772628000069],[-74.14207361599995,4.629800386000056],[-74.14207859944283,4.629800899961168],[-74.14208350499996,4.629801917000066]]]},"properties":{"CALCODIGO":145598,"CALCIV":8004629,"CALFUNCION":1,"CALTSUPERF":2,"CALANCHO":5.91,"CALLONGITU":59.24,"OBJECTID":735199}},{"type":"Feature","id":735217,"geometry":{"type":"Polygon","coordinates":[[[-74.13432184200002,4.630007562000003],[-74.13431827800002,4.630043348000015],[-74.13435854599999,4.630048615000021],[-74.13439881300002,4.630053882000027],[-74.13443908199997,4.630059150000022],[-74.134479349,4.630064417000028],[-74.13451961700002,4.630069683999977],[-74.134559884,4.630074950999983],[-74.13460015300001,4.630080218999979],[-74.13464041999998,4.6300854859999845],[-74.134680688,4.63009075299999],[-74.13472095499998,4.630096019999996],[-74.13476122399999,4.630101287999992],[-74.13480149100002,4.630106554999998],[-74.13484175899998,4.6301118220000035],[-74.13488202600001,4.630117089000009],[-74.13492229500002,4.630122356000015],[-74.134962562,4.630127623000021],[-74.13500283000002,4.630132890000027],[-74.135013448,4.630134279999993],[-74.13504316900003,4.630138052000007],[-74.13508353399999,4.6301431420000085],[-74.13512390099999,4.630148196999983],[-74.135164272,4.630153215000007],[-74.13520464700002,4.630158197000014],[-74.13522358900002,4.630160521999983],[-74.135245037,4.63016299100002],[-74.13524816,4.630126890999975],[-74.13525123800002,4.630091323999977],[-74.135244532,4.630090542999994],[-74.13522937699997,4.630088778000015],[-74.13521100899999,4.630086548999998],[-74.13517079299999,4.630081615999984],[-74.13513058199999,4.6300766360000125],[-74.135090376,4.6300715859999855],[-74.135050175,4.630066479999982],[-74.13502007400001,4.630062640999995],[-74.13500995800001,4.630061318999992],[-74.13496969099998,4.630056051999986],[-74.13492942300002,4.630050783999991],[-74.134889155,4.630045516999985],[-74.134852351,4.63004070300002],[-74.13484888699998,4.630040249999979],[-74.13483161300002,4.630037990999995],[-74.13480862,4.630034982999973],[-74.13476835199998,4.630029716000024],[-74.13472808400002,4.630024449000018],[-74.134687816,4.630019182000012],[-74.13464754900002,4.630013915000006],[-74.134607281,4.630008647000011],[-74.13456701299998,4.630003380000005],[-74.13452674500002,4.629998112999999],[-74.13448647799999,4.629992845000004],[-74.13444621000002,4.629987577999998],[-74.134405942,4.629982310999992],[-74.13436567399998,4.629977043999986],[-74.134325407,4.62997177699998],[-74.13432184200002,4.630007562000003]]]},"properties":{"CALCODIGO":91029074,"CALCIV":8013741,"CALFUNCION":1,"CALTSUPERF":1,"CALANCHO":7.95,"CALLONGITU":103.68,"OBJECTID":735217}},{"type":"Feature","id":735225,"geometry":{"type":"Polygon","coordinates":[[[-74.128360305,4.629415290999987],[-74.128358833,4.6294504489999895],[-74.12837176900001,4.629451114000005],[-74.12839928199998,4.629452528999991],[-74.128439732,4.629454427999974],[-74.12848009099997,4.629456327000014],[-74.12852099000003,4.6294581359999825],[-74.12856107900001,4.629459854999993],[-74.12860170900001,4.629461031000005],[-74.12864251799999,4.629463020999992],[-74.128682878,4.629465100999994],[-74.12872314700002,4.629467180999995],[-74.12876404600001,4.629468900000006],[-74.12880431600001,4.629470889000004],[-74.128844765,4.629472788999976],[-74.128885304,4.629474597000012],[-74.12889894199998,4.629475300000024],[-74.12890775400001,4.629475753999998],[-74.12892465099998,4.629476624999995],[-74.12892538900002,4.629476662999991],[-74.128927196,4.629441966000002],[-74.12892899799999,4.629407345000004],[-74.12892763600001,4.629407277999974],[-74.12891097599999,4.629406465999978],[-74.12888818900001,4.629405355000017],[-74.128847469,4.629403455999977],[-74.12880738000001,4.62940146599999],[-74.12876657100003,4.629399657000022],[-74.12872603099999,4.629397939],[-74.12868513199999,4.629395858000009],[-74.12864477199997,4.629393959000026],[-74.12860450300002,4.629392150000001],[-74.128563784,4.6293911550000075],[-74.12852279399999,4.6293891650000205],[-74.12848306500001,4.629386722999982],[-74.12844225600003,4.629385366000008],[-74.12840216699999,4.629383195999992],[-74.12837859500002,4.629382247000024],[-74.12836171800001,4.629381567999985],[-74.128360305,4.629415290999987]]]},"properties":{"CALCODIGO":145457,"CALCIV":8004666,"CALFUNCION":1,"CALTSUPERF":1,"CALANCHO":7.66,"CALLONGITU":63,"OBJECTID":735225}},{"type":"Feature","id":735277,"geometry":{"type":"Polygon","coordinates":[[[-74.13485226999995,4.629075196000031],[-74.13485345937093,4.629075542355287],[-74.1348545789384,4.6290760725759545],[-74.13485560048345,4.629076773297717],[-74.13485649825783,4.629077626858745],[-74.13485724963297,4.629078611744866],[-74.13485783567032,4.629079703131832],[-74.13485824159866,4.629080873511021],[-74.13485845718652,4.629082093382796],[-74.13485847699997,4.62908333200005],[-74.13485509299994,4.629107475000069],[-74.13485502514602,4.62910851247033],[-74.1348547861025,4.629109524303762],[-74.1348543824955,4.629110482453066],[-74.13485382551272,4.629111360359027],[-74.13485313059331,4.629112133686722],[-74.13485231699997,4.62911278100006],[-74.13477864599997,4.629161805000024],[-74.13477173548283,4.629170176535396],[-74.13476613536216,4.629179475809558],[-74.13476196814699,4.629189499390223],[-74.13475932499995,4.629200028000071],[-74.13475675499996,4.629257167000048],[-74.13475701799996,4.629258224000068],[-74.13483711599997,4.629266649000044],[-74.13487125599994,4.629270240000039],[-74.13489835599995,4.6292730900000265],[-74.13492025599999,4.629275393000057],[-74.13494182199997,4.629057101000058],[-74.13485491099993,4.629048456000021],[-74.13485226999995,4.629075196000031]]]},"properties":{"CALCODIGO":91012974,"CALCIV":8014452,"CALFUNCION":1,"CALTSUPERF":2,"CALANCHO":9.28,"CALLONGITU":24.26,"OBJECTID":735277}},{"type":"Feature","id":735371,"geometry":{"type":"Polygon","coordinates":[[[-74.12784627299999,4.629194419000044],[-74.12785919099997,4.629195338000045],[-74.12786830999994,4.62919598600007],[-74.12796057799994,4.62920254200003],[-74.12795103409155,4.6292011868744],[-74.12794166599997,4.6291989150000745],[-74.1279312523211,4.629194089866219],[-74.12792169699998,4.629187732000048],[-74.12792100299998,4.629187183000056],[-74.12791345442552,4.62918023879178],[-74.12790692099998,4.629172332000053],[-74.12790119336033,4.629162977821988],[-74.12789688192218,4.629152892287578],[-74.12789407773005,4.629142288372751],[-74.12789283999996,4.629131390000055],[-74.12789715599996,4.629074575000061],[-74.12790128299997,4.629032438000024],[-74.12790047499993,4.62902471600006],[-74.12793517099993,4.628682679000065],[-74.12793631599999,4.6286713960000725],[-74.12794271399997,4.628608321000058],[-74.12794583299996,4.628577571000051],[-74.12794127299998,4.628577133000022],[-74.12793037581626,4.62858010755094],[-74.12792008153222,4.6285847577425905],[-74.12791064599998,4.628590968000026],[-74.12790238922047,4.628598485187858],[-74.12789539375365,4.628607188403631],[-74.127889827782,4.628616868407784],[-74.12788582512059,4.628627292477165],[-74.12788348199996,4.6286382100000765],[-74.12788301199998,4.628642776000049],[-74.12787589999994,4.628716545000032],[-74.12787494599996,4.628717661000053],[-74.12787382599998,4.628718608000042],[-74.12787256799999,4.628719362000027],[-74.12787120599995,4.6287199030000465],[-74.12786977499997,4.628720217000023],[-74.12786831199998,4.62872029600004],[-74.12786685599997,4.628720138000062],[-74.12786544399995,4.628719748000037],[-74.12786411299999,4.62871913400005],[-74.12786129499995,4.628746447000026],[-74.12786051699999,4.628753990000064],[-74.12786055299995,4.628754635000064],[-74.12786048699996,4.628755278000028],[-74.12786031999997,4.628755902000023],[-74.12785876999999,4.628770770000074],[-74.12786075799994,4.628771021000034],[-74.12786268499997,4.628771573000051],[-74.12786450499993,4.628772414000025],[-74.12786617499995,4.628773524000053],[-74.12786765699997,4.628774877000069],[-74.12786891599995,4.6287764410000705],[-74.12786992199995,4.62877818000004],[-74.12786908899994,4.628786766000076],[-74.12786842199995,4.62879369500007],[-74.12786686399994,4.628795633000038],[-74.12786500499993,4.62879728300004],[-74.12786289699994,4.62879859800006],[-74.12786059999996,4.628799541000035],[-74.12785817899999,4.628800085000023],[-74.12785569999994,4.628800216000059],[-74.12785130799995,4.628842342000041],[-74.12785059299995,4.628849202000026],[-74.12784946099998,4.628860055000075],[-74.12785191199998,4.628861182000037],[-74.12785415999997,4.628862677000029],[-74.12785614899997,4.628864503000045],[-74.12785783199996,4.628866617000028],[-74.12785916799999,4.628868968000063],[-74.12786012399994,4.628871498000024],[-74.12786067799993,4.628874146000044],[-74.12784861099993,4.6289995030000455],[-74.12783865999995,4.629122264000046],[-74.12783640980545,4.629134494056077],[-74.12783212743739,4.629146168771046],[-74.12782593580063,4.6291569530781675],[-74.12781801259646,4.629166537465554],[-74.12780858522252,4.629174646859264],[-74.12779792424642,4.629181048517986],[-74.12778633564042,4.629185558712765],[-74.12777415199997,4.62918804800006],[-74.12776240799997,4.629188456000065],[-74.12784627299999,4.629194419000044]]]},"properties":{"CALCODIGO":147303,"CALCIV":8004869,"CALFUNCION":1,"CALTSUPERF":2,"CALANCHO":6.74,"CALLONGITU":67.62,"OBJECTID":735371}},{"type":"Feature","id":735383,"geometry":{"type":"Polygon","coordinates":[[[-74.13538350599998,4.629629830000056],[-74.13538295699993,4.6296353770000565],[-74.13537832399999,4.629682101000071],[-74.13562490799995,4.629707059000054],[-74.13592428699997,4.629737379000062],[-74.13601118499997,4.629746180000041],[-74.13601731499995,4.629746801000067],[-74.13610416399996,4.629755596000052],[-74.13610508699998,4.6297556900000245],[-74.13611454099998,4.629756647000022],[-74.13611899199998,4.629714310000054],[-74.13611891775501,4.629713800291763],[-74.13611892876455,4.629713285322204],[-74.13611902472583,4.629712779252753],[-74.13611920299996,4.6297122960000365],[-74.13612272999995,4.629678739000042],[-74.13612359799998,4.629670482000051],[-74.13611881899999,4.6296699640000725],[-74.13611409799995,4.62966945200003],[-74.13605216299999,4.62966274300004],[-74.13580301199994,4.629635754000049],[-74.13572295699998,4.629626919000032],[-74.13549974199998,4.629603002000067],[-74.13538721899994,4.629592377000051],[-74.13538350599998,4.629629830000056]]]},"properties":{"CALCODIGO":530456,"CALCIV":8012616,"CALFUNCION":1,"CALTSUPERF":2,"CALANCHO":9.86,"CALLONGITU":82.14,"OBJECTID":735383}},{"type":"Feature","id":735392,"geometry":{"type":"Polygon","coordinates":[[[-74.14080949099997,4.629668851000076],[-74.14083560099994,4.629671335000069],[-74.14087584499998,4.6296751630000585],[-74.14088185599996,4.629611546000035],[-74.14088082612369,4.629606079746554],[-74.14088038299997,4.6296005350000655],[-74.14092396099994,4.629139379000037],[-74.14092521112461,4.6291322086003],[-74.14092753799997,4.629125312000042],[-74.14093385799998,4.629059186000063],[-74.14086228299993,4.629052298000033],[-74.14085618199994,4.629119245000027],[-74.14085774698208,4.629126693716623],[-74.14085827099996,4.629134287000056],[-74.14085500899995,4.629171593000024],[-74.14084852199994,4.629242788000056],[-74.14084204399995,4.62931399200005],[-74.14083556599996,4.629385187000025],[-74.14082908899996,4.629456391000076],[-74.14082261099998,4.62952758800003],[-74.14081613299999,4.6295987900000455],[-74.14080957399995,4.6296680420000484],[-74.14080949099997,4.629668851000076]]]},"properties":{"CALCODIGO":145609,"CALCIV":8004750,"CALFUNCION":1,"CALTSUPERF":2,"CALANCHO":7.32,"CALLONGITU":68.46000000000001,"OBJECTID":735392}},{"type":"Feature","id":735471,"geometry":{"type":"Polygon","coordinates":[[[-74.133297336,4.630154324999978],[-74.13329613399998,4.630190358999982],[-74.13332130200001,4.630192158],[-74.133324416,4.630192379999983],[-74.13333655100001,4.630193247000022],[-74.13337696899998,4.6301961369999844],[-74.13341738600002,4.630199026000014],[-74.133457803,4.630201915999976],[-74.13349822100002,4.630204805000005],[-74.133538638,4.630207693999978],[-74.13357905499998,4.630210583000007],[-74.13361947200002,4.63021347199998],[-74.133659889,4.630216361999999],[-74.13370030700003,4.630219251000028],[-74.133740724,4.630222140000001],[-74.13378114199998,4.630225028999973],[-74.13382155800002,4.630227918000003],[-74.13386197599999,4.630230808000022],[-74.13390239300003,4.630233696999994],[-74.13394281000001,4.630236586000024],[-74.13398322799998,4.630239474999996],[-74.13402364500001,4.630242364000026],[-74.134064062,4.630245252999998],[-74.13410447899997,4.630248143000017],[-74.13414489600001,4.63025103199999],[-74.13418531399998,4.630253921000019],[-74.13422573100002,4.630256809999992],[-74.134266148,4.6302597000000105],[-74.1343008,4.63026217700002],[-74.13430287300002,4.63026232499999],[-74.13430656600002,4.630262588999983],[-74.134307767,4.630226556000025],[-74.13430896800003,4.63019052300001],[-74.13430738099999,4.6301904100000115],[-74.13426855099999,4.630187633999981],[-74.13422813400001,4.630184745000008],[-74.13418771599999,4.630181854999989],[-74.134147299,4.630178966000017],[-74.13410688200003,4.630176076999987],[-74.13406646499999,4.630173188000015],[-74.13402604800001,4.630170298999985],[-74.13398562999998,4.630167409000023],[-74.133945213,4.630164519999994],[-74.13390479499998,4.630161631000021],[-74.133864378,4.630158741999992],[-74.13382396100002,4.630155853000019],[-74.13378354399998,4.6301529630000005],[-74.133743127,4.630150074000028],[-74.13370270899998,4.6301471849999984],[-74.133662292,4.630144296000026],[-74.13362187500002,4.630141406999996],[-74.13362041699997,4.630141303000016],[-74.13358145699999,4.630138518000024],[-74.133541041,4.630135628000005],[-74.13350062400002,4.630132738999976],[-74.133460206,4.630129849000014],[-74.13341978900002,4.630126960999974],[-74.13337937099999,4.630124072000001],[-74.13333895400001,4.630121181999982],[-74.13333532500002,4.630120922999993],[-74.13329853699997,4.6301182930000095],[-74.133297336,4.630154324999978]]]},"properties":{"CALCODIGO":91026922,"CALCIV":8013629,"CALFUNCION":1,"CALTSUPERF":1,"CALANCHO":7.97,"CALLONGITU":112.44,"OBJECTID":735471}},{"type":"Feature","id":735513,"geometry":{"type":"Polygon","coordinates":[[[-74.13771571400002,4.628849095000021],[-74.13771538100002,4.628861859999972],[-74.13771353099997,4.628932856000006],[-74.13771125699998,4.629020104999995],[-74.13770958100002,4.629084384999999],[-74.13770921700001,4.6290983549999964],[-74.137709057,4.629104509999991],[-74.137706063,4.629132201999994],[-74.13768988999999,4.62928175899998],[-74.13768850100001,4.629294608000009],[-74.13767574500002,4.629412565999985],[-74.13774174899999,4.629419928000004],[-74.137750805,4.629329208999991],[-74.13775636399998,4.629273527000009],[-74.13776436400002,4.629193267000005],[-74.13776901799997,4.629146567000021],[-74.137781201,4.62902434099999],[-74.13778287100001,4.629007359000013],[-74.13780146900001,4.628818261999982],[-74.13780149000002,4.628818036999974],[-74.137801497,4.628817980000008],[-74.13780158399999,4.628817613000024],[-74.13780172700001,4.628817265999999],[-74.13780192299998,4.628816945999972],[-74.13780216800001,4.628816663000009],[-74.13780245599997,4.628816422],[-74.13780277799998,4.628816229999984],[-74.13780312699998,4.628816093000012],[-74.13780349299998,4.628816013000005],[-74.13780386600001,4.628815993999979],[-74.13780423899999,4.62881603400001],[-74.13780460700002,4.628816136000012],[-74.137804953,4.628816297000014],[-74.13780526699998,4.628816512000014],[-74.137805544,4.628816776000008],[-74.13780577300003,4.628817082000012],[-74.13780594899998,4.628817421999997],[-74.13780606900002,4.628817785000024],[-74.13780612699998,4.628818163000005],[-74.13781110500003,4.628857876999973],[-74.13781364800002,4.628878166999982],[-74.13781437199998,4.6288821080000275],[-74.13781714100003,4.628897187000007],[-74.13782945899999,4.628778049000005],[-74.13782876599998,4.628759808999973],[-74.13782874600003,4.628759259999981],[-74.13782850500002,4.6287529339999764],[-74.137829641,4.628734666000014],[-74.13783508300003,4.628666671000019],[-74.13784145300002,4.628576909000003],[-74.13784142100002,4.6285729300000185],[-74.137840643,4.628477112999974],[-74.13783974699999,4.628470352000022],[-74.13783937199997,4.628467523999973],[-74.13775342399998,4.628460717999985],[-74.13775304900003,4.628464985999983],[-74.13775205799999,4.6284762650000175],[-74.13774639299999,4.628540758999975],[-74.137721107,4.628794903000028],[-74.13772075999998,4.628798386000028],[-74.13771571400002,4.628849095000021]]]},"properties":{"CALCODIGO":502720,"CALCIV":8004900,"CALFUNCION":1,"CALTSUPERF":2,"CALANCHO":9.02,"CALLONGITU":105.8,"OBJECTID":735513}},{"type":"Feature","id":735532,"geometry":{"type":"Polygon","coordinates":[[[-74.143941133,4.631195676999994],[-74.14393809400002,4.631231532000015],[-74.14394193999999,4.631232005000015],[-74.14397838999997,4.631236489000003],[-74.14401868499999,4.63124144599999],[-74.14405898000001,4.631246402999977],[-74.14409927600002,4.631251360000022],[-74.14413957099998,4.631256317000009],[-74.14417986699999,4.631261274999986],[-74.14422016200001,4.631266230999984],[-74.14426045699997,4.631271189000017],[-74.14430075299998,4.631276146000005],[-74.144341048,4.631281102999992],[-74.14438134300002,4.631286059999979],[-74.14442163899997,4.631291017000024],[-74.14446193399999,4.6312959750000005],[-74.14450222900001,4.631300930999998],[-74.14454252500002,4.631305887999986],[-74.14458281999998,4.631310846000019],[-74.144623115,4.631315802000017],[-74.14466341000002,4.631320759999994],[-74.14470370499998,4.6313257169999815],[-74.14474400099999,4.631330674000026],[-74.144784297,4.631335631000013],[-74.144824594,4.6313405880000005],[-74.14482763199999,4.631304734000025],[-74.14483066999998,4.631268879999993],[-74.14483269700003,4.631244115000015],[-74.14479231600001,4.63124099800001],[-74.144751864,4.631237876],[-74.14471141299998,4.6312347539999905],[-74.14467096200002,4.6312316309999915],[-74.14463051199999,4.631228508999982],[-74.14459006099997,4.631225386999972],[-74.14454961000001,4.631222265000019],[-74.144509159,4.63121914300001],[-74.14446870900002,4.631216020000011],[-74.144428258,4.631212898000001],[-74.14438780699999,4.6312097759999915],[-74.14434712399998,4.631209393999995],[-74.14430682900002,4.631204437000008],[-74.144274644,4.6312004779999825],[-74.144266533,4.631199480000021],[-74.14422623899998,4.6311945229999765],[-74.14420609000001,4.631192043999988],[-74.14418594300002,4.631189565],[-74.144145648,4.631184609000002],[-74.144105352,4.631179651000025],[-74.14406505699998,4.631174693999981],[-74.14402476200002,4.631169737999983],[-74.143984466,4.631164780000006],[-74.14394701600003,4.631160173000012],[-74.14394417099999,4.631159823000019],[-74.143941133,4.631195676999994]]]},"properties":{"CALCODIGO":91026895,"CALCIV":8004450,"CALFUNCION":1,"CALTSUPERF":1,"CALANCHO":8.78,"CALLONGITU":99.12,"OBJECTID":735532}},{"type":"Feature","id":735533,"geometry":{"type":"Polygon","coordinates":[[[-74.13611454099998,4.629756647000022],[-74.13620170199994,4.629765474000067],[-74.1362223841187,4.6297658069964145],[-74.13624285606379,4.629762847201391],[-74.13626259693967,4.629756669925092],[-74.13628110445234,4.629747432344367],[-74.13629790768995,4.62973536950356],[-74.13631257910487,4.6297207883339535],[-74.1363247453923,4.629704059844096],[-74.13633409698883,4.629685609679732],[-74.13634039594906,4.629665907293511],[-74.13634348199997,4.6296454540000695],[-74.13634374199995,4.6296417140000585],[-74.13634915199998,4.629563903000076],[-74.13635655399997,4.629501736000066],[-74.13636446599997,4.629478695000046],[-74.13639295299998,4.629196056000069],[-74.1363931160348,4.629193903417089],[-74.13639350499994,4.629191780000042],[-74.13639716499995,4.629149129000041],[-74.13640199499997,4.629092849000074],[-74.13640249899998,4.629087779000031],[-74.13634872699998,4.629082543000038],[-74.13634840799995,4.629085770000074],[-74.13631041799994,4.629469965000055],[-74.13631006399999,4.6294727090000265],[-74.13630272999995,4.629498785000067],[-74.13629502699996,4.629589346000046],[-74.13629134699994,4.629632601000026],[-74.13628906365493,4.629645046342165],[-74.13628473658568,4.629656936534639],[-74.13627848700943,4.629667938489103],[-74.13627048999996,4.629677744000048],[-74.13625624494792,4.629691250916004],[-74.13624012086848,4.629702447895451],[-74.13622248875397,4.6297110773116845],[-74.13620375429448,4.629716940614008],[-74.1361843485435,4.629719902896105],[-74.13616471799997,4.62971989600004],[-74.13612121899996,4.629716607000034],[-74.13612076575376,4.6297164493229905],[-74.1361203423649,4.629716223411404],[-74.13611995903214,4.629715934707117],[-74.13611962498935,4.629715590164549],[-74.13611934828306,4.629715198083174],[-74.13611913557871,4.629714767907598],[-74.13611899199998,4.629714310000054],[-74.13611454099998,4.629756647000022]]]},"properties":{"CALCODIGO":530459,"CALCIV":8004759,"CALFUNCION":1,"CALTSUPERF":2,"CALANCHO":5.96,"CALLONGITU":89.46000000000001,"OBJECTID":735533}},{"type":"Feature","id":735542,"geometry":{"type":"Polygon","coordinates":[[[-74.13763797000001,4.63299990500002],[-74.13766018799998,4.633002149999982],[-74.137652404,4.632915137999987],[-74.137650296,4.63289875800001],[-74.13769322899998,4.632461735999982],[-74.13770035499999,4.632387285999982],[-74.137716017,4.632223619000001],[-74.13765317399998,4.632217339000022],[-74.13763641100002,4.632387285999982],[-74.13758654100002,4.632892745999982],[-74.13757654099999,4.632993698000007],[-74.13763797000001,4.63299990500002]]]},"properties":{"CALCODIGO":91013230,"CALCIV":8014092,"CALFUNCION":1,"CALTSUPERF":2,"CALANCHO":7.23,"CALLONGITU":86.31,"OBJECTID":735542}},{"type":"Feature","id":735570,"geometry":{"type":"Polygon","coordinates":[[[-74.13907496299998,4.630144605000055],[-74.13911984463658,4.630193358085169],[-74.13916798662576,4.6302388945923685],[-74.13921915899994,4.630280997000057],[-74.13922618799995,4.630286545000047],[-74.13923326399998,4.630291602000057],[-74.13924277599995,4.630298528000026],[-74.1392744307741,4.630317088703531],[-74.13930850399998,4.630330710000067],[-74.13930962299997,4.63033106000006],[-74.13933465299993,4.630337391000069],[-74.13934093799998,4.6303383030000305],[-74.13935936399997,4.630340974000035],[-74.13937049699996,4.630341757000053],[-74.13937509299996,4.630341931000032],[-74.13938718999998,4.630343015000051],[-74.13938733199996,4.630343028000027],[-74.13941776999997,4.630345756000054],[-74.13942502199995,4.630264322000073],[-74.13939031699994,4.630260999000029],[-74.13937023799997,4.630258598000069],[-74.13937010299998,4.630258577000063],[-74.13935009599999,4.630255128000044],[-74.13931281203322,4.630245775574694],[-74.1392766213854,4.630232821847509],[-74.13924187099997,4.630216391000033],[-74.13924212631832,4.630215412029445],[-74.13924224398099,4.63021440717803],[-74.13924222173273,4.6302133957058915],[-74.13924205999996,4.630212397000037],[-74.13924176226375,4.630211430823891],[-74.13924133399996,4.630210515000044],[-74.13924078916932,4.6302096760250295],[-74.13924013512829,4.630208919090538],[-74.13923938407089,4.630208258308966],[-74.13923854999996,4.6302077060000215],[-74.13923743407285,4.6302071906684805],[-74.13923624748038,4.630206869953316],[-74.13923502389093,4.630206752954494],[-74.13923379802259,4.630206842991735],[-74.13923260465815,4.630207137510327],[-74.1392314776581,4.630207628153599],[-74.13923044899997,4.630208301000039],[-74.13921783799998,4.630200449000029],[-74.13921768756644,4.63019966880923],[-74.1392174474819,4.630198911387725],[-74.13921712099994,4.630198187000076],[-74.13921651066589,4.630197225231809],[-74.13921574891252,4.63019637833296],[-74.13921485694718,4.630195669881343],[-74.13921385960234,4.6301951196003746],[-74.13921278464427,4.630194742809975],[-74.13921166199998,4.630194550000056],[-74.13921074170231,4.6301945325190195],[-74.13920982742064,4.6301946390197495],[-74.13920893578158,4.630194867565486],[-74.13920808299997,4.630195214000025],[-74.13920536399996,4.630193489000021],[-74.13918352231858,4.630178122140103],[-74.13916306699997,4.630160953000029],[-74.13915667199996,4.630154479000055],[-74.13913864499995,4.630134028000043],[-74.13913467799995,4.630129019000037],[-74.13911536099994,4.630104624000069],[-74.13909458199998,4.630078382000022],[-74.13909289599997,4.630076082000073],[-74.13909060199995,4.630072953000024],[-74.13908100599997,4.630059342000038],[-74.13905936599997,4.630025558000057],[-74.13904901499996,4.630008903000032],[-74.13904667399999,4.630005083000071],[-74.13904439699996,4.630001357000026],[-74.13902200899997,4.629963692000047],[-74.13898547699995,4.629902806000075],[-74.13898022799998,4.629894058000048],[-74.13895947599997,4.629859472000021],[-74.13893706199997,4.629822114000035],[-74.13893675899999,4.629821614000036],[-74.13890699299998,4.629772495000054],[-74.13889323899997,4.629749798000034],[-74.13888955699997,4.6297437220000575],[-74.13888840599998,4.629741823000074],[-74.13887448199995,4.62971884600006],[-74.13887019499998,4.6297117070000695],[-74.13884550999995,4.62967059500005],[-74.13883925299996,4.629660176000073],[-74.13882985699996,4.6296445280000285],[-74.13882344899997,4.629633857000044],[-74.13881261599994,4.629615815000022],[-74.13879153042711,4.629580855117826],[-74.13876688199997,4.629548309000029],[-74.13876193199997,4.629542559000072],[-74.13873058551283,4.629510769280401],[-74.13869578499998,4.62948280300003],[-74.13866252192867,4.629461201795517],[-74.13862699299995,4.6294435740000495],[-74.13861821399996,4.629439973000046],[-74.13861491499995,4.629438567000022],[-74.13861475099998,4.629438497000024],[-74.13858370063778,4.629427106043907],[-74.13855173399998,4.629418620000024],[-74.13853945399995,4.629416178000042],[-74.13849586757729,4.629411758841826],[-74.13845212799998,4.6294092780000256],[-74.13842613799994,4.629408185000045],[-74.13842238499996,4.629408027000068],[-74.13834433899996,4.629404745000045],[-74.13833837899995,4.629404495000074],[-74.13832546999998,4.629403952000075],[-74.13827417899995,4.629401795000035],[-74.13827105099995,4.629401664000056],[-74.13826648899999,4.6294020460000525],[-74.13826645699999,4.629402427000059],[-74.13826482599995,4.629402183000025],[-74.13825964999995,4.62940136800006],[-74.13822714899999,4.629394770000033],[-74.13819158599995,4.629384438000045],[-74.13817682587813,4.629378629871088],[-74.13816309599747,4.62937068720562],[-74.13815070291967,4.629360787348023],[-74.13813992335824,4.629349151342998],[-74.13813099799995,4.629336039000066],[-74.13812468399993,4.629323158000034],[-74.13812410399998,4.629321704000063],[-74.13812259599996,4.629317621000041],[-74.13812029599995,4.629342810000026],[-74.13811797099999,4.629368271000033],[-74.13811386399993,4.629413245000023],[-74.13811363699995,4.6294157340000766],[-74.13811283999996,4.629424454000059],[-74.13811565099996,4.629418434000058],[-74.13812204699997,4.629416681000066],[-74.13812469599998,4.629417639000053],[-74.13813300599998,4.629423612000039],[-74.13813305799994,4.629423649000046],[-74.13815026299994,4.6294360160000565],[-74.13817881099999,4.629449260000058],[-74.13820932399994,4.629456916000038],[-74.13821779199998,4.629457992000027],[-74.13826514199997,4.62946112000003],[-74.13834756299997,4.629463137000073],[-74.13835932999996,4.6294634240000505],[-74.13840832699998,4.629464620000022],[-74.13850209199995,4.629468354000039],[-74.13854925189308,4.629476845181132],[-74.13859476124115,4.62949184701149],[-74.13863772591641,4.62951306474831],[-74.13867730178661,4.629540081524107],[-74.13871271129975,4.629572366536967],[-74.13874325876078,4.629609285479272],[-74.13876834399997,4.629650113000025],[-74.13882102799994,4.629733463000036],[-74.13897266699996,4.629990127000042],[-74.13903201599999,4.630087244000038],[-74.13906428199994,4.630131949000031],[-74.13907496299998,4.630144605000055]]]},"properties":{"CALCODIGO":527088,"CALCIV":8012652,"CALFUNCION":1,"CALTSUPERF":2,"CALANCHO":6.65,"CALLONGITU":190.45000000000002,"OBJECTID":735570}},{"type":"Feature","id":735572,"geometry":{"type":"Polygon","coordinates":[[[-74.13073196900001,4.630100829000014],[-74.13125111400001,4.630171490999999],[-74.13127177400003,4.630011409000019],[-74.131079962,4.629985588000011],[-74.13075019299998,4.6299412700000175],[-74.13073196900001,4.630100829000014]]]},"properties":{"CALCODIGO":91026978,"CALCIV":8013654,"CALFUNCION":1,"CALTSUPERF":2,"CALANCHO":17.81,"CALLONGITU":58.28,"OBJECTID":735572}},{"type":"Feature","id":735589,"geometry":{"type":"Polygon","coordinates":[[[-74.13521335399997,4.6305826770000635],[-74.13547033099996,4.630608127000073],[-74.13554020299995,4.630617569000037],[-74.13554043599999,4.6306176000000505],[-74.13554709299996,4.6306185000000255],[-74.13554722599997,4.630618514000048],[-74.13557651099995,4.630621733000055],[-74.13562006899997,4.630626520000021],[-74.13564579899997,4.630629347000024],[-74.13574277999999,4.630640005000032],[-74.13580007699994,4.630645526000023],[-74.13592476099996,4.630658470000071],[-74.13606403399996,4.630673600000023],[-74.13607019399996,4.630674266000028],[-74.13607879099999,4.630675188000055],[-74.13622876099998,4.630691211000055],[-74.13628366999995,4.630696428000022],[-74.13629145199997,4.630697288000022],[-74.13631381899995,4.630699930000048],[-74.13635271399994,4.63070452300002],[-74.13635635299994,4.6307049520000305],[-74.13637211825136,4.630707757833281],[-74.13638754499993,4.630712051000046],[-74.13639292299996,4.630645371000071],[-74.13636782689899,4.630638262447547],[-74.13634225299995,4.630633132000071],[-74.13632119499994,4.630631099000027],[-74.13626578699996,4.630625753000061],[-74.13626245799998,4.630625432000045],[-74.13600361299996,4.630600455000035],[-74.13595932099997,4.630596181000044],[-74.13594401299997,4.630594704000032],[-74.13572558199996,4.630573626000057],[-74.13558321299996,4.63055988900004],[-74.13556889399996,4.630558507000046],[-74.13556755499997,4.630558378000046],[-74.13555482099997,4.630557066000051],[-74.13555220999996,4.630556798000043],[-74.13555155256994,4.630556244185263],[-74.1355509934777,4.630555591237387],[-74.13555054747579,4.630554856385466],[-74.13555022633265,4.630554059019717],[-74.13555003852215,4.630553220179881],[-74.13554998899997,4.63055236200006],[-74.13555007999997,4.630551503000049],[-74.13554650599997,4.630551152000066],[-74.13553399399996,4.630549923000046],[-74.13551857099998,4.630548407000049],[-74.13534669499995,4.630531518000055],[-74.13521877299996,4.630519703000061],[-74.13521335399997,4.6305826770000635]]]},"properties":{"CALCODIGO":91026856,"CALCIV":8012583,"CALFUNCION":1,"CALTSUPERF":2,"CALANCHO":7.24,"CALLONGITU":131.08,"OBJECTID":735589}},{"type":"Feature","id":735593,"geometry":{"type":"Polygon","coordinates":[[[-74.12624520799994,4.629309161000037],[-74.12623818599997,4.629389161000063],[-74.12642290023268,4.629406135526549],[-74.12660700386319,4.629428792436159],[-74.1267903221257,4.629457110221158],[-74.12697268099998,4.6294910620000564],[-74.12729160199996,4.629535915000076],[-74.12781280899998,4.6295858460000545],[-74.12781605199996,4.629551153000023],[-74.12781920699996,4.629517417000045],[-74.12762888433224,4.629503230892058],[-74.12743894566461,4.629484595816378],[-74.12724949498143,4.62946152197502],[-74.12706063599995,4.629434022000055],[-74.1268579246382,4.62939569437331],[-74.1266543758874,4.6293620966174975],[-74.12645010009432,4.629333246946461],[-74.12624520799994,4.629309161000037]]]},"properties":{"CALCODIGO":91027030,"CALCIV":8004705,"CALFUNCION":1,"CALTSUPERF":1,"CALANCHO":7.78,"CALLONGITU":176.25,"OBJECTID":735593}},{"type":"Feature","id":735603,"geometry":{"type":"Polygon","coordinates":[[[-74.13982463799994,4.630848044000061],[-74.13982453899996,4.630848559000071],[-74.13982064999993,4.6308683130000645],[-74.13985734999994,4.63087411500004],[-74.13990744699998,4.630881625000029],[-74.13998705999995,4.6308947550000426],[-74.13998737999998,4.630886056000065],[-74.13998833699998,4.630859995000037],[-74.13998962399995,4.630824984000071],[-74.13988039799995,4.6308171380000545],[-74.13983155299996,4.63081225600007],[-74.13982463799994,4.630848044000061]]]},"properties":{"CALCODIGO":91026941,"CALCIV":8014927,"CALFUNCION":1,"CALTSUPERF":2,"CALANCHO":6.8500000000000005,"CALLONGITU":18.35,"OBJECTID":735603}},{"type":"Feature","id":735629,"geometry":{"type":"Polygon","coordinates":[[[-74.14330562599997,4.630572803000064],[-74.1432973156252,4.630588472726711],[-74.14328664703663,4.630602642549565],[-74.14327388511154,4.630614960663471],[-74.14325934670015,4.630625121237082],[-74.14324339275883,4.630632872005972],[-74.14322641938844,4.630638020535805],[-74.14320884799997,4.630640439000047],[-74.14331793199995,4.630651539000041],[-74.14348317899999,4.630668353000033],[-74.14346241379515,4.630664242912663],[-74.14344254468627,4.630656941881085],[-74.14342405877656,4.6306466288945085],[-74.14340740925928,4.630633556782039],[-74.14339300430743,4.630618046014422],[-74.14338119706711,4.630600476847508],[-74.14337227699997,4.630581280000058],[-74.14336759939546,4.630509327106619],[-74.14336806284814,4.630437223819109],[-74.14337366499996,4.6303653370000575],[-74.14337777537278,4.630356354349265],[-74.14338325943189,4.630348138007264],[-74.14338997812771,4.63034089630122],[-74.14339776110626,4.630334812846192],[-74.14340641102837,4.6303300418895255],[-74.14341570857337,4.6303267043998835],[-74.14342541799994,4.63032488500005],[-74.14345218699998,4.630326075000028],[-74.14345674739775,4.630325789489104],[-74.14346119999928,4.630324763290328],[-74.14346542532807,4.630323023939645],[-74.14346931000607,4.630320618108984],[-74.14347274979583,4.630317610353906],[-74.14347565239764,4.630314081381387],[-74.14347793992609,4.630310125884208],[-74.14347955099998,4.63030585000007],[-74.14348668899999,4.630226733000029],[-74.14348604622089,4.630221254527479],[-74.14348446268988,4.630215970659951],[-74.14348198643756,4.630211041664024],[-74.14347869257185,4.630206617042557],[-74.14347468099999,4.6302028310000765],[-74.14347103925543,4.630200337581226],[-74.14346708470019,4.630198377751159],[-74.14346289499997,4.630196990000059],[-74.14338887599996,4.630188545000067],[-74.14337425899998,4.630186877000028],[-74.14337021297715,4.630186530557571],[-74.14336616168957,4.630186808751806],[-74.14336220099995,4.630187705000026],[-74.14335799565751,4.630189409097633],[-74.14335414104596,4.63019180301147],[-74.14335074928263,4.630194817110856],[-74.14334791902218,4.630198363726059],[-74.1433457325871,4.630202339698303],[-74.14334425357323,4.630206629380299],[-74.14334352499998,4.630211108000026],[-74.14330562599997,4.630572803000064]]]},"properties":{"CALCODIGO":145635,"CALCIV":8004553,"CALFUNCION":1,"CALTSUPERF":2,"CALANCHO":6.84,"CALLONGITU":51.78,"OBJECTID":735629}},{"type":"Feature","id":735646,"geometry":{"type":"Polygon","coordinates":[[[-74.133361767,4.629817401000025],[-74.13337052100002,4.6298182460000135],[-74.13337078400002,4.6298182709999764],[-74.133436706,4.629824627000005],[-74.13405965499999,4.629888904999973],[-74.13427810000002,4.629910434999999],[-74.13433100700001,4.629915552],[-74.13434685800001,4.629756421000025],[-74.13409557300002,4.6297310909999965],[-74.13392326899998,4.629714461999981],[-74.13378422699998,4.629701042000022],[-74.13378299599998,4.629700921999984],[-74.13341325200003,4.629664452999975],[-74.13340637300001,4.629663774999983],[-74.13338384999997,4.629661139000007],[-74.13338342499998,4.629661089000024],[-74.13337740700001,4.629660385000022],[-74.133361767,4.629817401000025]]]},"properties":{"CALCODIGO":91026919,"CALCIV":8013629,"CALFUNCION":1,"CALTSUPERF":2,"CALANCHO":17.59,"CALLONGITU":108.15,"OBJECTID":735646}},{"type":"Feature","id":735656,"geometry":{"type":"Polygon","coordinates":[[[-74.14226186600001,4.6308336170000075],[-74.14226107600001,4.630838433000008],[-74.142255267,4.630873837000024],[-74.142295176,4.6308819089999815],[-74.14233508500001,4.630889981999985],[-74.14237499299998,4.63089805300001],[-74.14241490199998,4.630906127000003],[-74.14245481,4.630914198000028],[-74.14249471800002,4.630922270999974],[-74.14253462699997,4.630930342999989],[-74.14257453599998,4.630938415999992],[-74.142614444,4.630946488000006],[-74.14265435300001,4.63095456100001],[-74.14269426200002,4.630962633000024],[-74.14273416999998,4.630970706000028],[-74.142739028,4.630941093999979],[-74.142739979,4.630935301000022],[-74.14274578700002,4.630899897000006],[-74.142743182,4.630899370000009],[-74.14270587800002,4.6308918240000025],[-74.14266597,4.630883751999988],[-74.14262606099999,4.630875679999974],[-74.14258615199998,4.630867608000017],[-74.14254624400002,4.630859535000013],[-74.142506336,4.630851462999999],[-74.14246642799998,4.6308433899999955],[-74.14242651900003,4.630835317999981],[-74.14238661000002,4.630827244999978],[-74.142346702,4.63081917300002],[-74.14230679299999,4.630811100000017],[-74.14226688399998,4.6308030280000025],[-74.14226186600001,4.6308336170000075]]]},"properties":{"CALCODIGO":900042,"CALCIV":8013658,"CALFUNCION":1,"CALTSUPERF":1,"CALANCHO":7.930000000000001,"CALLONGITU":54.24,"OBJECTID":735656}},{"type":"Feature","id":735658,"geometry":{"type":"Polygon","coordinates":[[[-74.12891332999999,4.629661418000012],[-74.128909082,4.629695793999986],[-74.12894484600002,4.6296993209999755],[-74.128980791,4.629703118000009],[-74.12902277199998,4.629707277000023],[-74.12906313100001,4.629711256000007],[-74.12910340000002,4.629715776000012],[-74.12914366899997,4.629719936000015],[-74.12918420900002,4.629724184999986],[-74.12922402700002,4.629728977000013],[-74.129264116,4.629733588000022],[-74.12930456499998,4.629738651000025],[-74.12934438399998,4.629743442999995],[-74.12934852900003,4.6297092739999925],[-74.129352944,4.62967510499999],[-74.12931276500001,4.6296700419999866],[-74.12927231600003,4.629665068999998],[-74.12923186699999,4.629660367999975],[-74.12919141700002,4.629655666000019],[-74.129171283,4.629653451000024],[-74.129151148,4.629651235999972],[-74.129110519,4.629646804999993],[-74.12907060999999,4.629642465000018],[-74.129030161,4.6296384870000225],[-74.12898754999998,4.629634237000005],[-74.128951965,4.629630711000004],[-74.12891754499998,4.629627316999972],[-74.12891332999999,4.629661418000012]]]},"properties":{"CALCODIGO":91027000,"CALCIV":8013655,"CALFUNCION":1,"CALTSUPERF":1,"CALANCHO":7.640000000000001,"CALLONGITU":48.6,"OBJECTID":735658}},{"type":"Feature","id":735660,"geometry":{"type":"Polygon","coordinates":[[[-74.14005449199999,4.630408026999987],[-74.14005088599998,4.6305125189999785],[-74.140050686,4.630518295999991],[-74.140055636,4.630518552000012],[-74.140129484,4.630522378000023],[-74.14032150700001,4.630530706000002],[-74.14043167599999,4.630535941000005],[-74.140627505,4.6305487899999775],[-74.14075593500002,4.630560270999979],[-74.140759178,4.630560665000019],[-74.14077991900001,4.630562481000027],[-74.14079357999998,4.630401178],[-74.14076963999997,4.6303984389999755],[-74.14066462099998,4.630386423999994],[-74.140067225,4.6303263699999775],[-74.14006269100003,4.6303259150000144],[-74.14005449199999,4.630408026999987]]]},"properties":{"CALCODIGO":91026951,"CALCIV":8004470,"CALFUNCION":1,"CALTSUPERF":2,"CALANCHO":19.32,"CALLONGITU":81.60000000000001,"OBJECTID":735660}},{"type":"Feature","id":735697,"geometry":{"type":"Polygon","coordinates":[[[-74.14079357999998,4.6304011780000565],[-74.14090701499998,4.6304141550000395],[-74.14088864087405,4.630409323956014],[-74.14087134846271,4.630401455029782],[-74.14085563595734,4.630390774923747],[-74.14084195603249,4.630377591329917],[-74.14083070280444,4.63036228406535],[-74.14082220047673,4.630345294129689],[-74.14081669399997,4.630327111000042],[-74.14081689299996,4.63032477400003],[-74.14084522399997,4.62999344900004],[-74.14087044599995,4.629732301000047],[-74.14087566999996,4.629677020000031],[-74.14087584499998,4.6296751630000585],[-74.14083560099994,4.629671335000069],[-74.14080949099997,4.629668851000076],[-74.14080286199999,4.629733397000052],[-74.14079614999997,4.6297987530000455],[-74.14078944699997,4.629864108000049],[-74.14078273499996,4.629929463000053],[-74.14077602299994,4.629994821000025],[-74.14076931799997,4.63006017400005],[-74.14074518699994,4.630319936000035],[-74.14074229230587,4.630332263955086],[-74.1407374462297,4.630343963240333],[-74.14073077579138,4.630354727207169],[-74.14072245582899,4.63036427372251],[-74.14071270441609,4.630372352563751],[-74.14070177714582,4.630378751977324],[-74.14068996043162,4.630383304228943],[-74.14067756399999,4.6303858900000705],[-74.14066462099998,4.630386424000051],[-74.14076963999997,4.630398439000032],[-74.14079357999998,4.6304011780000565]]]},"properties":{"CALCODIGO":145610,"CALCIV":8004650,"CALFUNCION":1,"CALTSUPERF":2,"CALANCHO":8.24,"CALLONGITU":80.76,"OBJECTID":735697}},{"type":"Feature","id":735810,"geometry":{"type":"Polygon","coordinates":[[[-74.13433100700001,4.629915552],[-74.134582351,4.62993985899999],[-74.13483867000002,4.629966807000017],[-74.13484414200002,4.629967514999976],[-74.13511320600003,4.630002294000008],[-74.13513407599999,4.630004992000011],[-74.13524502299998,4.6300229880000074],[-74.13525117799998,4.630023986000026],[-74.13526145700001,4.629921103000015],[-74.13526147300001,4.6299208890000045],[-74.13526149299997,4.629920748000018],[-74.13526863599998,4.629849252999975],[-74.134857511,4.629807894999999],[-74.134854453,4.629807586000027],[-74.13434685800001,4.629756421000025],[-74.13433100700001,4.629915552]]]},"properties":{"CALCODIGO":91026909,"CALCIV":8013741,"CALFUNCION":1,"CALTSUPERF":2,"CALANCHO":17.990000000000002,"CALLONGITU":102.83,"OBJECTID":735810}},{"type":"Feature","id":735819,"geometry":{"type":"Polygon","coordinates":[[[-74.14243579599997,4.629832502000056],[-74.14244613671517,4.629842342057297],[-74.14245783015902,4.629850528661471],[-74.14247061442006,4.6298568784478125],[-74.14248420315454,4.629861249192871],[-74.14249829199997,4.629863543000056],[-74.14279971099995,4.629893611000057],[-74.14280403132294,4.6298945000640375],[-74.14280823499996,4.62989583600006],[-74.14281480338167,4.629898984467395],[-74.14282073508578,4.629903211921856],[-74.14282585463451,4.6299083933025305],[-74.14283001057609,4.62991437532848],[-74.14283307996519,4.629920981033249],[-74.14283497199995,4.6299280150000754],[-74.14284011899997,4.6298715300000595],[-74.14284043199996,4.629868093000027],[-74.14284539699997,4.629813616000035],[-74.14284058253462,4.629820471410048],[-74.14283472244661,4.629826457651914],[-74.14282797112001,4.629831417018043],[-74.14282050641859,4.629835218853893],[-74.14281252499995,4.629837763000069],[-74.14280597328208,4.629838835455786],[-74.14279933799997,4.629839055000048],[-74.14259500999998,4.62982005300006],[-74.14259059741516,4.629819554415562],[-74.14258629499994,4.62981845500002],[-74.14258164713634,4.629816501590407],[-74.142577357557,4.6298138524482],[-74.14257352961161,4.629810571399687],[-74.14257025552759,4.629806737495798],[-74.14256761418805,4.629802443107515],[-74.14256566923132,4.6297977917003585],[-74.14256446751759,4.629792895341572],[-74.14256403799999,4.629787872000065],[-74.14256209299998,4.629770988000075],[-74.14255952021266,4.629759949800513],[-74.14255515028333,4.629749492037755],[-74.14254910453984,4.6297399050637855],[-74.14254155083775,4.62973145505379],[-74.14253269889996,4.629724376615996],[-74.14252279449393,4.629718866277951],[-74.1425121126081,4.629715077030084],[-74.14250094981708,4.629713114078036],[-74.14248961604743,4.629713031921706],[-74.14247842597281,4.6297148328421045],[-74.1424676902773,4.6297184668380185],[-74.14245770702951,4.629723833014262],[-74.14244875340682,4.6297307823829525],[-74.14244107799993,4.629739122000046],[-74.14243564099996,4.629747132000034],[-74.14242935130014,4.629760009072679],[-74.142425317189,4.629773760627906],[-74.14242365362082,4.629787994807362],[-74.14242440799995,4.629802306000045],[-74.14242745032965,4.62981594612621],[-74.14243268999996,4.6298289020000425],[-74.14243579599997,4.629832502000056]]]},"properties":{"CALCODIGO":145599,"CALCIV":8004617,"CALFUNCION":1,"CALTSUPERF":2,"CALANCHO":6.07,"CALLONGITU":45.04,"OBJECTID":735819}},{"type":"Feature","id":735820,"geometry":{"type":"Polygon","coordinates":[[[-74.13520049599998,4.63072853500006],[-74.13565409199998,4.6307757340000535],[-74.13578033099998,4.630791855000041],[-74.13631195299996,4.630859745000066],[-74.1363175475544,4.630861216960321],[-74.13632289092784,4.630863433729715],[-74.13632788447275,4.630866354383002],[-74.13633243599998,4.63086992500007],[-74.13633612582534,4.630873685491427],[-74.13633932597017,4.630877870605466],[-74.13634198799997,4.630882417000066],[-74.13637544699998,4.630885846000069],[-74.13640418699998,4.630888792000064],[-74.13640289699998,4.630882940000049],[-74.13640012799993,4.630873803000043],[-74.13639889199999,4.630870512000058],[-74.13639887099998,4.630870458000061],[-74.13639785899994,4.630868000000021],[-74.13639783499997,4.630867944000045],[-74.1363916070169,4.630855738263244],[-74.13638377897966,4.630844491502967],[-74.13637449596145,4.630834412149972],[-74.13636392999996,4.630825687000026],[-74.13635190002974,4.630818285713035],[-74.13633894892732,4.630812649386291],[-74.13632533399993,4.630808890000026],[-74.13626579999993,4.630801621000046],[-74.13578624699994,4.630743066000036],[-74.13559071699996,4.630719192000072],[-74.13554217399997,4.6307132640000646],[-74.13520457299995,4.630679020000059],[-74.13520049599998,4.63072853500006]]]},"properties":{"CALCODIGO":91026852,"CALCIV":8012583,"CALFUNCION":1,"CALTSUPERF":4,"CALANCHO":5.58,"CALLONGITU":133.56,"OBJECTID":735820}},{"type":"Feature","id":735822,"geometry":{"type":"Polygon","coordinates":[[[-74.13188223299994,4.629509460000065],[-74.13188242299998,4.629509479000035],[-74.13188275599998,4.629509512000027],[-74.13201659399994,4.629523059000064],[-74.13201027055638,4.6295218189734575],[-74.13200412499998,4.6295198810000215],[-74.13199878499995,4.629517860000021],[-74.13199537799994,4.62951640600005],[-74.13198198299995,4.629509313000028],[-74.13197012299997,4.6295008680000365],[-74.13196464699996,4.629496113000073],[-74.13196454499996,4.629496021000023],[-74.1319527790888,4.629483296568826],[-74.13194308713554,4.629468929458586],[-74.13193569501405,4.6294532544991105],[-74.13193077499994,4.629436637000026],[-74.13193023199995,4.629433964000043],[-74.13192901299993,4.629424396000047],[-74.13193549099998,4.629363091000073],[-74.13197472699994,4.628991799000062],[-74.13198095999996,4.62893281700002],[-74.13193801799997,4.62892881800002],[-74.13190386499997,4.628925638000055],[-74.13185864399998,4.629427315000044],[-74.13185855399996,4.629428202000042],[-74.13185593503684,4.629440163838501],[-74.13185155347526,4.62945159828056],[-74.1318455082261,4.62946224720115],[-74.13183793575693,4.629471870207838],[-74.13182900701129,4.629480250067525],[-74.13181892354979,4.629487197610348],[-74.13180791299999,4.629492556000059],[-74.13180511099995,4.629493607000029],[-74.13179558282641,4.629496334236308],[-74.13178579299995,4.629497878000052],[-74.13177134899996,4.629498167000065],[-74.13177130199995,4.62949823200006],[-74.13188223299994,4.629509460000065]]]},"properties":{"CALCODIGO":147785,"CALCIV":8004775,"CALFUNCION":1,"CALTSUPERF":2,"CALANCHO":8.83,"CALLONGITU":64.54,"OBJECTID":735822}},{"type":"Feature","id":735850,"geometry":{"type":"Polygon","coordinates":[[[-74.142739979,4.630935301000022],[-74.142739028,4.630941093999979],[-74.14273416999998,4.630970706000028],[-74.14273604200002,4.630971084000009],[-74.142759608,4.6309758510000165],[-74.14277419799998,4.630978653],[-74.14281443499999,4.630986381000014],[-74.14285467100001,4.630994110000017],[-74.142865944,4.630996274999973],[-74.14289499199998,4.6310012640000195],[-74.14293534299998,4.631008194000003],[-74.14297341100001,4.631014666999988],[-74.142976067,4.631015117999993],[-74.14301625399997,4.631021170999986],[-74.143056441,4.631027227999994],[-74.14306045500001,4.630991506999976],[-74.14306452,4.630955755999992],[-74.14302427400003,4.630949797000028],[-74.14300102700003,4.630946372999972],[-74.14299775199999,4.630945890000021],[-74.14298410100002,4.630943609999974],[-74.14294462700002,4.6309369929999775],[-74.14290480400001,4.630930206000016],[-74.14288431699998,4.630926674000023],[-74.14286503099999,4.630923043999985],[-74.14282531600003,4.6309154919999855],[-74.14278561600003,4.63090784100001],[-74.14277122499999,4.630905041999995],[-74.14274578700002,4.630899897000006],[-74.142739979,4.630935301000022]]]},"properties":{"CALCODIGO":91026987,"CALCIV":8013659,"CALFUNCION":1,"CALTSUPERF":1,"CALANCHO":7.94,"CALLONGITU":36.11,"OBJECTID":735850}},{"type":"Feature","id":735856,"geometry":{"type":"Polygon","coordinates":[[[-74.14394876799997,4.631069755999988],[-74.14394757600002,4.631105789000003],[-74.14394804400001,4.631105822999984],[-74.14395084300003,4.631106021999983],[-74.14398799399999,4.631108664999999],[-74.14402841100002,4.631111540000006],[-74.14406882899999,4.631114416000003],[-74.14410924700002,4.631117291999999],[-74.14414966499999,4.631120167000006],[-74.14419008300001,4.631123043000002],[-74.14421086300001,4.631124521000004],[-74.14423049999999,4.631125918000009],[-74.14427091800002,4.631128794000006],[-74.14431133599999,4.631131670000002],[-74.14435175400001,4.631134545000009],[-74.14439217099999,4.631137421000005],[-74.14443258900002,4.631140296000012],[-74.14447300699999,4.631143172000009],[-74.14451342500001,4.631146048000005],[-74.144553842,4.631148923000012],[-74.14459426100001,4.631151799000008],[-74.14463467799999,4.631154674000015],[-74.14467509600001,4.631157550000012],[-74.14471551399998,4.631160425000019],[-74.14475593100002,4.631163301000015],[-74.14479634899999,4.631166177000011],[-74.144833065,4.631168789000014],[-74.14483676700002,4.631169052000018],[-74.14483795799998,4.6311330190000035],[-74.14483915,4.631096984999999],[-74.14479873200003,4.631094109000003],[-74.144758314,4.631091233999996],[-74.14471789700002,4.6310883579999995],[-74.144677479,4.631085482999993],[-74.14463706100003,4.631082606999996],[-74.144596643,4.631079731],[-74.14455622499997,4.631076855999993],[-74.144515808,4.6310739799999965],[-74.14447539000003,4.6310711049999895],[-74.144434972,4.631068228999993],[-74.14439455399997,4.631065352999997],[-74.144354137,4.63106247799999],[-74.14431371900002,4.631059602999983],[-74.144273301,4.631056727999976],[-74.14423288299997,4.6310538519999795],[-74.14419246599999,4.631050975999983],[-74.14415204800002,4.631048100999976],[-74.14411163,4.63104522499998],[-74.14407121199997,4.631042349999973],[-74.14403079499999,4.6310394739999765],[-74.14399037700002,4.63103659799998],[-74.14395592300002,4.63103414699998],[-74.14395382200001,4.631033998000021],[-74.143949959,4.631033722999973],[-74.14394876799997,4.631069755999988]]]},"properties":{"CALCODIGO":145473,"CALCIV":8004450,"CALFUNCION":1,"CALTSUPERF":1,"CALANCHO":7.97,"CALLONGITU":98.94,"OBJECTID":735856}},{"type":"Feature","id":735899,"geometry":{"type":"Polygon","coordinates":[[[-74.13765317399998,4.632217339000022],[-74.137716017,4.632223619000001],[-74.13771724600002,4.632210767000004],[-74.137718979,4.632192659999987],[-74.13771899,4.632192547999978],[-74.13774636099998,4.631906491999985],[-74.13775388699997,4.631827837999992],[-74.137785264,4.6314999229999785],[-74.13778577900001,4.631494539000016],[-74.13778893300002,4.631463379000024],[-74.13771598599999,4.631455641999992],[-74.137715727,4.631489961999989],[-74.13771536600001,4.631537908999974],[-74.13771085100001,4.631628819000014],[-74.13769761600003,4.631764139999973],[-74.13768750999998,4.631867215999989],[-74.13768392399999,4.631903786000009],[-74.137656252,4.632186026999989],[-74.13765621700003,4.63218638799998],[-74.137655381,4.632194911999989],[-74.137654467,4.632204226999988],[-74.13765317399998,4.632217339000022]]]},"properties":{"CALCODIGO":24122334,"CALCIV":8014093,"CALFUNCION":1,"CALTSUPERF":2,"CALANCHO":7.04,"CALLONGITU":84.52,"OBJECTID":735899}},{"type":"Feature","id":735917,"geometry":{"type":"Polygon","coordinates":[[[-74.13738553600001,4.632974395000019],[-74.137385602,4.6329744029999915],[-74.13739774099997,4.632975629999976],[-74.13739451800001,4.632953660999988],[-74.13739333799998,4.632897435000018],[-74.13743240500003,4.632498188],[-74.13744368599998,4.632387283000014],[-74.13746290199998,4.632198322000022],[-74.137404264,4.632192460999988],[-74.13738483100002,4.632387282000025],[-74.13737627199998,4.632473112000014],[-74.137334511,4.632861483999989],[-74.13732269799999,4.6329573930000265],[-74.13732152699998,4.632966899999985],[-74.13738553600001,4.632974395000019]]]},"properties":{"CALCODIGO":24122332,"CALCIV":8014092,"CALFUNCION":1,"CALTSUPERF":2,"CALANCHO":6.72,"CALLONGITU":86.22,"OBJECTID":735917}},{"type":"Feature","id":735963,"geometry":{"type":"Polygon","coordinates":[[[-74.13127900799998,4.629955350999978],[-74.13127459600003,4.629989541999976],[-74.13130385099998,4.629993162999995],[-74.13131477500002,4.629994515000021],[-74.131355224,4.629999849000001],[-74.13139535599998,4.630006439999988],[-74.131437382,4.630013341999984],[-74.13147766200001,4.630018473999996],[-74.13151794200002,4.630023606999998],[-74.13155822200002,4.630028738000021],[-74.13159850099998,4.630033871000023],[-74.13163878099999,4.630039004000025],[-74.131679061,4.630044135999981],[-74.131719342,4.630049267999993],[-74.13172898900001,4.630050497000013],[-74.13173228900001,4.630050897999979],[-74.131759698,4.6300542270000165],[-74.13180010000002,4.630058893000012],[-74.131834116,4.630062909000003],[-74.13183474099998,4.630062983000016],[-74.13184049099999,4.630063661999998],[-74.13184062200003,4.630062076999991],[-74.13184342400001,4.630028234000008],[-74.13184348700003,4.6300274690000265],[-74.13184572400002,4.630000444000018],[-74.13184635200003,4.629992860000016],[-74.13184638500002,4.629992469000001],[-74.13184043000001,4.629991743000005],[-74.13180616599999,4.629987566000011],[-74.13176595200002,4.629982622],[-74.13173816099999,4.629979172999981],[-74.13173537699998,4.629978827999992],[-74.13172573600002,4.629977598999972],[-74.13169377899999,4.629973527000004],[-74.13168544400003,4.629972477000024],[-74.131685307,4.629972459999976],[-74.13168174200001,4.629972000999999],[-74.13164516500001,4.629967333000025],[-74.131604885,4.629962201000012],[-74.131564605,4.62995706800001],[-74.13152432499999,4.629951935999998],[-74.13148404399999,4.629946803999985],[-74.131444364,4.629941748000022],[-74.13144376399998,4.629941670999983],[-74.13144379900001,4.629941292000012],[-74.13140423300001,4.6299364829999945],[-74.13136384699999,4.629931118000002],[-74.13132387500002,4.629925995999997],[-74.13131071499998,4.629924308999989],[-74.13128346600001,4.629920815999981],[-74.13127900799998,4.629955350999978]]]},"properties":{"CALCODIGO":91024392,"CALCIV":8004615,"CALFUNCION":1,"CALTSUPERF":1,"CALANCHO":7.890000000000001,"CALLONGITU":63.160000000000004,"OBJECTID":735963}},{"type":"Feature","id":736004,"geometry":{"type":"Polygon","coordinates":[[[-74.130616396,4.630278149999981],[-74.130690104,4.6302854670000215],[-74.130710647,4.630287506000002],[-74.130716076,4.6302399740000055],[-74.13069725000003,4.630238100999975],[-74.130601265,4.6302285520000055],[-74.13058219800001,4.630226655999991],[-74.13035661599997,4.6302043150000145],[-74.130328625,4.630201542000009],[-74.13030961300001,4.630199659000027],[-74.13030382400001,4.630247123000004],[-74.13032489599999,4.630249214000003],[-74.13035193600001,4.630251898999973],[-74.13057856,4.630274395000015],[-74.13059657000002,4.630276181999989],[-74.130616396,4.630278149999981]]]},"properties":{"CALCODIGO":91026969,"CALCIV":8013653,"CALFUNCION":1,"CALTSUPERF":5,"CALANCHO":5.29,"CALLONGITU":45.36,"OBJECTID":736004}},{"type":"Feature","id":736016,"geometry":{"type":"Polygon","coordinates":[[[-74.13134398299997,4.628978448000055],[-74.13134874527621,4.628982046710948],[-74.13135316199998,4.628986062000024],[-74.13136689299995,4.629000981000047],[-74.1313696565224,4.629009491918438],[-74.13137101199999,4.629018337000048],[-74.13137815199997,4.628951903000029],[-74.13137852599993,4.62894841800005],[-74.13138498099994,4.628888346000053],[-74.13138595899994,4.628882316000045],[-74.13138667099997,4.628874719000066],[-74.13138366828198,4.628883334607522],[-74.13137935612248,4.628891375147776],[-74.13137384047172,4.628898643063835],[-74.13136725684987,4.628904959782165],[-74.13135976701727,4.628910170100276],[-74.13135155499998,4.6289141460000565],[-74.13134557299998,4.628916111000024],[-74.13133690660838,4.628917748778051],[-74.13132809199993,4.628918051000028],[-74.13099856399998,4.628884559000028],[-74.13099434799994,4.6288834330000554],[-74.13092059199994,4.628876118000051],[-74.13091788899999,4.628875850000043],[-74.13091534099993,4.628901518000021],[-74.13091245999993,4.628930530000048],[-74.13133411199993,4.628972856000075],[-74.13134398299997,4.628978448000055]]]},"properties":{"CALCODIGO":147176,"CALCIV":8004794,"CALFUNCION":1,"CALTSUPERF":2,"CALANCHO":6.29,"CALLONGITU":51.68,"OBJECTID":736016}},{"type":"Feature","id":736018,"geometry":{"type":"Polygon","coordinates":[[[-74.12625299999996,4.629220389000068],[-74.12624717599994,4.629286741000044],[-74.12679388399994,4.62933442700006],[-74.12783164099994,4.62942494400005],[-74.12783389399993,4.629389961000072],[-74.12783605699997,4.629355792000069],[-74.12748803437377,4.62933195993316],[-74.12714046574601,4.629302231752087],[-74.12679345099997,4.629266616000052],[-74.1265235296979,4.629239946048671],[-74.12625299999996,4.629220389000068]]]},"properties":{"CALCODIGO":145456,"CALCIV":8004705,"CALFUNCION":1,"CALTSUPERF":1,"CALANCHO":7.28,"CALLONGITU":176.45000000000002,"OBJECTID":736018}},{"type":"Feature","id":736028,"geometry":{"type":"Polygon","coordinates":[[[-74.13968669999997,4.629745349000075],[-74.13968923766595,4.629751258394786],[-74.13969267678546,4.629756692836006],[-74.1396969310328,4.629761515913232],[-74.13970189362166,4.629765606561876],[-74.13970743998553,4.629768862102118],[-74.13971343090452,4.629771200816287],[-74.13971971599995,4.6297725640000635],[-74.13983075299996,4.629785626000057],[-74.13990296499998,4.629794121000032],[-74.13991292199995,4.62979529200004],[-74.14003526999994,4.629808057000048],[-74.14009212399998,4.629814123000074],[-74.14009573199996,4.629814507000049],[-74.14009977799998,4.629776273000061],[-74.14010176499994,4.629757506000033],[-74.14005520199999,4.629752543000052],[-74.14004649055828,4.629757316972374],[-74.1400371092605,4.62976058366499],[-74.14002731674819,4.629762253015489],[-74.14001738299999,4.629762279000033],[-74.13986075999998,4.629747276000046],[-74.13985402723385,4.629746950211655],[-74.13984742299994,4.629745601000025],[-74.13984091681765,4.629743168288654],[-74.13983487073037,4.629739748738771],[-74.13982943329954,4.629735426373838],[-74.13982473813095,4.629730307400827],[-74.13982090059196,4.629724517600569],[-74.1398180149766,4.6297181992371215],[-74.13981615218877,4.62971150756213],[-74.13981535799996,4.629704607000065],[-74.13981565650424,4.629694850527134],[-74.139814307774,4.629685183118193],[-74.13981135033153,4.6296758808925],[-74.13980686864687,4.629667209538996],[-74.13980099072535,4.629659416727733],[-74.13979388445135,4.629652725035957],[-74.13978575279336,4.629647325590883],[-74.1397768280067,4.629643372610749],[-74.13976736499995,4.629640979000044],[-74.13973132699994,4.62963832500003],[-74.13972518622865,4.6296383704019854],[-74.139719135602,4.629639419711537],[-74.13971333812685,4.629641444659767],[-74.13970794999005,4.6296443906935725],[-74.13970311635066,4.629648178445351],[-74.13969896742928,4.629652705871204],[-74.13969561499994,4.629657851000047],[-74.13969341384845,4.629662709457753],[-74.13969192081554,4.629667830056527],[-74.13969116582251,4.629673110176285],[-74.13969116399994,4.629678444000035],[-74.13968500599998,4.6297260290000395],[-74.13968469299994,4.629728622000073],[-74.1396845849229,4.629734272725269],[-74.13968525822358,4.629739884235057],[-74.13968669999997,4.629745349000075]]]},"properties":{"CALCODIGO":91021470,"CALCIV":8013129,"CALFUNCION":1,"CALTSUPERF":2,"CALANCHO":4.8100000000000005,"CALLONGITU":46.07,"OBJECTID":736028}},{"type":"Feature","id":736050,"geometry":{"type":"Polygon","coordinates":[[[-74.130353808,4.629837387000009],[-74.13034957899998,4.629872008999996],[-74.13035436000001,4.629872568999986],[-74.13038966699997,4.629876710000019],[-74.13040101600001,4.629878210000015],[-74.13043002699999,4.629882043999999],[-74.13047038600001,4.629886746000011],[-74.13051038499998,4.629892351000024],[-74.13055083400002,4.629897233000008],[-74.13059083299999,4.6299023870000156],[-74.13063128200002,4.6299075399999765],[-74.13067155099998,4.62991260299998],[-74.13071181999999,4.62991802800002],[-74.130744919,4.629922170999976],[-74.13075226900003,4.629923091000023],[-74.13075623399999,4.629888379000022],[-74.13076013199998,4.629854245999979],[-74.13075526199998,4.629853625999999],[-74.13072010899998,4.629849147000016],[-74.13068002099999,4.629843993999998],[-74.130639842,4.629838930999995],[-74.13059957299998,4.6298338679999915],[-74.130559033,4.629828713999984],[-74.13051903399997,4.629823650999981],[-74.13047876500002,4.62981849800002],[-74.13043858600003,4.629813435000017],[-74.130410326,4.629809825999985],[-74.130398227,4.62980828100001],[-74.13035976100002,4.629803530999993],[-74.13035795799999,4.62980330900001],[-74.130353808,4.629837387000009]]]},"properties":{"CALCODIGO":91026979,"CALCIV":8013653,"CALFUNCION":1,"CALTSUPERF":1,"CALANCHO":7.65,"CALLONGITU":45.02,"OBJECTID":736050}},{"type":"Feature","id":736073,"geometry":{"type":"Polygon","coordinates":[[[-74.13130964700002,4.62965011],[-74.13130613300001,4.629684731999987],[-74.13130600300002,4.629686022999977],[-74.13131908399998,4.629687569999987],[-74.13131920000001,4.62968758400001],[-74.131335842,4.629689552000002],[-74.13134618200002,4.629690774999972],[-74.13136353800002,4.629692827999975],[-74.131366146,4.629693136000014],[-74.13138647900001,4.62969554099999],[-74.13140351499999,4.629697555000007],[-74.13142724099998,4.629700361000005],[-74.131457662,4.629703957999993],[-74.13149802499998,4.62970799499999],[-74.13153838699998,4.629712031999986],[-74.13157874900003,4.629716068999983],[-74.13161911200001,4.629720105999979],[-74.13165947499999,4.629724142999976],[-74.13169983699999,4.629728178999983],[-74.13174020000002,4.629732215999979],[-74.131780563,4.629736252999976],[-74.131820925,4.6297402899999724],[-74.13186128799998,4.629744327000026],[-74.13186156400002,4.629740310999978],[-74.13186375999999,4.629708407999999],[-74.131863941,4.629705793000028],[-74.13186623299998,4.629672488999972],[-74.13186626100003,4.629671063999979],[-74.13183819099999,4.629668290999973],[-74.13182597000002,4.6296670099999915],[-74.131797651,4.629664042000002],[-74.131785611,4.629662911000025],[-74.13175720200002,4.629660243999979],[-74.13174502099997,4.629659011000001],[-74.13171702300002,4.629656176000026],[-74.131711999,4.62965568300001],[-74.13170487600001,4.6296549840000125],[-74.13168163099999,4.6296527029999766],[-74.13167648400002,4.629652196999984],[-74.13166450400001,4.629651079999974],[-74.13164073500002,4.629648863999989],[-74.13163576400001,4.629648400000008],[-74.13162413399999,4.629647158000012],[-74.131595135,4.6296440599999755],[-74.13158378499998,4.629642918000002],[-74.13155468600002,4.629639990999976],[-74.13154342500002,4.629638854000007],[-74.131514417,4.6296359230000235],[-74.131503065,4.629634770999985],[-74.13148329,4.629632764000007],[-74.13147432800002,4.629631854000024],[-74.13146270599998,4.629630684999995],[-74.13143393299998,4.6296277910000185],[-74.13139363900001,4.629623717000015],[-74.13135342999999,4.629619648000016],[-74.13134120400002,4.629618444000016],[-74.13132627599998,4.629616973999987],[-74.13131304199999,4.629615670000021],[-74.13130964700002,4.62965011]]]},"properties":{"CALCODIGO":145461,"CALCIV":8004615,"CALFUNCION":1,"CALTSUPERF":1,"CALANCHO":8.07,"CALLONGITU":61.84,"OBJECTID":736073}},{"type":"Feature","id":736076,"geometry":{"type":"Polygon","coordinates":[[[-74.14075124800002,4.630937157999995],[-74.14074905400003,4.630973195000024],[-74.14078941700001,4.630977232000021],[-74.14082058700001,4.63098034799998],[-74.14082977999999,4.6309812669999815],[-74.14087014299997,4.630985303999978],[-74.14091050500002,4.630989339999985],[-74.140950868,4.630993375999992],[-74.14096769999998,4.630995058999986],[-74.14099123,4.630997411999999],[-74.14103159299998,4.631001448000006],[-74.14107195600002,4.631005484000013],[-74.141112319,4.6310095200000205],[-74.141152681,4.631013556000028],[-74.14119304399998,4.631017591999978],[-74.14123340700002,4.631021628999974],[-74.14127377,4.631025663999992],[-74.14131413299998,4.631029700999989],[-74.14135449600002,4.631033736999996],[-74.14139485800001,4.631037773000003],[-74.141435221,4.63104180900001],[-74.14147558299999,4.631045845000017],[-74.14151594600003,4.631049881000024],[-74.14155630900001,4.6310539180000205],[-74.141596671,4.631057952999981],[-74.14163700199998,4.631061993999992],[-74.14167736399997,4.63106602900001],[-74.14171772700001,4.631070061999992],[-74.14175809,4.63107409700001],[-74.14179450699999,4.631077736999998],[-74.14179845199999,4.631078132000027],[-74.14180067000001,4.631042230999981],[-74.141802891,4.631006286000002],[-74.14180081400002,4.631006077999984],[-74.14176252800002,4.6310022499999945],[-74.14172216499998,4.630998214999977],[-74.141681802,4.63099417799998],[-74.14164143900001,4.6309901430000195],[-74.14160104500002,4.630986103999987],[-74.14156068199998,4.63098206799998],[-74.141520319,4.630978033000019],[-74.141479957,4.630973997000012],[-74.14143959400002,4.630969961999995],[-74.14139923099998,4.630965925999988],[-74.141358868,4.6309618899999805],[-74.14131850500002,4.630957853999973],[-74.14127814199998,4.630953819000013],[-74.141237779,4.6309497830000055],[-74.141197417,4.630945746999998],[-74.14115705500001,4.630941711999981],[-74.14111669200003,4.630937675999974],[-74.14107632899999,4.630933640000023],[-74.141035966,4.630929604000016],[-74.14099560300002,4.630925568999999],[-74.14095523999998,4.6309215329999915],[-74.14091487799999,4.6309174969999845],[-74.14087451500001,4.630913460999977],[-74.14083415200002,4.6309094260000165],[-74.14079781100003,4.630905792000021],[-74.14079378899999,4.6309053900000094],[-74.14075342699999,4.630901354999992],[-74.14075124800002,4.630937157999995]]]},"properties":{"CALCODIGO":91026965,"CALCIV":8004464,"CALFUNCION":1,"CALTSUPERF":1,"CALANCHO":7.96,"CALLONGITU":117.06,"OBJECTID":736076}},{"type":"Feature","id":736115,"geometry":{"type":"Polygon","coordinates":[[[-74.13640700699995,4.63143406100005],[-74.13668398299995,4.631462879000026],[-74.13678596899996,4.631473570000026],[-74.13679465808382,4.631475293528466],[-74.13680295306827,4.63147840221974],[-74.13681063471593,4.631482813910775],[-74.13681749999995,4.631488412000067],[-74.13683473399993,4.631506463000051],[-74.13685014499998,4.631522604000054],[-74.13684983799999,4.631517563000045],[-74.13685080599998,4.631507710000051],[-74.13685501699996,4.63146484400005],[-74.13685267599999,4.631463434000068],[-74.13684200299997,4.631457007000051],[-74.13683020299999,4.631449901000053],[-74.13681577199998,4.631441210000048],[-74.13680074099994,4.631432158000052],[-74.13678302099999,4.631421486000022],[-74.13678238799997,4.6314214040000365],[-74.13674973999997,4.631417158000033],[-74.13666943899995,4.631406714000036],[-74.13641119099998,4.631377486000076],[-74.1364040049798,4.631376816109353],[-74.13639700888066,4.631375043473853],[-74.1363903708793,4.631372210705325],[-74.13638425054422,4.631368385899673],[-74.13637879499998,4.631363661000023],[-74.13637443164517,4.631358563158434],[-74.1363708416245,4.631352894066291],[-74.13636809863883,4.631346770106477],[-74.13636625899994,4.631340317000024],[-74.13636043599996,4.631401505000042],[-74.13636035599995,4.631402342000058],[-74.13635482999996,4.631460418000074],[-74.13636016919281,4.631453580001772],[-74.13636644376389,4.631447588761587],[-74.13637352099994,4.631442571000036],[-74.13638132719925,4.631438604197355],[-74.13638963168839,4.631435827917203],[-74.13639825405971,4.631434302471787],[-74.13640700699995,4.63143406100005]]]},"properties":{"CALCODIGO":151447,"CALCIV":8004373,"CALFUNCION":1,"CALTSUPERF":3,"CALANCHO":6.13,"CALLONGITU":55.46,"OBJECTID":736115}},{"type":"Feature","id":736129,"geometry":{"type":"Polygon","coordinates":[[[-74.14284043199996,4.629868093000027],[-74.14286938299995,4.629870484000037],[-74.14291388699996,4.629874160000043],[-74.14291881499997,4.629814081000063],[-74.14291828156077,4.629808143266861],[-74.14291844999997,4.629802184000027],[-74.14293183999996,4.629638950000071],[-74.14296153399994,4.629342164000036],[-74.14296156099994,4.629342012000052],[-74.14296297125519,4.62933611551496],[-74.14296506299996,4.629330425000035],[-74.14297155399998,4.62926036500005],[-74.14290227899994,4.629253903000063],[-74.14289540499993,4.6293251450000525],[-74.14289612698735,4.62933037850861],[-74.14289634699998,4.62933565700007],[-74.14285212099998,4.6297940170000516],[-74.14285076447437,4.629800831607061],[-74.1428485096649,4.629807403887077],[-74.14284539699997,4.629813616000035],[-74.14284043199996,4.629868093000027]]]},"properties":{"CALCODIGO":145628,"CALCIV":8004710,"CALFUNCION":1,"CALTSUPERF":2,"CALANCHO":7.390000000000001,"CALLONGITU":68.25,"OBJECTID":736129}},{"type":"Feature","id":736130,"geometry":{"type":"Polygon","coordinates":[[[-74.13293358099997,4.630128323000008],[-74.13293237900001,4.630164354999977],[-74.13293293800001,4.630164395000008],[-74.13297279699998,4.6301672449999955],[-74.13301321400002,4.630170134000025],[-74.133053631,4.630173022999998],[-74.13309404799998,4.630175912000027],[-74.13313446500001,4.630178801],[-74.13317488299998,4.630181691000018],[-74.13321530000002,4.630184579999991],[-74.13325571799999,4.63018747000001],[-74.13329613399998,4.630190358999982],[-74.133297336,4.630154324999978],[-74.13329853699997,4.6301182930000095],[-74.13325812,4.630115402999991],[-74.13321770300001,4.630112514000018],[-74.13317728499999,4.630109624999989],[-74.13313686800001,4.630106736000016],[-74.13309644999998,4.630103846999987],[-74.13305603399999,4.630100957000025],[-74.13301561700001,4.630098067999995],[-74.13297519899999,4.630095179000023],[-74.132936347,4.630092401000013],[-74.132934782,4.630092289000004],[-74.13293358099997,4.630128323000008]]]},"properties":{"CALCODIGO":91026957,"CALCIV":8013648,"CALFUNCION":1,"CALTSUPERF":1,"CALANCHO":7.97,"CALLONGITU":40.480000000000004,"OBJECTID":736130}},{"type":"Feature","id":736145,"geometry":{"type":"Polygon","coordinates":[[[-74.13253015800001,4.629814703000022],[-74.13254568500003,4.629814893999992],[-74.13255174900002,4.629814968999995],[-74.13255349600001,4.629815181000026],[-74.13258621,4.629819160000011],[-74.13262635699999,4.629824042999985],[-74.13266627000002,4.629828896999982],[-74.13270666,4.62983380899999],[-74.13274696000002,4.629838710999991],[-74.13278739999998,4.629843628999993],[-74.13282842199999,4.629848617999983],[-74.13285993099998,4.629852588999995],[-74.13286864000003,4.629853727000011],[-74.13290890799999,4.629858994000017],[-74.13294917500002,4.629864261000023],[-74.13295274000001,4.629828476],[-74.132956304,4.629792690999977],[-74.13291603599998,4.629787422999982],[-74.13287576900001,4.629782154999987],[-74.13286655799999,4.629780949999997],[-74.13283542300002,4.629777032999982],[-74.13279505399998,4.62977198599998],[-74.132754664,4.629767175999973],[-74.13271428899998,4.629762206000009],[-74.132673915,4.629757236999978],[-74.13263354999998,4.629752161999988],[-74.13259314499999,4.629747294000026],[-74.13255275,4.629742836999981],[-74.13251228299998,4.629738444999987],[-74.13247194299998,4.629734070999973],[-74.13243158699999,4.629729893999979],[-74.132391063,4.629725366999992],[-74.13235063600001,4.6297210899999754],[-74.13231928099998,4.6297177980000015],[-74.132310222,4.6297168930000225],[-74.13226985900002,4.629712856000026],[-74.13222949599998,4.629708820000019],[-74.132189133,4.629704783000022],[-74.132148772,4.629700746000026],[-74.13210840900001,4.629696710000019],[-74.13206804599997,4.629692673000022],[-74.13203989700003,4.62968827200001],[-74.13202779,4.629687095999998],[-74.131999898,4.629684385000019],[-74.13198719899998,4.629683085000011],[-74.131959268,4.629680226000005],[-74.13194689300002,4.629679008999972],[-74.13191881900002,4.62967624700002],[-74.13190659399999,4.629675041999974],[-74.13187846,4.629672269000025],[-74.13186793800003,4.629671229999985],[-74.13186626100003,4.629671063999979],[-74.13186623299998,4.629672488999972],[-74.131863941,4.629705793000028],[-74.13186375999999,4.629708407999999],[-74.13186156400002,4.629740310999978],[-74.13186128799998,4.629744327000026],[-74.13186147800002,4.629744345999995],[-74.13190164999997,4.629748364000022],[-74.13194226500002,4.629752424999992],[-74.13196379300001,4.629756483999984],[-74.13198161700001,4.629763002999994],[-74.13198443200002,4.629764217999991],[-74.13200355499998,4.629775386000006],[-74.13201009599999,4.629780867000022],[-74.13202272799998,4.629760626000007],[-74.13203195699998,4.629761594999991],[-74.13206307600001,4.629764863999981],[-74.13210343499998,4.629768969999986],[-74.13214381099999,4.629772831000025],[-74.13218415300003,4.629777182999987],[-74.132224511,4.629781289999983],[-74.13226486899998,4.629785395999988],[-74.132305228,4.629789502999984],[-74.13234552400002,4.629793602999996],[-74.13238579400002,4.629797700999973],[-74.132425953,4.629801785999973],[-74.13246631499999,4.629805894000015],[-74.13250668199998,4.629810281999994],[-74.13250986399999,4.629810882000015],[-74.13253015800001,4.629814703000022]]]},"properties":{"CALCODIGO":91026958,"CALCIV":8013647,"CALFUNCION":1,"CALTSUPERF":1,"CALANCHO":8.08,"CALLONGITU":121.60000000000001,"OBJECTID":736145}},{"type":"Feature","id":736150,"geometry":{"type":"Polygon","coordinates":[[[-74.12893755699997,4.6287027460000445],[-74.12895801599996,4.628704192000043],[-74.12896581699994,4.628704743000071],[-74.12899428499998,4.628706755000053],[-74.12900179099995,4.6286328490000415],[-74.12900199899997,4.6286308010000425],[-74.12905256699997,4.628121357000055],[-74.12902452299994,4.628118555000071],[-74.12899714499997,4.628115819000072],[-74.12898956099997,4.628190496000059],[-74.12894459599994,4.6286338050000495],[-74.12893755699997,4.6287027460000445]]]},"properties":{"CALCODIGO":147247,"CALCIV":8004973,"CALFUNCION":1,"CALTSUPERF":2,"CALANCHO":6.25,"CALLONGITU":65.18,"OBJECTID":736150}},{"type":"Feature","id":736163,"geometry":{"type":"Polygon","coordinates":[[[-74.13689641099995,4.631357066000021],[-74.13694465614496,4.631383591114114],[-74.13699581381208,4.6314039397944065],[-74.13704909699999,4.631417799000076],[-74.13707921959148,4.631422160720247],[-74.13710957899997,4.631424329000026],[-74.13711565999995,4.631424520000053],[-74.13715169199997,4.631423884000071],[-74.13720279508277,4.631417688478933],[-74.13725277499998,4.631405363000056],[-74.13727701799996,4.631396993000067],[-74.13729198699997,4.631390986000042],[-74.13731743399995,4.631379211000024],[-74.13734709999994,4.6313627670000415],[-74.13738567599995,4.631338871000025],[-74.13739151199997,4.631334992000063],[-74.13740901399996,4.63132205900007],[-74.13741296899997,4.6313188470000455],[-74.13747037099995,4.631274275000067],[-74.1374715905667,4.631273636966419],[-74.13747289738725,4.631273204936268],[-74.13747425693553,4.63127299032381],[-74.13747563329238,4.631272998799084],[-74.1374769900946,4.631273230138177],[-74.13747829149557,4.631273678229131],[-74.13747950311243,4.631274331233422],[-74.13748059293435,4.631275171898741],[-74.13748153216837,4.631276178014785],[-74.13748229599997,4.631277323000063],[-74.13747878099997,4.631060397000056],[-74.13747332795504,4.63109759238162],[-74.137462363787,4.631133550956784],[-74.13744613599994,4.631167461000075],[-74.13742198326733,4.631207432910426],[-74.13739276789453,4.631243868745815],[-74.13735900067849,4.631276131467812],[-74.13732127199995,4.631303657000046],[-74.13730583499995,4.631312786000024],[-74.13730578099995,4.631312817000037],[-74.13730260199998,4.631314540000062],[-74.13729886599998,4.631316515000037],[-74.13729833999997,4.631316790000028],[-74.13729619299994,4.631317885000044],[-74.13729448499998,4.631318753000073],[-74.13729442899995,4.631318782000051],[-74.13729296699995,4.631319517000065],[-74.13728083399997,4.631325287000038],[-74.13728041099995,4.631325487000026],[-74.13727990399997,4.631325712000034],[-74.13727733099995,4.631326831000024],[-74.13727700399994,4.631326973000057],[-74.13727114299996,4.631329515000061],[-74.13725714299994,4.631335054000033],[-74.13725649799994,4.63133530500005],[-74.13725050599999,4.631337461000044],[-74.13724969599997,4.631337747000032],[-74.13724709699994,4.631338637000056],[-74.13724627599998,4.6313389170000505],[-74.13724091799997,4.631340660000035],[-74.13723479199996,4.6313425580000285],[-74.13722901199998,4.631344240000033],[-74.13722857599998,4.631344366000064],[-74.13722250399996,4.631345963000058],[-74.13721708099996,4.63134739700007],[-74.13721628699994,4.631347589000029],[-74.13721539399995,4.631347811000069],[-74.13721502999994,4.631347895000033],[-74.13721032499996,4.631348979000052],[-74.13720798799994,4.6313495170000465],[-74.13720713199996,4.631349692000072],[-74.13719875199996,4.631351409000047],[-74.13719740399995,4.631351685000027],[-74.13719736999997,4.63135169100002],[-74.13718516199998,4.631353776000026],[-74.13718475599995,4.6313538260000655],[-74.13717026599994,4.631355738000025],[-74.13716878799994,4.631355934000055],[-74.13716701399994,4.631356106000055],[-74.13716395999995,4.63135640400003],[-74.13716159599994,4.631356634000042],[-74.13715920599998,4.63135683400003],[-74.13715799499994,4.631356925000034],[-74.13715281199995,4.631357291000029],[-74.13714717999994,4.631357612000045],[-74.13714641599995,4.6313576520000765],[-74.13714357099997,4.6313577730000475],[-74.13714018699994,4.631357878000074],[-74.13713998099996,4.631357886000046],[-74.13713778999994,4.631357953000077],[-74.13713448799996,4.63135800200007],[-74.13713353299994,4.631358017000025],[-74.13713066799994,4.63135797700005],[-74.13711751599999,4.631357794000053],[-74.13711467899998,4.631357755000067],[-74.13711425499997,4.631357741000045],[-74.13711409899997,4.631357733000073],[-74.13710385899998,4.631357154000057],[-74.13710317199997,4.631357114000025],[-74.13710151499998,4.631356975000074],[-74.13709461599996,4.631356382000035],[-74.13709305899994,4.631356249000021],[-74.13708329899998,4.631355144000054],[-74.13708057599996,4.631354789000056],[-74.13707513699995,4.631354011000042],[-74.13706956999994,4.6313531330000615],[-74.13706444099995,4.631352260000028],[-74.13706088699996,4.6313516110000705],[-74.13705701099997,4.631350833000056],[-74.13705696599999,4.631350824000037],[-74.13705380299996,4.631350189000045],[-74.13704623499996,4.631348501000048],[-74.13704434699997,4.631348058000071],[-74.13704323199994,4.631347793000032],[-74.13703972399998,4.631346925000059],[-74.13703813199999,4.631346520000022],[-74.13703622399998,4.6313460300000315],[-74.13703196699998,4.631344865000074],[-74.13703170999997,4.6313447910000605],[-74.13702925399997,4.631344118000072],[-74.13702231899998,4.631342085000028],[-74.13702142299996,4.631341775000067],[-74.13699671399996,4.63133321600003],[-74.13697293399997,4.631322960000034],[-74.13697182699997,4.631322483000076],[-74.13696605899997,4.631319682000026],[-74.13696193999994,4.6313176130000215],[-74.13696077799995,4.631316969000068],[-74.13694130299996,4.631306159000076],[-74.13694005799994,4.6313054680000505],[-74.13693786299996,4.631304132000025],[-74.13693697699995,4.63130359400003],[-74.13693442099998,4.631301969000049],[-74.13693049499994,4.6312994750000485],[-74.13692784599994,4.631297792000055],[-74.13692705299997,4.631297267000036],[-74.13692483199998,4.631295812000076],[-74.13692335999997,4.631294784000033],[-74.13691566799997,4.631289409000033],[-74.13691300699998,4.631287549000035],[-74.13691119999999,4.631286231000047],[-74.13691009599995,4.631285418000061],[-74.13690783899995,4.631283676000066],[-74.13690292899997,4.631279889000041],[-74.13690020399997,4.6312777870000446],[-74.13689918099993,4.631276866000064],[-74.13686855199995,4.631249298000057],[-74.13686750599999,4.631248357000061],[-74.13686739999997,4.631248245000052],[-74.13685973199995,4.631240217000027],[-74.13685863499995,4.631239016000052],[-74.13685676099993,4.63123697900005],[-74.13685440699999,4.631234219000021],[-74.13684602399996,4.631224370000041],[-74.13684271799997,4.631220494000047],[-74.13684242399995,4.631220140000039],[-74.13684113899996,4.63121852300003],[-74.13683971399996,4.631216557000073],[-74.13683228199994,4.631206312000074],[-74.13682417199993,4.631195131000027],[-74.13682291399994,4.6311933960000715],[-74.13682152099994,4.631191283000021],[-74.13681821299997,4.631186129000071],[-74.13681289999994,4.631177411000067],[-74.13681273199995,4.631177128000047],[-74.13680948899997,4.631171521000056],[-74.13680327499998,4.631160130000069],[-74.13680308899995,4.631159622000041],[-74.13669446899996,4.63086245900007],[-74.13668588442921,4.630827602664503],[-74.13668299799997,4.630791821000059],[-74.13668620352952,4.630754126617374],[-74.13669572804217,4.63071751479463],[-74.13671129799997,4.63068303700004],[-74.13671523099998,4.630676273000063],[-74.13673535499998,4.630648174000044],[-74.13676107000117,4.630621077073372],[-74.13679097299996,4.630598687000031],[-74.13681238699996,4.630586908000055],[-74.13681894555276,4.630584811560605],[-74.13682574953837,4.630583755410524],[-74.13683263499996,4.63058376500004],[-74.13683266299995,4.630583767000076],[-74.13686874999996,4.63058275700007],[-74.13685977999995,4.630582097000058],[-74.13685959099996,4.630582083000036],[-74.13677526099997,4.630575877000069],[-74.13671633499996,4.630571540000062],[-74.13671629299995,4.630571537000037],[-74.13671077799995,4.630571132000057],[-74.13671068599996,4.630571222000071],[-74.13670916899997,4.630571066000073],[-74.13670980031229,4.63057124606954],[-74.13671039327937,4.630571527796875],[-74.13671093165968,4.630571903465483],[-74.1367114007068,4.630572362785686],[-74.1367117875734,4.630572893176565],[-74.13671208166309,4.630573480110554],[-74.13671227492065,4.630574107511354],[-74.13671236205273,4.630574758194269],[-74.13671234067272,4.630575414336898],[-74.13671221136624,4.6305760579672945],[-74.13671197767503,4.63057667145623],[-74.13671164599998,4.630577238000058],[-74.13671161399998,4.630577263000021],[-74.13669052799997,4.63059567800002],[-74.13667945799995,4.630609458000038],[-74.13667177499997,4.630620084000043],[-74.13666376499998,4.6306323090000205],[-74.13664663260442,4.630663943507049],[-74.13663338002665,4.630697389436466],[-74.13662419499997,4.6307321730000695],[-74.13662112299994,4.630747875000054],[-74.13661776799995,4.630789188000051],[-74.13661900682399,4.630814353796254],[-74.13662271299995,4.630839276000074],[-74.13662418299998,4.630845022000074],[-74.13662437099998,4.63084574800007],[-74.13662486099997,4.6308476310000515],[-74.13662567799997,4.630850762000023],[-74.13665113499997,4.630935343000033],[-74.13665383299997,4.630942767000022],[-74.13666326799995,4.6309687330000315],[-74.13670950799997,4.631095986000048],[-74.13671104799994,4.631100226000058],[-74.13673996099999,4.631179796000026],[-74.13676146758081,4.631219263599558],[-74.13678694399994,4.631256293000035],[-74.13679025699997,4.631260559000054],[-74.13679039099998,4.63126072700004],[-74.13679782599996,4.631269906000057],[-74.13679789799994,4.631269993000046],[-74.13680294299996,4.631275937000055],[-74.13682491310394,4.631299521755596],[-74.13684857199996,4.631321412000034],[-74.13688968499997,4.631352651000043],[-74.13688992399995,4.631352810000067],[-74.13689138199999,4.631353779000051],[-74.13689641099995,4.631357066000021]]]},"properties":{"CALCODIGO":91012937,"CALCIV":8004480,"CALFUNCION":1,"CALTSUPERF":2,"CALANCHO":7.48,"CALLONGITU":168.3,"OBJECTID":736163}},{"type":"Feature","id":736170,"geometry":{"type":"Polygon","coordinates":[[[-74.14305407799998,4.631095211999991],[-74.14305321900002,4.631131293999999],[-74.14309320500001,4.631133895000005],[-74.143094034,4.631133952000027],[-74.14310286300002,4.631134556999996],[-74.14313332299997,4.631137153999987],[-74.14317344400001,4.631140653999978],[-74.143213559,4.631144253999992],[-74.14322640199998,4.631145423000021],[-74.14325364500002,4.631148376999988],[-74.14329370899998,4.631152799000006],[-74.14333376799999,4.631157320999989],[-74.14334976499998,4.6311591549999775],[-74.14337396000002,4.631162131999986],[-74.14341425600003,4.631167088999973],[-74.14345455099999,4.631172046000017],[-74.14349484600001,4.631177003000005],[-74.14353514200002,4.631181960999982],[-74.14357543699998,4.6311869169999795],[-74.143615732,4.631191875000013],[-74.14365602800001,4.6311968320000005],[-74.14369632299997,4.6312017879999985],[-74.14373661899998,4.631206745999975],[-74.143776914,4.6312117030000195],[-74.14381720900002,4.631216660000007],[-74.14385750500003,4.631221616999994],[-74.143897799,4.631226575000028],[-74.14393769499998,4.631231483000022],[-74.14393809400002,4.631231532000015],[-74.143941133,4.631195676999994],[-74.14394417099999,4.631159823000019],[-74.14394363999997,4.631159756999978],[-74.14390387600002,4.631154865999974],[-74.14386358000002,4.631149908999987],[-74.143823285,4.63114495100001],[-74.14378298999998,4.631139994000023],[-74.14374269400003,4.631135036999979],[-74.143702399,4.631130079999991],[-74.14366210399999,4.631125123000004],[-74.14362180799998,4.6311201660000165],[-74.14358151300002,4.631115208999972],[-74.143541218,4.6311102509999955],[-74.14350092199999,4.631105294999998],[-74.14346062800001,4.631100337000021],[-74.143420332,4.631095379999977],[-74.14338003699999,4.631090422999989],[-74.14335666699998,4.631087547999982],[-74.14333961099999,4.631085664000011],[-74.14329900899997,4.631081180000024],[-74.143258409,4.63107669599998],[-74.14322182699999,4.631072656000015],[-74.14321779800002,4.631072313000004],[-74.14317713399998,4.631068841999991],[-74.14313647300003,4.631065373000013],[-74.14309580999998,4.631061902999988],[-74.14308857200001,4.631061416000023],[-74.14305494299998,4.631059155999992],[-74.14305407799998,4.631095211999991]]]},"properties":{"CALCODIGO":91026974,"CALCIV":8013651,"CALFUNCION":1,"CALTSUPERF":1,"CALANCHO":7.96,"CALLONGITU":99.09,"OBJECTID":736170}},{"type":"Feature","id":736178,"geometry":{"type":"Polygon","coordinates":[[[-74.14154423799994,4.629724812000063],[-74.14156535199999,4.629726898000058],[-74.14159508999995,4.62972983700007],[-74.14159536199998,4.62972706100004],[-74.14160030299996,4.629676721000067],[-74.14159796184026,4.629668905943576],[-74.14159697803271,4.629660807285696],[-74.14159737999995,4.629652659000044],[-74.14164269799994,4.629217330000074],[-74.14164382120016,4.629209267691203],[-74.14164624696865,4.629201497359788],[-74.14164991007141,4.629194227966332],[-74.14165471199993,4.629187655000067],[-74.14165981551199,4.6291825584983135],[-74.14166560763094,4.629178260647288],[-74.14167196454007,4.629174853321111],[-74.14167875034927,4.6291724093573645],[-74.14168581999996,4.6291709810000725],[-74.14162093399995,4.629166076000047],[-74.14162056599997,4.629166048000059],[-74.14157044099994,4.629162258000065],[-74.14157625504748,4.629166719232396],[-74.14158142266538,4.62917191552607],[-74.14158585165602,4.629177754171855],[-74.14158946299995,4.629184131000045],[-74.14159246609653,4.629191785261694],[-74.14159429647415,4.629199801247483],[-74.14159491335622,4.6292080003795695],[-74.14159430299998,4.62921620000003],[-74.14155361699994,4.62963060800007],[-74.14154423799994,4.629724812000063]]]},"properties":{"CALCODIGO":145612,"CALCIV":8004734,"CALFUNCION":1,"CALTSUPERF":2,"CALANCHO":5.44,"CALLONGITU":62.36,"OBJECTID":736178}},{"type":"Feature","id":736201,"geometry":{"type":"Polygon","coordinates":[[[-74.13246351299995,4.6289453370000615],[-74.13252046399998,4.6289507180000555],[-74.13251428140738,4.628945615847824],[-74.13250890869075,4.628939666871045],[-74.13250446065264,4.6289329981856016],[-74.13250103233732,4.628925752285885],[-74.13249869699996,4.62891808400002],[-74.13249638445487,4.628908502566346],[-74.13249575699996,4.628898666000055],[-74.13251293599996,4.628726917000051],[-74.13252919899998,4.628563360000044],[-74.13253433799997,4.628511807000052],[-74.13253722499996,4.628482852000047],[-74.13255067099993,4.6283472610000445],[-74.13255362799998,4.628317459000073],[-74.13256749599998,4.628178265000031],[-74.13257052499995,4.6281475460000365],[-74.13257495999994,4.628103195000051],[-74.13258192999996,4.628032716000064],[-74.13258608299998,4.627991121000036],[-74.13259129199997,4.6279387200000315],[-74.13259445999995,4.627907082000036],[-74.13259812199993,4.627870006000023],[-74.13260103899995,4.627840903000049],[-74.13254708199997,4.627835631000039],[-74.13254540699995,4.627852843000028],[-74.13254449199997,4.627861883000037],[-74.13254364599999,4.627870005000034],[-74.13253583199997,4.627949523000041],[-74.13253202999994,4.62798843500002],[-74.13252773599999,4.628031797000062],[-74.13252421599998,4.628067955000063],[-74.13251626099998,4.628147544000058],[-74.13251252899994,4.628185467000037],[-74.13250337699998,4.6282786160000455],[-74.13249211399994,4.62839337500003],[-74.13248725599993,4.628443091000065],[-74.13248120099996,4.628504602000021],[-74.13247606199997,4.628557002000036],[-74.13246796499999,4.628639276000058],[-74.13246592399997,4.628660038000021],[-74.13246493799994,4.6286699950000525],[-74.13246268499995,4.628692594000029],[-74.13246078399999,4.628711590000023],[-74.13245951699997,4.628724232000025],[-74.13245691199995,4.628749515000038],[-74.13244283299997,4.628892380000025],[-74.13244249921942,4.628900297570327],[-74.13244081899995,4.628908042000035],[-74.13243817512743,4.62891472788134],[-74.13243452190038,4.6289209202155295],[-74.13242994853688,4.6289264677750905],[-74.13242456672641,4.6289312350790235],[-74.13241850790209,4.628935105701518],[-74.13241192003088,4.628937985115278],[-74.13240496399999,4.628939803000037],[-74.13245854499996,4.628944868000076],[-74.13246351299995,4.6289453370000615]]]},"properties":{"CALCODIGO":147273,"CALCIV":8005043,"CALFUNCION":1,"CALTSUPERF":2,"CALANCHO":6.05,"CALLONGITU":123.09,"OBJECTID":736201}},{"type":"Feature","id":736210,"geometry":{"type":"Polygon","coordinates":[[[-74.14320414999997,4.630928360999974],[-74.14320603300001,4.630928379000011],[-74.14320790699998,4.630928396999991],[-74.14320979000001,4.630928415000028],[-74.143211673,4.630928433000008],[-74.14321355599998,4.630928450999988],[-74.14321543800003,4.630928469000025],[-74.14321732100001,4.630928487000006],[-74.14322600600002,4.630929445999982],[-74.143258473,4.630933702999982],[-74.14327758000002,4.630936204000022],[-74.143285133,4.630937191999976],[-74.14329094099998,4.630937952000011],[-74.143323409,4.630942210000001],[-74.14335587599999,4.6309464679999905],[-74.14338834400002,4.6309507159999725],[-74.14342082000002,4.630954974000019],[-74.14345328799999,4.630959222999991],[-74.14348575600002,4.630963479999991],[-74.14351869199999,4.630967828999985],[-74.14355538400002,4.630972954000015],[-74.14359208600001,4.630978088999996],[-74.14362877899998,4.630983214000025],[-74.14366548100003,4.630988339999988],[-74.14370217300001,4.630993465000017],[-74.14373886599998,4.63099859099998],[-74.14377556800002,4.631003716000009],[-74.143812261,4.63100885099999],[-74.14384895299997,4.631013977000009],[-74.14385721399998,4.631015079000008],[-74.14386547499998,4.631016191000015],[-74.14387373599999,4.631017294000003],[-74.14388199799998,4.63101840600001],[-74.14389025899999,4.631019508999998],[-74.14389852,4.631020611999986],[-74.143906781,4.631021723999993],[-74.143915042,4.631022825999992],[-74.14392330300001,4.6310239379999985],[-74.14392831200001,4.631024416999992],[-74.14393292400001,4.631024833000026],[-74.14393752799998,4.631025239999985],[-74.14394213999998,4.631025647000001],[-74.143946744,4.631026054000017],[-74.143950679,4.6310264009999855],[-74.14395691800001,4.6309629369999925],[-74.14389380799997,4.630956115000004],[-74.14352283599999,4.6309066040000175],[-74.143290374,4.630873427999973],[-74.14328655499997,4.630872882999995],[-74.143214758,4.630862636000018],[-74.14320207899999,4.630860826999992],[-74.14317780900001,4.630858061000026],[-74.14317673699998,4.630857916000025],[-74.14317426000002,4.630857590000005],[-74.143171773,4.630857318999972],[-74.14316928699998,4.630857084000013],[-74.143166791,4.630856893999976],[-74.14316429600001,4.630856750000021],[-74.14316180100002,4.630856649999998],[-74.14315929600002,4.6308565869999825],[-74.14315680099998,4.630856578000021],[-74.14315429599998,4.6308566050000195],[-74.14315180099999,4.630856676999997],[-74.14314930500001,4.630856785999981],[-74.143146801,4.6308569490000195],[-74.14314431499997,4.630857146999972],[-74.14314182800001,4.630857400000025],[-74.14313934199998,4.630857690000028],[-74.14313686399998,4.630858015000001],[-74.14313438699998,4.630858395000018],[-74.143131918,4.630858810999996],[-74.14312945900002,4.630859272000009],[-74.14312701799997,4.630859778000001],[-74.14312457599999,4.630860328999972],[-74.14312214400002,4.630860917000007],[-74.143119721,4.630861548999974],[-74.14311731499998,4.630862218000004],[-74.14311502700002,4.630862950999983],[-74.143111288,4.630864197999983],[-74.143107568,4.630865518000007],[-74.14310387400002,4.630866891999972],[-74.143100199,4.6308683380000275],[-74.14309655,4.630869847999975],[-74.143092937,4.630871420000005],[-74.14308934299999,4.630873056999974],[-74.143085784,4.630874747000007],[-74.14308225299999,4.630876510000007],[-74.14307874899998,4.630878336000023],[-74.14307528,4.63088021599998],[-74.14307184799998,4.630882159000009],[-74.14306844200001,4.630884157000025],[-74.14306508200002,4.6308862180000006],[-74.14306174900003,4.6308883419999916],[-74.14305846100001,4.630890521000026],[-74.14305520900001,4.630892753000012],[-74.14305199199998,4.630895049000003],[-74.14304882099998,4.630897399999981],[-74.143045686,4.630899804000023],[-74.14304259599999,4.630902262999996],[-74.14303955100002,4.630904767000004],[-74.143036542,4.630907334000028],[-74.14303358699999,4.630909955999982],[-74.143030678,4.6309126219999825],[-74.143027813,4.6309153430000265],[-74.14302499299998,4.6309181089999925],[-74.14302222700002,4.630920929000013],[-74.14301950700002,4.630923795000001],[-74.14301683999997,4.630926706000025],[-74.14301421800002,4.630929660999982],[-74.143011651,4.63093266300001],[-74.14300913699998,4.630935717999989],[-74.143006678,4.630938808999986],[-74.14300427299997,4.630941946000007],[-74.143001921,4.630945118999989],[-74.14300102700003,4.630946372999972],[-74.14302427400003,4.630949797000028],[-74.14306452,4.630955755999992],[-74.14310433100002,4.630961637999974],[-74.143114583,4.630963103999989],[-74.14311640099999,4.6309633340000005],[-74.14311761200003,4.6309624209999924],[-74.14311945899999,4.6309610199999725],[-74.14312130600001,4.630959619000009],[-74.14312315199999,4.630958217999989],[-74.14312499900001,4.630956817000026],[-74.14312684599997,4.630955416000006],[-74.143128693,4.630954013999997],[-74.14313054000002,4.630952612999977],[-74.14313238599999,4.630951212000014],[-74.14313423300001,4.630949810999994],[-74.14313522399999,4.630949150999982],[-74.14313579200001,4.630948853000007],[-74.14313635899998,4.630948563999993],[-74.14313693600002,4.630948264999972],[-74.14313750299999,4.630947976000016],[-74.14313808000003,4.630947687000003],[-74.14313865700001,4.630947407000008],[-74.14313922399998,4.630947117000005],[-74.14313980100002,4.63094683700001],[-74.14314038600003,4.630946557000016],[-74.14314096300001,4.630946277000021],[-74.143141539,4.63094599599998],[-74.14314211599998,4.630945725000004],[-74.14314270199998,4.630945445000009],[-74.14314328699999,4.630945173999976],[-74.14314386400002,4.630944903],[-74.14314444899998,4.630944640999985],[-74.14314503499997,4.630944369000019],[-74.143145629,4.630944107000005],[-74.143146215,4.63094384499999],[-74.143146801,4.630943582999976],[-74.14314739500003,4.630943321000018],[-74.14314798100003,4.630943068000022],[-74.143148575,4.630942815000026],[-74.143149161,4.630942561999973],[-74.14314975500002,4.630942307999987],[-74.14315034999998,4.630942054999991],[-74.143150945,4.630941811000014],[-74.14315153899997,4.630941566999979],[-74.14315214300001,4.630941323000002],[-74.14315273699998,4.630941079000024],[-74.143153332,4.63094083499999],[-74.14315393599998,4.630940599999974],[-74.14315453900002,4.630940365000015],[-74.14315513399998,4.630940129999999],[-74.14315573699997,4.630939894999983],[-74.14315634100001,4.630939668999986],[-74.143156944,4.630939442999988],[-74.14315754799998,4.630939216999991],[-74.14315815200001,4.630938990999994],[-74.14315876400002,4.630938764999996],[-74.143159368,4.630938548000017],[-74.14315997099999,4.63093832200002],[-74.14316058399999,4.630938104999984],[-74.14316118800002,4.630937897000024],[-74.14316179999997,4.630937679999988],[-74.14316241300003,4.630937472000028],[-74.14316302499998,4.630937264000011],[-74.14316363799998,4.630937056999983],[-74.14316425099997,4.6309368490000224],[-74.14316486299998,4.630936650000024],[-74.14316547599998,4.630936451000025],[-74.14316608799999,4.630936252000026],[-74.14316670099998,4.630936053000028],[-74.143167323,4.630935853999972],[-74.14316793500001,4.630935663999992],[-74.14316855700002,4.630935475000001],[-74.14316916899998,4.630935285000021],[-74.14316979099999,4.630935094999984],[-74.14317040399999,4.630934914000022],[-74.14317102500002,4.630934733000004],[-74.14317164699997,4.630934552999975],[-74.143172268,4.630934372000013],[-74.14317289000002,4.630934190999994],[-74.14317351199998,4.630934018999994],[-74.143174133,4.630933847999984],[-74.14317475500002,4.630933675999984],[-74.14317524799998,4.6309335390000115],[-74.14317537599999,4.630933503999984],[-74.143175998,4.630933341000002],[-74.14317662000002,4.63093317900001],[-74.14317725000001,4.630933015999972],[-74.14317787200002,4.63093285299999],[-74.143178493,4.630932700000017],[-74.14317912400003,4.630932536999978],[-74.14317974599999,4.630932383000015],[-74.14318037599998,4.630932239000003],[-74.14318100700001,4.6309320849999835],[-74.14318162900003,4.630931939999982],[-74.14318225900001,4.630931796000027],[-74.14318288999999,4.630931651000026],[-74.14318351100002,4.6309315060000245],[-74.143184142,4.630931370999974],[-74.14318477299997,4.630931225999973],[-74.14318540300002,4.6309310909999795],[-74.143186034,4.630930964000015],[-74.14318666399998,4.6309308279999755],[-74.14318729500002,4.630930702000001],[-74.143187926,4.630930574999979],[-74.14318855599998,4.6309304490000045],[-74.14318918700002,4.630930321999983],[-74.143189818,4.630930205000027],[-74.14319044799998,4.630930087000024],[-74.14319107900002,4.630929970000011],[-74.143191709,4.630929852000008],[-74.143192349,4.630929744000014],[-74.14319297999998,4.630929634999973],[-74.14319361000003,4.630929526999978],[-74.143194241,4.630929417999994],[-74.14319487099999,4.630929309999999],[-74.14319551099999,4.630929209999977],[-74.14319614200002,4.630929111],[-74.14319677200001,4.630929012000024],[-74.143197412,4.63092892100002],[-74.14319804299998,4.630928821999987],[-74.14319867299997,4.630928730999983],[-74.14319931300003,4.630928641000025],[-74.14319994300001,4.630928551000011],[-74.14320058300001,4.630928469000025],[-74.14320121399999,4.6309283879999725],[-74.14320226799998,4.630928333999975],[-74.14320414999997,4.630928360999974]]]},"properties":{"CALCODIGO":91026976,"CALCIV":8013651,"CALFUNCION":1,"CALTSUPERF":2,"CALANCHO":7.0600000000000005,"CALLONGITU":107.10000000000001,"OBJECTID":736210}},{"type":"Feature","id":736216,"geometry":{"type":"Polygon","coordinates":[[[-74.13934619799994,4.629810543000076],[-74.13930384799994,4.62980994000003],[-74.13929608910358,4.629811377663073],[-74.13928868585326,4.629814108822626],[-74.13928185221374,4.629818054544184],[-74.13927578568718,4.6298231007906265],[-74.13927066160504,4.629829101718062],[-74.13926662806081,4.62983588389092],[-74.13926380162978,4.629843251294498],[-74.13926226399997,4.629850991000069],[-74.13926000417858,4.629853934150174],[-74.13925735277729,4.629856530107886],[-74.13925436253507,4.629858727237069],[-74.13925109293073,4.629860481834677],[-74.13924760899994,4.62986175900005],[-74.13924322302208,4.62986262731139],[-74.13923875328574,4.629862737870738],[-74.13923432974225,4.629862087463734],[-74.13923008099994,4.629860695000048],[-74.13922667299994,4.629897177000032],[-74.13923262399999,4.6298975800000335],[-74.13923842599996,4.629898969000067],[-74.13924391799998,4.629901303000054],[-74.13924874399999,4.6299043620000475],[-74.13925302599995,4.6299081500000625],[-74.13925665399995,4.629912572000023],[-74.13925953599994,4.6299175160000345],[-74.13925879899995,4.629935470000021],[-74.13925916377559,4.6299366929482995],[-74.13925969733386,4.629937852249535],[-74.13926038901494,4.629938924742447],[-74.13926122499998,4.62993988900007],[-74.13926234482089,4.629940840165054],[-74.13926360482913,4.629941595872006],[-74.13926497125479,4.629942135866996],[-74.13926640747594,4.62994244567746],[-74.13926787499997,4.6299425170000745],[-74.13935415299994,4.629953488000069],[-74.13939118099995,4.6299581970000645],[-74.13939198399999,4.629958299000066],[-74.13939386461605,4.62995830314675],[-74.13939571835238,4.629957986294102],[-74.1393974908228,4.629957357738164],[-74.1393991300254,4.629956435919935],[-74.13940058786811,4.6299552478843395],[-74.1394018215798,4.629953828486768],[-74.13940279496497,4.629952219370463],[-74.1394034794658,4.6299504677447665],[-74.13940385499996,4.629948625000054],[-74.13941042899995,4.629884454000035],[-74.13945472199998,4.62945215700006],[-74.13949767599996,4.629009253000049],[-74.13949946008975,4.629000287743823],[-74.1395026333238,4.628991715149044],[-74.1395071165636,4.628983749010933],[-74.13951279799994,4.628976588000057],[-74.13951915254655,4.628970716737283],[-74.13952631577298,4.62896586491531],[-74.13953412564028,4.628962142286925],[-74.13954240548189,4.628959633061491],[-74.13955096799998,4.628958394000051],[-74.13945634699996,4.628949953000074],[-74.13945500499995,4.628949834000025],[-74.13945499999994,4.628949877000025],[-74.13939837999999,4.629502073000026],[-74.13937090999997,4.629789937000055],[-74.13937010864791,4.629793788086287],[-74.13936867591799,4.629797451461136],[-74.13936665198487,4.629800824401257],[-74.13936409360093,4.629803812327277],[-74.13936107250487,4.629806331455862],[-74.1393576734101,4.629808311149054],[-74.13935399162943,4.6298096958950055],[-74.13935013040229,4.629810446864564],[-74.13934619799994,4.629810543000076]]]},"properties":{"CALCODIGO":145602,"CALCIV":8004786,"CALFUNCION":1,"CALTSUPERF":2,"CALANCHO":5.58,"CALLONGITU":111.7,"OBJECTID":736216}},{"type":"Feature","id":736220,"geometry":{"type":"Polygon","coordinates":[[[-74.12945029599996,4.628728479000074],[-74.12952298799996,4.628735836000033],[-74.12951451875347,4.628732574534796],[-74.12950671399994,4.628727943000058],[-74.12950012248686,4.6287224001691945],[-74.12949448943121,4.628715885593011],[-74.12948995631665,4.6287085628960245],[-74.12948663699996,4.62870061600006],[-74.12948527117761,4.628695677797053],[-74.12948437599994,4.628690633000076],[-74.12951039299998,4.628445293000027],[-74.12958999299997,4.6276394040000355],[-74.12959027399995,4.627636721000044],[-74.12959103600842,4.62763101480552],[-74.12959238399998,4.6276254180000365],[-74.12959906799995,4.627557738000064],[-74.12956724299994,4.6275545730000545],[-74.12954344499997,4.627552207000065],[-74.12954269999994,4.62755988400005],[-74.12954157399997,4.627571608000039],[-74.12953622299995,4.62762852700007],[-74.12953601099997,4.6276303640000265],[-74.12952221199998,4.627760518000059],[-74.12951552399994,4.627822875000049],[-74.12951242599996,4.627851830000054],[-74.12951038499995,4.627869909000026],[-74.12950968199993,4.6278771120000215],[-74.12950827199995,4.627891589000058],[-74.12950271099999,4.627947663000043],[-74.12949975399994,4.627977465000072],[-74.12949341699994,4.6280416590000755],[-74.12948708199997,4.628104934000021],[-74.12948074399998,4.628169129000071],[-74.12947546499998,4.6282224470000415],[-74.12946856499997,4.628292079000062],[-74.12946236799996,4.628354437000041],[-74.12945596199995,4.628418631000045],[-74.12944983799997,4.6284800710000695],[-74.12944335999998,4.628545184000075],[-74.12943117999998,4.6286680630000205],[-74.12943033432718,4.628676455811673],[-74.12942823918802,4.628684626787244],[-74.12942494199996,4.628692391000072],[-74.12942066575597,4.628699369000888],[-74.12941541538892,4.628705646930796],[-74.12940930370111,4.628711089910686],[-74.12940246199997,4.628715581000051],[-74.12939378838503,4.628719470607892],[-74.12938457899998,4.62872182600006],[-74.12944836099996,4.628728283000044],[-74.12945029599996,4.628728479000074]]]},"properties":{"CALCODIGO":147250,"CALCIV":8005113,"CALFUNCION":1,"CALTSUPERF":2,"CALANCHO":6.34,"CALLONGITU":130.5,"OBJECTID":736220}},{"type":"Feature","id":736231,"geometry":{"type":"Polygon","coordinates":[[[-74.14216301800002,4.631287013000019],[-74.14218141200001,4.631288824000023],[-74.14223027600002,4.631293632999984],[-74.142243006,4.631135054000026],[-74.14212837500003,4.631123254999977],[-74.14179701500001,4.631090363999988],[-74.14178258800001,4.631213150000008],[-74.14177846899997,4.631248201000005],[-74.141779493,4.631248310999979],[-74.14187745800001,4.6312588139999775],[-74.141908452,4.6312621370000215],[-74.14216301800002,4.631287013000019]]]},"properties":{"CALCODIGO":900046,"CALCIV":8004446,"CALFUNCION":1,"CALTSUPERF":2,"CALANCHO":17.650000000000002,"CALLONGITU":50.07,"OBJECTID":736231}},{"type":"Feature","id":736250,"geometry":{"type":"Polygon","coordinates":[[[-74.12933275400002,4.629919347999987],[-74.12934467000002,4.629920645000027],[-74.12935087300002,4.629921320999983],[-74.129351638,4.629921404000015],[-74.13008577599999,4.630012306000026],[-74.13032840900001,4.630045567000025],[-74.13034781099998,4.629886503000023],[-74.12996625699998,4.629834269000014],[-74.12943767799999,4.629771323],[-74.129363163,4.6297629750000056],[-74.12935275400002,4.6297618090000014],[-74.12934324000003,4.629760744000009],[-74.12933275400002,4.629919347999987]]]},"properties":{"CALCODIGO":900128,"CALCIV":8013656,"CALFUNCION":1,"CALTSUPERF":2,"CALANCHO":17.76,"CALLONGITU":111.86,"OBJECTID":736250}},{"type":"Feature","id":736269,"geometry":{"type":"Polygon","coordinates":[[[-74.128927196,4.629441966000002],[-74.12892538900002,4.629476662999991],[-74.12892566300002,4.629476678000003],[-74.12896647299999,4.62947830600001],[-74.12900692199997,4.6294801149999785],[-74.12904710100003,4.629481742999985],[-74.12908782099998,4.629483913000001],[-74.12912818000001,4.629485811999984],[-74.129168719,4.629487802000028],[-74.12918927800001,4.629488770000023],[-74.12920907900002,4.629489701000011],[-74.12924961800002,4.629491600999984],[-74.12929015700001,4.629493771],[-74.12933015599998,4.629495760999987],[-74.12937060500002,4.629498112000022],[-74.12937287800003,4.629463412999996],[-74.129375111,4.629429322000021],[-74.12933439199998,4.629426879999983],[-74.129294303,4.6294246190000194],[-74.12925313300002,4.62942271999998],[-74.12921259400002,4.6294208209999965],[-74.12917205399998,4.6294188310000095],[-74.129131245,4.629417021999984],[-74.12909052499998,4.629415123000001],[-74.12905034599999,4.629413043],[-74.12900980699999,4.629411323999989],[-74.12896944800002,4.62940951500002],[-74.12892899799999,4.629407345000004],[-74.128927196,4.629441966000002]]]},"properties":{"CALCODIGO":91026992,"CALCIV":8013655,"CALFUNCION":1,"CALTSUPERF":1,"CALANCHO":7.63,"CALLONGITU":49.52,"OBJECTID":736269}},{"type":"Feature","id":736274,"geometry":{"type":"Polygon","coordinates":[[[-74.13329092999999,4.63034645099998],[-74.13328941100002,4.630391975000009],[-74.13330438499997,4.630393474000016],[-74.13390562400002,4.630453654000007],[-74.13420893400001,4.6304835560000015],[-74.13427983700001,4.630490770999984],[-74.13428324300003,4.630491118000009],[-74.134284579,4.630491253000002],[-74.13430008300003,4.630330003999973],[-74.13429709399998,4.630329682000024],[-74.13429463,4.6303294599999845],[-74.13417489,4.630318708999994],[-74.13404573999998,4.630306861999998],[-74.133979108,4.6302996219999955],[-74.13374749399998,4.630277924999973],[-74.13364600599999,4.630267188000005],[-74.13342819100001,4.630242436999993],[-74.13333193199998,4.630232533000026],[-74.13332053300002,4.630231352999999],[-74.13331372599998,4.630230644999983],[-74.13329485700001,4.630228681999995],[-74.13329092999999,4.63034645099998]]]},"properties":{"CALCODIGO":900086,"CALCIV":8013629,"CALFUNCION":1,"CALTSUPERF":2,"CALANCHO":17.78,"CALLONGITU":111.58,"OBJECTID":736274}},{"type":"Feature","id":736307,"geometry":{"type":"Polygon","coordinates":[[[-74.13675117399998,4.630192350000073],[-74.13675500399995,4.630192710000074],[-74.13678141499997,4.630195194000066],[-74.13676185799994,4.630191718000049],[-74.13674881399999,4.630187578000061],[-74.13673393999994,4.630181539000034],[-74.13670367999998,4.630166117000044],[-74.13667513199994,4.630145814000059],[-74.13664833999997,4.630119735000051],[-74.13662599899999,4.630089741000063],[-74.13660865699995,4.6300565840000445],[-74.13659675699995,4.630021095000075],[-74.13659059599996,4.629984160000049],[-74.13659054699997,4.629977157000042],[-74.13659051999997,4.629973305000021],[-74.13659356015273,4.6299344856725995],[-74.13660257362488,4.629896605070306],[-74.13661734306247,4.629860576658967],[-74.13663751231022,4.629827269240037],[-74.13666259499996,4.6297974860000295],[-74.13694147499996,4.629585106000036],[-74.13700095826968,4.6295455059608885],[-74.13706351499997,4.629510965000065],[-74.13721940199997,4.629440652000028],[-74.13729987299996,4.62940435400003],[-74.13733412199997,4.629395612000053],[-74.13733415799999,4.62939560500007],[-74.13735630800092,4.629392591053829],[-74.13737863799997,4.629391553000062],[-74.13741233631971,4.629393747764137],[-74.13744543827984,4.629400430127391],[-74.13747734899994,4.629411480000044],[-74.13749947999997,4.629422146000024],[-74.13752164699997,4.629435725000064],[-74.13753651699994,4.6294467500000565],[-74.13754547999997,4.629454704000068],[-74.1375638011996,4.6294773030346965],[-74.13757976899996,4.629501622000021],[-74.13759794963829,4.62953827867256],[-74.13761079699998,4.629577127000061],[-74.13761242799995,4.629594024000028],[-74.13761279299996,4.629598435000048],[-74.13761291399999,4.629599917000064],[-74.13761400699997,4.629615729000022],[-74.13761404399997,4.6296163490000595],[-74.13761404599995,4.62961638500002],[-74.13761479799996,4.629631558000028],[-74.13761545999995,4.629664536000064],[-74.13761395499995,4.6297142280000685],[-74.13761341199995,4.62972250200005],[-74.13761222399995,4.629737384000066],[-74.13767100499996,4.629452798000045],[-74.13767009199995,4.62945548600004],[-74.13766737390105,4.629458221148158],[-74.13766424622844,4.629460476533026],[-74.13766079268419,4.629462191796545],[-74.13765710569126,4.629463321035222],[-74.13765328392012,4.629463834028627],[-74.13764942964815,4.629463717048147],[-74.1376456460225,4.6294629732243875],[-74.1376420342997,4.629461622463391],[-74.13763869113586,4.629459700913917],[-74.13763570599997,4.629457260000038],[-74.13761788999994,4.629433006000056],[-74.13761408299996,4.629428413000028],[-74.13761398899999,4.629428304000044],[-74.13759963599995,4.629412460000026],[-74.13757718599999,4.629391518000034],[-74.13757632099998,4.629390785000055],[-74.13755807799998,4.629376617000048],[-74.13754038599996,4.629364801000065],[-74.13752866899995,4.629357894000066],[-74.13749184551891,4.629340335085712],[-74.13745303699994,4.629327758000045],[-74.13741606195435,4.629321042097771],[-74.13737856105752,4.62931860487042],[-74.13734102777538,4.629320478388922],[-74.13730395599998,4.629326638000066],[-74.13729336399996,4.629329215000041],[-74.13727220899995,4.629335504000039],[-74.13724032899995,4.629348054000047],[-74.13723484999997,4.629350610000074],[-74.13723198699995,4.629351995000036],[-74.13713019199997,4.6294012470000325],[-74.13707469599996,4.629427546000045],[-74.13707149599998,4.6294290620000424],[-74.13707145499995,4.629429082000058],[-74.13698913459324,4.6294721981770826],[-74.13691036599994,4.629521505000071],[-74.13683539799996,4.629576877000034],[-74.13682963099996,4.629581137000059],[-74.13671468999996,4.629668840000022],[-74.13668424399998,4.629692071000022],[-74.13667013799994,4.6297028340000566],[-74.13663839099996,4.629726119000054],[-74.13663012099994,4.629732989000047],[-74.13662264199996,4.62974035000002],[-74.13658649699994,4.629775610000024],[-74.13656438791867,4.629807886025293],[-74.1365463732659,4.629842613904114],[-74.13653272111495,4.629879276856206],[-74.13652363462138,4.629917329305753],[-74.13651924899995,4.629956205000042],[-74.13652126399995,4.629995804000032],[-74.13652213999995,4.630003051000074],[-74.13653087848589,4.630046781539028],[-74.13654530399998,4.63008897900005],[-74.13655777388806,4.630113207846756],[-74.13657209599995,4.630136390000075],[-74.13657379621512,4.630140073797283],[-74.13657492864033,4.630143969783247],[-74.13657546799999,4.630147991000058],[-74.13657529799997,4.630148295000026],[-74.13657444186859,4.630152588569584],[-74.13657286790898,4.630156673952265],[-74.13657062199228,4.630160432084602],[-74.13656776957296,4.630163753440436],[-74.13656439378131,4.630166541222924],[-74.13656059300062,4.630168714185564],[-74.13655647799999,4.630170209000028],[-74.13655580099999,4.630170381000028],[-74.13655255299994,4.630170943000053],[-74.13655157899996,4.630171163000057],[-74.13655129099999,4.630171226000073],[-74.13654662899995,4.630171780000069],[-74.13654230699996,4.630172036000033],[-74.13653400199996,4.6301719180000305],[-74.13653355999998,4.6301718830000596],[-74.13653290599996,4.630171842000038],[-74.13675117399998,4.630192350000073]]]},"properties":{"CALCODIGO":526774,"CALCIV":8012650,"CALFUNCION":1,"CALTSUPERF":2,"CALANCHO":8.18,"CALLONGITU":186.9,"OBJECTID":736307}},{"type":"Feature","id":736311,"geometry":{"type":"Polygon","coordinates":[[[-74.13291190299998,4.630502285000034],[-74.13291691499995,4.630502790000037],[-74.13292164599994,4.630503267000051],[-74.13299430499995,4.630510584000035],[-74.13302729699996,4.630513907000022],[-74.13304999499996,4.630516672000056],[-74.13325348199999,4.630536685000038],[-74.13325460499993,4.630536798000037],[-74.13325549999996,4.630527846000064],[-74.13325578799999,4.630524969000021],[-74.13325985599994,4.630484308000064],[-74.13318429399999,4.630476661000046],[-74.13314230699996,4.630472738000037],[-74.13314119779295,4.630472278622588],[-74.13314016676313,4.630471663524772],[-74.13313923562775,4.630470905662811],[-74.13313842399998,4.630470021000065],[-74.13303179299999,4.630460955000046],[-74.13294479299998,4.630453558000056],[-74.13292679099999,4.630451826000069],[-74.13291936199994,4.63045111100007],[-74.13291648699999,4.630450834000044],[-74.13291190299998,4.630502285000034]]]},"properties":{"CALCODIGO":91026952,"CALCIV":8013648,"CALFUNCION":1,"CALTSUPERF":5,"CALANCHO":5.88,"CALLONGITU":38.26,"OBJECTID":736311}},{"type":"Feature","id":736349,"geometry":{"type":"Polygon","coordinates":[[[-74.13184062200003,4.630062076999991],[-74.13184049099999,4.630063661999998],[-74.13188088099997,4.630068429999994],[-74.13192126899997,4.63007319899998],[-74.131961579,4.630077958000015],[-74.131984337,4.630080731000021],[-74.132001995,4.630082882000011],[-74.13204244100001,4.630087570000001],[-74.13206091699999,4.630089686000019],[-74.132082863,4.630091944000014],[-74.13212331300002,4.630095888000028],[-74.132163757,4.630099909000023],[-74.13218960699999,4.630102478000026],[-74.13220420099998,4.630103928999972],[-74.13220817199999,4.630104324000001],[-74.13224464400002,4.630107948999978],[-74.132285088,4.630111968999984],[-74.13232553099999,4.630115989999979],[-74.132365972,4.630120104000014],[-74.132393278,4.630122723999989],[-74.13240643300003,4.630123834000017],[-74.13244691199998,4.630127225000024],[-74.13248740400002,4.630130328000007],[-74.132527885,4.630133597999986],[-74.13253720900002,4.630134352000027],[-74.13256836699998,4.630136869000012],[-74.13260884900001,4.630140138999991],[-74.13264933200003,4.630143409000027],[-74.13268981099998,4.630146798999988],[-74.13272595900003,4.630149598999992],[-74.13273029300001,4.630149909000011],[-74.13277071099998,4.630152797999983],[-74.13281112700002,4.630155687000013],[-74.132851544,4.630158576999975],[-74.13289196199997,4.630161466000004],[-74.13293237900001,4.630164354999977],[-74.13293358099997,4.630128323000008],[-74.132934782,4.630092289000004],[-74.13289436399998,4.630089401000021],[-74.132853947,4.630086511000002],[-74.13281353100001,4.630083621999972],[-74.13277311299998,4.630080733],[-74.132732696,4.630077842999981],[-74.13272836499999,4.630077534000009],[-74.13269235500002,4.630074843999978],[-74.13265202500003,4.630071788999999],[-74.13261169700002,4.630068687000005],[-74.13257137,4.630065541000022],[-74.132536437,4.630062776999978],[-74.13253266200002,4.630062064000015],[-74.13251507799998,4.630058747000021],[-74.13251316700001,4.630058030999976],[-74.13249459999997,4.630051073999994],[-74.13249136799999,4.630049186000008],[-74.13247562700002,4.630039991999979],[-74.13246812,4.630033702999981],[-74.13245044199999,4.6300549449999835],[-74.13241015800003,4.630050928999992],[-74.13236987800002,4.630046912000012],[-74.13232961099999,4.63004289700001],[-74.132289329,4.630038879999972],[-74.13224904600003,4.630034862999992],[-74.132208763,4.6300308470000004],[-74.13216848000002,4.63002683000002],[-74.13212819699999,4.630022812999982],[-74.13208792400002,4.6300187979999805],[-74.13204764400001,4.630014781],[-74.13200781900002,4.630010077999998],[-74.131966982,4.630005787000016],[-74.13196743399999,4.629999730000009],[-74.13196745300002,4.629999466000015],[-74.13196461899997,4.629999914999985],[-74.131948593,4.630002456999989],[-74.13192953999999,4.630002220999984],[-74.13192683099999,4.630002186000013],[-74.13188660600002,4.629997338999999],[-74.13184638500002,4.629992469000001],[-74.13184635200003,4.629992860000016],[-74.13184572400002,4.630000444000018],[-74.13184348700003,4.6300274690000265],[-74.13184342400001,4.630028234000008],[-74.13184062200003,4.630062076999991]]]},"properties":{"CALCODIGO":91026956,"CALCIV":8013647,"CALFUNCION":1,"CALTSUPERF":1,"CALANCHO":8.08,"CALLONGITU":121.52,"OBJECTID":736349}},{"type":"Feature","id":736355,"geometry":{"type":"Polygon","coordinates":[[[-74.13809311499995,4.629794607000065],[-74.13811095470999,4.629750415339189],[-74.1381346363037,4.629709059078917],[-74.13816372010052,4.629671306053776],[-74.13819766612069,4.629637857199393],[-74.13823584411075,4.62960933353868],[-74.13827754524502,4.629586264651713],[-74.13832199528592,4.6295690788433665],[-74.13836836895874,4.62955809519126],[-74.13841580527397,4.6295535176216465],[-74.13846342351266,4.629555431123256],[-74.13851033957826,4.62956380016936],[-74.13855568241101,4.629578469377377],[-74.13859861016029,4.629599166393754],[-74.13863832581477,4.629625506950581],[-74.13867409199997,4.6296570020000445],[-74.13870448699998,4.629697020000037],[-74.13872303599999,4.629727348000074],[-74.13882727499998,4.629902073000039],[-74.13887724599994,4.629984946000036],[-74.13891859799998,4.630053525000051],[-74.13895599999995,4.630115554000042],[-74.13896506899994,4.630130593000047],[-74.13897820699998,4.63015598100003],[-74.13898923299996,4.630186108000032],[-74.13899741399996,4.630219271000044],[-74.13900140599998,4.630248066000036],[-74.13900157502943,4.630277434765505],[-74.13899762298286,4.63030653690089],[-74.13898962799993,4.630334797000046],[-74.13898260841898,4.630348328336911],[-74.13897342464321,4.630360495089013],[-74.13896233537653,4.63037095452298],[-74.13894965299994,4.630379412000025],[-74.13889164388586,4.630390251559703],[-74.13883305099995,4.630397282000047],[-74.13890867199996,4.630404400000032],[-74.13894255599996,4.630405350000046],[-74.13899757099995,4.630406891000064],[-74.13900831699993,4.630407192000064],[-74.13900770580507,4.630407105859246],[-74.13900711646895,4.630406922386217],[-74.13900656438533,4.630406646373383],[-74.13900606397489,4.630406285030331],[-74.1390056283086,4.6304058477955135],[-74.13900526876624,4.630405346089713],[-74.13900499473927,4.630404793017723],[-74.13900481338537,4.63040420302605],[-74.13900472944161,4.630403591525554],[-74.13900474510065,4.630402974488923],[-74.13900485995345,4.6304023680334465],[-74.13900507099999,4.630401788000029],[-74.13900684799995,4.630399953000051],[-74.13901016999995,4.6303965230000586],[-74.13902615704598,4.6303794210033375],[-74.13903898399997,4.630359837000071],[-74.13904608099995,4.630344434000051],[-74.13905267799998,4.630325465000055],[-74.13905298499998,4.630324453000071],[-74.13905314699997,4.63032391400003],[-74.13906188303021,4.630282855148911],[-74.13906392699994,4.630240927000045],[-74.13905857399999,4.630192751000038],[-74.13904930499996,4.630151863000037],[-74.13904652199994,4.630142544000023],[-74.13903058099999,4.630102642000054],[-74.13902555799996,4.630093698000053],[-74.13897553999993,4.630013877000067],[-74.13894835299999,4.629969928000037],[-74.13892229899994,4.6299278100000265],[-74.13883794199995,4.629782571000021],[-74.13875749499994,4.629653143000041],[-74.13872505499995,4.629614987000025],[-74.13868835399995,4.629580944000054],[-74.13864789599995,4.629551502000027],[-74.13860424899997,4.629527058000065],[-74.13855803399997,4.629507975000024],[-74.13852972999996,4.629497790000073],[-74.13848856999994,4.629488226000035],[-74.13846450499994,4.629487238000024],[-74.13841127299997,4.629486505000045],[-74.13835828299995,4.6294917020000526],[-74.13834756299997,4.629493980000063],[-74.13830620299996,4.629502775000049],[-74.13828100599994,4.629510377000031],[-74.13824400699997,4.629523212000038],[-74.13820935899997,4.629541490000065],[-74.13817785499998,4.629564811000023],[-74.13815876499996,4.629583080000032],[-74.13813305499997,4.6296074810000505],[-74.13813300199996,4.629607531000033],[-74.13813165699997,4.629608806000022],[-74.13810810799998,4.629635291000056],[-74.13810236999996,4.629640579000068],[-74.13809772999997,4.629639811000061],[-74.13809459499998,4.629637307000053],[-74.13808816699998,4.629720268000028],[-74.13808262099997,4.629791845000057],[-74.13807831399998,4.629847430000041],[-74.13808463099997,4.629824884000072],[-74.13809311499995,4.629794607000065]]]},"properties":{"CALCODIGO":527086,"CALCIV":8012652,"CALFUNCION":1,"CALTSUPERF":2,"CALANCHO":7.38,"CALLONGITU":180.9,"OBJECTID":736355}},{"type":"Feature","id":736358,"geometry":{"type":"Polygon","coordinates":[[[-74.13131367699998,4.629609221999999],[-74.131326919,4.629610563000028],[-74.13134183900002,4.629612074000022],[-74.131785874,4.629657038000005],[-74.13186689899999,4.629664815000012],[-74.13187883400002,4.629547923000018],[-74.13188275599998,4.629509512000027],[-74.13188242299998,4.629509478999978],[-74.131882233,4.629509460000008],[-74.131771302,4.629498232000003],[-74.13176984799998,4.629498085000023],[-74.131447208,4.629465072000016],[-74.131357358,4.62945638299999],[-74.13134251399998,4.629454947999989],[-74.13134220799998,4.629454919000011],[-74.13132901,4.629453641999987],[-74.13131367699998,4.629609221999999]]]},"properties":{"CALCODIGO":145462,"CALCIV":8004615,"CALFUNCION":1,"CALTSUPERF":2,"CALANCHO":17.32,"CALLONGITU":61.76,"OBJECTID":736358}},{"type":"Feature","id":736367,"geometry":{"type":"Polygon","coordinates":[[[-74.13335541700002,4.629881149000028],[-74.13335185199998,4.6299169339999935],[-74.13336230499999,4.629918300999975],[-74.13339212099999,4.629922200999999],[-74.13343238800002,4.629927468999995],[-74.13347265599998,4.629932736000001],[-74.13351292300001,4.629938003999996],[-74.13355319200002,4.629943271000002],[-74.133593459,4.629948538000008],[-74.13363372700002,4.629953805000014],[-74.13367399399999,4.62995907200002],[-74.13371426200001,4.629964339000026],[-74.13375452999998,4.629969607000021],[-74.133794798,4.629974874000027],[-74.13383506500003,4.629980142000022],[-74.13387533299999,4.629985409000028],[-74.13391560100001,4.629990675999977],[-74.13395586899998,4.629995942999983],[-74.13399613600001,4.630001209999989],[-74.13403640400003,4.630006476999995],[-74.13407667199999,4.630011744000001],[-74.13411694000001,4.630017011999996],[-74.13415720699999,4.6300222799999915],[-74.13419747500001,4.630027546999997],[-74.13423774300003,4.630032814000003],[-74.13427801099999,4.630038081000009],[-74.13431827800002,4.630043348000015],[-74.13432184200002,4.630007562000003],[-74.134325407,4.62997177699998],[-74.13428513899999,4.629966509999974],[-74.13424487200001,4.629961241999979],[-74.134204603,4.629955974999973],[-74.13416433600003,4.629950708000024],[-74.134124068,4.629945441000018],[-74.13408380099997,4.629940173000023],[-74.13404353200002,4.629934906000017],[-74.13400326499999,4.629929639000011],[-74.13396299700003,4.629924372000005],[-74.13392273,4.62991910400001],[-74.13388246099998,4.629913837000004],[-74.13384219400001,4.629908569999998],[-74.13380192599999,4.629903302999992],[-74.13376165900002,4.629898035999986],[-74.133721391,4.629892767999991],[-74.13368112299997,4.629887500999985],[-74.13364085500001,4.629882233999979],[-74.13360058799998,4.629876965999983],[-74.13356032000002,4.6298716989999775],[-74.133520052,4.629866431999972],[-74.13347978399997,4.6298611650000225],[-74.133439517,4.629855897000027],[-74.13339924899998,4.629850630000021],[-74.133368195,4.629846568000005],[-74.133358982,4.629845363000015],[-74.13335541700002,4.629881149000028]]]},"properties":{"CALCODIGO":91026918,"CALCIV":8013629,"CALFUNCION":1,"CALTSUPERF":1,"CALANCHO":7.95,"CALLONGITU":108.18,"OBJECTID":736367}},{"type":"Feature","id":736369,"geometry":{"type":"Polygon","coordinates":[[[-74.13746920800003,4.631467928999996],[-74.13746461800002,4.631534762000001],[-74.13746340099999,4.631552478999993],[-74.137463309,4.63155382399998],[-74.13746107399999,4.631565630000011],[-74.13746106299999,4.631565764000015],[-74.13744570300003,4.631755666999993],[-74.13744435199999,4.631770184000004],[-74.13743321200002,4.6318898709999985],[-74.13741600600002,4.6320747330000245],[-74.13740751,4.632159914999988],[-74.13740723000001,4.632162724000011],[-74.137404264,4.632192460999988],[-74.13746290199998,4.632198322000022],[-74.13746596300001,4.632168223000008],[-74.13746616200001,4.632166268999981],[-74.13748294200002,4.632001252000009],[-74.137493769,4.6318934340000055],[-74.13751147099998,4.631717154],[-74.13752867699998,4.631545807000009],[-74.13753619200003,4.631472907999978],[-74.137539898,4.631436962999999],[-74.13747291700003,4.63142985799999],[-74.13746920800003,4.631467928999996]]]},"properties":{"CALCODIGO":24122336,"CALCIV":8014093,"CALFUNCION":1,"CALTSUPERF":2,"CALANCHO":6.88,"CALLONGITU":84.68,"OBJECTID":736369}},{"type":"Feature","id":736401,"geometry":{"type":"Polygon","coordinates":[[[-74.13132900999994,4.629453642000044],[-74.13134220799998,4.629454919000068],[-74.13134251399998,4.6294549480000455],[-74.13135735799995,4.629456383000047],[-74.13144720799994,4.629465072000073],[-74.13143945089705,4.629463077579435],[-74.13143215499997,4.629459773000065],[-74.13142170730723,4.629453707686447],[-74.13141232113982,4.62944610228215],[-74.13140422151494,4.629437139113629],[-74.13139760260714,4.6294270330574],[-74.1313926230933,4.629416026388738],[-74.13138940234872,4.629404382973548],[-74.13138801758515,4.629392381942638],[-74.13138850199994,4.629380311000034],[-74.13143151899999,4.6289541520000625],[-74.13139314799997,4.628950000000032],[-74.13137852599993,4.62894841800005],[-74.13137815199997,4.628951903000029],[-74.13137101199999,4.629018337000048],[-74.13137107394866,4.629025229358544],[-74.13137027899995,4.629032076000044],[-74.13133845099998,4.629349932000025],[-74.13133824316657,4.629356885856583],[-74.13133687978092,4.629363707916047],[-74.13133439894713,4.629370207514459],[-74.13133086999994,4.629376203000049],[-74.13132208344078,4.629392290733342],[-74.13131079886583,4.629406736395414],[-74.13129731639042,4.629419155801258],[-74.13128199458345,4.629429218654512],[-74.13126524093114,4.629436657331765],[-74.13124750099996,4.629441274000044],[-74.13123254599998,4.629442851000022],[-74.13123409099995,4.629442982000057],[-74.13121785099997,4.629442891000053],[-74.13132900999994,4.629453642000044]]]},"properties":{"CALCODIGO":147269,"CALCIV":8004771,"CALFUNCION":1,"CALTSUPERF":2,"CALANCHO":6.74,"CALLONGITU":56.11,"OBJECTID":736401}},{"type":"Feature","id":736407,"geometry":{"type":"Polygon","coordinates":[[[-74.12892927799999,4.629401972999972],[-74.12917984699999,4.62941370599998],[-74.129375482,4.62942366599998],[-74.12938543899998,4.629271655000025],[-74.12905381000002,4.629253081999991],[-74.12893728699999,4.6292481500000235],[-74.12892927799999,4.629401972999972]]]},"properties":{"CALCODIGO":91026994,"CALCIV":8013655,"CALFUNCION":1,"CALTSUPERF":2,"CALANCHO":16.98,"CALLONGITU":49.71,"OBJECTID":736407}},{"type":"Feature","id":736431,"geometry":{"type":"Polygon","coordinates":[[[-74.12826131299994,4.630072941000037],[-74.1281735575652,4.630260895196087],[-74.12809038691483,4.630450922665304],[-74.12801184998868,4.630642911590427],[-74.12793799299999,4.630836749000025],[-74.12777976099994,4.631224484000029],[-74.12782653199997,4.6312437010000735],[-74.12787314799994,4.631262855000045],[-74.12788890399997,4.631224924000037],[-74.12788748022085,4.631219428020842],[-74.12788701308844,4.631213769865521],[-74.12788751624697,4.631208114800021],[-74.12788897499996,4.63120262800004],[-74.12820634499997,4.630416005000029],[-74.12821158730401,4.630408708139956],[-74.12821798944911,4.630402404295353],[-74.12822536654556,4.630397275517074],[-74.12823350554771,4.630393469920835],[-74.12824217140657,4.630391097409731],[-74.12825111385787,4.63039022650031],[-74.12826007464957,4.630390882343859],[-74.12826879499994,4.6303930460000515],[-74.12838701899994,4.6304427970000575],[-74.12839372227303,4.630444685206393],[-74.12840065064674,4.630445390068807],[-74.12840759684167,4.630444890499602],[-74.12841435304523,4.6304432014446215],[-74.12842071712892,4.630440373436117],[-74.12842649869545,4.630436491080945],[-74.128431524775,4.63043167052935],[-74.12843564499997,4.630426056000033],[-74.12846996999997,4.63033660800005],[-74.1284709893728,4.630334800265038],[-74.12847168629548,4.630332845443918],[-74.12847204044324,4.630330800546315],[-74.12847204148787,4.630328725208813],[-74.12847168939886,4.630326679955727],[-74.12847099444444,4.63032472443401],[-74.12846997689195,4.63032291567372],[-74.12846866641692,4.630321306424822],[-74.12846710123749,4.630319943618813],[-74.12846532699996,4.630318867000028],[-74.12842849699996,4.630304557000045],[-74.12842333583372,4.6303018932958215],[-74.12841870205139,4.630298391722077],[-74.12841473029415,4.6302941540220255],[-74.12841153596707,4.630289303328083],[-74.12840921188587,4.630283980584074],[-74.12840782558003,4.630278340449912],[-74.12840741733065,4.630272546807734],[-74.12840799899999,4.6302667680000695],[-74.12832219099994,4.630229455000062],[-74.12830359999998,4.630208408000044],[-74.12830213672707,4.630206914102311],[-74.1283009011944,4.6302052269873],[-74.1282999186044,4.630203381068845],[-74.12829920899998,4.630201414000055],[-74.12829878422829,4.630199351877859],[-74.12829865878604,4.630197250201581],[-74.12829883525298,4.630195152193394],[-74.12829930999999,4.630193101000032],[-74.12834030999994,4.630089302000044],[-74.12836983699998,4.630014553000024],[-74.12835904599996,4.630016595000029],[-74.12835736261196,4.630016642878146],[-74.12835569605856,4.630016400623619],[-74.12835409597072,4.630015875450934],[-74.12835260999998,4.630015083000046],[-74.12835149660545,4.630014242517327],[-74.1283505137235,4.630013252567],[-74.12834968124054,4.6300121331784725],[-74.12834901599996,4.630010907000042],[-74.12834845299994,4.63000931800002],[-74.12834816999998,4.630007656000032],[-74.12834817399994,4.63000597000007],[-74.12834846599998,4.630004309000071],[-74.12834903599997,4.630002723000075],[-74.12836082399997,4.6299881990000245],[-74.12836085499998,4.629988154000046],[-74.12837053899995,4.629972206000048],[-74.12837055499995,4.629972174000045],[-74.12837799699997,4.629955034000034],[-74.12837802899998,4.629954944000076],[-74.12838039999997,4.629947624000067],[-74.12838193099998,4.629941974000076],[-74.12838400755699,4.629939762233863],[-74.12838640620026,4.629937904679243],[-74.12838906719688,4.62993644759454],[-74.12839192428052,4.629935427265259],[-74.12839490630178,4.629934869100464],[-74.12839793899997,4.629934787000025],[-74.12837144599996,4.62991235800007],[-74.12836819499995,4.629909605000023],[-74.12832850299998,4.629876003000049],[-74.12833326511158,4.629883400338118],[-74.1283368068444,4.62989145356393],[-74.1283390403619,4.629899962953864],[-74.12833991027179,4.6299087174712215],[-74.12833939499995,4.629917500000033],[-74.12833779299996,4.62992347200003],[-74.12833578499993,4.629930952000052],[-74.12831155599997,4.629973988000074],[-74.12830377599994,4.62998780700002],[-74.12830218399995,4.62999063500007],[-74.12828031999999,4.630033745000048],[-74.12828030799994,4.6300337680000325],[-74.12826599399995,4.630061992000037],[-74.12826131299994,4.630072941000037]]]},"properties":{"CALCODIGO":91027011,"CALCIV":8004580,"CALFUNCION":1,"CALTSUPERF":2,"CALANCHO":9.85,"CALLONGITU":159.24,"OBJECTID":736431}},{"type":"Feature","id":736465,"geometry":{"type":"Polygon","coordinates":[[[-74.14180067000001,4.631042230999981],[-74.14179845199999,4.631078132000027],[-74.14182322800002,4.631080607999991],[-74.14183912300001,4.631081865999988],[-74.14187985299998,4.631085089999999],[-74.14192057899999,4.631088313000021],[-74.14196130900001,4.631091535999985],[-74.14196835799999,4.631092093999996],[-74.14200207099998,4.631093667000016],[-74.14204283100003,4.631095569000024],[-74.14208359100002,4.6310974709999755],[-74.14211360500002,4.631098871000006],[-74.142124271,4.63109919599998],[-74.14216470999997,4.631100425999989],[-74.142205149,4.631101656999988],[-74.14224558799998,4.631102886999997],[-74.14224532200001,4.631066780000026],[-74.14224505700003,4.6310306720000085],[-74.142204618,4.631029441999999],[-74.14216417900002,4.63102821199999],[-74.14212373999999,4.631026980999991],[-74.14211307400001,4.631026656000017],[-74.14208354099998,4.631025410999996],[-74.14204343300003,4.631023328000026],[-74.14200332600001,4.631021411000006],[-74.14196321399999,4.631019510999977],[-74.141960138,4.631019346000016],[-74.141923136,4.63101629099998],[-74.14188306699998,4.6310129839999945],[-74.141882942,4.631012972999997],[-74.14184299800002,4.631009674999973],[-74.14180734500002,4.631006731000014],[-74.141802891,4.631006286000002],[-74.14180067000001,4.631042230999981]]]},"properties":{"CALCODIGO":900044,"CALCIV":8004446,"CALFUNCION":1,"CALTSUPERF":1,"CALANCHO":7.98,"CALLONGITU":49.44,"OBJECTID":736465}},{"type":"Feature","id":736477,"geometry":{"type":"Polygon","coordinates":[[[-74.13074625500002,4.63048485500002],[-74.13075127000002,4.630485355000019],[-74.130779179,4.630488137999976],[-74.13080631700001,4.630490843000018],[-74.13080859000002,4.630491070000005],[-74.13081041700002,4.630472456999996],[-74.13081549399999,4.6304207239999755],[-74.13081615700003,4.630413980000014],[-74.13081737800002,4.630401538000001],[-74.13081867300002,4.630388335000021],[-74.13081906600002,4.630384332999995],[-74.13082411099998,4.6303329419999955],[-74.13082743500001,4.630299098000023],[-74.13080972699998,4.630297340000027],[-74.13076585099998,4.630292984999983],[-74.13076211100002,4.630329603000007],[-74.13075120899998,4.630436350000025],[-74.13074923599999,4.630455668000025],[-74.130748171,4.630466090000027],[-74.13074765699997,4.630471125999975],[-74.13074625500002,4.63048485500002]]]},"properties":{"CALCODIGO":91021118,"CALCIV":8013652,"CALFUNCION":1,"CALTSUPERF":4,"CALANCHO":6.9,"CALLONGITU":21.37,"OBJECTID":736477}},{"type":"Feature","id":736496,"geometry":{"type":"Polygon","coordinates":[[[-74.14313961699997,4.631218987000011],[-74.143198681,4.631222505999972],[-74.14319669000002,4.631222234000006],[-74.14319469899999,4.631221962999973],[-74.14319270800002,4.631221691999997],[-74.14319062700002,4.631221031999985],[-74.14318854599998,4.631220326999994],[-74.143186474,4.631219604000023],[-74.14318440199997,4.631218844999978],[-74.14318233900002,4.631218058000002],[-74.14318028500003,4.631217245000016],[-74.14317823099998,4.631216403999986],[-74.143176186,4.631215526999995],[-74.14317415,4.631214623000005],[-74.143172123,4.631213682999999],[-74.143170096,4.631212725000012],[-74.14316808699999,4.631211730000018],[-74.143166087,4.631210709000015],[-74.14316409600002,4.631209651000006],[-74.14316212300002,4.631208576000006],[-74.14316015899999,4.631207463999999],[-74.14315820399997,4.631206334000012],[-74.143156267,4.631205168000008],[-74.14315434000002,4.631203975000005],[-74.14315242999999,4.6312027540000145],[-74.14315052900002,4.631201497999996],[-74.143148655,4.6312002230000076],[-74.14314679,4.631198921000021],[-74.14314494299998,4.631197593000024],[-74.14314311499999,4.631196236999983],[-74.14314130399998,4.631194854],[-74.14313951100002,4.631193451999991],[-74.14313773700002,4.6311920150000105],[-74.14313598000001,4.631190559999993],[-74.14313424099998,4.631189076999988],[-74.14313252900001,4.6311875769999915],[-74.14313083600001,4.631186049000007],[-74.14312916900002,4.631184494000024],[-74.143127521,4.631182921000004],[-74.14312589000002,4.6311813209999855],[-74.14312428599999,4.631179702999987],[-74.14312271,4.631178067000008],[-74.143121151,4.631176403999973],[-74.14311962,4.631174731999977],[-74.143118115,4.631173031999992],[-74.14311663799998,4.631171315000017],[-74.143115179,4.631169579000016],[-74.14311374599998,4.631167816000016],[-74.143112341,4.631166054000005],[-74.14311096300003,4.631164264000006],[-74.143109611,4.631162456000027],[-74.14310828700002,4.631160638999972],[-74.14310698999998,4.631158803999995],[-74.143105719,4.63115695099998],[-74.14310447600002,4.6311550890000035],[-74.14310325999998,4.631153218000009],[-74.14310207099999,4.631151327999987],[-74.143100909,4.631149420999975],[-74.143099774,4.63114751400002],[-74.14309867499998,4.631145587999981],[-74.143097603,4.631143654000027],[-74.14309655800002,4.631141719000027],[-74.14309553999999,4.631139766999979],[-74.14309454900001,4.63113780499998],[-74.14309358499997,4.631135835000009],[-74.143094034,4.631133952000027],[-74.14309320500001,4.631133895000005],[-74.14305321900002,4.631131293999999],[-74.14301278699998,4.63112866900002],[-74.142986861,4.631126973999983],[-74.14298024200002,4.631126677999987],[-74.14298347900001,4.631133465999994],[-74.14298946999997,4.631146753999985],[-74.14299947,4.631164624999997],[-74.143019676,4.631190088999972],[-74.143038397,4.631207571999994],[-74.14303889199999,4.631210237999994],[-74.143034919,4.631212751000021],[-74.14313961699997,4.631218987000011]]]},"properties":{"CALCODIGO":24122318,"CALCIV":8013659,"CALFUNCION":1,"CALTSUPERF":2,"CALANCHO":10.85,"CALLONGITU":11.34,"OBJECTID":736496}},{"type":"Feature","id":736500,"geometry":{"type":"Polygon","coordinates":[[[-74.13524816,4.630126890999975],[-74.135245037,4.63016299100002],[-74.13528544000002,4.630167615999994],[-74.135325846,4.630172205000008],[-74.13536625500001,4.630176757000015],[-74.135406665,4.630181272000016],[-74.13543392999998,4.630184297000028],[-74.13544705499999,4.630185702000006],[-74.135487399,4.63019002499999],[-74.13552774300001,4.630194345999996],[-74.13556808800001,4.630198668999981],[-74.13560843200003,4.630202989999987],[-74.13564877599998,4.630207311999982],[-74.135689119,4.630211633999977],[-74.13572946300002,4.630215955999972],[-74.13576980699997,4.630220278000024],[-74.13581015099999,4.63022460000002],[-74.135850495,4.630228921000025],[-74.13589084,4.630233243000021],[-74.13593101499998,4.630237548000025],[-74.13597153400002,4.63024180299999],[-74.13601222699998,4.630246078000027],[-74.13605223399998,4.630250279999984],[-74.13609260200002,4.6302542959999755],[-74.13613295599998,4.63025847900002],[-74.136159034,4.630261182000027],[-74.13615909700002,4.63026118800002],[-74.136162705,4.6302289309999765],[-74.13616609000002,4.630198667000002],[-74.13616610499997,4.630198527000005],[-74.13616620200003,4.630197658999975],[-74.13613793600001,4.63019290699998],[-74.13609777599999,4.630186155999979],[-74.136097614,4.630186131000016],[-74.136057532,4.630180526000004],[-74.13603354000003,4.630177241000013],[-74.13601714499998,4.6301752429999965],[-74.13597695200002,4.63017044999998],[-74.13593663400002,4.630165782000006],[-74.13593571199999,4.6301656819999835],[-74.13589629,4.630161459000021],[-74.13585594599999,4.6301571380000155],[-74.13581560199998,4.63015281600002],[-74.13577525900001,4.630148494000025],[-74.135734915,4.630144171999973],[-74.13569457,4.630139849999978],[-74.13565422599999,4.6301355279999825],[-74.13561388199997,4.630131206999977],[-74.13557353800002,4.630126883999992],[-74.135533194,4.630122562999986],[-74.13549284999999,4.630118240999991],[-74.13547135099998,4.630115938000017],[-74.13545250700002,4.630113918999996],[-74.13543887899999,4.6301124589999745],[-74.13541222200001,4.630109516999994],[-74.13537197099998,4.630105038000011],[-74.13533172400003,4.630100506000019],[-74.13531816199998,4.630098968000027],[-74.135291478,4.630095940999979],[-74.13525123800002,4.630091323999977],[-74.13524816,4.630126890999975]]]},"properties":{"CALCODIGO":91027008,"CALCIV":8012583,"CALFUNCION":1,"CALTSUPERF":1,"CALANCHO":7.890000000000001,"CALLONGITU":102.13,"OBJECTID":736500}},{"type":"Feature","id":736532,"geometry":{"type":"Polygon","coordinates":[[[-74.14297212499997,4.631033074000015],[-74.142972327,4.631035235000013],[-74.14297408599998,4.631054141999982],[-74.143014515,4.631056649000016],[-74.14305494299998,4.631059155999992],[-74.14308857200001,4.631061416000023],[-74.14308860300002,4.631047243000012],[-74.14308860599999,4.63104580800001],[-74.143090239,4.631032124000001],[-74.143056441,4.631027227999994],[-74.14301625399997,4.631021170999986],[-74.142976067,4.631015117999993],[-74.14297212499997,4.631033074000015]]]},"properties":{"CALCODIGO":24122317,"CALCIV":8013659,"CALFUNCION":1,"CALTSUPERF":1,"CALANCHO":3.71,"CALLONGITU":13.1,"OBJECTID":736532}},{"type":"Feature","id":736606,"geometry":{"type":"Polygon","coordinates":[[[-74.14382383699996,4.631807092000031],[-74.14382789699994,4.631764627000052],[-74.14382847896296,4.631763311866789],[-74.14382927252647,4.631762112486352],[-74.14383025537003,4.631761062593497],[-74.14383139984938,4.631760191718372],[-74.14383267377396,4.631759524355925],[-74.14383404131232,4.631759079276938],[-74.14383546399995,4.631758869000066],[-74.14383681519429,4.6317588911139325],[-74.14383814599995,4.63175912600002],[-74.14393858799997,4.631770193000023],[-74.14399840399994,4.631776236000064],[-74.14400020599999,4.631776418000072],[-74.14400071899996,4.631770261000042],[-74.14400358999995,4.631735766000077],[-74.14400645999996,4.6317012720000434],[-74.14400258099994,4.63170085400003],[-74.14395084299997,4.631695279000041],[-74.14394816257565,4.631696108051919],[-74.14394539874056,4.631696590977392],[-74.14394259599999,4.631696720000036],[-74.14362224299998,4.631663235000076],[-74.14310350599999,4.631613968000067],[-74.14310060999998,4.631645640000045],[-74.14309735199998,4.6316812730000265],[-74.14309693599995,4.631685824000044],[-74.14318921699999,4.631696460000057],[-74.14319139975852,4.631696993150001],[-74.14319347120555,4.631697863661859],[-74.14319537956055,4.631699049775209],[-74.14319707711985,4.631700521840453],[-74.14319852144912,4.63170224305998],[-74.14319967644406,4.631704170407999],[-74.14320051323294,4.631706255706072],[-74.14320101089834,4.631708446827438],[-74.14320115699996,4.631710689000045],[-74.14319770299994,4.631746827000029],[-74.14382383699996,4.631807092000031]]]},"properties":{"CALCODIGO":2502916,"CALCIV":8013673,"CALFUNCION":1,"CALTSUPERF":1,"CALANCHO":8.19,"CALLONGITU":100.74000000000001,"OBJECTID":736606}},{"type":"Feature","id":736628,"geometry":{"type":"Polygon","coordinates":[[[-74.13638743599995,4.62989301500005],[-74.13642191999998,4.629870120000021],[-74.13645769999994,4.6298421040000335],[-74.13647606899997,4.629827722000073],[-74.13646140699996,4.629796135000049],[-74.13644629299995,4.629763571000069],[-74.13637136799997,4.62981945100006],[-74.13634953599995,4.629836051000041],[-74.13630343985282,4.629865236545068],[-74.13625432099997,4.629888985000036],[-74.13625209399999,4.6298899060000736],[-74.13624956999996,4.629890927000076],[-74.13622747799997,4.6298991910000495],[-74.13622234699994,4.6299009330000445],[-74.13621657899995,4.629902818000062],[-74.13621322899996,4.629903875000025],[-74.13621299399995,4.629903947000059],[-74.13621131999997,4.629904461000024],[-74.13621109799993,4.629904530000033],[-74.13620939899994,4.629905051000037],[-74.13620927999995,4.629905087000054],[-74.13620579599996,4.629906123000069],[-74.13620414799993,4.629906602000062],[-74.13619731299997,4.629908522000051],[-74.13619454699995,4.629909274000056],[-74.13619338199999,4.629909584000075],[-74.13618938499997,4.629910625000036],[-74.13618898099998,4.629910728000027],[-74.13618340499994,4.629912108000042],[-74.13617790299998,4.629913405000025],[-74.13617734099995,4.629913534000025],[-74.13617330999995,4.629914433000067],[-74.13617227199995,4.629914657000029],[-74.13616677499994,4.629915813000025],[-74.13615556899998,4.629917963000025],[-74.13612160200444,4.629922804543924],[-74.13608737499999,4.629925194000066],[-74.13604295164897,4.629926246462162],[-74.13599864999998,4.6299227960000735],[-74.13589196399994,4.629912042000058],[-74.13588516999994,4.629911358000072],[-74.13557958199993,4.629880558000025],[-74.13557690199997,4.629880287000049],[-74.13544804499998,4.629867300000058],[-74.13534005899999,4.629856437000058],[-74.13526863599998,4.629849253000032],[-74.13526152599997,4.62992046200003],[-74.13526178787318,4.629919380718625],[-74.1352622279414,4.629918358912869],[-74.13526283365738,4.629917425716635],[-74.13526358775083,4.629916607737347],[-74.13526446872093,4.62991592829735],[-74.13526545144937,4.629915406768932],[-74.13526650791641,4.629915058021988],[-74.13526760799994,4.629914892000045],[-74.13533446799994,4.629920603000073],[-74.13557052199997,4.6299442790000285],[-74.13557321599995,4.629944549000072],[-74.13587880499995,4.629975198000068],[-74.13588561299997,4.629975881000064],[-74.13598200899997,4.6299855490000255],[-74.13599587299996,4.629986866000024],[-74.13599635099996,4.629986913000039],[-74.13606008699998,4.629990620000058],[-74.13606368199999,4.629990620000058],[-74.13610861537265,4.629988748146157],[-74.13615326996064,4.6299834115192455],[-74.13619737899995,4.629974642000036],[-74.13619776999997,4.629974549000053],[-74.13621057999995,4.629971321000028],[-74.13625755237892,4.629956765541326],[-74.13630312995076,4.6299383006906485],[-74.13634698799996,4.629916058000049],[-74.13636302899994,4.629907382000056],[-74.13638523499998,4.629894370000045],[-74.13638743599995,4.62989301500005]]]},"properties":{"CALCODIGO":91026853,"CALCIV":8012583,"CALFUNCION":1,"CALTSUPERF":2,"CALANCHO":7.2,"CALLONGITU":137.56,"OBJECTID":736628}},{"type":"Feature","id":736633,"geometry":{"type":"Polygon","coordinates":[[[-74.13279736800001,4.630490751000025],[-74.13281769999998,4.6304927979999775],[-74.13282281599999,4.630493312999988],[-74.13284861699998,4.630495912000015],[-74.13291190299998,4.630502284999977],[-74.13291648699999,4.630450833999987],[-74.132828071,4.63044232499999],[-74.13282299299999,4.630441835999989],[-74.13268778399998,4.630428200999972],[-74.132394605,4.6303988970000205],[-74.132050477,4.630363015],[-74.131813695,4.630339309000021],[-74.131807976,4.630398136999986],[-74.131870145,4.6304043079999815],[-74.13187926400002,4.630399895999972],[-74.131882012,4.630398565000007],[-74.13279736800001,4.630490751000025]]]},"properties":{"CALCODIGO":91026953,"CALCIV":8013647,"CALFUNCION":1,"CALTSUPERF":4,"CALANCHO":5.75,"CALLONGITU":123.06,"OBJECTID":736633}},{"type":"Feature","id":737851,"geometry":{"type":"Polygon","coordinates":[[[-74.13888431899994,4.630952920000027],[-74.13888784302051,4.630976559923476],[-74.13888900099994,4.631000433000054],[-74.13888544208541,4.631041278211457],[-74.13887498799994,4.63108092300007],[-74.13887497499996,4.63108095900003],[-74.13885879485369,4.631116685638478],[-74.13883700599996,4.631149296000046],[-74.13881059399995,4.631177493000052],[-74.13878669799993,4.6312020310000435],[-74.13870671499996,4.631284168000036],[-74.13867780299995,4.631312706000074],[-74.13857292499995,4.631416227000045],[-74.13853962889175,4.631439616920105],[-74.13850392880953,4.631459141860877],[-74.13846627144994,4.631474557516902],[-74.13842712799999,4.631485671000064],[-74.138379048676,4.631493123891288],[-74.13833040480675,4.631494093925797],[-74.1382820665802,4.631488563750689],[-74.13823489871669,4.631476632295014],[-74.13818974499998,4.631458513000041],[-74.13814394799994,4.631434816000024],[-74.13812302399998,4.631420139000056],[-74.13809124632365,4.631393480889393],[-74.138062727941,4.631363361503134],[-74.1380378435235,4.6313301765465535],[-74.13801691999998,4.631294362000062],[-74.13800152692471,4.631259839828485],[-74.13798980657779,4.631223904322852],[-74.13798188599998,4.6311869450000245],[-74.13798019499995,4.63114575000003],[-74.13797938199997,4.6311259290000635],[-74.13798712399995,4.630873664000035],[-74.13798886599994,4.630837744000075],[-74.13799168599996,4.63077959900005],[-74.13791840999994,4.63116694100006],[-74.13791848988669,4.631166666891425],[-74.13791861587777,4.6311664106811925],[-74.13791878419278,4.631166180057051],[-74.13791898978134,4.631165981938969],[-74.13791922647472,4.631165822271556],[-74.13791948717082,4.631165705845695],[-74.13791976404734,4.63116563615479],[-74.13792004879652,4.6311656152899445],[-74.13792033287433,4.631165643877216],[-74.13792060775693,4.631165721058832],[-74.1379208651963,4.631165844518928],[-74.13792109746794,4.631166010553035],[-74.13792129760242,4.6311662141792365],[-74.13792145959461,4.631166449287646],[-74.13792157858389,4.631166708823745],[-74.13792165099994,4.63116698500005],[-74.13792628599998,4.631214512000042],[-74.13793095999995,4.631239385000072],[-74.1379405647942,4.63127524823038],[-74.13795335977676,4.631310100945948],[-74.13796924099995,4.631343660000027],[-74.13798426442403,4.631369506530675],[-74.13800131799997,4.631394061000037],[-74.13800977599993,4.631404830000065],[-74.13801002999998,4.631405147000066],[-74.13803305766827,4.631430808575643],[-74.13805836499995,4.631454225000027],[-74.13808831781779,4.631476975391512],[-74.13812041599994,4.631496583000057],[-74.13816559768452,4.6315209828025585],[-74.13821338195187,4.631539781706204],[-74.13826307754576,4.631552707762519],[-74.13831396556039,4.631559573980738],[-74.13836530984011,4.631560281032853],[-74.13841636762895,4.6315548186905175],[-74.13846640031528,4.6315432659730025],[-74.13851468411687,4.631525790004098],[-74.13856052055112,4.631502643594459],[-74.13860324653956,4.631474161584409],[-74.13864224399998,4.6314407560000745],[-74.13887106999994,4.631208165000032],[-74.13889318856221,4.6311810952792865],[-74.1389119405088,4.631151593328891],[-74.13892706113597,4.631120075600359],[-74.13893833699996,4.63108698700006],[-74.1389476918553,4.631051034397597],[-74.1389523636553,4.63101417958479],[-74.13895227540569,4.6309770299528354],[-74.13894742856085,4.630940197751741],[-74.13893790299994,4.630904290000046],[-74.13893613999994,4.630899193000062],[-74.13893535599993,4.630897006000055],[-74.13893425599997,4.630894029000046],[-74.13893397699997,4.630893289000028],[-74.13893116599996,4.630886166000039],[-74.13892512099994,4.63087250600006],[-74.13891614699997,4.630855293000025],[-74.13889347999998,4.63082154600005],[-74.13889341898839,4.630819345528943],[-74.13889373986207,4.63081716772372],[-74.13889443293016,4.630815078357278],[-74.138895477261,4.630813140531536],[-74.13889684131426,4.63081141277166],[-74.13889848389357,4.630809947258521],[-74.13890035539059,4.630808788252755],[-74.13890239928342,4.6308079707580285],[-74.13890455384349,4.630807519463878],[-74.13890675399995,4.630807448000041],[-74.13883030099998,4.63079297500002],[-74.13870804999993,4.6307694430000765],[-74.13873729199997,4.630777659000046],[-74.13876347916121,4.630789002601317],[-74.1387878331129,4.6308038797563125],[-74.13880987999994,4.63082200100007],[-74.1388364792082,4.630850230246194],[-74.13885816910847,4.630882385439274],[-74.13887437999995,4.630917622000027],[-74.13887445199998,4.630917812000064],[-74.13887497699994,4.630919238000047],[-74.13887498999998,4.630919275000053],[-74.13888377099994,4.63095026000002],[-74.13888391999996,4.630950961000053],[-74.13888410899995,4.630951873000072],[-74.13888431899994,4.630952920000027]]]},"properties":{"CALCODIGO":527094,"CALCIV":8012644,"CALFUNCION":1,"CALTSUPERF":2,"CALANCHO":7.22,"CALLONGITU":202.8,"OBJECTID":737851}},{"type":"Feature","id":737854,"geometry":{"type":"Polygon","coordinates":[[[-74.13771598599999,4.631455641999992],[-74.13778893300002,4.631463379000024],[-74.13782833200003,4.631074211999987],[-74.13783800700003,4.630974200000026],[-74.13784985299998,4.630851747000008],[-74.13786576000001,4.630687294999973],[-74.137866938,4.63067511600002],[-74.137876388,4.63057741099999],[-74.13787684200003,4.63057272399999],[-74.13787995000001,4.6305405819999805],[-74.13788298999998,4.630509157000006],[-74.13788310400003,4.63050797599999],[-74.13788483399998,4.630490095000027],[-74.13788616900001,4.6304762909999795],[-74.13789049399998,4.630431578000014],[-74.13789356799998,4.630399789000023],[-74.137894158,4.630393690999995],[-74.13790223199999,4.630310212999973],[-74.13790296600001,4.6303026209999985],[-74.13790756600002,4.630255045000013],[-74.13792779300002,4.630061564000016],[-74.13793295800002,4.630010864999974],[-74.13794877100003,4.629855630000009],[-74.13796044399999,4.629741034000006],[-74.13798963400001,4.629447577999997],[-74.137929746,4.629440897999984],[-74.137905005,4.629693846999999],[-74.13788373300002,4.629918877000023],[-74.13787574899999,4.630003338999984],[-74.137870803,4.63005565200001],[-74.13786686600002,4.630069020999997],[-74.13785255099998,4.630142267999986],[-74.13783111700002,4.630252892999977],[-74.13782282099999,4.630296600000008],[-74.137821685,4.630302583000002],[-74.13781253600001,4.630385147000027],[-74.13781185099998,4.630391326999984],[-74.13780830899998,4.630423281999981],[-74.137803389,4.630467683000006],[-74.137801964,4.630480544000022],[-74.137799766,4.630500384000015],[-74.13779964600002,4.630501465000009],[-74.137796277,4.630531867000002],[-74.13779272300002,4.630563945999995],[-74.137792214,4.630568531999984],[-74.13778110999999,4.630668743000001],[-74.13778008600002,4.63067797399998],[-74.13777407700002,4.630737237000005],[-74.137761286,4.6308434410000245],[-74.13775985900003,4.630855284000006],[-74.13775741199998,4.630878676999998],[-74.137753976,4.630911491000006],[-74.13773789300001,4.631106482000007],[-74.13772218000003,4.6312633530000085],[-74.13772017899998,4.631295850000015],[-74.13771629500002,4.631414538000001],[-74.13771598599999,4.631455641999992]]]},"properties":{"CALCODIGO":91026862,"CALCIV":8004500,"CALFUNCION":1,"CALTSUPERF":2,"CALANCHO":8.36,"CALLONGITU":224.14000000000001,"OBJECTID":737854}},{"type":"Feature","id":737855,"geometry":{"type":"Polygon","coordinates":[[[-74.13756863499998,4.631440010999995],[-74.13762919599998,4.631446435999976],[-74.13763162999999,4.631421859],[-74.13766776,4.631078929000012],[-74.137686154,4.630899494999994],[-74.13769139300001,4.630848377000007],[-74.13769222299999,4.630836233000025],[-74.137695366,4.630790198999989],[-74.137725746,4.630672061999974],[-74.13772661899998,4.6306646979999755],[-74.13773869699997,4.630562885000018],[-74.13773923399998,4.630558364000024],[-74.13774303500003,4.630526320000001],[-74.13774656499999,4.630496567000023],[-74.13774668600001,4.630495547999999],[-74.137749187,4.630474461999995],[-74.13775064200001,4.630462196999986],[-74.13775589,4.630417951000027],[-74.13775969,4.630385924999985],[-74.13776042900002,4.630379693000009],[-74.13777015400001,4.630297709999979],[-74.13777066400002,4.6302926810000145],[-74.13779593200002,4.6300435559999755],[-74.13779621999998,4.63004096200001],[-74.13780120000001,4.629993645000013],[-74.13780219099999,4.629984225999976],[-74.13782367300001,4.629780073000006],[-74.13782557500002,4.629713949999996],[-74.13782070299999,4.629563650000023],[-74.13782387399999,4.629507053999987],[-74.13783130600001,4.629429916999982],[-74.13777188,4.629423288999988],[-74.1377602,4.629539921000003],[-74.13773201499998,4.629813044999992],[-74.137714356,4.6299841480000055],[-74.137710664,4.630019925999989],[-74.137683552,4.630286135999995],[-74.13768321100002,4.630289483000013],[-74.137674936,4.6303707430000145],[-74.137674291,4.630377081999995],[-74.13767100799998,4.630409321000002],[-74.13766651499998,4.630453448000026],[-74.13766535899998,4.630464800000027],[-74.13766300399999,4.630487924000022],[-74.13766291000002,4.630488846999981],[-74.13765997399997,4.630517667999982],[-74.13765670700002,4.6305497660000015],[-74.13765625299999,4.630554210000014],[-74.13764561400001,4.630658682999979],[-74.13764514399998,4.630663302000016],[-74.13763798999997,4.630733565000014],[-74.137628656,4.6308288430000175],[-74.13761029400001,4.631016257999988],[-74.13758235400002,4.631301425000004],[-74.13756863499998,4.631440010999995]]]},"properties":{"CALCODIGO":91026861,"CALCIV":8004500,"CALFUNCION":1,"CALTSUPERF":2,"CALANCHO":8.32,"CALLONGITU":224.28,"OBJECTID":737855}},{"type":"Feature","id":737856,"geometry":{"type":"Polygon","coordinates":[[[-74.13801758099999,4.62950748999998],[-74.13798805599998,4.629775898999981],[-74.13798397,4.6298213989999795],[-74.137966559,4.630015285000013],[-74.13796143100001,4.630072385000005],[-74.13794497100002,4.630213906999984],[-74.13793556500002,4.63030507000002],[-74.13793471700001,4.630313286999979],[-74.13792607800002,4.630397032000019],[-74.13792545299998,4.630403091000005],[-74.13792218700002,4.630434751999985],[-74.13791756400002,4.630479556000012],[-74.13791610499999,4.630493699999988],[-74.13791433799997,4.630510822000019],[-74.13791421299999,4.630512038000006],[-74.13791093499998,4.630543809000017],[-74.13790762000002,4.630575936000014],[-74.13790713399999,4.630580655000017],[-74.137897157,4.630677359000003],[-74.13789579500002,4.630690559000016],[-74.13789544399998,4.630693957999995],[-74.13787959299998,4.630854536000015],[-74.137864664,4.631005792999986],[-74.137846663,4.631188156999997],[-74.13781918000001,4.631466588000023],[-74.13788172300002,4.631473222000011],[-74.13788280799997,4.631463186000019],[-74.13788468400003,4.631445828999972],[-74.137895345,4.631347214000016],[-74.13789517999999,4.631346860000008],[-74.13790569600002,4.631242886999985],[-74.13790620200001,4.6312378819999935],[-74.137906982,4.631230171000027],[-74.13790862799999,4.631221062000009],[-74.137915669,4.631182102000025],[-74.13791840300001,4.631166973000006],[-74.13791841,4.631166941000004],[-74.13799168600002,4.630779598999993],[-74.13799306499999,4.630751181999983],[-74.13799472800002,4.6307168920000095],[-74.13799514499999,4.6307082870000045],[-74.13799577100002,4.630700690000026],[-74.13799580099999,4.630700548999982],[-74.13799719600001,4.630685679999999],[-74.13800606400002,4.630591091999975],[-74.138006518,4.630586256000015],[-74.13800953499998,4.630554080000024],[-74.13801262599998,4.630521120000026],[-74.13801275100002,4.630519788000015],[-74.13801413700003,4.630504997999992],[-74.13801980699998,4.630444524999973],[-74.13802274699998,4.6304131659999825],[-74.13802330599998,4.630407209999987],[-74.13803125200002,4.63032242700001],[-74.138032195,4.630312329999981],[-74.13803250400002,4.630309008999973],[-74.138039193,4.630237121999983],[-74.13805489399999,4.630099958000017],[-74.13805648300001,4.630086081000002],[-74.13806177800001,4.630027810999991],[-74.138074007,4.629893233000018],[-74.13807831399998,4.629847429999984],[-74.13808262100002,4.629791845],[-74.13808816699998,4.629720268000028],[-74.13809459499998,4.629637306999996],[-74.13810463200002,4.629498542000022],[-74.13810880599999,4.629460870999992],[-74.138022853,4.62945128299998],[-74.13801758099999,4.62950748999998]]]},"properties":{"CALCODIGO":91026863,"CALCIV":8004500,"CALFUNCION":1,"CALTSUPERF":2,"CALANCHO":9.91,"CALLONGITU":224.08,"OBJECTID":737856}},{"type":"Feature","id":737857,"geometry":{"type":"Polygon","coordinates":[[[-74.13767249399996,4.629442635000032],[-74.13767100499996,4.629452798000045],[-74.13761222399995,4.629737384000066],[-74.13760100899998,4.629841329000044],[-74.13759568899997,4.62989563900004],[-74.13759499999998,4.6299026730000605],[-74.13755988999998,4.630261104000056],[-74.13754563399993,4.6304066400000465],[-74.13754495499995,4.6304135660000725],[-74.13754223399997,4.630441351000059],[-74.13754133099997,4.630450567000025],[-74.13754127799996,4.630451089000076],[-74.13753859799994,4.6304773740000655],[-74.13753677499994,4.630495254000039],[-74.13752931499994,4.63056842900005],[-74.13752838799996,4.630577517000063],[-74.13752201199998,4.630640054000025],[-74.13752112699996,4.630648738000048],[-74.13750399199995,4.630816807000031],[-74.13750307099997,4.630825843000025],[-74.13750083899998,4.630847735000032],[-74.13749712399994,4.630883552000057],[-74.13748224199998,4.631027025000037],[-74.13748093799995,4.6310395960000506],[-74.13747878099997,4.631060397000056],[-74.13748229599997,4.631277323000063],[-74.13748284884309,4.63127853046045],[-74.13748320741142,4.631279809141353],[-74.13748336299994,4.631281128000069],[-74.13747291699997,4.631429858000047],[-74.13753989799994,4.631436963000056],[-74.13757747399995,4.6310724910000545],[-74.13757813699993,4.63106575300003],[-74.13760174099997,4.630825715000071],[-74.13761081099994,4.630733475000056],[-74.13761794699997,4.630660336000062],[-74.13761830599998,4.630656656000042],[-74.13762855699997,4.630551553000032],[-74.13762899599999,4.6305470430000355],[-74.13763214499994,4.6305147700000475],[-74.13763492499999,4.630486264000069],[-74.13763501199998,4.630485374000045],[-74.13763733299999,4.630461570000023],[-74.13763840999997,4.630450526000061],[-74.13764270999997,4.630406444000073],[-74.13764585999996,4.630374138000036],[-74.13764648199998,4.630367765000074],[-74.13765438299998,4.630286753000064],[-74.13765465499995,4.6302839650000465],[-74.13768124099994,4.630011428000046],[-74.13768440199993,4.629980873000022],[-74.13770176999998,4.629812965000042],[-74.13770785699995,4.629754118000051],[-74.13771276699998,4.629706651000049],[-74.13772308299997,4.6296069120000425],[-74.13774174899999,4.629419928000061],[-74.13767574499997,4.629412566000042],[-74.13767249399996,4.629442635000032]]]},"properties":{"CALCODIGO":91026860,"CALCIV":8004500,"CALFUNCION":1,"CALTSUPERF":2,"CALANCHO":10.13,"CALLONGITU":224.32,"OBJECTID":737857}},{"type":"Feature","id":738166,"geometry":{"type":"Polygon","coordinates":[[[-74.13279962299998,4.630702998999993],[-74.13282329499998,4.630705705000025],[-74.13282932800001,4.63070628600002],[-74.13283680199999,4.63063299800001],[-74.13284565999999,4.630530224999973],[-74.13284861699998,4.630495912000015],[-74.13282281599999,4.630493312999988],[-74.13281769999998,4.6304927979999775],[-74.13279962299998,4.630702998999993]]]},"properties":{"CALCODIGO":91063618,"CALCIV":8004530,"CALFUNCION":1,"CALTSUPERF":4,"CALANCHO":3.38,"CALLONGITU":23.35,"OBJECTID":738166}},{"type":"Feature","id":738167,"geometry":{"type":"Polygon","coordinates":[[[-74.13298515600002,4.630618320999986],[-74.13298304,4.630643250999981],[-74.13298302700002,4.63064331999999],[-74.13297393699997,4.63072022099999],[-74.13300601399999,4.630723311999986],[-74.13302729700001,4.630513907000022],[-74.13299430500001,4.630510583999978],[-74.13299153600002,4.630543190000026],[-74.132985657,4.6306124309999745],[-74.13298515600002,4.630618320999986]]]},"properties":{"CALCODIGO":91063619,"CALCIV":8004530,"CALFUNCION":1,"CALTSUPERF":4,"CALANCHO":3.5300000000000002,"CALLONGITU":23.29,"OBJECTID":738167}}]}